case_id,geometry_version,solver,arrangement,f_interdig,G_T_W_m2,T_in_K,T_amb_K,v_wind_m_s,mdot_total_kg_s,mdot_channel_kg_s,bridge_mm,g_ratio,lambda_G,Dh_in_mm,Dh_out_mm,A_in_mm2,A_out_mm2,Re_in,Re_out,mu_Pa_s,dp_channel_Pa,W_pump_W,q_abs_W_m2,T_sky_K,h_wind_W_m2K,T_out_K,dT_fluid_K,Qu_W,eta,T_plate_mean_K,T_plate_max_K,T_plate_min_K,plate_spread_K,plate_std_K,P90_K,P95_K,P99_K,R4_K4,mean_T_pow4_K4,T_R4_K,Q_solar_W,Q_rad_W,Q_conv_W,Q_rear_W,U_L_W_m2K,T_glass_mean_K,lateral_bridge_W,energy_error_pct,outer_iters,residual,converged,nu_cfd,nu_basis,dataset_rev,k_model,outer_cap,plate_nx,plate_ny
ALT_000,GateA_converged_v1,GRAIL-CHT-1.0,alternating,1,833.0998180592153,292.06544238494786,289.5494984747478,3.0065091853244392,0.003751271843434751,0.0003126059869528959,23.829625230697392,0.9381791981459208,1.926904166501923,5.198875,4.877476378760875,28.056939,24.69516240019809,90.25746746974689,96.20493360769291,0.0008482324657072429,14.305338800237765,5.382468871828143e-05,540.6043036373511,271.97144160341844,17.12473490423287,308.54988542931693,16.484443044369073,258.4812810566503,0.5876221194352897,311.3722034511373,316.17754505340537,299.45131053549835,16.726234517907017,4.001272377089396,315.6847591389067,315.88729194302,316.0806681424012,9409076417.46079,9399816164.020622,311.4488624214853,285.4390723205214,3.0055326145997694,20.812650522693776,3.1394116481116674,2.3396010212061196,288.0623640701491,216.47985101438582,6.883376697727558e-05,348,9.68859183103632e-07,True,4.48,conjugate_3D_benchmark_H1_type,4,k(T)_cubic_273_373K,3000,220,120
ALT_001,GateA_converged_v1,GRAIL-CHT-1.0,alternating,1,484.5320756111663,326.79041688252545,287.06705190862976,3.33261531333765,0.0028023535364404407,0.00023352946137003672,20.21086700464004,0.6723063356073826,0.5626446050661631,5.198875,3.495236600530832,28.056939,12.681618838501977,120.03771288100643,178.54615749316213,0.00047645809355117855,15.515524106136558,4.3610816297451045e-05,314.416255588615,268.4813368312973,18.36393819068307,335.82735858802096,9.036941705495508,105.85726918646603,0.41377498485360215,338.6306831183131,341.9556940416332,330.6917944949817,11.263899546651487,2.8137498075866536,341.65635711736775,341.78523221409955,341.90126037080626,13154806216.040403,13149378508.75481,338.6656221040461,166.01178295078873,7.480438579221066,45.2559310600841,7.41793763026881,2.2094837130113745,287.94475616742426,115.0205593056192,0.00012438559785389264,413,9.96483720427932e-07,True,4.48,conjugate_3D_benchmark_H1_type,4,k(T)_cubic_273_373K,3000,220,120
ALT_002,GateA_converged_v1,GRAIL-CHT-1.0,alternating,1,419.95032765710994,290.3043677028324,297.28222061625,3.0624161357873176,0.002287071793785387,0.00019058931614878227,28.382706470356656,0.8240635844809214,1.4522044719395197,5.198875,4.284203567768251,28.056939,19.05292833666524,51.08281237620372,61.988920925781265,0.0009137439099790477,11.973003830130647,2.7465515894459587e-05,272.5087072689922,282.9387837388334,17.337181315991806,303.74671304782623,13.44234534499384,128.5082851219852,0.5795611709555547,308.72426249950934,313.9487902538403,296.57154377425,17.37724647959027,4.462437054246768,313.56417330835507,313.72414569278743,313.8798908035487,9095443788.887836,9084123864.62241,308.8203945930915,143.8845974380279,1.772229039239558,11.957840958656393,1.646050735018874,2.5451579295017606,295.3316697691527,152.3256556760921,0.0001331505465296474,612,9.803202374314424e-07,True,4.48,conjugate_3D_benchmark_H1_type,4,k(T)_cubic_273_373K,3000,220,120
ALT_003,GateA_converged_v1,GRAIL-CHT-1.0,alternating,1,882.516114248624,309.9996398235053,296.54320210335237,2.43910756139583,0.002390127427989617,0.0001991772856658014,24.91944925697403,0.6606925390638025,1.5280476574877842,5.198875,3.4348579240253265,28.056939,12.247264379472528,88.42400822815249,133.83533640844317,0.0005516585521989645,11.262996116950069,2.7000998937274735e-05,572.6708841487317,281.88439678877205,14.968608733304155,334.6982278001796,24.698587976674332,246.75698928267508,0.5295572230204949,343.9782457720595,353.765203132877,321.1202097541287,32.64499337874827,8.332816201935703,352.9859993080428,353.3213090298694,353.6281150473261,14048669211.469679,13999866983.7534,344.2776237076105,302.3702268305304,7.388721092562686,41.40031124265737,6.823999535499502,2.2204702108428225,297.61055203036113,295.2693595486887,6.80216230007013e-05,680,9.95550522020494e-07,True,4.48,conjugate_3D_benchmark_H1_type,4,k(T)_cubic_273_373K,3000,220,120
ALT_004,GateA_converged_v1,GRAIL-CHT-1.0,alternating,1,475.1486762466718,302.63575277943465,311.734161120509,4.9430841329226505,0.0014730988373608993,0.0001227582364467416,27.529365867418345,0.7968689795538508,1.9054237368625886,5.198875,4.142822216078026,28.056939,17.81616105081785,46.42313374753603,58.25692170063805,0.0006476150459149645,5.492520250441825,8.115371309034151e-06,308.32730205719906,303.81951963093314,24.483719705106072,324.2822472307412,21.646494451306523,133.28943988228377,0.5312908014040627,336.3807061812293,346.1740701349065,313.59439244236506,32.57967769254145,8.587084469514567,345.6903685387077,345.90071900281373,346.09504870133605,12852902530.654346,12803370462.727728,336.7055720931345,162.79681548620113,4.045928256294918,21.91559551668494,3.5456489345866538,2.267465112466842,311.8355858528208,195.98923216616996,0.00012463164604149284,1085,9.95122945823823e-07,True,4.48,conjugate_3D_benchmark_H1_type,4,k(T)_cubic_273_373K,3000,220,120
ALT_005,GateA_converged_v1,GRAIL-CHT-1.0,alternating,1,602.7356684887246,315.60430496369514,284.3833122762884,3.6742844047716505,0.003590308016397938,0.0002991923346998282,20.987311756247063,0.5130161233668782,1.8617415602498641,5.198875,2.667106698368979,28.056939,7.384180720986087,129.26838034305553,251.97722733289334,0.0005668379235333029,26.299441844336265,9.470721853612023e-05,391.1193944320128,264.72517256773557,19.66228073813227,325.95707131067826,10.352766346983117,155.3690116312174,0.48820653415717874,328.0603292734163,331.3161733747618,320.0904783687548,11.225695006006958,2.7185651107591227,330.98798795188145,331.12460835949395,331.2533310625612,11587589861.036762,11582834895.16936,328.0939927849728,206.5110402601028,5.994897207904673,38.86355696655779,6.2833702817275965,2.2176400625663515,284.5337601957986,139.8357165107432,9.8867690110942e-05,323,9.8158676564708e-07,True,4.48,conjugate_3D_benchmark_H1_type,4,k(T)_cubic_273_373K,3000,220,120
ALT_006,GateA_converged_v1,GRAIL-CHT-1.0,alternating,1,728.7408385376815,324.7919895324646,305.4446873685101,0.2335732121363339,0.0020068750396046104,0.00016723958663371753,20.352289447683003,0.6676807849631763,0.6991053871866466,5.198875,3.4711889409254337,28.056939,12.50771692834246,92.45083436349512,138.46562076605804,0.0004430257745578719,9.798928065179844,1.9724397340913267e-05,472.8850313129712,294.6713694499947,6.587578206118069,347.3922664095119,22.600276877047293,189.58779389028368,0.49272357533768707,357.83950637214394,367.6060067345436,335.0363281093609,32.56967862518269,8.40651409154524,366.90972860696473,367.200412806438,367.4854116211228,16450338426.42678,16396575166.10891,358.1324792595506,249.6832965332488,8.763478442365708,43.794303776438525,7.537512203857178,2.1722995139310766,308.79057885962544,252.4942107414766,8.339376586307682e-05,835,9.999461099141627e-07,True,4.48,conjugate_3D_benchmark_H1_type,4,k(T)_cubic_273_373K,3000,220,120
ALT_007,GateA_converged_v1,GRAIL-CHT-1.0,alternating,1,874.7908753666511,320.13997790194884,301.64373464543695,4.08516320030322,0.004235471876394564,0.000352955989699547,30.967642103974345,0.3823835204628353,0.5324706569091636,5.198875,1.9879641249462232,28.056939,4.102405846890012,170.55492601627512,446.0310575357333,0.0005068238365293902,120.75326107672889,0.0005129859992712292,567.6579225615474,289.18818225839686,21.223620161152233,334.7125979583286,14.572620056379776,257.997635691272,0.558569938871532,336.8065894430173,340.744670503652,326.7582694413612,13.986401062290781,3.31137358673913,340.3638811527386,340.5116553663056,340.66753017421667,12875763766.749113,12868333823.440632,336.8551954291413,299.723383112497,5.449043312523892,31.217964998395246,5.058523957127096,2.2474294888042237,301.84296243546976,201.29287416050857,7.178391505977615e-05,304,9.949961281563446e-07,True,4.48,conjugate_3D_benchmark_H1_type,4,k(T)_cubic_273_373K,3000,220,120
ALT_008,GateA_converged_v1,GRAIL-CHT-1.0,alternating,1,551.3601150513252,327.3107326896822,296.25551266708277,2.2553945248509737,0.0038415657189747494,0.00032013047658122914,33.13680713974689,0.8007489895717985,0.6410268919641401,5.198875,4.162993903160085,28.056939,17.990079667096687,165.49971810937845,206.68114510875577,0.0004737295828982529,12.983915770805798,5.0028651678217814e-05,357.78143817761026,281.4742938545409,14.2704991944337,336.0452322252088,8.734499535526595,140.25636367017373,0.4817850351415142,337.5968515403805,340.14877731734185,331.2379974442192,8.910779873122635,2.1501230714878914,339.90898804125504,340.0052636165775,340.10219268314205,12992685799.463943,12989533395.37523,337.6173323540852,188.90859935777823,6.238330386627195,36.46675451261043,5.947359914721056,2.228867963236044,296.7546632997232,118.87874492267501,-0.00011070240046796302,306,9.764841593096207e-07,True,4.48,conjugate_3D_benchmark_H1_type,4,k(T)_cubic_273_373K,3000,220,120
ALT_009,GateA_converged_v1,GRAIL-CHT-1.0,alternating,1,664.23833401132,292.46794144455544,311.34424210841786,3.090601604823307,0.0018414546183838584,0.0001534545515319882,26.378163573875806,0.9050876313544999,1.7020758506653522,5.198875,4.705437459458126,28.056939,22.983784868228888,49.71364332097681,54.92688398202763,0.0007559706338080488,6.665353687482778,1.2310878967880684e-05,431.0289046082836,303.2496689225302,17.444286098328565,318.8669398907278,26.398998446172357,203.20049080734378,0.5793845291700516,331.45489944882576,342.86537265679357,305.168125946882,37.69724670991155,9.846323005983788,342.1597033659913,342.4514990622913,342.7415216926207,12132873279.049877,12069736028.519878,331.8875150476966,227.58326163317375,3.296919404354003,18.192534232822624,2.8931166862204734,2.2962695559258592,311.0795488687624,275.0290286815017,8.810069396961863e-05,894,9.929684665621608e-07,True,4.48,conjugate_3D_benchmark_H1_type,4,k(T)_cubic_273_373K,3000,220,120
ALT_010,GateA_converged_v1,GRAIL-CHT-1.0,alternating,1,939.2449105405487,314.72828944652827,300.4743681037212,0.28098576792685104,0.002040957418356762,0.0001700797848630635,30.176335304290497,0.4072603995417007,1.8042564112225776,5.198875,2.117295909667359,28.056939,4.653552886336211,85.25873903451705,209.34699059977504,0.0004885562075230315,21.582966065145563,4.418246208706227e-05,609.4825971641358,287.50819194956523,6.767745918122034,344.69953508541107,29.971245638882806,255.69075099861516,0.5155873410094132,358.12510244379934,370.769162562136,328.76860501980485,42.00055754233114,10.900761522564324,369.9587150724718,370.2945474597835,370.6234506014099,16539289888.165043,16448983091.478848,358.61563063304095,321.8068113026637,9.521429199223961,48.300795314481405,8.293627536331964,2.1720419109190554,304.028975690174,334.4444460845564,6.471398487335979e-05,841,9.960380111806444e-07,True,4.48,conjugate_3D_benchmark_H1_type,4,k(T)_cubic_273_373K,3000,220,120
ALT_011,GateA_converged_v1,GRAIL-CHT-1.0,alternating,1,434.8821241620741,320.9100904278072,291.0778239157642,1.1652801234327317,0.004072181417403835,0.00033934845145031957,20.339255117031765,0.856707988038188,1.0130279055926943,5.198875,4.453917741312035,28.056939,20.592350447528943,154.9401544422955,180.85526994688067,0.0005363924178702492,12.314167800496847,5.0296414531570624e-05,282.19805454363893,274.1275956726007,10.12806446904438,327.08820609758345,6.178115669776275,105.16214470864377,0.4579878490030269,328.0740107242685,329.8640164971064,323.57802708918825,6.285989407918123,1.490651407175228,329.6746851486237,329.75288089397463,329.8267255312201,11586199220.237503,11584767221.461159,328.0841486018224,149.00057279904135,5.277027121435274,33.239340758085625,5.322266874248395,2.2442130687289623,290.84647483901074,85.94753042423612,-0.00013869971626798074,315,9.828058864513878e-07,True,4.48,conjugate_3D_benchmark_H1_type,4,k(T)_cubic_273_373K,3000,220,120
ALT_012,GateA_converged_v1,GRAIL-CHT-1.0,alternating,1,857.3034172462809,311.29728731059436,285.3093332729495,4.527094762474661,0.003587817107497725,0.00029898475895814375,33.30602017031029,0.729045322617176,0.9296834865476368,5.198875,3.790215501621371,28.056939,14.912461789805983,125.9103606068546,172.70580675952095,0.0005815516947166461,17.0384853711326,6.131491404252685e-05,556.3101885750324,266.01923858215486,22.90296009740371,327.3520739586164,16.05478664802206,240.77484764673832,0.5319154920584118,330.53108137358305,335.3841697156795,318.60826426645986,16.775905449219636,4.091813954623299,334.9426151391804,335.12105166019904,335.29812150086775,11946652425.240196,11935736372.88008,330.6066288239862,293.73177956761714,6.308039534194861,40.14308899093649,6.505595107879653,2.2178978867407784,285.57145666767923,213.2533063859378,7.091090658421564e-05,380,9.89235331871896e-07,True,4.48,conjugate_3D_benchmark_H1_type,4,k(T)_cubic_273_373K,3000,220,120
ALT_013,GateA_converged_v1,GRAIL-CHT-1.0,alternating,1,888.5517730810826,324.1227465461296,290.3728773971053,0.5669463751235433,0.0018944939391162964,0.00015787449492635802,30.411111120150004,0.9722093263379317,1.1786881563015223,5.198875,5.054394761465115,28.056939,26.519165506997766,89.70505741570194,92.26928294711836,0.00043101837851893345,3.537713366910424,6.722343562630396e-06,576.5874654147259,273.1323554222001,7.854396225469465,351.80026167920397,27.677515133074394,219.17781791812968,0.4671753703145686,365.12266920199585,377.1430991928604,337.12812323421394,40.01497595864646,10.410891201455023,376.4185735862513,376.71653692024296,377.0138960786692,17858454891.57457,17772772858.577106,365.56193736405925,304.4381817389753,12.206505207327414,62.3001559761071,10.75349583564873,2.160246308155467,295.3474799424584,297.9652050688047,6.792898354544717e-05,905,9.8660251524052e-07,True,4.48,conjugate_3D_benchmark_H1_type,4,k(T)_cubic_273_373K,3000,220,120
ALT_014,GateA_converged_v1,GRAIL-CHT-1.0,alternating,1,646.9750452546116,331.8155890653097,286.7166566650029,4.985774134418909,0.0019166059664500528,0.00015971716387083775,27.705656401626324,0.9898720703305586,0.8577232950183382,5.198875,5.146221159639784,28.056939,27.491499529514897,94.10022694014192,95.06301850573279,0.00041568242409445184,3.349316492897943,6.438635881462149e-06,419.82663569103414,267.98992269998433,24.645941710791853,349.1473704806094,17.3317814152997,138.8520578996451,0.4064722191598579,357.47140621497255,365.0021335310195,339.90310643683324,25.099027094186283,6.520121507198022,364.52976357546254,364.72310163035024,364.9185914618858,16361558534.559566,16329212281.853031,357.64830208878925,221.66846364486605,11.215894701827025,61.421535731160915,10.178769549271006,2.2168017596411653,288.6802577321852,188.47635378008152,9.282464389256981e-05,838,9.871691872831434e-07,True,4.48,conjugate_3D_benchmark_H1_type,4,k(T)_cubic_273_373K,3000,220,120
ALT_015,GateA_converged_v1,GRAIL-CHT-1.0,alternating,1,641.1758263136524,330.89281848046704,303.7740273078725,4.701725738622171,0.0012767344342036106,0.00010639453618363422,33.86625759785724,0.8650362200405126,1.6170680577232628,5.198875,4.4972151784631205,28.056939,20.994661286680984,65.693799328608,75.94340885001478,0.0003966392509037133,2.6234434207445427,3.359519108775796e-06,416.0634819257131,292.25707680558617,23.566557806764248,356.7874891121306,25.89467063166353,138.19338180962822,0.4082029905833173,372.47612431332095,384.2529417701586,344.66495929597295,39.58798247418565,10.463131132253492,383.77105371593456,384.0079675171664,384.1808834186374,19338414001.174774,19248361166.51176,372.9110164421828,219.68151845677653,12.545085965546692,59.059364955012505,9.88347520721911,2.2464174874096057,306.3305697361463,211.24389747473302,9.58293494554767e-05,1267,9.949911827789037e-07,True,4.48,conjugate_3D_benchmark_H1_type,4,k(T)_cubic_273_373K,3000,220,120
ALT_016,GateA_converged_v1,GRAIL-CHT-1.0,alternating,1,442.5428206356087,305.832052238647,292.4692619619114,4.167839372881797,0.0017752152251071546,0.00014793460209226288,22.50049661108444,0.813100691887475,1.7758041048522588,5.198875,4.227208859536497,28.056939,18.549360820947523,55.69039708623069,68.49139060127338,0.000650564253547398,6.525023842603961,1.1618176198172258e-05,287.16913411019084,276.0955592778319,21.53778961695083,320.6074183704411,14.775366131794101,109.6391215392388,0.46921979459938656,327.8787221482389,334.3539302932537,312.80601029597614,21.547919997277575,5.600592838496392,333.9436292712927,334.1124313697632,334.282933759543,11577296347.885511,11557208153.935678,328.0211052069189,151.62530281018078,5.098228432806904,31.7937526307186,5.094000577956527,2.245707285332233,292.27022210001917,150.8071509555282,0.00013165972713679523,855,9.933478395396378e-07,True,4.48,conjugate_3D_benchmark_H1_type,4,k(T)_cubic_273_373K,3000,220,120
ALT_017,GateA_converged_v1,GRAIL-CHT-1.0,alternating,1,931.5965195246023,328.1698452762267,288.0415165537854,4.402313844891903,0.003951260399433582,0.00032927169995279853,21.965495043440868,0.6061610860236604,0.573954648379831,5.198875,3.1513557161012575,28.056939,10.308996510501675,181.1835949370713,298.90337587589573,0.0004450781523727685,26.777169031271484,0.00010612193340240955,604.519502695151,269.84955796102264,22.428792610589227,343.3924422723512,15.222596996124537,251.4204987930122,0.5111388644420568,346.032150831159,350.5286851953429,334.76434933388236,15.764335861460552,3.760203834446133,350.06949447541774,350.2582633466419,350.44040410430887,14347356444.045158,14337248371.49309,346.0931247648886,319.1862974230397,8.74824840020032,50.6748118187621,8.342525499416395,2.2131904088734875,289.27716314378296,211.98353861260193,6.670450781357297e-05,343,9.904962325890665e-07,True,4.48,conjugate_3D_benchmark_H1_type,4,k(T)_cubic_273_373K,3000,220,120
ALT_018,GateA_converged_v1,GRAIL-CHT-1.0,alternating,1,854.4474224561814,297.9633716660752,303.11988818633796,0.5544396679637325,0.0033314333993990416,0.00027761944994992015,24.06222780866954,0.932491986717556,1.1102894745920222,5.198875,4.8479092774462345,28.056939,24.396667360570778,93.63718095217587,100.41607036408537,0.0007261098065373767,11.378108515827217,3.8019469139030544e-05,554.4569135637731,291.31357696085917,7.806870738262184,317.29450684991394,19.33113518383874,269.1936276909061,0.5966855334593832,321.58231815115323,327.79097287387793,306.5207012376935,21.270271636184418,5.188125878226663,327.18182309241195,327.43722496270124,327.67396523528134,10711286292.252146,10694700974.112223,321.70692299405454,292.7532503616722,2.922827137769178,17.980593824019145,2.6560028991225626,2.416826905642808,301.444337476579,251.12035638624474,6.791038356024846e-05,427,9.733550996315898e-07,True,4.48,conjugate_3D_benchmark_H1_type,4,k(T)_cubic_273_373K,3000,220,120
ALT_019,GateA_converged_v1,GRAIL-CHT-1.0,alternating,1,739.0229220561592,306.3072583328939,286.91081370228204,1.997329379786492,0.001520964024683455,0.0001267470020569546,31.994648889612314,0.8170667829732507,1.6491924824416198,5.198875,4.247828071330059,28.056939,18.730759949272183,54.463309162631774,66.65710844888771,0.000569946923273797,4.925328026020507,7.513788101647308e-06,479.557147282696,268.2621824514243,13.289851643188669,334.62860173612677,28.321343403232845,180.05661178855718,0.46144212855644884,350.1224515379863,362.80669600101703,320.5255070418792,42.28118895913781,11.1136814169394,362.1888670262705,362.45710314208077,362.70471551626355,15116926973.283901,15027261462.204075,350.6435695413765,253.20617376526351,9.671526436872366,54.38421061916522,9.093618427794858,2.19169826665751,289.21299586763297,261.58017684741725,8.155127926319931e-05,1101,9.960066336134332e-07,True,4.48,conjugate_3D_benchmark_H1_type,4,k(T)_cubic_273_373K,3000,220,120
ALT_020,GateA_converged_v1,GRAIL-CHT-1.0,alternating,1,740.7045886655048,295.68314810912653,287.9219982084813,2.684940974452723,0.0038491279832270357,0.00032076066526891966,25.751871110368008,0.6300501947959543,1.2157414675819438,5.198875,3.275552206469817,28.056939,11.137573633323488,97.4937546292113,154.73966270383465,0.0008057587912951581,31.87875456115313,0.00012307463014218757,480.6483925171667,269.68162057205126,15.902775702920348,309.6273076003885,13.944159491261985,224.352531811661,0.5736566299578186,311.9207456960717,315.92157954362585,302.0029700086123,13.918609535013559,3.345278408941435,315.5268519179652,315.686367517588,315.8443729206981,9472731585.397385,9466229770.187595,311.9742920643105,253.78235124906405,3.2602928612496824,22.716869933397184,3.452456855561502,2.3225501421623247,286.47821069511633,185.1019975083191,7.872383311368044e-05,325,9.775525313671096e-07,True,4.48,conjugate_3D_benchmark_H1_type,4,k(T)_cubic_273_373K,3000,220,120
ALT_021,GateA_converged_v1,GRAIL-CHT-1.0,alternating,1,575.8091286642341,332.27796013766084,294.47440566283205,1.4149459569252847,0.004332089091958844,0.0003610074243299037,32.09088448750022,0.6764081104688351,0.91528275687836,5.198875,3.5165612153136654,28.056939,12.836833276339465,199.93987548344967,295.59059447833414,0.0004421986977958405,18.668334680990565,8.111623774980564e-05,373.64657425412213,278.9397508211588,11.076794636316082,340.15831570937786,7.880355571717018,142.69852208630823,0.4693610069419119,341.2436734297667,343.3587897623846,335.8175138070325,7.541275955352091,1.7764425752193533,343.1498121589833,343.23073852239884,343.3166067665595,13562160377.67367,13559960787.937355,341.25751105141075,197.28539120617648,7.065056941293674,40.79380295687586,6.728221096331772,2.2105161520408445,295.5552593746893,109.69603628771779,-0.00010739499349136319,284,9.72332486526284e-07,True,4.48,conjugate_3D_benchmark_H1_type,4,k(T)_cubic_273_373K,3000,220,120
ALT_022,GateA_converged_v1,GRAIL-CHT-1.0,alternating,1,481.30889358517777,293.4261382564862,285.901627169421,3.64468997088623,0.001590809109006416,0.00013256742575053467,21.690379866721738,0.5764008796456099,0.8464371531420695,5.198875,2.9966361231675704,28.056939,9.32158057157931,40.29085876298854,69.90075863132041,0.0008058070117238955,18.891644592115714,3.014343059302856e-05,312.3247102096769,266.84804068226003,19.549821889367674,311.878767942637,18.45262968615083,122.70227560957694,0.4828306241589533,321.5610230684567,329.76098292424604,302.4935817684516,27.26740115579446,7.145905444555426,329.31456522136943,329.5023729396119,329.68356518541736,10723257323.26367,10691868456.177708,321.7967709932213,164.9074469907094,4.860718344473735,32.21429835362754,5.129956298780518,2.241598173255981,285.48151846256764,174.51526540890828,0.00012030035893929022,972,9.972085308618261e-07,True,4.48,conjugate_3D_benchmark_H1_type,4,k(T)_cubic_273_373K,3000,220,120
ALT_023,GateA_converged_v1,GRAIL-CHT-1.0,alternating,1,840.5578545131132,314.36622555450464,305.38920059074565,2.218798755709883,0.0016515560946089598,0.00013762967455074665,22.23381372332959,0.7580689848174975,1.93852390057473,5.198875,3.9411058934430683,28.056939,16.123441455386054,69.65082297552122,91.87926741560256,0.0004839344881616686,4.9667875036908935,8.22761100536441e-06,545.4438756985406,294.59107853532447,14.131435271697555,346.26452089328114,31.898295338776506,220.21002463096238,0.4961757698766914,363.3205045538456,377.7775712260873,329.63804422670535,48.13952699938193,12.57272818408164,376.9236213128529,377.28191045772854,377.62928001679165,17547879413.833263,17424472306.92551,363.9620984613818,287.99436636882945,10.164362854837929,49.28578121557643,8.333990247717834,2.216063273689983,308.1212091710239,316.87262133675654,7.20221501136992e-05,1045,9.93904393453704e-07,True,4.48,conjugate_3D_benchmark_H1_type,4,k(T)_cubic_273_373K,3000,220,120
ALT_024,GateA_converged_v1,GRAIL-CHT-1.0,alternating,1,663.4160035645798,310.5827117804662,298.916339551277,4.290005907723083,0.0031277797126653926,0.0002606483093887827,34.931395342996524,0.783806408221136,1.2722145457524183,5.198875,4.074911540540659,28.056939,17.236850212094293,107.01160372014681,136.52810515164293,0.0005965196891079064,12.062710463654337,3.784303015844994e-05,430.49528862508066,285.27489932392865,22.002022449347713,325.2249136899076,14.64220190944144,191.43389309900388,0.54651107227939,328.93049237926084,333.78080073549665,317.3083497572353,16.47245097826135,4.114914235116941,333.3769216876749,333.54354549900927,333.7040921304437,11717150033.560255,11706216194.353241,329.00727240041755,227.3015123940426,4.48479356707308,27.06478876896494,4.317832326392281,2.263302167448108,298.6183570557446,188.62749005875813,9.002694537734528e-05,444,9.855535267888627e-07,True,4.48,conjugate_3D_benchmark_H1_type,4,k(T)_cubic_273_373K,3000,220,120
ALT_025,GateA_converged_v1,GRAIL-CHT-1.0,alternating,1,421.5005918573323,298.6573392290255,310.43000087410496,1.8860925711040535,0.004410445175473992,0.000367537097956166,21.54457777508085,0.8089643779785041,1.6980640840407666,5.198875,4.205704680562996,28.056939,18.36111642743867,111.5643969588837,137.91014783329337,0.0008068193449888128,20.447330209938123,9.045318844106841e-05,273.51468456036594,301.91494185263116,12.867151770195402,306.53118153344036,7.873842304414836,145.15948618050862,0.652248833316754,307.4852906454314,309.553946453801,302.18835418570137,7.365592268099647,1.7201258918641873,309.3333891303,309.4214839513687,309.5091635759219,8940847903.756647,8939173777.278877,307.49968607869977,144.41575344787321,-0.041308509169485745,-0.2786021847072974,-0.4236256505420998,0.47834408533122824,307.79732068550913,107.1381093077858,-0.00013598808428877022,263,9.578354251971177e-07,True,4.48,conjugate_3D_benchmark_H1_type,4,k(T)_cubic_273_373K,3000,220,120
ALT_026,GateA_converged_v1,GRAIL-CHT-1.0,alternating,1,408.50907704273624,296.4790712363447,312.56910287978417,1.2345751946256387,0.0018717639114603098,0.0001559803259550258,30.58581891513459,0.6131362993740954,1.628735291461313,5.198875,3.1876189784085005,28.056939,10.547616831912851,49.53564863733546,80.79059857963502,0.0007711745922221762,13.918714869327896,2.6130941009341984e-05,265.08439965657084,305.04095162594473,10.391385739577427,312.9512075318642,16.472136295519533,128.87755209770555,0.5975051391251851,320.52941112504163,327.48694415449813,304.41005214130104,23.076892013197096,6.016835970771498,327.07458573221265,327.24461066654237,327.41324491462416,10577468305.052322,10555323366.64808,320.6973957107254,139.9645630186694,1.4526893987143321,8.488956083913004,1.1451689630024646,2.637853472164202,311.0219145852562,170.8076428713461,0.00014037505623556437,814,9.856506721916958e-07,True,4.48,conjugate_3D_benchmark_H1_type,4,k(T)_cubic_273_373K,3000,220,120
ALT_027,GateA_converged_v1,GRAIL-CHT-1.0,alternating,1,533.7717249623478,328.4800653141074,305.64624468197803,1.6442984620085008,0.0032209435954548213,0.0002684119662879018,29.379524285696817,0.5079446953905744,1.335486918080236,5.198875,2.6407409782486724,28.056939,7.2389094870090265,143.14641192807045,281.81495589396945,0.0004592214336596029,23.375367237683403,7.55172912694291e-05,346.3682087301421,294.9630898616225,11.948334155632303,338.9238711142415,10.4438058001341,140.61064130920423,0.4989174591467338,341.5149317975527,345.0058922187835,333.0967002339269,11.90919198485659,2.94640281819318,344.69211510419694,344.8224369642618,344.94716465408595,13609180595.734781,13603128075.92251,341.5529135228514,182.88241420951505,5.71804421298762,31.393454447179774,5.160064907395299,2.2320353039293463,306.35475938317376,137.61977352160832,0.00011446302753383241,389,9.91254353266413e-07,True,4.48,conjugate_3D_benchmark_H1_type,4,k(T)_cubic_273_373K,3000,220,120
ALT_028,GateA_converged_v1,GRAIL-CHT-1.0,alternating,1,774.0704827830687,292.8302858882695,287.7378441888248,0.8734692354637669,0.0043438929660902705,0.00036199108050752256,28.640103531612404,0.5047817753499757,1.6718012767768196,5.198875,2.6242973523226047,28.056939,7.14903826175152,102.4749707256823,203.0084597539883,0.0008651288795630653,53.243510109310705,0.00023198004920139517,502.2997547713127,269.4229306516038,9.019183094762314,306.01814495125365,13.18785906298416,239.45818956581448,0.585888893204575,307.6331328614356,311.0518974199015,298.96836134643684,12.083536073464643,2.8538313632777768,310.7077133030229,310.84055107052603,310.98241956171057,8960983516.425842,8956378381.937466,307.6726694579185,265.2142705192531,2.8007657651356026,20.092980604981122,2.86213377621679,2.4518596917049975,285.1293124048953,176.86532938056234,7.571504531127652e-05,269,9.736766060086666e-07,True,4.48,conjugate_3D_benchmark_H1_type,4,k(T)_cubic_273_373K,3000,220,120
ALT_029,GateA_converged_v1,GRAIL-CHT-1.0,alternating,1,524.0092100598043,326.54134128328894,294.71308538018474,4.844737563251959,0.001014528745999696,8.454406216664134e-05,36.72028606042984,0.9117852116737594,1.3510623911215758,5.198875,4.740257342340416,28.056939,23.32519998938327,48.10076976583074,52.754496508593746,0.000430459034769681,2.108985362037262,2.1460644680836296e-06,340.0332444722774,279.27895220061794,24.110002740357444,349.56012458569893,23.018783302409986,97.61644855741288,0.35281753425334367,364.2248787881018,374.40633933527766,339.9633368642236,34.44300247105406,9.142120160191622,374.04956441805194,374.26880034495673,374.36364345800285,17664417935.63915,17598612540.97649,364.56488324503465,179.53755308136246,11.787400746851464,60.133534252039276,9.999958031877844,2.232047246176553,296.876271588947,151.97945896319598,0.00011779885454464406,1476,9.933021374308737e-07,True,4.48,conjugate_3D_benchmark_H1_type,4,k(T)_cubic_273_373K,3000,220,120
ALT_030,GateA_converged_v1,GRAIL-CHT-1.0,alternating,1,850.1571477206317,305.2806660151805,306.4101430036952,1.9029389276206157,0.002573002238258382,0.0002144168531881985,30.026066320708033,0.6171630365983197,1.1913618613072217,5.198875,3.20855348189509,28.056939,10.686613492691576,86.81150534397669,140.66219166731776,0.00060489831389191,16.87116657831333,4.3540169877663185e-05,551.6729242559518,296.06957754500706,12.93116792495834,328.9862720514977,23.705606036317192,254.95733349319096,0.5679817419298745,336.938952246154,345.8301303584652,316.07967635349456,29.750454004970663,7.560117591539417,345.1174476938392,345.42247737127155,345.70153209537995,12927147008.229189,12888574437.789654,337.19076521802504,291.28330400714253,4.868197157218065,27.06569722941739,4.391870734743856,2.2535823796156933,306.6257994613006,287.74171651970454,7.051299179810936e-05,613,9.947850685421145e-07,True,4.48,conjugate_3D_benchmark_H1_type,4,k(T)_cubic_273_373K,3000,220,120
ALT_031,GateA_converged_v1,GRAIL-CHT-1.0,alternating,1,542.6066359886486,322.4070601926028,306.85082459930993,4.480982479310116,0.0013349104657197817,0.00011124253880998181,23.676514265123775,0.6881033543242737,1.4122110122696674,5.198875,3.5773633262126086,28.056939,13.284574166740319,59.25839080188927,86.11844489565347,0.00045975004586628444,4.975650058009935,6.66203343650622e-06,352.1012443394859,296.70852170471807,22.72773342137844,344.8456327467613,22.438572554158497,125.2055687143399,0.4370233299793902,358.18647421918325,368.48432081593864,333.87428932905635,34.61003148688229,9.09233587977052,368.0010518326966,368.21555681319836,368.40742574054786,16523215432.897572,16460261416.46293,358.5284646619528,185.90945701124858,8.90030482987577,44.41823547940491,7.385140226858975,2.23956424555119,308.43875306839203,189.97845499442923,0.0001117537388183452,1205,9.939438996298122e-07,True,4.48,conjugate_3D_benchmark_H1_type,4,k(T)_cubic_273_373K,3000,220,120
ALT_032,GateA_converged_v1,GRAIL-CHT-1.0,alternating,1,412.81067601091894,329.7280985667402,307.2950056532993,1.3739993882014443,0.0034573680040505886,0.00028811400033754907,24.32794892888765,0.4488959135365547,0.9705208258507926,5.198875,2.333753742487356,28.056939,5.653684791202711,152.81236442140423,340.4182569128252,0.0004617496874039255,40.67303217226931,0.00014104477438327395,267.87573733821733,297.35300418149967,10.921197675165487,336.9550987711621,7.227000204421927,104.44314895710812,0.4791760623742083,338.53105796824116,340.85852823944964,332.8493261798596,8.009202059590052,1.9552917226971902,340.63730393003146,340.7299984522434,340.8161284842624,13136533384.247538,13133911147.065052,338.54795396864944,141.43838931457876,4.970167621083764,27.53166593930545,4.493614635978923,2.243136949407449,307.6960275987806,97.0492897172377,-0.00014694659527041476,371,9.844375767897873e-07,True,4.48,conjugate_3D_benchmark_H1_type,4,k(T)_cubic_273_373K,3000,220,120
ALT_033,GateA_converged_v1,GRAIL-CHT-1.0,alternating,1,829.0544753828651,291.82627592162214,298.6826178963398,2.823196513764824,0.002151273215328523,0.00017927276794404358,26.562236360125908,0.6200758348768931,0.7400631040593887,5.198875,3.223696756045608,28.056939,10.787725854152129,57.893250434704726,93.36479052791756,0.0007583804574489078,21.21674944487707,4.5780365894784705e-05,537.9792524572688,284.94038154500583,16.42814675230633,319.20270839674157,27.37643247511943,246.1776971245928,0.562382391432397,330.3739457960717,341.5314652303204,304.64752692936264,36.883938300957766,9.548613695234211,340.7559189867342,341.07727669123415,341.3919313981687,11972068851.71148,11913055397.825754,330.78232958122175,284.0530452974379,4.809735156208599,28.506303573946845,4.559110525491121,2.263509253720122,298.447336692159,307.469780949266,7.002818727611031e-05,758,9.82521157766314e-07,True,4.48,conjugate_3D_benchmark_H1_type,4,k(T)_cubic_273_373K,3000,220,120
ALT_034,GateA_converged_v1,GRAIL-CHT-1.0,alternating,1,648.1786574243745,315.06896520412084,283.65089960658884,0.48103562906764297,0.0028663792839233333,0.00023886494032694444,22.467043912510267,0.8369267388620002,1.2616291811870377,5.198875,4.351077499501182,28.056939,19.65238096986744,105.33638389962016,125.86093741353022,0.0005553601941016836,9.082411586961902,2.611197233794668e-05,420.60766805327853,263.70315489907034,7.527935390457044,328.851110738523,13.782145534402162,165.13029995191616,0.4825008917367073,332.9103638512034,337.8883140609061,321.0587833705071,16.829530690398997,4.190712419867799,337.4286610805208,337.6273519977115,337.8040419151768,12294751675.212927,12283136034.77138,332.9890407566938,222.08084873213107,6.818694070426505,43.04519146959304,7.086460454677729,2.1896480096839133,284.70043027325613,175.25828382613287,9.131157359374171e-05,498,9.86018960702495e-07,True,4.48,conjugate_3D_benchmark_H1_type,4,k(T)_cubic_273_373K,3000,220,120
ALT_035,GateA_converged_v1,GRAIL-CHT-1.0,alternating,1,777.928354023067,327.009682742087,304.33671808611285,3.5831041509768413,0.001289013111125129,0.00010741775926042742,27.720357440741786,0.4964095834602711,0.7597024038798685,5.198875,2.580771373212017,28.056939,6.913860336712068,65.97431809181666,132.9029903732645,0.00039875112539164296,11.642103513658666,1.5051980010212591e-05,504.8031544240463,293.06948904923297,19.315795773711997,359.89867667054995,32.888993928462924,177.2083595314045,0.4314303384318483,379.79295324582705,394.82195164197236,344.2488254814298,50.573126160542586,13.34033927023204,394.1806593257743,394.47862862398586,394.721028256632,20957692007.704407,20805952849.67651,380.4835310791301,266.53606553589646,14.260071884971824,64.21229926072347,10.855124689599881,2.242111086168649,307.87619375287596,270.8453102723902,7.885206692337801e-05,1287,9.923544439516263e-07,True,4.48,conjugate_3D_benchmark_H1_type,4,k(T)_cubic_273_373K,3000,220,120
ALT_036,GateA_converged_v1,GRAIL-CHT-1.0,alternating,1,721.7222206335316,299.7673309231766,295.2715434436647,2.7956692328925214,0.0034287722670498116,0.00028573102225415095,32.868052273629424,0.7563880390076596,0.7762977237580619,5.198875,3.932366866295947,28.056939,16.052016339349656,95.94844465613085,126.85082220761983,0.0007293234856721743,19.66680046098694,6.763588766523016e-05,468.330601024643,280.0731455340344,16.32354308499158,315.05614858861185,15.28881766543526,219.12343335020327,0.5750224819084941,318.21922236219893,322.90352395575786,306.7789030442242,16.12462091153367,3.9501122785074547,322.48406334096006,322.65479694881793,322.8226583165996,10263720753.40705,10254291061.397213,318.29235455187376,247.27855734101152,3.3144947421909885,21.539178625705652,3.301250260768184,2.3237251426056607,294.09568299770723,197.6395660073333,8.10268975927163e-05,389,9.748470688464295e-07,True,4.48,conjugate_3D_benchmark_H1_type,4,k(T)_cubic_273_373K,3000,220,120
ALT_037,GateA_converged_v1,GRAIL-CHT-1.0,alternating,1,897.5503011312926,307.73504501989765,297.14675672344185,1.0470198756190778,0.001815191805281359,0.00015126598377344659,23.04639837726351,0.7831511504405185,1.12796701009407,5.198875,4.07150493724645,28.056939,17.208042437640287,68.57647362020178,87.56479969623726,0.0005402152880205777,6.52628621747581,1.1882107583633668e-05,582.4266732562037,282.74541383738153,9.678675527352496,339.422408231762,31.68736321186435,240.42792369856772,0.5073319183580367,355.1212470253345,369.1079779533229,322.6228669292053,46.4851110241176,12.090368955575551,368.21860325702954,368.58376425560874,368.9531997254136,16013074033.532812,15904009565.614561,355.7285137700463,307.52128347927555,9.437978381001304,49.314971086029416,8.340203029093562,2.191839143366873,299.8892594493168,332.22028091838047,6.740495525702278e-05,952,9.997876304623787e-07,True,4.48,conjugate_3D_benchmark_H1_type,4,k(T)_cubic_273_373K,3000,220,120
ALT_038,GateA_converged_v1,GRAIL-CHT-1.0,alternating,1,509.2857061209411,326.3963026081709,306.3473805418597,0.3606541378373432,0.0027766647716522073,0.00023138873097101726,31.59571397665398,0.4337701938054675,0.8227371734645809,5.198875,2.2551170163203995,28.056939,5.279097716520414,120.48424789780864,277.76055067500124,0.0004703408247310895,40.09562247306186,0.00011166710372960623,330.4790597018215,295.9786156215591,7.070485723781904,337.8864370088265,11.490134400655563,133.3597709015307,0.49594033494661227,341.4319484076131,345.56813987727656,331.5441442006802,14.023995676596371,3.5250351421649193,345.2377867958028,345.377815781946,345.5069729231905,13598564813.32404,13589911408.57687,341.4862873124652,174.49294352256175,5.579923903619156,30.50578292020542,5.0472616087638515,2.2204559087849867,307.2659540626869,144.2042475810516,0.00011701816617325202,497,9.76431351773499e-07,True,4.48,conjugate_3D_benchmark_H1_type,4,k(T)_cubic_273_373K,3000,220,120
ALT_039,GateA_converged_v1,GRAIL-CHT-1.0,alternating,1,911.2767113616077,304.4841084243859,290.4213121530768,3.9748200956011197,0.00254499635520968,0.00021208302960080668,33.702028953511395,0.7163572621824095,0.897854825543216,5.198875,3.7242518614285745,28.056939,14.397915615493655,85.02157438041766,118.68599492018302,0.0006109104007238925,13.350500155991643,3.4079211872843526e-05,591.3338369395267,273.2006967773528,20.804316363284254,328.69846230214733,24.214353877761425,257.5943490759197,0.5353676652639342,336.9544885710549,346.01481122629724,315.7215627948244,30.29324843147282,7.735215017392854,345.3507618836623,345.6265303003004,345.8933852451258,12931329275.748468,12890951781.56428,337.2180344005693,312.2242659040701,6.86601168591149,41.069446012580414,6.694257023970695,2.223483534394885,290.95735865357676,292.7060069892413,6.473093537521794e-05,622,9.782528991308936e-07,True,4.48,conjugate_3D_benchmark_H1_type,4,k(T)_cubic_273_373K,3000,220,120
ALT_040,GateA_converged_v1,GRAIL-CHT-1.0,alternating,1,978.1818278723043,307.36132531735495,291.6226272516569,3.7136140900761077,0.0029165425852604376,0.0002430452154383698,36.99179327542463,0.3578468699139378,1.769066633281616,5.198875,1.8604011458238239,28.056939,3.592813993075868,101.60900332638768,283.9454858186258,0.0005858084443622264,50.58155154872817,0.00014796715057212813,634.7490353791333,274.8975726830812,19.811733542289208,330.46786570332637,23.106540385971414,281.69525376097374,0.545413667461127,337.1219021953369,345.1665098783522,318.1527172854776,27.01379259287461,6.847991538032002,344.5412568127757,344.80096132266766,345.0491151889591,12948299222.627777,12916590019.802246,337.3286138697413,335.1474906801824,6.74625747857129,40.16025392219423,6.545520085313309,2.2249870425579816,292.143053037931,294.71891795630046,6.129633535418675e-05,528,9.844614510257088e-07,True,4.48,conjugate_3D_benchmark_H1_type,4,k(T)_cubic_273_373K,3000,220,120
ALT_041,GateA_converged_v1,GRAIL-CHT-1.0,alternating,1,923.1339815959126,310.84368599832607,308.9976325984736,3.142215523225316,0.0030071379514563608,0.00025059482928803004,23.942064644954225,0.7007078303881513,0.5915372220969815,5.198875,3.6428924217092007,28.056939,13.775717542827623,110.57240323203186,157.80100983141745,0.0005550423226638304,17.121046686263547,5.1640270069126656e-05,599.0281025954587,299.82773628898383,17.6404189882562,333.1428476617661,22.29916166344003,280.2968192534475,0.5750684067141102,339.27909966243,347.0679183953784,320.6468662212846,26.421052174093802,6.559399166602297,346.3610832369789,346.6626694059537,346.9376268314693,13279856168.577818,13250382885.319735,339.4676100421369,316.2868381704022,4.909497904517667,26.72402519617748,4.35628811943105,2.2509779487063857,309.34861415040245,288.12958486692366,6.566723727318236e-05,508,9.97688061943336e-07,True,4.48,conjugate_3D_benchmark_H1_type,4,k(T)_cubic_273_373K,3000,220,120
ALT_042,GateA_converged_v1,GRAIL-CHT-1.0,alternating,1,945.0807838995427,316.9883043035671,290.75384461665925,2.2984434467965404,0.0032735088278597196,0.0002727924023216433,25.20515222680213,0.5355046623692137,1.468434836621316,5.198875,2.784021801574746,28.056939,8.045754941931678,130.21917301547057,243.17094166714935,0.000513048096411054,22.46767109735838,7.376942796253896e-05,613.2695362379004,273.6700533496607,14.434085097826852,336.3672996416648,19.378995338097695,265.16796547383734,0.5313959022100319,341.00576991702707,347.45195401704535,325.4774940871238,21.97445992992158,5.415538061284457,346.8489860481733,347.1041264572893,347.3362932412752,13542509377.78366,13522186135.096153,341.13382688157657,323.8063151336114,7.492337961230135,43.91656919916086,7.2292357798310505,2.210014437306065,291.8199070649948,256.47881493988507,6.384049425751428e-05,450,9.83567872481217e-07,True,4.48,conjugate_3D_benchmark_H1_type,4,k(T)_cubic_273_373K,3000,220,120
ALT_043,GateA_converged_v1,GRAIL-CHT-1.0,alternating,1,623.6177753792288,301.6694788206025,297.46236950498917,1.572673311399337,0.0041054448502160995,0.00034212040418467494,34.257158420830166,0.38722830010723774,1.1852093849312113,5.198875,2.0131515287200155,28.056939,4.20701894073423,114.51934789323485,295.7411631885383,0.0007316457482903145,97.3003972376378,0.0004006634049781754,404.6699397680091,283.1960081459901,11.67615858331748,312.84198204854846,11.172503227945981,191.72864061618918,0.5822836354987324,314.4699596214002,317.4785778789615,306.8967396108777,10.5818382680838,2.5342020684726028,317.1969277999857,317.30636772878785,317.42103667009167,9783297024.072598,9779500193.474895,314.50047793383675,213.66572819750883,2.5686527646121275,16.9215221707918,2.446709817849705,2.4428807417265817,295.51812244655804,150.03862119856612,9.492774893109453e-05,270,9.72734710558143e-07,True,4.48,conjugate_3D_benchmark_H1_type,4,k(T)_cubic_273_373K,3000,220,120
ALT_044,GateA_converged_v1,GRAIL-CHT-1.0,alternating,1,425.17913013078527,321.2444889961351,304.16353842488115,0.8537803208435086,0.0033436026777931872,0.0002786335564827656,29.287591639481306,0.5218412470951989,1.5991287240233685,5.198875,2.712987413492052,28.056939,7.640417571709593,129.99897751875915,249.11594904080778,0.0005249213353566189,23.735552816732575,7.960106114034971e-05,275.9017137957774,292.8193723975928,8.944365219205332,329.33719945169014,8.09271045555505,113.10581890215894,0.5038242729286382,331.1854592949382,333.80680749996714,324.83589818701205,8.970909312955087,2.2078116237745973,333.5669775295883,333.66633085570294,333.7614410977632,12033736443.08411,12030537835.745121,331.2074705020256,145.67610488417048,4.1929458223595,24.490172882952226,3.887370205737169,2.2828187525912718,303.75685303972864,106.77262394453035,-0.0001393015261611369,364,9.703960017759528e-07,True,4.48,conjugate_3D_benchmark_H1_type,4,k(T)_cubic_273_373K,3000,220,120
ALT_045,GateA_converged_v1,GRAIL-CHT-1.0,alternating,1,863.0301908295787,301.98425961745545,297.7903279079319,3.533268021844867,0.0011641790969613825,9.701492474678188e-05,33.76032114302455,0.4896082080568295,0.5237902606726941,5.198875,2.54541187266145,28.056939,6.725702727668915,43.87609504579242,89.61470482680237,0.0005415160405708987,17.91923485663385,2.0923970565330917e-05,560.0263320406493,283.66448137961993,19.126418483010493,344.8893185466639,42.90505892920845,208.78754213379372,0.4581890126356635,371.51057807469834,390.9039281542375,325.8423930408342,65.0615351134033,17.285439572865897,390.1753396519154,390.57639454579305,390.80286286789857,19292216292.65397,19049550659.902317,372.6881040409773,295.69390331746285,13.218594423057056,63.08217033183159,10.60538610248597,2.232702421076116,300.85954510627397,322.56824138972786,7.112973658163674e-05,1425,9.929968882715912e-07,True,4.48,conjugate_3D_benchmark_H1_type,4,k(T)_cubic_273_373K,3000,220,120
ALT_046,GateA_converged_v1,GRAIL-CHT-1.0,alternating,1,557.5515560772545,300.1845732762989,310.0564934816611,2.4742335106668594,0.004464986127505153,0.0003720821772920961,31.298542106128934,0.593770270286919,1.9987451679949064,5.198875,3.086937413937906,28.056939,9.891842340824622,119.38073633109872,201.0554288503062,0.0007633177433552733,32.0229925002533,0.00014341245463874878,361.79910759942294,301.37021259671485,15.102087340534066,310.2224551569082,10.03788188060929,187.34343398818532,0.636384395234196,311.3875860038435,313.9231074080451,304.84757147182074,9.075535936224355,2.1233677149882975,313.66707955863075,313.7648262466168,313.8711251040355,9404288566.087982,9401673797.8262,311.40923431592716,191.0299288124953,0.48088444673064207,3.014320520463131,0.1914908061752649,5.2453136479701135,308.0115946999873,135.11176113797092,-0.00010519244827156892,223,9.61192199611105e-07,True,4.48,conjugate_3D_benchmark_H1_type,4,k(T)_cubic_273_373K,3000,220,120
ALT_047,GateA_converged_v1,GRAIL-CHT-1.0,alternating,1,588.3968017441084,309.8345946600553,291.44483805960346,0.7202051941766018,0.0017598300760551546,0.00014665250633792956,26.24918412926116,0.7062301066083121,0.9043748749366921,5.198875,3.6716020454932887,28.056939,13.993705927939248,62.209362135236006,88.0865337701306,0.0005773437708037444,8.995770410760636,1.5878663316091876e-05,381.81480342936413,274.6462219836867,8.436779737871086,329.63519558928516,19.80060092922986,145.65499690395777,0.4688362270882929,339.58748189680136,348.3264344272941,319.3334267108108,28.993007716483305,7.585246194311861,347.8246243687906,348.0328531043115,348.23809928556227,13338067078.31182,13298623489.180496,339.83900561287766,201.59821621070427,7.14477390044038,41.872448029250954,6.925794808522225,2.2008152943809107,292.6910024221493,202.77029393850503,0.00010048131216527762,923,9.904881039801694e-07,True,4.48,conjugate_3D_benchmark_H1_type,4,k(T)_cubic_273_373K,3000,220,120
ALT_048,GateA_converged_v1,GRAIL-CHT-1.0,alternating,1,445.1665721547005,303.2963651146308,292.68545440730384,4.827817380207294,0.0030704416866582634,0.0002558701405548553,34.495692274508535,0.6411486573233709,1.449668791998859,5.198875,3.3332517258420404,28.056939,11.533410827928959,87.2332080457805,136.05769434183404,0.0007183539871816975,20.39433923213319,6.280805351072401e-05,288.8717048371902,276.40174942064016,24.045706044787714,313.02256992338476,9.726204808753948,124.83045283669608,0.5310850521556079,315.47857823056074,318.6858260702144,307.7883088954021,10.897517174812265,2.723469981005073,318.42087047780177,318.5307378840575,318.6358522818668,9909983716.00116,9905570645.823357,315.51370989078896,152.52426015403643,3.1804181970884864,21.23417580573461,3.2790159838115125,2.301149814004884,291.6966372000497,122.76385176254999,0.00012937660247269793,367,9.726882126415148e-07,True,4.48,conjugate_3D_benchmark_H1_type,4,k(T)_cubic_273_373K,3000,220,120
ALT_049,GateA_converged_v1,GRAIL-CHT-1.0,alternating,1,505.0827965899125,323.81834502149036,299.335071835944,4.3036154145363215,0.002227814446337938,0.00018565120386149483,24.8563718704958,0.5621516797847197,0.9933728823728836,5.198875,2.9225563142407847,28.056939,8.866399860620552,94.05917808179636,167.31992710191147,0.0004833896345108535,15.660715946793534,3.4994151681305466e-05,327.7517622867703,285.87454353133757,22.05373857523802,336.95547579911823,13.137130777627874,122.33643507068993,0.4587323014341525,342.29940312778643,347.66916369462655,329.7361331109167,17.933030583709865,4.604174639917188,347.27705567793555,347.4410307913755,347.59997954419475,13743365770.80786,13728546764.224554,342.39173782995783,173.05293048741473,6.727450841853914,37.807997929818164,6.180843404008416,2.235667720272873,299.95504347499536,152.45719073173785,0.00011744443952573933,669,9.855781399892294e-07,True,4.48,conjugate_3D_benchmark_H1_type,4,k(T)_cubic_273_373K,3000,220,120
ALT_050,GateA_converged_v1,GRAIL-CHT-1.0,alternating,1,813.60303068945,320.6877453785677,284.6842950955919,2.184816863883737,0.003037252345544624,0.00025310436212871865,24.596733812822805,0.5173767316928177,1.3720216647113257,5.198875,2.689776955979498,28.056939,7.510244466422677,125.55464681739,242.6754802184177,0.0004937050646770411,22.41304985904515,6.827892503028433e-05,527.9527018355989,265.1455495928042,14.0023040827582,337.42207148288867,16.734326104320985,212.45423166389253,0.4945599064649476,341.95485423902386,347.7966391013046,327.97754220396416,19.819096897340444,4.924034864208686,347.267916159051,347.4932500740412,347.69909460598876,13690261848.609457,13673355099.627625,342.0605098387719,278.75902656919624,8.31132374815349,49.75433155280181,8.238935579401536,2.1927018865613506,286.2307898898122,217.27549532638056,7.319043598021936e-05,484,9.750956451171078e-07,True,4.48,conjugate_3D_benchmark_H1_type,4,k(T)_cubic_273_373K,3000,220,120
ALT_051,GateA_converged_v1,GRAIL-CHT-1.0,alternating,1,992.1226315517079,289.4104568102605,294.83928731718356,4.249013025426163,0.0041995516635108514,0.00034996263862590427,32.748052710190095,0.8961414622365942,1.8506267088702892,5.198875,4.658927444485275,28.056939,22.531672544925772,97.1179513212349,108.3734604566197,0.0008825166605528497,17.874734035843925,7.529174428790611e-05,643.795320472324,279.45836051035474,21.846249496619418,307.67498853109277,18.26453172083228,320.6178903087359,0.6120522136539999,310.0507168139002,314.79431815649593,298.00633939165346,16.787978764842478,3.9720294759287276,314.32916868497273,314.5075838854731,314.6998449642885,9250302703.516756,9241255101.70113,310.1265773456565,339.9239292093871,2.1984844127648278,14.919038245632299,2.188314372489051,2.403749603070641,293.34162996091544,240.93690000274296,5.9386747343244415e-05,303,9.76518379047775e-07,True,4.48,conjugate_3D_benchmark_H1_type,4,k(T)_cubic_273_373K,3000,220,120
ALT_052,GateA_converged_v1,GRAIL-CHT-1.0,alternating,1,904.6212533037924,289.75481160261467,289.04974368376395,2.934315161800085,0.0032055742948291256,0.00026713119123576045,22.827932107674986,0.8603523291488546,1.65218165234625,5.198875,4.472864215203751,28.056939,20.767918244463594,76.82445352239783,89.29417741961619,0.0008515808061417141,14.22738322589625,4.574416645096902e-05,587.015063617604,271.26762222216706,16.850397614840322,310.50602939910783,20.751217796493165,278.05180408322775,0.5821367377627759,315.3331750349513,322.12091143269697,299.0126279143498,23.10828351834715,5.668736985785809,321.4617426436935,321.74172532590933,321.9936893752868,9906346494.81558,9887321467.78106,315.48475547559144,309.94395359009496,3.6162679801920765,24.494549305707487,3.781131194576258,2.298094092106887,287.89966725548,264.9333524148966,6.485894919338595e-05,444,9.993673870667408e-07,True,4.48,conjugate_3D_benchmark_H1_type,4,k(T)_cubic_273_373K,3000,220,120
ALT_053,GateA_converged_v1,GRAIL-CHT-1.0,alternating,1,757.9965837759712,313.56765729185474,307.87759054425794,2.5447388010128065,0.0038208860368233173,0.00031840716973527644,32.316199110187256,0.9255393370406811,0.9640894742765107,5.198875,4.811763320857371,28.056939,24.034221064136116,137.70618745410212,148.78480248543926,0.0005662785703691684,10.437656205330434,4.000109814654895e-05,491.86928918831404,298.19900937752493,15.370007443848664,328.1068533402656,14.539196048410872,232.2099146822812,0.5802024896857056,330.6158892654145,334.8218685440577,320.12297602789033,14.698892516167348,3.5321440640373236,334.4194622923804,334.58144687177276,334.743806912549,11956134584.199762,11947991006.063898,330.67221062599685,259.70698469142985,3.5906739420854046,20.63506249240004,3.27112885138091,2.2903113705591727,307.50494566935384,194.65314649837853,7.882856232613821e-05,343,9.667099902799237e-07,True,4.48,conjugate_3D_benchmark_H1_type,4,k(T)_cubic_273_373K,3000,220,120
ALT_054,GateA_converged_v1,GRAIL-CHT-1.0,alternating,1,682.4552492307023,325.81844378980793,304.55202246175054,1.3541067919116747,0.0012400006871916907,0.00010333339059930756,21.74136584354759,0.8829246737401965,1.2993397534505677,5.198875,4.590215013191065,28.056939,21.871954563895216,61.014461816227666,69.1049459041184,0.0004147712428459368,2.6431852321033675,3.2874137454193625e-06,442.8499884125473,293.38054403324475,10.845605809264363,355.4539127198221,29.635468930014156,153.60664768478603,0.42628682473924423,373.6693777472882,387.3490243203024,341.1906252321984,46.158399088104034,12.123609547656857,386.72498333130727,387.0046860860315,387.2518007896425,19617637942.575645,19496202869.06262,374.2498877578124,233.82479388182497,12.509976530208183,57.7647461099528,9.943214212209424,2.1981209576627374,308.97377579892634,237.01951282236328,8.953056904093149e-05,1328,9.917187639985059e-07,True,4.48,conjugate_3D_benchmark_H1_type,4,k(T)_cubic_273_373K,3000,220,120
ALT_055,GateA_converged_v1,GRAIL-CHT-1.0,alternating,1,940.3440115406308,332.9786828301657,288.3488469749876,0.20347150900025573,0.002375431832665235,0.0001979526527221029,35.98761971073191,0.4164481305175868,0.8184543210885478,5.198875,2.1650617745446192,28.056939,4.865888147941294,123.82266576648612,297.3303436675099,0.00039152718278816283,31.85143110556787,7.588856907132351e-05,610.1958114967961,270.28155347870336,6.473191734200972,356.59974888640016,23.62106605623444,234.54077072753432,0.4723867007330766,365.84445862667906,375.2234155462091,343.96836148948654,31.255054056722543,8.075004138454771,374.61491291032655,374.8646955673355,375.11071306899737,17965614333.224422,17913725910.272545,366.1090951845607,322.18338847030833,12.480534410649009,64.01336272747315,11.148509140369184,2.14192523670969,294.15050490428666,285.6769641059818,6.563475654742279e-05,699,9.98815607999859e-07,True,4.48,conjugate_3D_benchmark_H1_type,4,k(T)_cubic_273_373K,3000,220,120
ALT_056,GateA_converged_v1,GRAIL-CHT-1.0,alternating,1,677.9394753174302,311.53058807732316,305.07826983900713,0.8071805352617755,0.0017319537560844397,0.0001443294796737033,20.85060684532825,0.7618515373640897,1.1060519496225985,5.198875,3.9607709113137326,28.056939,16.284745826673184,65.91738403395262,86.52261077272148,0.0005362358251574853,6.576237532835636,1.1424011329887813e-05,439.9196711098076,294.14128803937143,8.767286033994747,336.50236120899484,24.971773131671682,180.78481721481674,0.5050531789566539,349.3401636285657,360.5386694154438,323.3064884095132,37.23218100593061,9.700691105838215,359.8431116250923,360.13119319575634,360.41821937501845,14961521514.190905,14893407667.560705,349.7389004780191,232.27758634597842,7.2501081038508035,37.87494451743604,6.3675105849967615,2.2033441321830565,306.9208248565713,254.93836306459508,8.865464865113445e-05,972,9.98280199837609e-07,True,4.48,conjugate_3D_benchmark_H1_type,4,k(T)_cubic_273_373K,3000,220,120
ALT_057,GateA_converged_v1,GRAIL-CHT-1.0,alternating,1,633.8700490007586,315.40324526932875,288.52614251986074,0.7344947086683111,0.004257045613849879,0.0003547538011541566,31.531133416626087,0.5672023291729881,1.6340532253338138,5.198875,2.9488140090792183,28.056939,9.026435830798437,151.843971446281,267.70688982832246,0.0005721768026963811,27.405186738086535,0.0001170161785357153,411.3227118869352,270.5308716972988,8.491079892939583,325.0873936244348,9.68414835510606,172.32410014611875,0.5148869272280461,326.4208895125948,329.0090953139245,319.80208142281003,9.207013891114457,2.1739299731946997,328.75400685002467,328.85294761257927,328.9577398766447,11356041851.048965,11353029744.5388,326.4425382861219,217.17839187630182,5.305220956875936,34.0977433084869,5.4515336315982506,2.2417700825745652,288.23195634868364,132.20435774257766,-9.492969177598669e-05,250,9.666980531619629e-07,True,4.48,conjugate_3D_benchmark_H1_type,4,k(T)_cubic_273_373K,3000,220,120
ALT_058,GateA_converged_v1,GRAIL-CHT-1.0,alternating,1,562.337144877923,323.31638293466455,284.4093689770492,0.17557027937310882,0.004097883779426829,0.00034149031495223574,28.831023649637554,0.8932065063084175,1.5082713588898202,5.198875,4.643668975484174,28.056939,22.38432711282362,164.71543877913285,184.40913452354306,0.0005077440311672581,10.301994610932088,4.234340683237834e-05,364.90450967129834,264.7615566784233,6.367167061617813,331.31296731404325,7.996584379378703,136.97472689172906,0.4613279304013482,332.5667491154599,334.8338930645079,326.8804688396987,7.953424224809169,1.8981287094629402,334.60627893577134,334.69734249368474,334.7892830970417,12234886853.925745,12232502147.343184,332.5829562686368,192.66958110644552,6.668480442469015,42.098672109155956,6.927914770998354,2.1903741053560593,285.41690224961724,110.8249003777083,-0.00011060796709087893,298,9.997419851970335e-07,True,4.48,conjugate_3D_benchmark_H1_type,4,k(T)_cubic_273_373K,3000,220,120
ALT_059,GateA_converged_v1,GRAIL-CHT-1.0,alternating,1,866.4153144402918,321.8615883547729,297.8475357131905,4.219494113433405,0.003937573230343683,0.00032813110252864026,23.207920976211668,0.7897338902079141,0.7987063061793274,5.198875,4.1057277784546695,28.056939,17.498540979333807,163.63334189991573,207.20060760826135,0.0004911072446562095,13.64077763034652,5.387318037946178e-05,562.2229624475063,283.7462264880199,21.734077631046937,336.9103464437511,15.048758088978218,247.6883536645085,0.5414340243145985,339.4950994019073,343.9207441907006,328.41213830366706,15.508605887033525,3.6945131492693912,343.46310894740094,343.6511212808351,343.83249201314976,13293550902.000511,13284158188.299719,339.5550944553432,296.85372417228336,6.401407760204934,36.77234254758619,5.991413378923014,2.235814625755121,298.3106573957206,207.89140093040265,6.967103454905363e-05,341,9.703764476398646e-07,True,4.48,conjugate_3D_benchmark_H1_type,4,k(T)_cubic_273_373K,3000,220,120
ALT_060,GateA_converged_v1,GRAIL-CHT-1.0,alternating,1,704.0813911518162,316.47674272813026,301.47067969121514,4.92479675835873,0.0029392442569768805,0.00024493702141474,22.683773826630386,0.6026525476077063,1.3273039890729785,5.198875,3.1331152634440143,28.056939,10.19000228857883,112.90189847617411,187.34160989503863,0.0005313172676630558,17.021019219521865,5.017947140308199e-05,456.8833432881515,288.93935427014634,24.414227681763172,332.6531906201452,16.17644789201495,198.74450194124313,0.5346115467412232,337.27022835322595,343.0147432583992,323.52548757674947,19.48925568164975,4.846443977202103,342.4915672997162,342.7152148736362,342.91807074527435,12955269364.188295,12939337078.813646,337.37400117640493,241.234405256144,5.564678211628618,31.774904361680797,5.150118657987358,2.2478859298626346,301.68283806819574,207.71891726847878,8.377063954483291e-05,498,9.743664008965425e-07,True,4.48,conjugate_3D_benchmark_H1_type,4,k(T)_cubic_273_373K,3000,220,120
ALT_061,GateA_converged_v1,GRAIL-CHT-1.0,alternating,1,878.4982171724637,323.6474617044083,284.90120691856634,3.278138147711482,0.004174590402578809,0.0003478825335482341,22.85467638550525,0.9858657313038334,1.075988089753513,5.198875,5.125392703832217,28.056939,27.2694155173422,176.44775195919186,178.97746757647724,0.00048285556134088,8.521276569277756,3.5679879020889275e-05,570.0636426107318,265.44864407057463,18.15692496130363,337.266863817104,13.619402112695752,237.6556779568188,0.512357841914015,339.3452202837472,343.2160735210667,329.5660108851744,13.650062635892255,3.2203684442003726,342.80169323656725,342.9702298650788,343.1337215394921,13267849440.516312,13260715142.143726,339.39085322554286,300.9936032984664,7.838599439032868,47.66680946217696,7.832309052132662,2.203331174914021,285.9591476566216,190.81353065192116,6.890123338920608e-05,309,9.693756624074013e-07,True,4.48,conjugate_3D_benchmark_H1_type,4,k(T)_cubic_273_373K,3000,220,120
ALT_062,GateA_converged_v1,GRAIL-CHT-1.0,alternating,1,807.5823423459337,297.20401060336997,304.791563530537,4.136068769747092,0.0024771274095797997,0.00020642728413164998,24.43981940587149,0.9651560871735122,1.5746752833013855,5.198875,5.017725852704194,28.056939,26.13577580746239,71.76488076484578,74.35572517084914,0.0007044592470954872,7.58752585189153,1.8851823729805245e-05,524.0458350246728,293.72674353710653,21.417061325038947,321.0621182411406,23.858107637770615,247.03621250754787,0.5793484949640124,329.38973841516355,338.5508398628948,307.95095303975654,30.599886823138263,7.756439128529511,337.77305605539385,338.11064734213613,338.4142215687756,11810513370.645473,11771729156.54763,329.66071323227425,276.69620089302725,3.836551693664651,22.28454420377658,3.538690407015749,2.2836743250472717,304.43140139306416,284.71244475380826,7.303353705245134e-05,634,9.967461664928123e-07,True,4.48,conjugate_3D_benchmark_H1_type,4,k(T)_cubic_273_373K,3000,220,120
ALT_063,GateA_converged_v1,GRAIL-CHT-1.0,alternating,1,803.7772489893591,317.87736814793766,298.31415320241445,2.8476205909392056,0.004274621709469486,0.0003562184757891238,35.38701490861975,0.8399625099545129,0.6214219584771916,5.198875,4.366860093939769,28.056939,19.795209079889638,163.84135922426714,195.05794280406607,0.0005324681582150882,14.471066026218207,6.204446639402074e-05,521.5766833099381,284.41327646288954,16.52095824556898,330.99438803085883,13.11701988292117,234.37384545222488,0.5522548185696513,332.8515969048404,336.3775967243433,323.95654144549894,12.421055278844335,2.9683423319619195,336.04092895771237,336.1712750370921,336.3093989672391,12280298703.892477,12274465216.885073,332.8911371104618,275.3924887876473,5.196373657927179,30.85350935486305,4.968552394064211,2.249350738527568,298.29615445326607,181.82173740517428,7.550262860033544e-05,291,9.6436247076781e-07,True,4.48,conjugate_3D_benchmark_H1_type,4,k(T)_cubic_273_373K,3000,220,120
ALT_064,GateA_converged_v1,GRAIL-CHT-1.0,alternating,1,948.2689122006215,331.2788464917761,308.00678466228857,1.7572985008909228,0.0013705039669492406,0.00011420866391243672,34.07600369999834,0.7466580612285383,0.7369690454449611,5.198875,3.8817819280695174,28.056939,15.641694684580447,77.40303885487029,103.66597894558677,0.00036136141864461543,4.071729496589031,5.597112765716651e-06,615.3383350093685,298.3867281358114,12.377734303385505,370.4349853824296,39.156138890653494,224.3140305826343,0.4480133996461712,393.6822853558752,411.52308870438924,351.70521116309726,59.81787754129198,15.812074405115178,410.76996248824395,411.1275156756356,411.4059677478871,24249201544.03783,24020580162.233852,394.61570079671367,324.8986408849466,17.27527736702386,70.98385571078407,12.325266969711167,2.2235196098463152,314.1814897480575,339.68245302599405,6.47139651350676e-05,1246,9.930962505677599e-07,True,4.48,conjugate_3D_benchmark_H1_type,4,k(T)_cubic_273_373K,3000,220,120
ALT_065,GateA_converged_v1,GRAIL-CHT-1.0,alternating,1,963.4240487094532,300.9633121512385,309.2254595924308,4.113453040920692,0.0023399517880437794,0.00019499598233698161,26.873088552622875,0.9554797785356102,0.5122552021293847,5.198875,4.9674199336343206,28.056939,25.614346983504657,77.09793188245663,80.69028106551733,0.0006194177951600832,6.725339287871025,1.5784322659834384e-05,625.172609175905,300.15939631307253,21.33112155549863,330.7140068064825,29.75069465524399,290.9914990240656,0.5720432908451923,342.1298976281478,353.9793491245287,314.62685700988163,39.35249211464708,10.094518823051626,353.0533314793126,353.44886166007217,353.8166483557645,13772078948.10562,13701373638.048908,342.57043244248365,330.09113764487785,5.44107389015792,28.924731651271006,4.733628400130137,2.250527597291541,309.7346556961247,351.70952987898943,6.200689138141295e-05,708,9.942036172105873e-07,True,4.48,conjugate_3D_benchmark_H1_type,4,k(T)_cubic_273_373K,3000,220,120
ALT_066,GateA_converged_v1,GRAIL-CHT-1.0,alternating,1,431.7773274232726,290.61811713720545,309.8972067396232,1.704638787195056,0.0037004467696886145,0.0003083705641407179,28.992609655636734,0.9588171964075473,1.5541203962516423,5.198875,4.984770751973288,28.056939,25.793597406115058,79.91016772361594,83.34244319252902,0.0009450866231992952,15.374129168776532,5.706233362023533e-05,280.1833302062535,301.1380059774616,12.177627391341211,300.544883691051,9.926766553845539,153.54590973149635,0.6735106934729448,302.2621210736983,305.13196400956883,295.1766844589847,9.955279550584123,2.406182326017344,304.85657283045623,304.96730227162897,305.078384391524,8350248903.147722,8347086276.539948,302.29074802210755,147.93679834890187,-0.5871859936863035,-3.9237374319634677,-1.0983824828254944,1.3913815086451593,306.65664493371855,128.74499529602122,0.0001314925582813538,239,9.739205779624172e-07,True,4.48,conjugate_3D_benchmark_H1_type,4,k(T)_cubic_273_373K,3000,220,120
ALT_067,GateA_converged_v1,GRAIL-CHT-1.0,alternating,1,448.268413193491,332.6775322385884,308.3979160226597,2.0415495746556016,0.0018245911123538512,0.00015204925936282093,32.65295780781436,0.720817099169812,1.220333952251119,5.198875,3.747437996446456,28.056939,14.57774834409756,88.15464823270044,122.29822008139232,0.0004224154899186441,5.958772447003993,1.0905038362429784e-05,290.8845112001486,298.95528111706636,13.457888383691285,346.034435162265,13.356902923676614,101.87030499781451,0.43040325400911716,352.5997268699794,358.3903222223293,339.0507483509589,19.33957387137042,5.04172707454192,358.0701328299011,358.2046969567362,358.33404270052944,15475943968.077576,15457095358.677868,352.70716907433757,153.58702191367848,7.417792998778275,37.939849914138634,6.358867060331899,2.2159347233645263,310.10769508032024,139.77664130693447,0.0001347396496077074,842,9.940570180333452e-07,True,4.48,conjugate_3D_benchmark_H1_type,4,k(T)_cubic_273_373K,3000,220,120
ALT_068,GateA_converged_v1,GRAIL-CHT-1.0,alternating,1,969.3078098836351,308.9591787324391,299.57770915054334,2.9939404665584224,0.0016756596166923555,0.00013963830139102963,30.8182535358784,0.6624711618185593,1.5372944290167307,5.198875,3.4441047613994624,28.056939,12.313293834097784,67.25205839089475,101.51695993268619,0.0005085102589091281,7.224871280964578,1.214285360211907e-05,628.9906229881599,286.2222035245213,17.076973772922006,345.4848067321795,36.52562799974038,255.83489282039878,0.4998781366622685,364.54669966900707,380.76417311068974,326.8443858536479,53.91978725704183,14.142398338434996,379.89965892618704,380.26494556592434,380.614125999495,17817859121.941467,17660893973.009323,365.35401154331856,332.10704893774846,11.283898735431675,55.64161726554283,9.346430968131378,2.223442906817076,302.2289684437603,362.72873753796455,6.297615316369602e-05,1036,9.982346114156826e-07,True,4.48,conjugate_3D_benchmark_H1_type,4,k(T)_cubic_273_373K,3000,220,120
ALT_069,GateA_converged_v1,GRAIL-CHT-1.0,alternating,1,516.731903831309,300.7075560738815,300.9319502190371,0.01785256976537215,0.0015423489408754132,0.00012852907840628442,26.080567916901778,0.7102569019115562,0.9451511776777121,5.198875,3.692536850925442,28.056939,14.153739993009825,46.72729076398294,65.78928080561138,0.0006736456894634379,8.958214769485084,1.3858267865446141e-05,335.3109495194631,288.16519647856063,5.767839765108414,322.10351435224874,21.39595827836723,137.9401404047547,0.5055818384370226,333.75665293735756,343.4168373377437,311.37271470226733,32.044122635476356,8.438254072409352,342.92248791738666,343.1347330309814,343.332630428101,12455607285.493082,12408512595.25843,334.0728843241716,177.04418134627653,5.067276046758632,29.314404707186586,4.722157687197372,2.2562484186652405,300.9249833463688,200.34583071666157,0.00011437844367848376,1054,9.977475201594643e-07,True,4.48,conjugate_3D_benchmark_H1_type,4,k(T)_cubic_273_373K,3000,220,120
ALT_070,GateA_converged_v1,GRAIL-CHT-1.0,alternating,1,845.5913062004126,300.3883463484109,304.8056576744347,3.452040339656957,0.0015600404004720023,0.00013000336670600018,24.730317067437074,0.5854662224389796,1.396641218457709,5.198875,3.0437657071824504,28.056939,9.617096554026737,53.52679367192839,91.42592966156512,0.0005948180147811092,10.513997123206918,1.64516151280333e-05,548.7101177325911,293.7471175008741,18.817753290696437,335.73648583784814,35.348139489437244,230.50411736347505,0.5162787568164118,355.01232417070213,371.02235682758453,317.8860662462321,53.136290581352455,13.977158074808344,370.183776924641,370.54134496534795,370.8782228424699,16029870374.335238,15884506217.980724,355.8217592733166,289.7189421628081,8.593429051251496,43.39846567661265,7.222724853851621,2.2337529499397046,306.4067290688133,335.203049419446,7.08333448144931e-05,1103,9.888137810776243e-07,True,4.48,conjugate_3D_benchmark_H1_type,4,k(T)_cubic_273_373K,3000,220,120
ALT_071,GateA_converged_v1,GRAIL-CHT-1.0,alternating,1,839.0997367755554,319.66709918860795,303.48380808996086,2.641896115961422,0.0037796218176947274,0.00031496848480789397,33.52342791924864,0.6463497701759189,0.931386884242832,5.198875,3.3602916614233305,28.056939,11.721292004979587,152.2975312077264,235.62711435060172,0.0005064947883541807,20.608437500130293,7.812647944241789e-05,544.4976928918152,291.83835260139887,15.739205240653401,335.26546196542836,15.598362776820409,246.4357132952367,0.5562322153465842,338.1289997521369,342.72273483358634,326.74832710820107,15.974407725385277,3.871500232257608,342.29743858820086,342.46744841260977,342.6400487685391,13081858157.400997,13071627974.932764,338.195137394615,287.4947818468784,5.433986706512909,30.640817228075754,4.984053002273204,2.244565080392114,303.8117691183032,211.57735832777257,7.360647678812649e-05,359,9.896720030155848e-07,True,4.48,conjugate_3D_benchmark_H1_type,4,k(T)_cubic_273_373K,3000,220,120
ALT_072,GateA_converged_v1,GRAIL-CHT-1.0,alternating,1,787.7986819744215,322.01898520006836,296.8382842064268,3.5651232880144597,0.0016272956035373563,0.00013560796696144637,27.32382566597441,0.3599891967744044,0.5873943912200745,5.198875,1.871538835380532,28.056939,3.6359610617566087,74.83574044984589,207.88329516661426,0.00044378936248365127,45.24470016312437,7.384804579620681e-05,511.2080793239759,282.3052447237944,19.247468494454946,349.93330041845167,27.914315218383308,189.8758413600379,0.4564787224673711,364.97498924802085,377.4778902267958,335.74913418658224,41.72875604021357,10.964497173459725,376.8463064063318,377.1169755802616,377.367886514759,17838923507.32826,17744036321.149395,365.4619446593487,269.9178658830593,11.678036461320632,58.56164258801129,9.802137988987283,2.224861670699694,299.3868758491561,273.59644369331886,7.686956974645939e-05,1042,9.883759162221395e-07,True,4.48,conjugate_3D_benchmark_H1_type,4,k(T)_cubic_273_373K,3000,220,120
ALT_073,GateA_converged_v1,GRAIL-CHT-1.0,alternating,1,611.6248231830864,308.50693112332186,300.7908575274762,4.022694128037421,0.002684350804184307,0.00022369590034869227,28.49264688113984,0.7726025503625662,1.6677555828916009,5.198875,4.0166640840161865,28.056939,16.747599349299136,89.25169970644467,115.52084530986949,0.0006138217491608556,10.279046668781818,2.7675593973513036e-05,396.88762913726697,287.96255978379355,20.9862376865422,324.1567238415047,15.649792718182823,175.599850733794,0.5437573202862881,329.12349053406126,334.88256679052756,315.55770603816376,19.324860752363804,4.886523942393286,334.402131399442,334.60924970563985,334.79457145973726,11749137450.242554,11733714615.86178,329.2315875262064,209.55666818447696,4.287160843278814,25.593525178411692,4.075929092144222,2.269896844663527,300.4591471602296,193.048956984225,9.655471714701717e-05,544,9.89577188192925e-07,True,4.48,conjugate_3D_benchmark_H1_type,4,k(T)_cubic_273_373K,3000,220,120
ALT_074,GateA_converged_v1,GRAIL-CHT-1.0,alternating,1,598.691251494639,297.37144475680077,299.807624560191,3.9000123636439845,0.0028708031201714196,0.0002392335933476183,28.088002590417776,0.4297578798350955,0.7669906843326609,5.198875,2.234257497527682,28.056939,5.1818875562590065,76.47297975161845,177.9443341003131,0.0007661519194026104,72.16456092600839,0.00020779362755484994,388.49494393363165,286.5517650256159,20.52004698184714,312.68142144261,15.309976685809204,183.7190625485781,0.5811890003565274,316.95500276807627,322.2617374776552,304.3568045201289,17.904932957526285,4.495851094660855,321.81247194301056,322.00228153681496,322.1789362459934,10104417605.513119,10092306792.044048,317.05004686540366,205.1253303969575,2.564266313660384,16.374984032986163,2.4668197154593803,2.364336603750925,298.61527966270074,189.5132360762959,9.642215960923835e-05,486,9.800695579542662e-07,True,4.48,conjugate_3D_benchmark_H1_type,4,k(T)_cubic_273_373K,3000,220,120
ALT_075,GateA_converged_v1,GRAIL-CHT-1.0,alternating,1,458.20550213520517,330.0362748763086,306.7993051417779,2.1649676864770475,0.0010492227592721706,8.743522993934754e-05,26.986913489626797,0.5368467483113791,1.2317080822931172,5.198875,2.790999138627321,28.056939,8.086134144936567,51.42114052270547,95.78364902916474,0.0004164333422161634,6.359836457423525,6.692964048523227e-06,297.3327577740496,296.6337999545594,13.92687720861278,350.67257268496286,20.636297808654263,90.50566651086642,0.37409469415121016,363.6979204748469,372.93565341159365,341.56658622150707,31.369067190086582,8.266957745621445,372.5880090572711,372.77479158286303,372.8885594942472,17550693448.93958,17496987096.37313,363.9766891209197,156.99169610469818,9.965781206034666,48.334609557294655,8.185427788687242,2.21306810117037,309.5639223041281,140.6285817795136,0.00013442864841128186,1434,9.940409881892265e-07,True,4.48,conjugate_3D_benchmark_H1_type,4,k(T)_cubic_273_373K,3000,220,120
ALT_076,GateA_converged_v1,GRAIL-CHT-1.0,alternating,1,793.1198994196101,329.5966579468162,312.65952270772414,4.663431157591021,0.0029941709785816363,0.0002495142482151364,34.80971918769022,0.8466051230903913,1.6816278564703337,5.198875,4.401394209306559,28.056939,20.10953703661005,143.0236648303463,168.93786835149567,0.0004272560208378839,6.828515455259715,2.0507264596724985e-05,514.6610545726809,305.1733243303434,23.42103839884588,347.5343427958449,17.9376848490287,224.50151076324394,0.5361008537858704,352.5942103146619,358.8271614150203,337.72257047293317,21.104590942087157,5.300628039421343,358.31571721925684,358.5314414013945,358.73247716458843,15476953272.596992,15456128053.101633,352.71291961586445,271.7410368143755,6.880930792454538,34.61338749085559,5.744999236921515,2.2403780948500813,313.82776382270777,232.69839175389828,7.67388328052538e-05,502,9.809707535168855e-07,True,4.48,conjugate_3D_benchmark_H1_type,4,k(T)_cubic_273_373K,3000,220,120
ALT_077,GateA_converged_v1,GRAIL-CHT-1.0,alternating,1,902.3377616140087,291.2585884885454,294.16033022768835,1.8431012020880426,0.002106673464000436,0.00017555612200003635,32.13565505448048,0.6351473491026028,1.0473639667056829,5.198875,3.3020516745657944,28.056939,11.31851022671543,57.47662954902282,90.49337863132283,0.0007480410460968416,16.881575816565586,3.5670980745506734e-05,585.5332898756615,278.49360970725,12.703784567934562,321.09383507243086,29.835246583885464,262.72605108935727,0.5514423081244376,333.47065327509347,345.5675701922662,305.4468772853694,40.12069290689681,10.389531943024165,344.80159983697877,345.11698989696544,345.427537899961,12437158231.9159,12366035282.05176,333.9491096509188,309.16157705434927,5.8692088117246275,34.91093824163145,5.655178228344189,2.2372258756901586,294.3709546487841,330.06714948620413,6.491210636102996e-05,785,9.854351219473756e-07,True,4.48,conjugate_3D_benchmark_H1_type,4,k(T)_cubic_273_373K,3000,220,120
ALT_078,GateA_converged_v1,GRAIL-CHT-1.0,alternating,1,714.8181029033261,312.4100249407437,303.2128840557551,3.257152820822901,0.0022087483376648127,0.00018406236147206772,22.077358723763986,0.46898544927701424,0.8303494114967831,5.198875,2.4381967276100376,28.056939,6.171049427994423,82.83920214008468,176.63490896740873,0.0005441640230191218,30.014892887299485,6.64948292577835e-05,463.85047070068856,291.44764785900594,18.07718071912702,333.88910692605174,21.479081985308028,198.3070861117921,0.525422622844863,342.65447465717455,351.4572879283123,322.0843761919867,29.372911736325648,7.538564179305649,350.80703462122506,351.0800988829142,351.34279775836563,13825269247.99246,13785598643.950771,342.9007219537494,244.91304852996356,6.310297276257187,34.62140051003767,5.674062362485091,2.2379642116425504,303.87905371048254,247.71327705640985,8.258824620968503e-05,729,9.821684443522827e-07,True,4.48,conjugate_3D_benchmark_H1_type,4,k(T)_cubic_273_373K,3000,220,120
ALT_079,GateA_converged_v1,GRAIL-CHT-1.0,alternating,1,782.8822847730177,290.7940573537935,293.98202861883925,0.03870524549779805,0.004015846669850334,0.0003346538891541945,26.175682696446827,0.9285574877424297,1.6028161114264592,5.198875,4.827454309086924,28.056939,24.191226113289844,92.13297400695494,99.2216154876471,0.0008895728699417498,16.5043563312325,6.647839960963222e-05,508.0177947652045,278.24043994793885,5.847079932891633,305.59128204605923,14.79722469226573,248.38975140447312,0.600901494880726,307.7940886945801,311.8792994655077,297.5831767181998,14.29612274730789,3.407579809439737,311.4644957909827,311.63048309106694,311.7964808347541,8981704780.899702,8975137260.007975,307.85038002450875,268.233395636028,2.2383388304954455,15.618109128687607,1.9870012600689586,2.721003190209775,290.3020535101382,196.76829735499658,7.270246957382806e-05,311,9.593632626092585e-07,True,4.48,conjugate_3D_benchmark_H1_type,4,k(T)_cubic_273_373K,3000,220,120
ALT_080,GateA_converged_v1,GRAIL-CHT-1.0,alternating,1,817.7127149495946,328.71827584869766,306.0663986186383,1.8121349404397893,0.0038823962537956488,0.0003235330211496374,28.5345388923311,0.42728891638625577,1.4357199719550677,5.198875,2.2214216651775955,28.056939,5.1225185903680295,178.38730620874293,417.4863877056113,0.0004441763274679196,38.81218867092821,0.00015113770902469567,530.6195047197964,295.571501475876,12.5861127736712,343.11671060175087,14.398434753053209,233.6637938293389,0.5411987070520201,345.6840992943581,349.9614217310116,335.10905405417145,14.852367676840174,3.583317337950227,349.54424042286956,349.71224908615153,349.88052240808037,14288815593.314337,14279651670.950924,345.73954637832566,280.1670984920525,6.415428997103664,34.38826764520038,5.699397536067223,2.223108336599058,307.16978346870104,199.01515986590593,7.512814440099382e-05,346,9.761498631633003e-07,True,4.48,conjugate_3D_benchmark_H1_type,4,k(T)_cubic_273_373K,3000,220,120
ALT_081,GateA_converged_v1,GRAIL-CHT-1.0,alternating,1,869.5122304910899,330.4186489395952,310.2453012018009,1.313973845299512,0.001951890022557539,0.0001626575018797949,36.287418770556584,0.7926667085063208,1.8176757284783696,5.198875,4.120975134185799,28.056939,17.628750243241818,101.10496244539263,127.5504084634916,0.0003940055768243347,4.508764210798844,8.827093156592558e-06,564.2325729512816,301.645531863483,10.693100612138146,358.234270489794,27.81562155019884,226.94488285179085,0.49432295350602545,371.4608860709693,383.3876328800077,343.8180103674083,39.56962251259938,10.371270740443334,382.7325297192346,383.0063398286895,383.2701906061748,19127395764.604774,19039360689.633896,371.8895380262166,297.91479851827665,11.15373711458249,51.00950231144347,8.80646649405565,2.1957271069546174,314.33105032576225,306.07763929237643,7.040482890969899e-05,877,9.942714314092882e-07,True,4.48,conjugate_3D_benchmark_H1_type,4,k(T)_cubic_273_373K,3000,220,120
ALT_082,GateA_converged_v1,GRAIL-CHT-1.0,alternating,1,406.7253863748329,308.00612877747545,299.16730201486916,2.504706911099875,0.0014312183724453187,0.00011926819770377655,30.72723611260912,0.5567560541055047,1.545179675653558,5.198875,2.8945051307877554,28.056939,8.697014303627794,47.491818097638465,85.30094598421522,0.0006150445917036067,10.570566681132627,1.5174312177728538e-05,263.92695029633364,285.6342389129517,15.217886262179526,324.44075406922065,16.434625291745192,98.32002742632493,0.4578326787409027,333.7055720529283,341.0963206584282,316.41813359438265,24.678187064045574,6.503048371270322,340.7518329703452,340.90462441040995,341.03992098052066,12428944156.86426,12400917932.555508,333.89395712666584,139.35342975646418,5.258066499312136,30.806462509297166,4.968671270606542,2.2501062460504873,299.20282132422346,144.92617329175158,0.00014499171191262542,1074,9.91579440778878e-07,True,4.48,conjugate_3D_benchmark_H1_type,4,k(T)_cubic_273_373K,3000,220,120
ALT_083,GateA_converged_v1,GRAIL-CHT-1.0,alternating,1,762.2330277669787,325.64237690952456,290.0636947950302,0.5042379016290078,0.003768291839555993,0.0003140243199629994,33.02682852923413,0.5498485767832646,0.804662293443466,5.198875,2.858594019624095,28.056939,8.482551371666649,163.32711875175377,297.0401773289174,0.00047087510075760646,30.09439963958597,0.00011374571773138277,494.61834734918676,272.6962336521644,7.6161040261902295,338.4935055115871,12.851128602062545,202.42403670819024,0.5029680470879276,340.88969542023636,344.70124625458715,331.4301429119875,13.271103342599645,3.213993655881472,344.3488729928605,344.4900557228192,344.6324920985357,13510956664.108294,13503784338.176022,340.934950978118,261.15848740037063,7.472893815058983,43.94952511077598,7.3118221853037415,2.1886335454091235,291.66692246847583,174.9089900435837,8.025051904603422e-05,346,9.77167701421422e-07,True,4.48,conjugate_3D_benchmark_H1_type,4,k(T)_cubic_273_373K,3000,220,120
ALT_084,GateA_converged_v1,GRAIL-CHT-1.0,alternating,1,578.870251913161,295.1917615729956,299.78883041670207,4.687112851971675,0.0019742711487100305,0.00016452259572583588,31.43020341174597,0.7011456751751051,1.4094414740924777,5.198875,3.6451687220259745,28.056939,13.79293873064394,53.00085634210419,75.59178957905958,0.000760227209305525,11.734512805798458,2.3236820538271097e-05,375.63295855821355,286.52482069458705,23.511028837492365,315.60383829066853,20.41207671767296,168.4497119426422,0.5511313533412889,324.53575155740714,332.9708083355416,304.93899270621534,28.031815629326275,7.277861384883744,332.4534533240019,332.66572251912936,332.87692529588026,11126196274.130072,11093029970.69083,324.7780569549697,198.33420211873675,3.7062998051115628,22.61790282534478,3.5600890250812616,2.2871294934222157,299.2040581520567,217.34677435142515,0.00010009396000178418,791,9.884055884867848e-07,True,4.48,conjugate_3D_benchmark_H1_type,4,k(T)_cubic_273_373K,3000,220,120
ALT_085,GateA_converged_v1,GRAIL-CHT-1.0,alternating,1,604.6497254265487,295.40155465562555,302.17807467165505,0.12650212669628474,0.0038978894485139316,0.0003248241207094943,29.45338146109527,0.4980388218075956,1.2546231725153825,5.198875,2.589241579724964,28.056939,6.95931800624476,96.0482280398841,192.85289385932617,0.0008282465918481837,55.22608276652591,0.0002159129040104297,392.3614393773654,289.95693633145754,6.180708081445882,307.37607492255194,11.97452026692639,195.10298891377874,0.6111194978521725,309.2695033258077,312.6344759542076,300.9044063189891,11.730069635218456,2.8181455689243315,312.30789358257994,312.43894889109794,312.5702641807831,9153007660.164143,9148468299.635408,309.3078601464251,207.16683999124893,1.4434022746209487,9.600074438899243,1.020172052121235,3.221946368290598,298.51757180356987,157.93461561929584,9.765647280769965e-05,300,9.891178365251108e-07,True,4.48,conjugate_3D_benchmark_H1_type,4,k(T)_cubic_273_373K,3000,220,120
ALT_086,GateA_converged_v1,GRAIL-CHT-1.0,alternating,1,913.0524835170876,288.8562826344793,294.27410301321936,3.8511523341626774,0.0028312233930489457,0.0002359352827540788,31.786439669856904,0.5974666402653156,1.0268515248593761,5.198875,3.1061543794093427,28.056939,10.015384123503418,68.8477538366454,115.23279995360467,0.0008392741737166607,29.51492670573511,8.381479531936037e-05,592.4861479216227,278.6551953494347,20.334378869818174,312.71829738180685,23.86201474732752,282.3953424160747,0.585770997091646,319.3915035126391,327.5965070619127,299.9024412301445,27.69406583176817,6.946163711345232,326.9216209783539,327.20491108262945,327.47255998860453,10435497324.33651,10406230352.796991,319.6158349764616,312.8326861026168,3.6046484526232017,23.219108403859806,3.6133861399619214,2.2950816210517644,293.3864693689305,291.51997210689984,6.415253458614155e-05,527,9.923395509758848e-07,True,4.48,conjugate_3D_benchmark_H1_type,4,k(T)_cubic_273_373K,3000,220,120
ALT_087,GateA_converged_v1,GRAIL-CHT-1.0,alternating,1,895.1566764974949,319.8816216412551,292.9842523597807,4.629535554775596,0.004008421334950344,0.000334035111245862,36.783449293720686,0.5660411098661491,1.9490025548925127,5.198875,2.9427769750553763,28.056939,8.989514465752567,161.5213385384829,285.35266383156795,0.0005064807657090417,21.108433423968666,8.486609316350546e-05,580.8734334759598,276.82511869074943,23.292235108147263,335.0543500614859,15.172728420230783,254.2221171318729,0.5378737544924923,337.5740790133626,341.8709257783204,326.913287898829,14.957637879491358,3.6259386936758355,341.4756747467146,341.63163412382795,341.79244448107556,12994975571.3057,12986028924.642836,337.63220640682994,306.7011728753068,6.64822600203556,39.41593157200617,6.414686966395278,2.229032012198835,293.4288591148368,209.52037199089486,6.886279400293555e-05,332,9.808583172343788e-07,True,4.48,conjugate_3D_benchmark_H1_type,4,k(T)_cubic_273_373K,3000,220,120
ALT_088,GateA_converged_v1,GRAIL-CHT-1.0,alternating,1,654.5634611246254,294.7668693177051,288.70547122825917,4.898255941294296,0.0026314718663920248,0.0002192893221993354,29.7128034802204,0.6948444229369339,0.5444145594097068,5.198875,3.6124092992962527,28.056939,13.546136267097536,67.72698344258495,97.47071604362874,0.0007929695225766072,22.421556069378052,5.917923169237682e-05,424.75081186799724,270.7831269463156,24.313372576918322,312.0341301072362,17.26726078953112,189.9321398851361,0.5495570456768561,317.4173692561107,323.66752918219265,302.69273557390966,20.974793608282994,5.309835840426554,323.1608028098651,323.3770424785865,323.57504113182745,10168251219.920897,10151325454.88834,317.54959769999584,224.26842866630255,3.9194545807283365,26.2861447480233,4.130490111356702,2.264944306407338,287.9773029198349,206.63485791826292,8.888502911322385e-05,549,9.929950692821876e-07,True,4.48,conjugate_3D_benchmark_H1_type,4,k(T)_cubic_273_373K,3000,220,120
ALT_089,GateA_converged_v1,GRAIL-CHT-1.0,alternating,1,495.30543888896716,313.25106482325407,302.57859437451157,1.2211047682777543,0.0024194331491037683,0.0002016194290919807,24.134653631723772,0.4821609180897274,1.2829272127705251,5.198875,2.5066943430337316,28.056939,6.522653356502587,85.81782181706262,177.98585202024282,0.0005753811586717809,25.34070896155423,6.149463518894206e-05,321.40716643312294,290.5336092403303,10.340198119455465,326.60472169905415,13.353656875800084,135.048610847545,0.5163962761133608,331.4456386832818,336.6672368242368,319.1911862551372,17.476050569099584,4.448241994247719,336.2532132178001,336.43120359906084,336.5938259732496,12081356419.686123,12068387183.637957,331.5346494484501,169.70298387668893,4.447236491152921,26.054125008034372,4.152809436206864,2.2736405414469867,302.2654307858177,158.88839484681554,0.00011908673916747243,602,9.913627536661807e-07,True,4.48,conjugate_3D_benchmark_H1_type,4,k(T)_cubic_273_373K,3000,220,120
ALT_090,GateA_converged_v1,GRAIL-CHT-1.0,alternating,1,466.9548490837265,292.7888096361195,289.6194291312243,1.5203336111852186,0.0010846525234287125,9.038771028572604e-05,27.093979967397015,0.4753005967006304,0.8857574582201261,5.198875,2.4710283896719902,28.056939,6.338361529182985,28.83942074044056,60.676171964928464,0.000767579902306858,19.37812231851062,2.1081774595870407e-05,303.01027025437367,272.0699754803304,11.47726772250383,317.0863964651777,24.29758682905822,110.1615544655909,0.44680831157312395,332.0361866934936,342.88787552234936,306.4194981956563,36.46837732669309,9.663432777391742,342.46839108916305,342.6905523715428,342.8286947971555,12215639692.31827,12154627958.79118,332.45207933987774,159.9894226943093,6.132686052008039,37.592908942375,6.102069514764096,2.2248509310465563,289.9327233044655,169.138804212656,0.00012733314980244598,1403,9.939831215888262e-07,True,4.48,conjugate_3D_benchmark_H1_type,4,k(T)_cubic_273_373K,3000,220,120
ALT_091,GateA_converged_v1,GRAIL-CHT-1.0,alternating,1,686.7090542798117,291.4183576368946,310.861797427058,0.9641943766697656,0.0011900940314717367,9.917450262264473e-05,29.149383214308294,0.9745762912589006,1.4792109840844185,5.198875,5.066700316218617,28.056939,26.64845113182148,35.24456697108198,36.16398971244736,0.0006891418035914071,3.517120669668459,4.198299214582057e-06,445.6103122855497,302.5450894888515,9.363938631345109,329.06650214656037,37.64814450966577,187.28419808160362,0.5165286789193361,352.09476089378586,369.2397439191906,311.88058518700427,57.3591587321863,15.1977405583552,368.53163912484547,368.87386983538715,369.13328043201005,15537477381.323195,15368739578.195759,353.0572445001528,235.28224488677026,7.084511694328569,34.98155755366027,5.931769042089894,2.204677617940467,312.91596975502625,287.8826279674022,8.862338422877508e-05,1397,9.996518315347203e-07,True,4.48,conjugate_3D_benchmark_H1_type,4,k(T)_cubic_273_373K,3000,220,120
ALT_092,GateA_converged_v1,GRAIL-CHT-1.0,alternating,1,953.4980033383824,294.0825931162371,284.0843926688483,4.454856961952879,0.0021801860010933825,0.00018168216675778189,28.85439543518953,0.9977812091820023,1.5165241446490125,5.198875,5.187339783886083,28.056939,27.93257216795935,62.646640703151895,62.78594959160501,0.0007102565638809025,6.391068917191368,1.3975645923052821e-05,618.7315288522997,264.30789730836125,22.628456455420938,323.36373841654165,29.28114530030456,266.8442740731681,0.53003454747139,335.32355833638655,347.2341674735875,307.7937684940714,39.44039897951609,10.187607576826641,346.3867984523264,346.73800805017885,347.0835667434814,12712339434.371569,12643178351.374035,335.7811948145696,326.69024723401424,7.31146421496437,45.16304522551474,7.371260057368336,2.212070486732649,284.74166205099226,332.95051454223744,6.23413157916845e-05,757,9.993991056944651e-07,True,4.48,conjugate_3D_benchmark_H1_type,4,k(T)_cubic_273_373K,3000,220,120
ALT_093,GateA_converged_v1,GRAIL-CHT-1.0,alternating,1,585.6455261877147,298.9078502584365,312.2178164209703,3.205340735479715,0.0016928207556923926,0.00014106839630769938,25.0414514878917,0.464745532837856,0.5026134079014769,5.198875,2.416153932032409,28.056939,6.059973652290455,50.98219336724317,109.69915742047644,0.0006776601638971856,38.51266216139977,6.53912074862453e-05,380.02948146189135,304.5268574230393,17.880294794822916,323.2924265082886,24.384576249852103,172.54503620106604,0.5579993813273887,335.6722559347495,346.41616654138556,310.82647196986954,35.58969457151602,9.34349057569813,345.8294629151935,346.07679813026715,346.314629056405,12754199494.074427,12695850193.909874,336.0572749513253,200.65556621187864,3.861905555852321,20.874269498217902,3.3741527775385585,2.269917392002307,312.29340427583344,241.40954225602502,0.00010075932984446969,966,9.92417426459724e-07,True,4.48,conjugate_3D_benchmark_H1_type,4,k(T)_cubic_273_373K,3000,220,120
ALT_094,GateA_converged_v1,GRAIL-CHT-1.0,alternating,1,886.9076774957017,294.5654070126553,309.5619253747827,2.356523012856888,0.002453141236248825,0.00020442843635406875,35.513701705825454,0.40201248658065675,1.344482685142399,5.198875,2.0900126661720115,28.056939,4.534395244056858,69.61231680725435,173.15958864697566,0.0007192104051168946,47.90223875075768,0.000117864550840642,575.5206002807032,300.64943115909546,14.654787448856176,321.6354710452216,27.07006403256628,277.5799656470512,0.592755757162607,331.2605796604156,341.5322136493862,307.44589740827865,34.08631624110757,8.786451108392917,340.8327557137316,341.1212843934763,341.40245774233574,12091743056.825834,12041456744.202637,331.6058835954556,303.8748769482113,3.5097303637925443,19.663411230399223,3.121565731029491,2.2951178316336165,309.23787010868665,322.0634860285923,6.712497619722111e-05,654,9.971363965632918e-07,True,4.48,conjugate_3D_benchmark_H1_type,4,k(T)_cubic_273_373K,3000,220,120
ALT_095,GateA_converged_v1,GRAIL-CHT-1.0,alternating,1,567.387269522867,306.76362210339795,283.33071271090296,3.4279689563034936,0.00308800234880566,0.00025733352906713835,36.14293580270677,0.6402701473724689,1.7947981313266388,5.198875,3.3286844624210445,28.056939,11.501826032672739,95.66288549237706,149.41019175258597,0.0006588000790963964,17.372069784707,5.380641153339123e-05,368.18157090427496,263.2567762905773,18.726282033953275,318.35779014494136,11.594168041543412,149.65577984498634,0.4995511746632827,321.3260526614466,325.1716388558737,312.1437669181735,13.027871937700183,3.2685065495372174,324.8571923318148,324.987379898291,325.11286820227565,10667241470.735767,10660651732.757494,321.3756969959146,194.3998694374572,5.06478776718974,34.21309446027037,5.466004922109996,2.230341774423883,283.0079280321066,148.133603123037,0.00010413736456484444,418,9.869460200206959e-07,True,4.48,conjugate_3D_benchmark_H1_type,4,k(T)_cubic_273_373K,3000,220,120
ALT_096,GateA_converged_v1,GRAIL-CHT-1.0,alternating,1,752.1003822141879,302.26544068469707,298.1784587921558,3.3565903296601918,0.00396559586286261,0.0003304663219052175,28.27305500541182,0.901565209410934,1.5639657442193626,5.198875,4.68712482807627,28.056939,22.805236299084388,115.22587779071159,127.80648209129326,0.0007023893607789523,13.528283394936453,5.3809132058769254e-05,488.0432027214619,284.2192415721634,18.455043252708727,316.29599836565643,14.030557680959362,232.57319984185884,0.5856658972280553,318.5372178155706,322.5104001795698,308.640945066291,13.869455113278775,3.32329613843544,322.11496637329725,322.27345999968435,322.4326325999039,10302033252.192738,10295340862.918488,318.5889707306195,257.6868110369319,2.9970113793581445,19.18758997301825,2.9288085637576677,2.336274893362746,297.047420545798,189.3348403652699,7.810991108947302e-05,319,9.692694789009693e-07,True,4.48,conjugate_3D_benchmark_H1_type,4,k(T)_cubic_273_373K,3000,220,120
ALT_097,GateA_converged_v1,GRAIL-CHT-1.0,alternating,1,744.2641944266941,293.33694594149074,309.0569154525399,0.3978800420406315,0.001506301923060609,0.00012552516025505077,36.51318576131675,0.7425947356606241,0.6093248493943755,5.198875,3.860657206357627,28.056939,15.471913197462552,44.55719601149585,60.002035931290386,0.0006899437339855857,9.090944370565968,1.3734911722989503e-05,482.9582456128427,299.91402576780075,7.2119441597544,327.0298074328721,33.692861491381336,212.14178020194865,0.5398401234851775,345.79486760500924,360.9772371660744,310.9696192504988,50.00761791557562,13.323647302959463,360.3040644104271,360.61121804378234,360.8674124371025,14423354575.633604,14297963109.806398,346.5505321133211,255.00195368358095,6.099939371060887,31.474910496302773,5.285117268460335,2.2095562281493084,310.5434657040448,311.45916929145164,8.091930486225331e-05,1141,9.996574021897686e-07,True,4.48,conjugate_3D_benchmark_H1_type,4,k(T)_cubic_273_373K,3000,220,120
ALT_098,GateA_converged_v1,GRAIL-CHT-1.0,alternating,1,932.2672438749544,309.3275172585491,287.4491626962222,2.307020924983441,0.002092715120179394,0.00017439292668161617,36.371078721665135,0.7339319175051557,0.8604514965177116,5.198875,3.815620297619617,28.056939,15.11304020429199,78.88279898062903,107.47972270885043,0.0005414362100320437,9.311891207806012,1.9545772846580942e-05,604.954740421165,269.0175725941896,14.466679514937077,337.56345077089725,28.23593351234814,246.99521767354483,0.5017809817302856,349.90018202118415,361.5953498405574,322.9226887202756,38.672661120281816,10.109022854230249,360.917431961431,361.19521659502783,361.4691095254992,15063331322.311996,14989138538.508049,350.33236197960986,319.4161029423751,9.566995611625543,53.86948833174321,8.984195942590704,2.196293495881803,289.5672071711155,318.6896323967115,6.429947298983036e-05,806,9.872844657365931e-07,True,4.48,conjugate_3D_benchmark_H1_type,4,k(T)_cubic_273_373K,3000,220,120
ALT_099,GateA_converged_v1,GRAIL-CHT-1.0,alternating,1,595.7384664876089,303.86870153059033,292.1341328818157,2.0942155651791197,0.0010992869629498545,9.160724691248787e-05,23.111367414994145,0.5910582754218352,0.952398619219654,5.198875,3.072838091633694,28.056939,9.801688411548612,38.05591730769228,64.38606629867753,0.0005895333521106521,8.531158652576341,9.40641071778738e-06,386.5788610730748,275.6211446034767,13.658019147680655,333.25070741897804,29.38200588838771,135.01089015699753,0.42921929313503626,351.5423046235263,364.80336187970676,320.0197010339049,44.783660845801876,11.81434443074735,364.27005403119597,364.5368409090942,364.7284002008325,15374526875.593435,15272508731.86321,352.1279026716732,204.1136386465835,9.384680041044357,51.171407589956395,8.546452264315114,2.2030036231871466,294.23113752732405,208.81108141731758,0.0001021951651347171,1437,9.964491027858458e-07,True,4.48,conjugate_3D_benchmark_H1_type,4,k(T)_cubic_273_373K,3000,220,120
ALT_100,GateA_converged_v1,GRAIL-CHT-1.0,alternating,1,690.3159902301778,331.6022235322919,295.8993037493724,0.6908206850886045,0.003652051875380365,0.0003043376562816971,35.27163002446471,0.45907943001485263,0.6522465490080417,5.198875,2.386696571718467,28.056939,5.913109963382606,171.66277738188222,373.92827070541676,0.00043419048311138986,47.922910121573835,0.00017554358453678875,447.95087827229395,280.9667918601548,8.325118603336698,343.31610061227974,11.713877079987867,178.8190906482091,0.4906050634205015,345.6953185670067,349.27492220828594,336.9218482154892,12.353073992796737,3.028877730667172,348.9566278623457,349.0859748728088,349.2128723774512,14288058504.334831,14281505561.31242,345.7349665585413,236.51806372777122,7.665191717676983,42.86992181631876,7.163648553978977,2.1945201539809234,297.68168422839614,160.0548708995583,8.920738825295857e-05,352,9.808550203160848e-07,True,4.48,conjugate_3D_benchmark_H1_type,4,k(T)_cubic_273_373K,3000,220,120
ALT_101,GateA_converged_v1,GRAIL-CHT-1.0,alternating,1,824.1105658094325,325.1719441653927,295.77900429741374,4.596162574095141,0.004439273543789526,0.0003699394619824605,34.36942190537758,0.3525120292009156,1.3030624487371603,5.198875,1.8326659758119102,28.056939,3.4864879699808333,190.4202887447235,540.1809668066469,0.00047579314906743804,80.89712639270269,0.0003602050882284077,534.7711149277013,280.79546643790786,23.165417781561533,337.6250777753746,12.453133609981933,231.08238227124824,0.5310646959113042,339.27308287389394,342.5462923774885,330.91609394898035,11.630198428508152,2.75522096373012,342.2293236442885,342.3510032074431,342.4813340752445,13254666290.347387,13249442979.134127,339.3065157317337,282.3591486818263,6.6121293375641645,38.40736820783628,6.257052783081577,2.232834700200728,296.25743799027146,174.78285285194082,7.652739322921752e-05,273,9.897092922983575e-07,True,4.48,conjugate_3D_benchmark_H1_type,4,k(T)_cubic_273_373K,3000,220,120
ALT_102,GateA_converged_v1,GRAIL-CHT-1.0,alternating,1,400.05312036349414,304.69414116100955,292.37514189177887,3.738868662592456,0.0031753839608944004,0.00026461533007453335,25.62454189962877,0.5465703673121804,1.785178412845015,5.198875,2.8415510183601125,28.056939,8.381706569262615,91.41876331402844,167.25890897377076,0.0007088925331002408,26.150012055112423,8.328618741925698e-05,259.59727017571385,275.9622937726567,19.907700917851333,312.9441171844451,8.249976023435522,109.5027976479866,0.5184103101699512,314.9119809776906,317.6346163486713,308.35974041396264,9.274875934708632,2.2926979528056965,317.38484507402103,317.4906488876753,317.58726715213913,9837718665.272402,9834600790.28895,314.93693723927066,137.0673586527769,3.152687327320077,21.169926605340766,3.2421468930858173,2.31645652545183,291.20199803535786,105.57330296447313,-0.00014578303566823895,365,9.89204352208617e-07,True,4.48,conjugate_3D_benchmark_H1_type,4,k(T)_cubic_273_373K,3000,220,120
ALT_103,GateA_converged_v1,GRAIL-CHT-1.0,alternating,1,521.6209208565308,305.51523868580455,298.4611634569098,4.342836584555979,0.0026540595860295763,0.00022117163216913135,23.320563790631237,0.9472111647374385,1.3647276077367683,5.198875,4.92443244407435,28.056939,25.172937919607087,81.68799061559206,86.24052762114086,0.0006630891973506654,7.942856584883428,2.1144247401773323e-05,338.48346689024874,284.62354214346504,22.20277902131272,318.93016876572847,13.41493007992392,148.82481937757132,0.5403640401390702,323.19903158631473,328.1725807296557,311.43030632994424,16.742274399711448,4.200724069353253,327.73170948990384,327.9221807251392,328.0931700781187,10922391955.89189,10911393126.402761,323.28044804825436,178.71927051805133,3.64352549190235,22.69193851341732,3.5587866599914544,2.288729100623331,297.7844193813836,163.86922812649757,0.00011217322469565844,529,9.936665605891903e-07,True,4.48,conjugate_3D_benchmark_H1_type,4,k(T)_cubic_273_373K,3000,220,120
ALT_104,GateA_converged_v1,GRAIL-CHT-1.0,alternating,1,983.1650887015024,321.5094214115607,311.5456317270946,2.7570508807523315,0.0031174745236878867,0.00025978954364065725,32.56174526949035,0.40127568810032915,0.6167587187095118,5.198875,2.086182142972599,28.056939,4.517789421876189,136.46027941753698,340.06615268308605,0.0004662471111086471,65.40652609623659,0.00020451672897486912,637.9827082140258,303.5439470961433,16.176793346858858,343.90790254189443,22.39848113033372,291.8755821452384,0.5622602648390965,349.79350753697327,357.34718337238456,331.60024193215594,25.746941440228625,6.406716967927507,356.7135580416304,356.97756502386835,357.2288645185293,15000768259.409351,14970867870.032114,349.9680321185142,336.8548699370057,6.461724513720893,33.015018082511055,5.5023346997072275,2.227262122571597,312.8172095001316,292.7547429979071,6.248858095205251e-05,491,9.904438229568768e-07,True,4.48,conjugate_3D_benchmark_H1_type,4,k(T)_cubic_273_373K,3000,220,120
ALT_105,GateA_converged_v1,GRAIL-CHT-1.0,alternating,1,615.1602152306772,329.1717686974042,293.1093657930649,2.7050780872034452,0.002608437334417308,0.000217369777868109,33.165667471141056,0.4877578115594764,0.6852225067929573,5.198875,2.535791892571273,28.056939,6.67496134219149,119.8845460711317,245.78703452812496,0.0004440549355191986,29.0031777683609,7.588061354837977e-05,399.18176978469296,277.00245708684656,15.97929673137309,342.69999625402056,13.528227556616343,147.5018913975752,0.4541250163482721,347.30193372447974,352.36555673501584,335.31647167819176,17.049085056824083,4.33389399809183,351.99285100917484,352.1476697046511,352.2971535721303,14562376882.988997,14548854667.500593,347.3826042608342,210.76797444631788,8.378127456683536,47.09161314312805,7.796136143023387,2.2110435353035838,294.56007187651204,167.29966658758363,9.788294841311475e-05,563,9.83729535164457e-07,True,4.48,conjugate_3D_benchmark_H1_type,4,k(T)_cubic_273_373K,3000,220,120
ALT_106,GateA_converged_v1,GRAIL-CHT-1.0,alternating,1,624.1820808313238,304.0054009187005,285.57626017315744,1.0005554785615667,0.0022542180438299454,0.00018785150365249544,30.440041364253183,0.8856975812869429,1.1681824591254002,5.198875,4.604631012913155,28.056939,22.009552133571965,70.02696366640235,79.0641920514802,0.0006569769352055745,7.661787023600374,1.7323308482028177e-05,405.0361215260118,266.3926453798722,9.502110818533954,321.40549887337585,17.400097954675346,163.95470975464156,0.4974834958617287,328.1623799446117,335.0823113980711,312.02956631285275,23.052745085218362,5.923509293203117,334.58704923963177,334.7932050629253,334.9926392804321,11619757540.551123,11597254044.738037,328.32145711052385,213.85907216573423,5.899730437395463,37.87799550733525,6.126433941302435,2.219404782756265,285.73962411218935,199.21490759927804,9.470024231099174e-05,679,9.994047900363512e-07,True,4.48,conjugate_3D_benchmark_H1_type,4,k(T)_cubic_273_373K,3000,220,120
ALT_107,GateA_converged_v1,GRAIL-CHT-1.0,alternating,1,479.83770536428483,301.4274661775026,290.98388217733736,4.5537636302594215,0.004361603921306915,0.0003634669934422429,23.43958517997594,0.7366945559267061,1.1450334408875098,5.198875,3.829982909443454,28.056939,15.22703019416404,116.82179457325323,158.5756181220862,0.0007619769749512858,25.014993193499972,0.00010943379378559203,311.3700458748219,273.99489948514815,23.0043017949858,309.1478307449192,7.7203645674165955,140.7538605114621,0.5555613456206531,310.1151235662597,312.1439620951415,304.89991161718547,7.244050477956023,1.6932218466240576,311.9308063304922,312.01586200179815,312.1015407434476,9250586352.234701,9248936228.47283,310.1289547271698,164.40338422190598,2.633395526309736,18.264113921330406,2.7522180281592057,2.3412367076738096,289.6596048672805,104.78250457539406,-0.0001239423120416762,268,9.872332498161995e-07,True,4.48,conjugate_3D_benchmark_H1_type,4,k(T)_cubic_273_373K,3000,220,120
ALT_108,GateA_converged_v1,GRAIL-CHT-1.0,alternating,1,674.6621779799772,309.00295320588293,301.36535952259914,1.4731536446593185,0.0034195854821093643,0.00028496545684244704,27.47710876051156,0.7683078744158002,1.9125768919058006,5.198875,3.994336600603443,28.056939,16.5619266372084,113.07398979311745,147.17275920033458,0.000617206150569274,12.874438462628834,4.415771600513136e-05,437.793009926453,288.78795405650146,11.29798384970541,323.06245255145205,14.059499345569122,200.9646181639473,0.5641561355466765,326.12488976594244,330.5993186903345,315.28283705252824,15.316481637806248,3.7568330909936605,330.17632301349215,330.35254648288316,330.5171590216136,11320867535.028234,11311905835.684233,326.1894625570667,231.1547092411672,3.768779811349133,22.859201849586594,3.5619029690326323,2.309341180377907,300.5229452701923,185.95538043074376,8.931128949020485e-05,393,9.96945573206176e-07,True,4.48,conjugate_3D_benchmark_H1_type,4,k(T)_cubic_273_373K,3000,220,120
ALT_109,GateA_converged_v1,GRAIL-CHT-1.0,alternating,1,669.1468958966466,306.2676291218688,289.85543697389545,2.3914126621628244,0.004051113687223751,0.0003375928072686459,35.84100874601778,0.4768526762579901,0.9806899898918333,5.198875,2.4790974572807585,28.056939,6.379824568293146,124.11795042579675,260.2857373052587,0.0006661305208798854,58.81670800719446,0.00023899014126919585,434.2141047756052,272.4026036858944,14.787368116218733,317.70267184416724,11.43504272229842,193.63707080069835,0.5480663196158929,319.4639715635277,322.60550645027496,311.6213681071787,10.984138343096276,2.649767999924369,322.3152491513166,322.4288256479155,322.54709417035946,10419961572.318747,10415678017.11005,319.4968122140139,229.26504732151957,4.109794175481472,27.25849746196659,4.259480136618132,2.2789789901577557,288.9348855678399,154.83260654892806,8.930569985329074e-05,285,9.743675377649197e-07,True,4.48,conjugate_3D_benchmark_H1_type,4,k(T)_cubic_273_373K,3000,220,120
ALT_110,GateA_converged_v1,GRAIL-CHT-1.0,alternating,1,790.4050892565067,317.25988754299954,285.7372374692516,1.0850208740335952,0.002713781989708252,0.00022614849914235434,21.382292134067207,0.5739429259586738,0.5556756764564335,5.198875,2.9838575291934,28.056939,9.242249806673392,107.4105444995361,187.14499237032163,0.0005156411101951544,25.013288904052345,6.808486753378788e-05,512.899395254172,266.6179225635888,9.823079321327661,335.4809159435879,18.221028400588352,206.69221659726318,0.49526823239769263,341.34132972864853,348.12709330895404,325.2324114755257,22.894681833428365,5.748983784654183,347.5411025457941,347.79226854531487,348.0209587025533,13598430462.541233,13575489681.058817,341.4854438572803,270.8108806942028,8.057564589148654,48.06169870620247,7.999197858867238,2.1839555127246766,287.51298739438124,228.82073600712403,7.49389096680395e-05,565,9.782162919691473e-07,True,4.48,conjugate_3D_benchmark_H1_type,4,k(T)_cubic_273_373K,3000,220,120
ALT_111,GateA_converged_v1,GRAIL-CHT-1.0,alternating,1,985.5464013389994,302.891402363758,300.36480374510984,0.9819696977569864,0.0019967121552103926,0.00016639267960086605,20.785491715277725,0.9436105759726071,1.873057785166725,5.198875,4.905713433159588,28.056939,24.98192427237786,70.36365560607793,74.5685321866513,0.0005791440042187148,5.1639891791256165,1.0342026041459433e-05,639.527958653686,287.3509516876711,9.431484851476547,336.2262033943176,33.33480103055962,278.2208100706161,0.534661129796181,351.54796157918594,365.9664773620066,318.1750894704219,47.79138789158469,12.352627281298036,364.9069607063943,365.35896126972864,365.78500282047247,15385018894.556526,15273491805.46766,352.1879628538114,337.67076216914626,8.34263199983793,43.74391385877289,7.363202777349801,2.1998370364763673,302.55546997740964,369.9902161574333,6.02547191887479e-05,869,9.86182271844882e-07,True,4.48,conjugate_3D_benchmark_H1_type,4,k(T)_cubic_273_373K,3000,220,120
ALT_112,GateA_converged_v1,GRAIL-CHT-1.0,alternating,1,656.3288353018759,296.3540637673613,301.08724762328643,4.034770102692552,0.004396840465230032,0.0003664033721025027,27.244101573754833,0.921701674820073,1.0090896923678332,5.198875,4.791811794680208,28.056939,23.83532298138883,110.17792296902265,119.53750978105867,0.0008144522437324051,17.3622608695689,7.656879755185608e-05,425.89637552923426,288.38828884219174,21.0321263902317,307.9642418930181,11.610178125656773,213.38106214412002,0.6157443918024728,309.38907580242875,312.3971311149449,301.71987289850915,10.677258216435746,2.5118447138958797,312.0880388136422,312.2086505158511,312.3348732306309,9166234841.617928,9162624749.803383,309.4195462738357,224.8732862794357,1.3509017388455928,8.946824829101647,1.1942999785965633,2.621781075708083,299.3687735103782,157.45018023590373,8.78667160220479e-05,250,9.564927836436254e-07,True,4.48,conjugate_3D_benchmark_H1_type,4,k(T)_cubic_273_373K,3000,220,120
ALT_113,GateA_converged_v1,GRAIL-CHT-1.0,alternating,1,546.385655027363,288.26974480816324,303.99312280180527,1.679393284605857,0.004487108910831986,0.0003739257425693322,34.001141648218905,0.4206930978683639,1.987974838153841,5.198875,2.1871308291803904,28.056939,4.965592329598487,91.76163539499052,218.12013522433165,0.0009979871809186755,84.6240786665353,0.0003808600375682623,354.553476246841,292.57331723686406,12.081694481502257,298.339864319763,10.070119511599785,188.8763221134254,0.6547029625349298,299.4446784719437,301.90315588772233,293.11099959424536,8.792156293476978,2.066908371026015,301.6643888135428,301.75374309032253,301.85394952157304,8042482702.250736,8040191595.843365,299.46600838411143,187.20423545833205,-0.12571463205805458,-0.8918316868121824,-0.6543386406682493,0.6962448161387143,300.4435158546115,133.17613084943198,-0.00010774091428653928,216,9.869656310002028e-07,True,4.48,conjugate_3D_benchmark_H1_type,4,k(T)_cubic_273_373K,3000,220,120
ALT_114,GateA_converged_v1,GRAIL-CHT-1.0,alternating,1,798.2994103141381,324.58648454345416,293.20174600575314,0.7709888923291892,0.0010352477143172156,8.627064285976797e-05,26.645068039467766,0.6238173869895149,1.9617901170751346,5.198875,3.2431486177851148,28.056939,10.918305410197558,53.17817372021723,85.24637951636805,0.0003973107893987618,3.558439937589201,3.694951666925091e-06,518.0220754487164,277.13342302515963,8.629757790850919,362.8475947659629,38.26111022250876,165.56865846328142,0.39280625867168095,387.1543499770707,404.28122877295505,346.03845085356835,58.2427779193867,15.345753708755344,403.63586654671167,403.98231313465885,404.19488347532626,22674743213.809002,22466559646.173054,388.0481295107469,273.51565583692224,17.262962280949953,77.167813061784,13.5160100270382,2.176044751732745,300.7276199509763,257.99531229860406,7.75106887379367e-05,1541,9.927932183018129e-07,True,4.48,conjugate_3D_benchmark_H1_type,4,k(T)_cubic_273_373K,3000,220,120
ALT_115,GateA_converged_v1,GRAIL-CHT-1.0,alternating,1,820.3977875911369,304.99374429454565,296.65541476362637,2.1105470053374282,0.003534725916168764,0.0002945604930140637,35.896441513363094,0.5267399468171658,1.8304706900035486,5.198875,2.7384551410090934,28.056939,7.7845372126690116,111.15198961142697,211.01872049588147,0.0006490198806330177,28.349703843345033,0.00010050996277911825,532.3618671524018,282.0444105234577,13.720078620282226,321.695875558318,16.702131263772344,246.77656705523017,0.5696990763704446,325.1024809456486,330.18047324244753,312.761595620484,17.41887762196353,4.291686106399868,329.7357268792845,329.91587184665843,330.09332461378733,11182333065.295023,11170719197.109312,325.1869478929087,281.0870658564682,4.182569608728701,26.035335645010175,4.092391434657967,2.284313077825996,295.9433168375706,221.1001580625892,7.19039990581393e-05,389,9.683216717348841e-07,True,4.48,conjugate_3D_benchmark_H1_type,4,k(T)_cubic_273_373K,3000,220,120
ALT_116,GateA_converged_v1,GRAIL-CHT-1.0,alternating,1,926.9084279233429,330.96256115011613,295.53544628804866,0.4074848306730378,0.0037186929138691414,0.0003098910761557618,25.53679671928863,0.8183152282757173,0.7098117770599105,5.198875,4.25431858240192,28.056939,18.78804338048491,179.11700368434467,218.8850915823288,0.0004237141793227125,10.451658717672235,3.8983459590357446e-05,601.4773672384525,280.4487080318603,7.248442356557543,347.32223234028174,16.359671190165614,254.2969601114497,0.5196015226586551,350.5617253165308,355.6228676911645,338.10101974597154,17.521847945192974,4.237494338718128,355.1230939288079,355.3284129128831,355.52583961590506,15115987532.645004,15102818058.494904,350.63812173282855,317.58004990190295,8.589442455068681,46.77736060468233,7.916073718687117,2.178129047437599,298.1718213409278,226.11351456895375,6.707348751998158e-05,380,9.927271662490966e-07,True,4.48,conjugate_3D_benchmark_H1_type,4,k(T)_cubic_273_373K,3000,220,120
ALT_117,GateA_converged_v1,GRAIL-CHT-1.0,alternating,1,998.9176257812499,296.8310898993229,307.16895772303246,3.6250340604616267,0.0041400787180890745,0.0003450065598407562,31.1220898225412,0.9483121375034237,1.2095141920516117,5.198875,4.930156263863113,28.056939,25.231490493644007,113.24123896327553,119.41346576181166,0.0007461454302232264,14.000975918359906,5.813956111542576e-05,648.2046397928334,297.1700681447704,19.47512942975418,315.7671142206436,18.9360243213207,327.69791882529285,0.6213124903965686,318.4090074616754,323.49917805975997,305.5527258557031,17.946452204056868,4.254794252434388,322.99137925839045,323.1902600091524,323.3988338569332,10289721795.041128,10278775482.052082,318.49374551279277,342.25204981061603,1.8186966934417743,11.118241225063452,1.6169921699912142,2.45235943421951,305.95675315256074,253.35113638278943,5.8698502128154424e-05,318,9.606035860088014e-07,True,4.48,conjugate_3D_benchmark_H1_type,4,k(T)_cubic_273_373K,3000,220,120
ALT_118,GateA_converged_v1,GRAIL-CHT-1.0,alternating,1,462.62582989594335,303.5960643373923,311.8556773182949,1.949591204220835,0.0036238781016049676,0.00030198984180041395,30.278033631351096,0.37594717048015713,1.38917464055387,5.198875,1.954502345930027,28.056939,3.9654632459387886,103.91812626191204,276.4168330597847,0.0007117078733593295,80.54144229172704,0.00029275062085523554,300.2011394002869,303.9971834629651,13.108446576039173,313.64670280359235,10.050638466200041,152.24516653530944,0.6232750093157184,315.53977115863626,318.5274267275041,308.16370726073393,10.363719466770192,2.517457127587838,318.2491218964534,318.3619382906884,318.4737497416845,9917031100.530706,9913258359.64037,315.5697885327377,158.50620160335149,0.8082939614362957,4.922547039346004,0.5299932857827448,3.218707632350142,310.0265963370344,131.85856377182822,0.00012667105449109877,286,9.760970556271786e-07,True,4.48,conjugate_3D_benchmark_H1_type,4,k(T)_cubic_273_373K,3000,220,120
ALT_119,GateA_converged_v1,GRAIL-CHT-1.0,alternating,1,697.6727486673167,299.3149137185423,311.0549585238321,3.375888758008813,0.0011374971698802415,9.479143082335345e-05,31.026841181107756,0.8745166423487433,1.1390358739029218,5.198875,4.546502708990823,28.056939,21.457367788708385,39.19791593996312,44.82237849091913,0.0005922524208959872,3.5839622782933462,4.089013990487687e-06,452.72473031946237,302.82712326930675,18.52837728043349,337.2909636424386,37.97604992389631,180.5661741227506,0.49017449948739533,360.6043965738319,377.68560608012365,320.15532737857177,57.53027870155188,15.200882109598977,377.00600071431427,377.354790307019,377.5880705151655,17086347518.456306,16909239277.817892,361.54495752931166,239.03865760867615,8.90727021883322,42.436828364756956,7.128176050579267,2.235006980779786,313.07582005050796,277.2728722108807,8.737153989738829e-05,1430,9.907579396895017e-07,True,4.48,conjugate_3D_benchmark_H1_type,4,k(T)_cubic_273_373K,3000,220,120
ALT_120,GateA_converged_v1,GRAIL-CHT-1.0,alternating,1,538.1740661057468,327.77228840410015,291.92996825938684,1.5418814112848336,0.0013769774666337867,0.00011474812221948222,20.658488056125016,0.8876670025988689,0.872528641505915,5.198875,4.614869788136195,28.056939,22.107541049292593,64.46221062221989,72.61981174639872,0.00043595447059339396,3.1977273714059566,4.416447878499591e-06,349.2249187144818,275.3322588776184,11.559149362882367,346.59269438724306,18.820405983142905,108.32584929805365,0.3812197693807362,357.7452747298237,366.4646505638343,337.1837160838113,29.280934480023006,7.676279922900753,366.0284121189781,366.21704316090546,366.39211615036663,16424145382.178228,16379310822.992447,357.98983498797196,184.39075708124642,10.545397337527719,56.05112155084929,9.46818187666822,2.1888878601768176,294.96890518237416,164.37053934433467,0.00011227143420998924,1164,9.92527702692314e-07,True,4.48,conjugate_3D_benchmark_H1_type,4,k(T)_cubic_273_373K,3000,220,120
ALT_121,GateA_converged_v1,GRAIL-CHT-1.0,alternating,1,553.3646629963365,298.36121755614164,312.8319080192398,1.4379459409532733,0.003493041672257852,0.00029108680602148764,35.56553147598944,0.5299127333574625,1.0693598196642116,5.198875,2.754950061633778,28.056939,7.878599037808295,92.49223669978913,174.54239326118773,0.0007707578949869224,43.41008695962653,0.0001520895112801531,359.0822033709637,305.4257457922826,11.164194575622439,311.12046949221127,12.759251936069631,186.29674264762662,0.6376170425346895,313.6949992906528,317.54790504920805,304.32612051156667,13.221784537641383,3.2583705469817907,317.2129584620276,317.34836046454103,317.48271926233525,9689696510.816273,9683455968.462635,313.745527583783,189.59540337986886,0.44964480063381984,2.7246505180684952,0.1241642039238055,7.2384737454320724,310.64343380761875,166.06156186975807,0.00010612578814333047,361,9.837714856075763e-07,True,4.48,conjugate_3D_benchmark_H1_type,4,k(T)_cubic_273_373K,3000,220,120
ALT_122,GateA_converged_v1,GRAIL-CHT-1.0,alternating,1,764.4003052189355,318.0538907868739,308.58086155248674,2.904577632808949,0.0017001527562989557,0.0001416793963582463,29.90937504750812,0.4127477028105749,0.7252653026004119,5.198875,2.145823713449327,28.056939,4.779798818882747,73.78597425809862,178.7677405728936,0.0004702552198363279,30.200827711582555,5.1500522042484414e-05,496.0247088587037,299.2213366239117,16.737395004674006,346.2524051171602,28.198514330286287,200.39664818387826,0.4965187792542217,360.915066057345,373.3733195828272,331.813020642725,41.5602989401022,10.892898169912911,372.72689181990194,373.00221069384986,373.260254508619,17059167228.481998,16967585512.117214,361.4010888015183,261.90104627739555,9.207841624670483,44.767556258391,7.528792209534459,2.225802485237545,310.77611115947633,283.30203158644133,7.941966032969466e-05,999,9.937254503711301e-07,True,4.48,conjugate_3D_benchmark_H1_type,4,k(T)_cubic_273_373K,3000,220,120
ALT_123,GateA_converged_v1,GRAIL-CHT-1.0,alternating,1,568.0148604829012,297.6532278659657,307.51520350418144,2.884283980765398,0.002769768690989766,0.0002308140575824805,20.07801571094827,0.9673640005896861,1.7121773720182283,5.198875,5.029204518565705,28.056939,26.255490193702318,74.45408848842317,76.96594915981721,0.0007592319009336817,9.086830612031152,2.5244151383682307e-05,368.58881907137794,297.672672022482,16.660279126908513,313.26804330099776,15.614815435032085,180.78260447349885,0.6027858075055247,317.9898037074141,323.67377265723917,304.53694988625386,19.136822770985304,4.781217979221458,323.15058134079914,323.3788122822604,323.58315656721396,10238533111.92735,10224751892.736488,318.09689857890044,194.61489646968755,1.7342857031397796,10.590932290755216,1.5068746941737856,2.5010522799685746,306.1281270640074,194.24268720044208,0.00010241154379111204,516,9.976233172892535e-07,True,4.48,conjugate_3D_benchmark_H1_type,4,k(T)_cubic_273_373K,3000,220,120
ALT_124,GateA_converged_v1,GRAIL-CHT-1.0,alternating,1,990.0515585313489,289.88197728307114,301.8344692729305,0.142426650521995,0.0033821752032368955,0.0002818479336030746,21.334440660972355,0.6538059183198034,1.0565045477830783,5.198875,3.3990552436048684,28.056939,11.99328027624044,82.89802663716027,126.79301963218299,0.0008326671008506679,28.174391102842844,9.557745933233027e-05,642.4513866919019,289.46251375780264,6.241221271983581,312.4104054530406,22.52842816996946,318.4954808998844,0.6092724493689717,317.254816588074,324.4095271917265,299.934620294011,24.474906897715528,5.971530932938778,323.7046275174739,324.00000476581823,324.2746997969472,10151907938.86977,10130547034.292051,317.42192251754403,339.21433217332424,2.5251972188562575,15.975084993684451,2.21836926409745,2.544705889043329,299.36297408130696,293.1380190445768,5.889987029667184e-05,425,9.852394100562378e-07,True,4.48,conjugate_3D_benchmark_H1_type,4,k(T)_cubic_273_373K,3000,220,120
ALT_125,GateA_converged_v1,GRAIL-CHT-1.0,alternating,1,732.0187656714647,318.77005711253054,288.9153375708755,0.4479301097759308,0.0013987863318884555,0.0001165655276573713,27.92217607385199,0.3774292475444692,0.6311385765822997,5.198875,1.962207479327752,28.056939,3.9967905553359175,61.44803141797366,162.80675601520196,0.0004645825601448027,34.114028089124716,4.786182168177181e-05,475.0121011755731,271.07843789295214,7.402134417148537,347.1133868302483,28.34332971771778,165.7213760350893,0.4287680278288997,363.70501007015264,376.6549580924733,333.33178100645193,43.32317708602136,11.439895798498958,376.0743202852277,376.3345352801225,376.56088219107454,17600859401.67186,17498351417.45084,364.23650361625954,250.8063894207026,12.06650016326027,62.25907226554315,10.759233067427639,2.15465388869608,293.9758339166047,249.41604274942046,8.288839161486316e-05,1209,9.893206538436061e-07,True,4.48,conjugate_3D_benchmark_H1_type,4,k(T)_cubic_273_373K,3000,220,120
ALT_126,GateA_converged_v1,GRAIL-CHT-1.0,alternating,1,638.0006636752368,288.5212444622331,286.1964462863453,1.2805536217400584,0.00296284409540995,0.00024690367461749585,25.890943076644575,0.6798850082572961,1.8988811157333934,5.198875,3.5346371723036505,28.056939,12.969141174417393,64.97010429487938,95.56043081669488,0.0009307107553474824,20.712816418188762,6.155350634296975e-05,414.00309666350677,267.2609039235616,10.566103762612222,303.9477303127939,15.426485850560823,191.05221911378376,0.5671488208095736,307.9601560836976,313.1880025839778,295.5389244822177,17.649078101760097,4.401129760721109,312.72025502372475,312.91812216717335,313.1001711151095,9005478670.373781,8994522743.486944,308.0538922660061,218.59363503833157,2.9819565139832003,21.428340179110567,3.1309246089269176,2.396731672589967,283.96075402620346,191.20916499064106,8.903394057408972e-05,460,9.845342674452695e-07,True,4.48,conjugate_3D_benchmark_H1_type,4,k(T)_cubic_273_373K,3000,220,120
ALT_127,GateA_converged_v1,GRAIL-CHT-1.0,alternating,1,582.0602776758244,322.7069301518482,296.1891486028719,3.9640469251467163,0.0031652145240998455,0.00026376787700832044,21.165481979174768,0.44337284925084747,1.483245879548506,5.198875,2.3050400216490003,28.056939,5.515418575887135,129.521909581437,292.12864477445083,0.0004987459800186625,31.95420979433775,0.00010144626775042265,377.7029886057861,281.37971975636634,20.76337831555752,334.13446516241135,11.427535010563133,151.19310712259255,0.4919603564341808,337.058532811693,340.9753723374865,327.6236291001589,13.351743237327582,3.2949729897718254,340.604601810493,340.764271873119,340.9050400415761,12914250201.936085,12906880943.233347,337.1066338962308,199.42717798385507,6.1722102181367315,36.18219317286508,5.879464574860961,2.2352283672160684,296.5350487704969,150.51651232921776,0.00010173909183827979,417,9.731784302857704e-07,True,4.48,conjugate_3D_benchmark_H1_type,4,k(T)_cubic_273_373K,3000,220,120
ALT_128,GateA_converged_v1,GRAIL-CHT-1.0,alternating,1,702.2304908098218,293.7252403344399,312.0126028896009,3.185308584074141,0.004301124639441072,0.000358427053286756,35.179191223854886,0.581758393642783,0.6693963518673411,5.198875,3.0244891687496236,28.056939,9.49566979628344,103.8380634155236,178.49001329456243,0.0008453663273404804,57.990936327905494,0.0002501767754305042,455.68228109992896,304.22666909973435,17.804172619481736,307.1952644723561,13.470024137916198,242.1735363422517,0.6531502215451633,308.9166767617619,312.3766091208093,300.1517113396078,12.224897781201491,2.9116872711169317,312.04812723881,312.1746547377006,312.30901030455567,9111625620.204615,9106791986.063976,308.957659719471,240.6002444207625,-0.14910101252060415,-0.9790150056304021,-0.445379551157688,0.9624646794640712,310.0131580824826,180.50534153988218,8.464156799579878e-05,275,9.815652219913318e-07,True,4.48,conjugate_3D_benchmark_H1_type,4,k(T)_cubic_273_373K,3000,220,120
ALT_129,GateA_converged_v1,GRAIL-CHT-1.0,alternating,1,718.4347887804221,299.4999013954464,283.45323379517157,0.6292834257148079,0.0032954829772077897,0.0002746235814339825,20.542807910461825,0.9161083411780967,1.243759860998746,5.198875,4.762732752242278,28.056939,23.546912109294528,91.33699756873864,99.70108715665783,0.0007363627963999475,11.702548481766629,3.8681594093892467e-05,466.1973634831372,263.4275554769061,8.09127701771627,314.38258811264996,14.882686717203569,205.01077825834233,0.5404498712886233,317.8058919324552,322.6823935703852,306.0161442240286,16.666249346356608,4.073903793973787,322.19984621517335,322.40569584575826,322.5908379069995,10211120003.063898,10201118159.63281,317.8837627276987,246.15220791909647,4.586767810090762,31.612492198127125,4.941969165438872,2.2682196540977833,282.4004007016482,194.4310849647243,8.144842537908669e-05,413,9.908945344250242e-07,True,4.48,conjugate_3D_benchmark_H1_type,4,k(T)_cubic_273_373K,3000,220,120
ALT_130,GateA_converged_v1,GRAIL-CHT-1.0,alternating,1,749.3655015026209,319.3738146169125,291.29249176186823,3.1145349992586473,0.0026690497593455965,0.00022242081327879972,21.825834812929543,0.9940738727346405,1.9738209509226392,5.198875,5.168065805113304,28.056939,27.72538634882122,108.79426541547363,109.44283759936954,0.0005006914362603299,5.540341599715703,1.4831943243143022e-05,486.2685194835611,274.4309023351981,17.53523299718286,336.98373302786484,17.609918410952332,196.46730871682425,0.4965496474736561,342.8470459982935,349.5353252687326,327.03354876577924,22.501776502953362,5.649137497250304,348.93432726962584,349.1985727451268,349.43002669601674,13838964789.590405,13816614727.73363,342.98561121468157,256.7497782873203,7.782042657094354,45.08358964550902,7.4166318180147055,2.2145733888015817,292.3541387057157,221.23022415712109,8.001949576165374e-05,574,9.928570534611936e-07,True,4.48,conjugate_3D_benchmark_H1_type,4,k(T)_cubic_273_373K,3000,220,120
ALT_131,GateA_converged_v1,GRAIL-CHT-1.0,alternating,1,631.5229087409299,307.0110890498341,293.64447458298355,1.799473540644538,0.002738064028969248,0.000228172002414104,27.93861119125312,0.8673510827704496,1.1530177814433924,5.198875,4.509249860438222,28.056939,21.107176312098684,88.35290326860107,101.86521354926846,0.0006324734099425472,9.34792800859962,2.567224215219735e-05,409.7996361423506,277.76135853093507,12.537999454449244,322.4200966670912,15.409007617257089,176.35775082190557,0.5288975064642921,327.1930010758703,332.8041443327812,313.9515915547807,18.85255277800053,4.754448752184735,332.3292979335958,332.53288696977603,332.7171214962073,11475259935.297522,11460828683.611786,327.29595123578827,216.37420788316112,4.862332219349975,30.327634178262038,4.826286886190445,2.259078187838309,293.2265305040502,191.48364649741063,9.417825492948158e-05,530,9.989947784561082e-07,True,4.48,conjugate_3D_benchmark_H1_type,4,k(T)_cubic_273_373K,3000,220,120
ALT_132,GateA_converged_v1,GRAIL-CHT-1.0,alternating,1,919.1880732499704,316.1658331301952,285.10774508255736,2.4175786571285736,0.0014591616150100805,0.00012159680125084004,29.825649629434913,0.7232762346155106,1.0814551855327434,5.198875,3.760222734236713,28.056939,14.677384737988243,64.92085560057312,89.75942038947909,0.000458710476111741,5.3245688065435415,7.792784773308296e-06,596.4675750484186,265.7373505207289,14.886798897088578,351.38457361870337,35.21874048850816,214.80950716429976,0.4426038583950772,371.43620660810154,387.45834632605863,333.9442450890823,53.51410123697633,14.094229445106068,386.6919818708358,387.03059872081224,387.33298504626976,19196165435.81465,19034301375.049194,372.22335649838925,314.93487962556503,14.502576769061317,73.20338543182443,12.419201834514869,2.1966265109581937,289.44957282016514,318.88551955064906,6.618062277339798e-05,1174,9.90146418189397e-07,True,4.48,conjugate_3D_benchmark_H1_type,4,k(T)_cubic_273_373K,3000,220,120
ALT_133,GateA_converged_v1,GRAIL-CHT-1.0,alternating,1,958.317871817031,314.4999628011986,287.25411875586633,4.7631336443541965,0.0041679494875427785,0.0003473291239618982,25.906323933810665,0.3713315751992302,1.580296498337195,5.198875,1.930506443013898,28.056939,3.8686910405110773,154.32049633189823,415.58678722406194,0.0005512115798097312,67.51681775377246,0.0002822534462962438,621.859175247174,268.7438128177971,23.799907848545946,330.2924018870363,15.792439085837714,275.1363294905476,0.5437564595743318,332.6264754415772,337.03790298270485,321.57617129653295,15.461731686171902,3.6818317098405053,336.59249032068936,336.7701734534738,336.9506543334027,12250246202.342424,12241291952.740261,332.6872860947881,328.3416445305079,6.445873709186986,40.23196690638231,6.527261640365385,2.2209038604528035,287.5673088762019,218.54444150291724,6.480567699541668e-05,315,9.963411002900102e-07,True,4.48,conjugate_3D_benchmark_H1_type,4,k(T)_cubic_273_373K,3000,220,120
ALT_134,GateA_converged_v1,GRAIL-CHT-1.0,alternating,1,497.41933117026616,316.5382378731803,302.34854325094864,4.392739141424456,0.0023209637358487002,0.00019341364465405835,34.53023324150283,0.8318074706893694,1.4972557147583694,5.198875,4.324463064180196,28.056939,19.412699015219125,87.27561082113803,104.9228504149012,0.0005427439047832879,7.060064513383704,1.6435460088581624e-05,322.7788859317038,290.20233228279164,22.392408737412932,330.0683983096048,13.530160436424467,131.26458896099214,0.4997939574997883,335.26763675586125,340.58096287747804,322.84924301350657,17.731719863971477,4.568681282940015,340.22678784285876,340.3728532032298,340.51525940923153,12648744241.225601,12634746499.174145,335.3604570082594,170.42725177193964,5.102185493469372,29.324535298136688,4.735736734122236,2.253151650671968,302.4246210632491,158.3024651533557,0.0001204532825936144,634,9.983653512790625e-07,True,4.48,conjugate_3D_benchmark_H1_type,4,k(T)_cubic_273_373K,3000,220,120
ALT_135,GateA_converged_v1,GRAIL-CHT-1.0,alternating,1,512.7672286370617,289.05795109154644,310.75060399723264,2.630155125721741,0.0032626303643355213,0.00027188586369462675,32.39109545207486,0.541485984682083,0.7104133859549984,5.198875,2.815117948614064,28.056939,8.226492922449738,70.5651574028053,130.31760636285992,0.0009436198240011654,57.59251289295211,0.0001884684867832804,332.7382440331898,302.382776116911,15.694589477742614,302.23689033727436,13.178939245727918,179.731670734892,0.6638507153589819,305.0951024236517,309.17857873965875,295.1710720326049,14.007506707053835,3.45022444193618,308.8250090880348,308.9692008001817,309.1109589209201,8671065254.178192,8664448895.832392,305.15333003746787,175.68579284952423,-0.42433873005848743,-2.808136740270064,-0.8135997592976387,1.3549014902518035,308.24017115500686,165.2365604974537,0.00011232795505573205,386,9.897967174765654e-07,True,4.48,conjugate_3D_benchmark_H1_type,4,k(T)_cubic_273_373K,3000,220,120
ALT_136,GateA_converged_v1,GRAIL-CHT-1.0,alternating,1,724.0185454566672,295.816667802404,286.20166899726655,1.6060203007114353,0.0013265930080306034,0.00011054941733588361,21.100425425378255,0.8702470184499866,1.3129929180411435,5.198875,4.524305468044175,28.056939,21.2483580530362,40.54942744853401,46.59530752631289,0.000667686314451823,4.66870636728672,6.212109552046661e-06,469.82070227664946,267.26821969998633,11.802877142703455,327.911933747216,32.095265944811956,177.97334554386978,0.4655553815739888,346.8627270950899,361.64489637308037,312.2917670148886,49.35312935819178,12.99870386071612,360.9233021911208,361.23865739316983,361.52905260050414,14595476496.766903,14475398787.453299,347.5798324072932,248.06533080207092,9.145806408601029,52.21928218270186,8.726692341079014,2.1883886671717945,288.37795702978565,269.5242514822213,8.23677450537945e-05,1260,9.89956561170402e-07,True,4.48,conjugate_3D_benchmark_H1_type,4,k(T)_cubic_273_373K,3000,220,120
ALT_137,GateA_converged_v1,GRAIL-CHT-1.0,alternating,1,771.9648122737694,308.10699978601343,302.7461673178407,1.1012360377775834,0.0036785720384008656,0.0003065476698667388,29.551733683682187,0.36432712210315144,1.7557206517172095,5.198875,1.8940911669240215,28.056939,3.7241168087679415,121.04541081239009,332.24375422184096,0.0006202266650956347,65.0936355415428,0.00024017214401301514,500.93337043813483,290.7749960057934,9.884696943554816,323.428942186758,15.321942400744547,235.5967919575562,0.5780134512347657,326.32179262093524,330.92361528047337,315.03150766771216,15.892107612761208,3.858718046799049,330.48439496547957,330.663287735366,330.8394615408561,11348713711.484888,11339249526.741745,326.38986157836433,264.4928195913352,3.632369437272834,21.871864400518007,3.3915865502525206,2.321352004894299,301.8256504509162,204.85845076258218,7.835590242223303e-05,364,9.897761401589378e-07,True,4.48,conjugate_3D_benchmark_H1_type,4,k(T)_cubic_273_373K,3000,220,120
ALT_138,GateA_converged_v1,GRAIL-CHT-1.0,alternating,1,964.3669342866937,310.29552170572555,300.084705948921,4.789034712805184,0.0011537595141245286,9.614662617704405e-05,23.555094704368358,0.8514957227729875,1.4263689926189884,5.198875,4.426819825731416,28.056939,20.3425423805328,51.378327250740995,60.33891407395676,0.0004583052495096626,2.8655263707419905,3.3160765428468434e-06,625.7844542271754,286.9491023340601,23.898331908659696,357.37124162844594,47.075719922720396,227.03276973451915,0.4458741699117069,386.6376741579531,408.01476450505436,335.61682452626167,72.39793997879269,19.042403218886214,407.1117881624539,407.529550136026,407.8777318217112,22665333531.404423,22346868760.29489,388.00786468845234,330.41419183194864,16.86447069112018,74.06524040511738,12.451499338329514,2.2621771611451917,303.6857764323332,350.96972610745934,6.405985810705242e-05,1431,9.975950092666608e-07,True,4.48,conjugate_3D_benchmark_H1_type,4,k(T)_cubic_273_373K,3000,220,120
ALT_139,GateA_converged_v1,GRAIL-CHT-1.0,alternating,1,489.37594650724657,318.91704476479686,289.375923519637,2.591480801150773,0.0024320084678531133,0.00020266737232109278,35.03310659277919,0.3935720018990992,0.7857746436346298,5.198875,2.046131641373179,28.056939,4.345989568652739,93.42716142965148,237.38264149593547,0.0005312652697096072,52.67643605225409,0.00012849502360622365,317.5594773201778,271.7269219850008,15.547627044372938,330.22457493279984,11.307530168002984,114.95003811778697,0.44486944460579014,334.3763132918517,338.7276923370184,324.183171523242,14.544520813776444,3.739949415332734,338.4375715414268,338.5564304160859,338.6734842146726,12510260932.067822,12500921280.483185,334.4387503638803,167.67140402505387,6.493520274947817,39.75389169414311,6.473750526037205,2.218893487356386,289.8525834022222,135.40495412717945,0.00012131593932313791,577,9.876219451143697e-07,True,4.48,conjugate_3D_benchmark_H1_type,4,k(T)_cubic_273_373K,3000,220,120
ALT_140,GateA_converged_v1,GRAIL-CHT-1.0,alternating,1,453.78172839484415,325.3824531857089,307.607754746523,3.817607752704287,0.0022634074713965835,0.00018861728928304863,33.441531442239665,0.6507444036450125,1.8245514457951626,5.198875,3.3831388114999648,28.056939,11.881223668839363,97.13102997143777,149.2614142009951,0.00047558072893578535,8.866953885746266,2.0129919431822533e-05,294.4621400275131,297.8070656138325,20.20690946027629,337.47191825402484,12.089465068315917,114.37895164420358,0.47738105966213573,342.28992475635937,347.1142138170525,330.9787639377314,16.135449879321072,4.153658016939205,346.7947178813044,346.92584524208957,347.0554422069071,13739093289.107557,13727026237.346308,342.3651243891927,155.47600993452693,5.6247270406987555,30.482752424621516,4.989372702809793,2.244246471572908,308.14972420220187,140.51213158250874,0.0001325749183895866,643,9.948778938451142e-07,True,4.48,conjugate_3D_benchmark_H1_type,4,k(T)_cubic_273_373K,3000,220,120
ALT_141,GateA_converged_v1,GRAIL-CHT-1.0,alternating,1,974.350433603194,312.77803776697374,293.49422895164815,0.3018476422721085,0.002905525428927119,0.00024212711907725993,22.32385431359204,0.4404149576507096,1.9544694929816675,5.198875,2.289662312956333,28.056939,5.442073570034489,110.92151599344044,251.8568319866457,0.0005345992943835982,26.866724529632705,7.829684183834283e-05,632.2628168181477,277.5482074470048,6.847021040634012,335.61806201671646,22.840024249742726,277.39429384564727,0.5391981802947793,342.25166912572615,350.479715099676,322.7263498602971,27.753365239378923,6.929655167577703,349.7304920683957,350.05191774116025,350.34269646792666,13754352369.16948,13720890526.33415,342.4601452602923,333.83476727998203,7.3463875339241484,42.079642596014835,7.014239333768104,2.1923799868949496,295.1231350136019,293.0729532968222,6.109927654972205e-05,537,9.801867690839572e-07,True,4.48,conjugate_3D_benchmark_H1_type,4,k(T)_cubic_273_373K,3000,220,120
ALT_142,GateA_converged_v1,GRAIL-CHT-1.0,alternating,1,471.04717476625217,313.9931694724667,302.8139785172258,3.8746762260977627,0.002133371264964219,0.00017778093874701827,35.708188009970776,0.39204500301452183,1.7400214796517917,5.198875,2.038192965047122,28.056939,4.312331446436185,77.06274205460527,196.56606119719055,0.0005649909353980413,29.164247034995867,6.240538273698908e-05,305.6658090360443,290.8726961955094,20.423769659171498,327.9424725823841,13.949303109917366,124.3927973196702,0.5001461250307894,333.84389350027243,339.5254972322798,320.6549379547831,18.87055927749668,4.912012822725653,339.18779509947694,339.32605918398235,339.46227123787946,12437528341.21199,12421491514.238012,333.9515940667385,161.39154717103142,4.80301618640062,27.73156973794484,4.463959744820252,2.258252718651897,302.78497403831716,157.60617025627755,0.00012651356225804145,703,9.977222816814901e-07,True,4.48,conjugate_3D_benchmark_H1_type,4,k(T)_cubic_273_373K,3000,220,120
ALT_143,GateA_converged_v1,GRAIL-CHT-1.0,alternating,1,711.9071899008263,312.90351530616294,295.0943705973755,2.02917270821585,0.0020621752372287127,0.00017184793643572606,24.2363046799546,0.8276627239019959,1.8821592418155604,5.198875,4.302915043725989,28.056939,19.219721038790347,78.10724606751145,94.3708636523785,0.0005388324459388638,6.03991097250469,1.2492833342592942e-05,461.96155887697546,279.8211034065405,13.41085629122023,334.55696273739227,21.653447431229324,186.65038893005584,0.49655984586697005,344.0837008531925,353.21558512510916,322.8036904616488,30.411894663460373,7.834987883880817,352.5550446142832,352.8316817703601,353.1007515142573,14060239199.887562,14017042909.10915,344.34848555337874,243.91570308704306,7.5644015948910175,42.65311124582557,7.047599012345099,2.213890939555253,296.3128909241296,242.11559181308525,8.294009896722458e-05,791,9.838217920332681e-07,True,4.48,conjugate_3D_benchmark_H1_type,4,k(T)_cubic_273_373K,3000,220,120
ALT_144,GateA_converged_v1,GRAIL-CHT-1.0,alternating,1,529.8267869891883,329.03542968101715,283.97069399151707,0.653459944984853,0.0012278362490962065,0.00010231968742468387,36.64988721894629,0.4572414698778825,1.0382546763506768,5.198875,2.3771412467113766,28.056939,5.865857552896192,58.4953429633326,127.93096605816443,0.0004283893408693526,12.298187693702525,1.5145597440839354e-05,343.80831086479316,264.14923784636187,8.183147790942442,347.72979993177677,18.69437025075962,95.94615437225711,0.3429728468340282,359.3118354489886,367.85738087038374,339.2728934463406,28.584487424043118,7.604956483699632,367.52988672652907,367.7074045697598,367.81084018838374,16712500355.620602,16668099758.149734,359.5508811196292,181.5307881366108,11.638752820300732,63.10710405216764,10.838567323781314,2.151442177096329,288.6328771081774,148.4608169533767,0.00011544493699379198,1284,9.960023703570187e-07,True,4.48,conjugate_3D_benchmark_H1_type,4,k(T)_cubic_273_373K,3000,220,120
ALT_145,GateA_converged_v1,GRAIL-CHT-1.0,alternating,1,439.9395751869142,312.1504383601457,309.6480605568326,1.1797494858631703,0.002493957539642099,0.00020782979497017493,25.41775583746568,0.7786169994721285,1.7315074200876397,5.198875,4.047932453130662,28.056939,17.009363043981526,85.87121484135567,110.28684821879429,0.000592735508951976,9.022538514229298,2.2569536563965276e-05,285.4798699158149,300.77492282665366,10.183048046280046,324.36460221478586,12.214163854640162,127.32951322924204,0.5481534163266195,328.6703947161359,333.37220309241474,317.62488349909916,15.74731959331558,3.9987551983103806,332.986095058015,333.1526515046823,333.3032818962951,11679544838.760223,11669233913.391449,328.74297389324425,150.73337131555027,3.0595278464657736,17.60757708970099,2.73655064752974,2.3301813767238366,308.9501868837999,147.34252927239177,0.00013434490979919323,568,9.963646334654186e-07,True,4.48,conjugate_3D_benchmark_H1_type,4,k(T)_cubic_273_373K,3000,220,120
ALT_146,GateA_converged_v1,GRAIL-CHT-1.0,alternating,1,695.9124307239379,311.97989116895155,286.42594566246316,0.915098673176701,0.003547362628140649,0.0002956135523450541,31.857063499127044,0.9801237834041139,1.0954443634635185,5.198875,5.095541034445063,28.056939,26.952691692997835,122.4503188009413,124.93352459589683,0.0005912418446097191,8.964127951271744,3.189469657794622e-05,451.58244768377824,267.5824409630211,9.177374958071464,324.8163984425284,12.836507273576842,190.339419024634,0.518012479724328,327.344350845495,331.24919769428226,317.72307820466085,13.526119489621408,3.2820478322158637,330.8810150130254,331.0305939450444,331.1783660266634,11488944289.205217,11482049158.424501,327.3934834954636,238.43553237703492,5.668357842763265,36.5410353765796,5.886516726168748,2.2261650561899344,286.41896921213083,168.47024810818715,8.530896686120911e-05,363,9.727455676511454e-07,True,4.48,conjugate_3D_benchmark_H1_type,4,k(T)_cubic_273_373K,3000,220,120
ALT_147,GateA_converged_v1,GRAIL-CHT-1.0,alternating,1,616.5602314202838,318.5775775836548,283.03925760915934,3.7921072666208606,0.002538152897205253,0.00021151274143377109,25.31874358955582,0.45200816715793884,1.7252831512479618,5.198875,2.3499339600332294,28.056939,5.7323520148161595,99.11739193954844,219.2823031556314,0.0005226216675355665,23.421042056303513,5.962506093357356e-05,400.090250090242,262.85067244208227,20.11000761315927,332.5332434753265,13.955665891671742,148.0623457482682,0.4548154342127339,337.3559116274268,342.7092683797595,324.789012451385,17.9202559283745,4.551835483386809,342.2736024610756,342.4620410394086,342.6309080960189,12966559432.283697,12952491009.829775,337.4474796043905,211.2476520476478,7.699605132275967,47.67150985514589,7.813987152183583,2.2031758561246346,283.9645746345246,170.0564791545146,9.664475423332485e-05,577,9.907658977681422e-07,True,4.48,conjugate_3D_benchmark_H1_type,4,k(T)_cubic_273_373K,3000,220,120
ALT_148,GateA_converged_v1,GRAIL-CHT-1.0,alternating,1,501.1967879182783,317.63184633400823,308.76333127769715,0.0887815751987222,0.003502341018250929,0.00029186175152091075,34.68701418695118,0.7519039161428969,0.676345211365526,5.198875,3.9090544720374036,28.056939,15.862256979628567,130.16837706831723,173.11836562316714,0.0005491265440168703,15.88078059474981,5.578727109211198e-05,325.23010405768616,299.4867787449797,6.037369985755144,327.60299343919314,9.971147105184912,145.9754543730031,0.5516169900719958,329.7009277294096,332.7854436506452,322.1767959816591,10.608647668986123,2.6088650379285214,332.5128203243879,332.6241089152444,332.7322134405347,11820701216.397875,11816277366.800127,329.73178225625276,171.7214949424583,3.36018420272696,19.373569083418822,3.012080044847075,2.32889389118324,308.002836797716,132.61351844990565,0.00012068288970673382,317,9.864301091511152e-07,True,4.48,conjugate_3D_benchmark_H1_type,4,k(T)_cubic_273_373K,3000,220,120
ALT_149,GateA_converged_v1,GRAIL-CHT-1.0,alternating,1,810.3819935710516,322.95247571051243,305.989666266972,3.4871662435315627,0.0033599795049242516,0.000279998292077021,26.790167779857153,0.6878274117437818,1.843125580085182,5.198875,3.575928735229454,28.056939,13.27392156744848,143.81535794039348,209.08640086877668,0.0004768160425003376,11.90682238694271,4.01270603700108e-05,525.8625483022103,295.4603565987529,18.951231725419937,339.56898180447,16.616506093957582,233.37408126203198,0.5454173087914532,343.4368890189094,348.88805068282045,330.2731860341245,18.61486464869597,4.580973237367602,348.37392259485875,348.59002952595995,348.7896462757101,13926707799.030546,13911942241.944149,343.5279801805617,277.655425503567,6.054704838518696,32.83927816134882,5.38715284947756,2.2395835021248813,306.6574169140006,222.53475707681503,7.50542473939859e-05,427,9.860108320935979e-07,True,4.48,conjugate_3D_benchmark_H1_type,4,k(T)_cubic_273_373K,3000,220,120
PAR_000,GateA_converged_v1,GRAIL-CHT-1.0,parallel,0,665.0261485403818,289.92298855099943,289.9616569092876,1.8450970027167353,0.00323425763409006,0.000269521469507505,29.224789925588667,0.5215592297444251,1.2415122540389865,5.198875,2.7115212405375484,28.056939,7.632161619936409,73.57181975788345,141.06129383221764,0.0008971862534620165,44.914518826835646,0.00014570223209345526,431.5401229708934,272.55235370232197,12.711368610323593,305.7165804698456,15.793591918846175,213.51667907490693,0.6080778186702024,299.6955647248759,306.7662483748975,292.1839002400651,14.582348134832387,4.434691492003595,305.82878011774187,306.42260777929425,306.7114740252817,8077765731.255498,8067171004.088648,299.7939148831126,227.85318492863172,1.5468857872589517,11.389345120550814,1.4003187785824625,2.789473017643437,286.9396783410057,7.566214321741428e-11,-1.9237241494814972e-05,114,8.749504445404455e-07,True,4.48,conjugate_3D_benchmark_H1_type,4,k(T)_cubic_273_373K,3000,220,120
PAR_001,GateA_converged_v1,GRAIL-CHT-1.0,parallel,0,913.2766657605589,295.41924779204675,310.78004620024416,1.407915027025053,0.003159752907975586,0.00026331274233129884,20.238571220916803,0.41531641812097164,1.2974449544028175,5.198875,2.1591781432586665,28.056939,4.8394776392001555,88.04228723093449,211.98845841266478,0.0007324555983813835,59.48541112095488,0.00018852477509685096,592.6316213486868,302.42575121899785,11.050077102695202,318.9837710218109,23.564523229764177,311.2347359452774,0.6454339076737448,309.8664879843151,320.45256521320175,298.69266402546714,21.759901187734613,6.6225740160632665,319.0443950459314,319.93360257179484,320.3693315860384,9244566784.433863,9219310449.371424,310.07849041278155,312.90949607210666,0.2714081129403295,1.5348244232221986,-0.13142437234151003,-3.4720219514145225,308.1475089074158,7.930694323476928e-11,-1.5351720662312597e-05,116,9.447447268939868e-07,True,4.48,conjugate_3D_benchmark_H1_type,4,k(T)_cubic_273_373K,3000,220,120
PAR_002,GateA_converged_v1,GRAIL-CHT-1.0,parallel,0,550.2224033401654,294.452308131461,306.8768345845313,0.7645911554854578,0.0015128861067452083,0.00012607384222876737,34.489845200834736,0.5823143267007471,0.8952351321581937,5.198875,3.027379395226347,28.056939,9.513826746357578,43.46337959825348,74.63903532050557,0.0007103988321376285,15.068055580388842,2.2864846482682935e-05,357.0431690842567,296.7462479246752,8.60544639084474,322.97403923767433,28.521731106213338,180.3675464552155,0.6208493139246728,311.23409499244946,323.52389539238595,297.50521290186174,26.018682490524213,7.9472357796075705,322.0864649706123,323.05047345981006,323.4746888078836,9419813046.046448,9383150184.891903,311.53767243509805,188.51879327648754,1.0489270444302303,6.4755382320006465,0.6268349452221444,3.5430444865025863,303.9815945995372,8.054357181208616e-11,-2.8326290466099686e-05,221,9.653595611780474e-07,True,4.48,conjugate_3D_benchmark_H1_type,4,k(T)_cubic_273_373K,3000,220,120
PAR_003,GateA_converged_v1,GRAIL-CHT-1.0,parallel,0,990.3463610124817,323.6548123267875,283.03741660372697,0.13488052817056873,0.003945113533167767,0.0003287594610973139,20.721900650096522,0.8876607722866804,0.8737015945043306,5.198875,4.6148373975219155,28.056939,22.107230715803382,171.22453523513428,192.89411065676262,0.00047023289515386803,9.880664572383921,3.90976364304946e-05,642.6426860855264,262.84810791057663,6.212546007048161,340.65762794116523,17.00281561437771,280.38619876575365,0.5362108533588978,334.28546055404587,341.9952907138253,326.2058142199863,15.789476493839004,4.789974244460458,340.91617343922417,341.5908619942756,341.9318117493435,12502720080.700985,12487340412.743599,334.3883412800042,339.31533825315796,7.09008566549862,44.46656414550785,7.372537286034849,2.1778044608754286,284.4836120616588,8.627111469650117e-11,-1.4031088972575142e-05,103,8.974886895884993e-07,True,4.48,conjugate_3D_benchmark_H1_type,4,k(T)_cubic_273_373K,3000,220,120
PAR_004,GateA_converged_v1,GRAIL-CHT-1.0,parallel,0,750.5296095401541,288.09102959418846,289.1408470901188,4.707045918844202,0.003041623399834007,0.0002534686166528339,27.54609390621322,0.722308447264888,0.576686820044626,5.198875,3.7551913287742447,28.056939,14.638132559327344,68.9077032342731,95.39927643820424,0.0009008597080306829,26.135409938028303,7.97332742545247e-05,487.0239173378726,271.3958805176535,23.58677449160797,307.19221152874337,19.101181934554916,242.85215609510854,0.6128302727635921,299.81494525445197,308.3457348012078,290.7465143864172,17.599220414790636,5.354504147848569,307.2283932241621,307.93587487140974,308.2800552412829,8095489381.081982,8080032572.317067,299.9582262856122,257.14862835439675,1.5340699917970482,11.226869780693194,1.5355744462682561,2.536668821044074,287.2410286812659,7.868862894611084e-11,-1.6317205563577736e-05,119,8.403433184867026e-07,True,4.48,conjugate_3D_benchmark_H1_type,4,k(T)_cubic_273_373K,3000,220,120
PAR_005,GateA_converged_v1,GRAIL-CHT-1.0,parallel,0,752.7035408603059,308.370338975068,291.99904397446386,4.561641313531132,0.0035659800492308597,0.00029716500410257164,26.75201571440574,0.518488522733044,1.8541632549854499,5.198875,2.6955570186237545,28.056939,7.542556680961535,117.79279996732767,227.18497093517354,0.0006178451771103394,27.923975193984525,9.987596633597416e-05,488.4345965890384,275.42998727003726,23.034236991418297,323.58270334549695,15.21236437042893,226.75240919870413,0.5705504187760871,317.8288424465676,324.6967737382229,310.5815949452556,14.1151787929673,4.284714259008194,323.76352380834163,324.35549244927773,324.6427425664368,10215189481.032425,10204065194.589556,317.9154298631737,257.8934669990123,3.6079213860347346,23.817310777755374,3.715871624504531,2.283381196359122,291.1538311061716,8.135714324453147e-11,-1.7832164196347557e-05,109,8.898646228772122e-07,True,4.48,conjugate_3D_benchmark_H1_type,4,k(T)_cubic_273_373K,3000,220,120
PAR_006,GateA_converged_v1,GRAIL-CHT-1.0,parallel,0,904.8476701097946,330.2677826801027,297.94940259513277,0.49406515295648845,0.002038001720948485,0.0001698334767457071,27.74319092217125,0.7163896625604447,1.8928515659161784,5.198875,3.724420306943932,28.056939,14.39921806186557,106.65795390093162,148.8825976630176,0.0003899696380888676,5.460166993727628,1.116131367089571e-05,587.1619870679364,283.8918050700613,7.577447581234656,359.89745269700626,29.62967001690356,252.41063126974606,0.5283214554256142,347.7301091233511,360.7934457588213,333.48514684661444,27.30829891220685,8.316997245778477,359.16571961557725,360.24543539284355,360.72551310976024,14670876961.81677,14620734385.022383,348.0278661265344,310.02152917187044,7.8265178572807725,42.62298536759659,7.161446305350436,2.1918441232890804,299.99303970138817,8.763791470300929e-11,-1.6653070368977418e-05,174,9.528812938697229e-07,True,4.48,conjugate_3D_benchmark_H1_type,4,k(T)_cubic_273_373K,3000,220,120
PAR_007,GateA_converged_v1,GRAIL-CHT-1.0,parallel,0,976.0613353878628,330.3353520294811,311.1448752058567,2.188219696293398,0.004055141020598762,0.00033792841838323017,25.771221017867575,0.7454726465389433,1.0342351603648545,5.198875,3.875619105275149,28.056939,15.592067748764316,195.3282533141441,262.01934332669066,0.00042370188126160423,12.9668378565082,5.274057783287796e-05,633.3730329625319,302.9584401496421,14.015234845914915,347.9534761940574,17.618124164576273,298.6358280641418,0.5794698946738167,341.4103638674855,349.39885187079915,333.00959445643946,16.38925741435969,4.961894017067073,348.2795987039306,348.97975482244397,349.3328345052445,13603689662.66314,13586475243.039206,341.5184564884777,334.4209614042168,4.952001671314934,26.479195562681806,4.353989468441657,2.23934510054908,311.75408367237657,8.708468612894649e-11,-1.5956644320914803e-05,101,9.958435498447216e-07,True,4.48,conjugate_3D_benchmark_H1_type,4,k(T)_cubic_273_373K,3000,220,120
PAR_008,GateA_converged_v1,GRAIL-CHT-1.0,parallel,0,853.6739958281371,323.0570571675325,306.771543602992,3.96702151100095,0.0013300254684142684,0.00011083545570118903,36.02720209587796,0.9589980584137747,0.8615435197441346,5.198875,4.985711030935913,28.056939,25.803329233579426,69.42920545344683,72.39764965560599,0.0003909644408782853,2.3410718862592628,3.123054395299349e-06,553.9550316108489,296.5935383357575,20.774681741803608,366.73292359038555,43.67586642285306,242.8162614353584,0.5387059758981996,348.7454266975397,367.3536389827778,327.5427388371792,39.81090014559862,12.150869387626766,365.2498712222027,366.6644603613408,367.2838320353462,14899772156.355314,14792244772.92402,349.37747905358196,292.4882566905282,7.058009707994697,36.57568657975126,6.038357648424846,2.241292481265736,307.78123626471927,8.906980042411306e-11,-2.006268616566711e-05,246,9.55521386458713e-07,True,4.48,conjugate_3D_benchmark_H1_type,4,k(T)_cubic_273_373K,3000,220,120
PAR_009,GateA_converged_v1,GRAIL-CHT-1.0,parallel,0,824.5508425708031,300.7589069821375,301.7084103701508,4.049271608546458,0.001016299701749308,8.469164181244234e-05,25.913601854685783,0.5573418282120861,1.2189629953138037,5.198875,2.8975504971461095,28.056939,8.715324533937476,42.21989848228102,75.75225175135253,0.0004912743734853819,6.713788138817759,6.8437521395070514e-06,535.0568136000919,289.2811949202156,21.08723211247654,357.970255704257,57.21134872211951,243.0414043675967,0.5582502209991004,334.74459792192306,358.4616511929453,306.8566818356849,51.60496935726036,15.784652742974771,355.97896123398914,357.67868533296746,358.39924115688854,12723028125.635279,12556086777.845253,335.85175480962664,282.50999758084856,5.275642228873198,29.44030446761616,4.752581869270849,2.2627042963962265,301.77192259067454,8.597822898082086e-11,2.2883258013812316e-05,338,9.91706428976613e-07,True,4.48,conjugate_3D_benchmark_H1_type,4,k(T)_cubic_273_373K,3000,220,120
PAR_010,GateA_converged_v1,GRAIL-CHT-1.0,parallel,0,901.3440616144976,301.95778470743284,302.8938470755615,3.059405341709876,0.00392011975438753,0.00032667664619896085,30.292230791671805,0.7972371215877769,0.5180602101491205,5.198875,4.144736140494654,28.056939,17.832626474841213,117.72214945111318,147.66265426358706,0.000679611389058947,20.025581153563753,7.873889295203198e-05,584.8884709900786,290.9877822698524,17.32574029849753,319.9477036673146,17.989918959881777,294.7846213828567,0.6194129755117713,313.34394710698376,321.4601422930807,304.77667077234327,16.68347152073744,5.0536311654664265,320.3404283400438,321.0458679729039,321.3950519441565,9655223129.813553,9640182135.088112,313.46609857584076,308.82111268276157,1.6961430707641079,10.837042170211618,1.503350102476945,2.5439243400198492,301.20663129143276,7.872117180340864e-11,-1.426183184865553e-05,101,8.467546877000132e-07,True,4.48,conjugate_3D_benchmark_H1_type,4,k(T)_cubic_273_373K,3000,220,120
PAR_011,GateA_converged_v1,GRAIL-CHT-1.0,parallel,0,928.9456810647171,291.59030031696295,312.76070787117067,4.812675917127515,0.002317334309788612,0.00019311119248238435,29.621934738630102,0.38001983501300113,1.4188691471028188,5.198875,1.9756756197532164,28.056939,4.051844950048254,65.66533145984975,172.79448441843368,0.0007202313942781132,50.033169949955976,0.00011629245872870367,602.7993550626624,305.32147995322066,23.988168485084554,324.47012626037525,32.8798259434123,318.48903381072665,0.6493371356013738,311.25192974669955,325.7479447098037,295.5713785520442,30.176566157759453,9.196036257511674,323.9185319145557,325.1268344951873,325.6687131244225,9434414160.522837,9385301113.27828,311.65832651611095,318.27805947308576,0.05104743196638738,-0.044922500258398945,-0.2170526350196027,0.26483192106759146,311.3022422364266,7.950220037855614e-11,-1.465207163638769e-05,147,9.064017945092928e-07,True,4.48,conjugate_3D_benchmark_H1_type,4,k(T)_cubic_273_373K,3000,220,120
PAR_012,GateA_converged_v1,GRAIL-CHT-1.0,parallel,0,771.8174733830637,291.94279192024027,311.8715512665953,1.5762318209862358,0.0034095096554271815,0.0002841258046189318,35.87332746500598,0.9518801654980772,1.9606799146600045,5.198875,4.948705995403816,28.056939,25.421714837914998,84.10873728984714,88.36063649444438,0.0008273138763029315,12.41385657917273,4.245252143207389e-05,500.8377612005836,304.0203946660905,11.689680919747696,310.93774171864055,18.994949798400285,270.71128262156157,0.6642901725112549,303.75857169091785,312.27107568087683,294.7524200474985,17.51865563337833,5.320971695718195,311.13156649788874,311.8495044109969,312.20400707451745,8529287288.897602,8513618163.395955,303.89824056068386,264.44233791390815,-0.6620002070575898,-4.439770186164666,-1.1671322417789411,1.4634575656824909,308.7310440732871,8.334225753969803e-11,-1.5909953206774593e-05,110,8.309867780553759e-07,True,4.48,conjugate_3D_benchmark_H1_type,4,k(T)_cubic_273_373K,3000,220,120
PAR_013,GateA_converged_v1,GRAIL-CHT-1.0,parallel,0,562.924600032789,299.7791555313195,303.8651219233999,2.1664994111482425,0.00407094533307417,0.0003392454444228475,36.8832382999269,0.9116754511866948,1.881367714064413,5.198875,4.739686711288228,28.056939,23.319584563334047,108.99296928337871,119.55237923924193,0.0007622830857543612,14.567019512533216,5.947998004147188e-05,365.285713433477,292.3885480940689,13.932697762363322,310.7576828445595,10.978527313240022,186.8166753348222,0.6285379264661671,306.77586970707557,311.7328371769903,301.56064947128846,10.172187705701845,3.083000031862669,311.0444328288506,311.47690568413685,311.6916574935913,8862328198.65631,8856962053.680756,306.82232553177096,192.87085669287586,0.7404721662302596,4.895019864389996,0.4187398173908001,3.939280701810515,301.2935248860129,7.644317179256176e-11,-2.617811641726378e-05,98,9.738947710502543e-07,True,4.48,conjugate_3D_benchmark_H1_type,4,k(T)_cubic_273_373K,3000,220,120
PAR_014,GateA_converged_v1,GRAIL-CHT-1.0,parallel,0,838.4220336863228,293.95984013715275,299.6206455704648,4.134651374192369,0.004115655094195177,0.0003429712578495981,34.18477798000709,0.9316976972565207,0.8271843176286602,5.198875,4.843779865824495,28.056939,24.355123276497515,102.97202141157383,110.52084996537555,0.0008157164696940628,16.14230647415043,6.663607409468105e-05,544.0579266132905,286.2837391295052,21.411675221931002,310.21556731774126,16.255727180588508,279.65439947105887,0.6317206163082049,304.36404100017177,311.69094784170716,296.65192704873004,15.039020792977112,4.554617257888864,310.67326988454715,311.3120080894301,311.62944861295864,8593228303.848423,8581700746.832305,304.4662004659977,287.2625852518174,0.8917193291142874,6.034132717965145,0.6823842818630026,3.037790751398159,297.60590780104053,7.455568606928864e-11,-1.759650802746278e-05,96,9.749050491336675e-07,True,4.48,conjugate_3D_benchmark_H1_type,4,k(T)_cubic_273_373K,3000,220,120
PAR_015,GateA_converged_v1,GRAIL-CHT-1.0,parallel,0,798.0382816002146,318.1956130841734,303.0469146489685,3.1966450121689083,0.0026454515377392056,0.00022045429481160048,35.53790413595273,0.887172994831354,1.9889681639490555,5.198875,4.612301503503856,28.056939,22.082941153190863,109.31726128182966,123.21978004144522,0.000493890376884352,6.348671739992793,1.684564033817991e-05,517.8526271983503,291.2083863900321,17.84725104624185,339.8671938180832,21.67158073390982,239.64406729504128,0.5687337939025251,331.2245858538547,340.8680058295883,320.86527049854783,20.00273533104047,6.081085679792213,339.6244274421771,340.4357419519925,340.8074198335877,12060553807.129213,12036224039.128637,331.3918417126538,273.426187160729,4.351578699466126,25.37695509415924,4.05363630645188,2.2706378805823277,302.80279754878495,8.737757184462681e-11,-1.83721939886758e-05,138,9.64452738116961e-07,True,4.48,conjugate_3D_benchmark_H1_type,4,k(T)_cubic_273_373K,3000,220,120
PAR_016,GateA_converged_v1,GRAIL-CHT-1.0,parallel,0,419.67766139420814,290.5577996847044,297.10667679223724,1.1536383617017183,0.0044400039265955794,0.00037000032721629827,25.513787548873577,0.536873852766715,1.7530438682578398,5.198875,2.791140051302555,28.056939,8.086950675148298,93.14904590723192,173.50266813553966,0.000972801967554485,52.5020823582523,0.00023381088447852028,272.3317722223314,282.6882096058014,10.08382577446653,298.1720075766388,7.614207891934427,141.31373208127434,0.637726685771644,295.49856190607295,298.9647035449009,291.8821978839807,7.082505660920162,2.145455894884757,298.4777254401318,298.7807497724788,298.93384774651554,7627088958.7060795,7624677631.825528,295.5219222096643,143.791175733391,0.3264357536949753,2.3823940920850495,-0.2313432093128741,-2.9177816643439893,292.8303182064939,7.826557180123927e-11,-2.9893594153908063e-05,92,8.324756208821782e-07,True,4.48,conjugate_3D_benchmark_H1_type,4,k(T)_cubic_273_373K,3000,220,120
PAR_017,GateA_converged_v1,GRAIL-CHT-1.0,parallel,0,420.62734038751023,296.0346824353978,295.0860820936869,0.7148942807234453,0.0011535632406231052,9.613027005192543e-05,23.09827031633141,0.9040517563473457,0.8473214639426637,5.198875,4.700052074780308,28.056939,22.931204978402732,33.16961190618243,36.68994797399446,0.0007097747007500281,4.201391309588119,4.861154036323191e-06,272.94802556883803,279.809314218778,8.416598266749093,321.47938289174704,25.44470045634921,122.69165726116147,0.5524380863605979,311.04527664824116,321.76981182008126,298.71131160089965,23.05850021918161,7.055324179318707,320.6007066975405,321.3970955963053,321.7382872022876,9389252825.498861,9360400758.921186,311.2846879896137,144.1165575003465,2.4768223587001494,16.65224959669201,2.295887761542619,2.542575844633371,292.3950204971675,8.181274324670085e-11,-4.1270587353635715e-05,294,9.869244195215288e-07,True,4.48,conjugate_3D_benchmark_H1_type,4,k(T)_cubic_273_373K,3000,220,120
PAR_018,GateA_converged_v1,GRAIL-CHT-1.0,parallel,0,833.3940397409776,323.26131588705084,298.58867496754783,1.8711517102065234,0.0033296958711766023,0.00027747465593138353,21.255356230959027,0.47941310137200444,1.2506909313589545,5.198875,2.4924087873953797,28.056939,6.448520493967963,144.19003457268062,300.76365072216754,0.0004712906444315773,29.37399251202728,9.810076387890638e-05,540.7952261461984,284.80596112286304,12.810376498784787,340.76053808454384,17.499222197492998,243.5564274211405,0.5534970140696074,333.9868600099805,341.8807290909383,325.6420784539071,16.238650637031185,4.932021231972583,340.8188893223383,341.4874521209575,341.8177248975932,12459057832.198353,12442782883.00932,334.0960187713944,285.5398794051928,5.361305786997583,31.529818432573716,5.092378537145546,2.2462765678761243,298.67396208889966,8.230088610616803e-11,-1.7781286691555798e-05,116,9.72079249095259e-07,True,4.48,conjugate_3D_benchmark_H1_type,4,k(T)_cubic_273_373K,3000,220,120
PAR_019,GateA_converged_v1,GRAIL-CHT-1.0,parallel,0,843.7684152486023,318.67625783289697,291.06401622014175,1.0038396397859009,0.0018824696054904277,0.00015687246712420231,30.579805720022197,0.5878372187125208,1.3795245135427758,5.198875,3.056092220434057,28.056939,9.69514809894959,83.63797649708445,142.28084550391023,0.0004593502453750324,9.768395720693334,1.844404015908522e-05,547.5272310337248,274.1080904482044,9.514590631186422,348.69079680165373,30.014538968756767,236.17609164563913,0.5301255602729881,336.36234937954566,349.5007595133382,321.9110415144793,27.58971799885893,8.405729433944353,347.8913140955395,348.9622889956868,349.4394075859625,12848492926.241373,12800575894.6681,336.676688939473,289.0943779858067,6.661215732052318,39.740510076319715,6.516612624994753,2.212532342122213,291.8536066902143,8.63362004110968e-11,-1.8019443883693966e-05,185,9.566701351104712e-07,True,4.48,conjugate_3D_benchmark_H1_type,4,k(T)_cubic_273_373K,3000,220,120
PAR_020,GateA_converged_v1,GRAIL-CHT-1.0,parallel,0,412.9220497852431,294.2961977224101,297.58100765129586,1.089179494414088,0.004212618070204632,0.00035105150585038595,35.14611779220589,0.4659905763965939,1.5668394198669648,5.198875,2.422626757863842,28.056939,6.092486229537332,96.54269475619029,207.1773543206269,0.0008905374065084376,65.63345920486327,0.00027732065823113893,267.9480085599927,283.3654473893814,9.838882078773533,301.9941124760574,7.6979147536472965,135.55060663937743,0.6217266283556904,299.24720364634885,302.72520892752203,295.58967848783595,7.135530439686079,2.161634990763034,302.24142902555303,302.5449745049852,302.69542102794685,8021513769.749416,8019003501.4621105,299.2706199785364,141.47654851967613,0.696677639532885,4.989606764311352,0.2396987504787204,6.7359271097852425,293.65892299350406,7.406754320982145e-11,-2.9173756848627315e-05,96,8.016356218831788e-07,True,4.48,conjugate_3D_benchmark_H1_type,4,k(T)_cubic_273_373K,3000,220,120
PAR_021,GateA_converged_v1,GRAIL-CHT-1.0,parallel,0,875.4536789017523,325.775013389468,305.7690239849724,4.74464009680789,0.003446100549552857,0.0002871750457960714,26.910571712988776,0.8482533923778348,1.7292879502444003,5.198875,4.409963355298316,28.056939,20.187916431099048,155.94025418785208,183.83687656198862,0.0004510131496869019,8.235126140403652,2.8464466116431416e-05,568.0880204150992,295.1408394656134,23.729632367869982,344.015575603509,18.240562214041006,262.7498319444319,0.5684278557088132,337.00307573593506,345.21821684254564,328.3025867470657,16.91563009547997,5.130670571556123,344.10671703471667,344.80578435446387,345.1522976723321,12916320609.289396,12898388634.97326,337.12014428371265,299.9504747791724,4.952473853998793,27.754885778823255,4.493326835091445,2.255735615294063,305.9180426769978,8.389548611376086e-11,-1.4546792438971326e-05,114,8.319838684656133e-07,True,4.48,conjugate_3D_benchmark_H1_type,4,k(T)_cubic_273_373K,3000,220,120
PAR_022,GateA_converged_v1,GRAIL-CHT-1.0,parallel,0,953.8114044988463,307.8843379718956,295.4861083758742,2.5992249751432173,0.0019257529370206423,0.00016047941141838685,27.080605732254007,0.8339389468071343,0.9327479958952514,5.198875,4.335544342081941,28.056939,19.512315140865105,75.39257836014708,90.40539316313186,0.0005213044952379656,6.074480770158409,1.1733148629897663e-05,618.9348970591327,280.37848205866766,15.577054905544227,343.53128650544176,35.64694853354615,286.94536218737477,0.5697741951831882,328.89890364945273,344.515369843508,311.80368374485084,32.71168609865714,9.974397804801459,342.5908448373064,343.8699192045003,344.43714097644886,11766222650.965012,11701720031.860329,329.3512116902072,326.7976256472221,4.967613877369368,30.077938738492133,4.806760609710526,2.258948139066384,295.2120880206133,8.578297183703399e-11,-1.5228300571221355e-05,177,9.236584901373135e-07,True,4.48,conjugate_3D_benchmark_H1_type,4,k(T)_cubic_273_373K,3000,220,120
PAR_023,GateA_converged_v1,GRAIL-CHT-1.0,parallel,0,531.7725858232911,330.9172651187181,288.9585387164728,3.7231615847216553,0.0022305724509895618,0.00018588103758246347,29.699153868439048,0.9926589321225803,1.3169377670858027,5.198875,5.16070970573878,28.056939,27.646515237024474,105.00330800425618,105.77984502665984,0.00043354367027745034,4.028224783610157,9.012284080957076e-06,345.0709533488343,271.13924119053877,19.84801402194229,344.2049104344292,13.287645315711131,123.89125232333724,0.44124599423714167,338.7961142446833,344.66988120415226,332.4100169043858,12.259864299766434,3.7300046517262824,343.92984289269197,344.41890300542246,344.63815593003653,13184670700.079195,13175092789.065584,338.85767120749097,182.19746336818451,7.312865905273673,43.82376903300767,7.169627472679834,2.2157664942323,289.71418611087455,8.786571470409399e-11,-2.819255161434827e-05,163,9.699386964712176e-07,True,4.48,conjugate_3D_benchmark_H1_type,4,k(T)_cubic_273_373K,3000,220,120
PAR_024,GateA_converged_v1,GRAIL-CHT-1.0,parallel,0,743.7271045448539,298.98086309716166,290.2499396811121,3.8335513224652544,0.002190668703651887,0.00018255572530432391,28.522836401271444,0.5467410126012517,1.2842576267577013,5.198875,2.8424381818873328,28.056939,8.386941108503985,66.27633582372538,121.22071382280208,0.0006745866014994137,20.21672454604823,4.442140998332874e-05,482.60972422888744,272.9589161159466,20.267495025367968,323.68652776704056,24.7056646698789,226.22965233202726,0.5761054666564178,313.6848120392629,324.5741390330366,301.8629345553947,22.7112044776419,6.925359758703581,323.2155749887011,324.11526072610513,324.51633776808444,9710492710.579723,9682198148.029198,313.9137338306654,254.81793439285258,3.2479665027175217,21.96902530399772,3.3713378489416295,2.310423234766035,289.07985119419067,8.252868610725273e-11,-1.867797557795367e-05,158,9.202523187923362e-07,True,4.48,conjugate_3D_benchmark_H1_type,4,k(T)_cubic_273_373K,3000,220,120
PAR_025,GateA_converged_v1,GRAIL-CHT-1.0,parallel,0,820.1821239042806,320.6421309052611,287.02409856660813,2.7500998617712287,0.0012704591843071562,0.00010587159869226302,24.348695262100602,0.37330452706702716,1.836854270120929,5.198875,1.9407635731555912,28.056939,3.9099103646581033,62.67361153478103,167.8886994143736,0.0004137094991310907,13.718251310535333,1.748092113350381e-05,532.221921476355,268.4210804945882,16.15037947473067,360.9922106342312,40.35007972897006,214.27988080503937,0.49480852576185214,344.3743860926702,361.5262351970357,324.7680460252192,36.758189171816525,11.22866674933922,359.61575014280504,360.90365712865446,361.46335718114483,14154011743.085346,14064469900.844143,344.9211996276941,281.01317453951543,8.605269030321624,49.87767716332377,8.250405294699656,2.2038043633803484,288.51217661069506,9.095728614738619e-11,-2.0552014709582242e-05,263,9.385238399772788e-07,True,4.48,conjugate_3D_benchmark_H1_type,4,k(T)_cubic_273_373K,3000,220,120
PAR_026,GateA_converged_v1,GRAIL-CHT-1.0,parallel,0,791.7805039860735,317.30760216951785,295.71990328715196,3.3189656435484864,0.003975480795289555,0.00033129006627412956,31.528801456415408,0.4084856822739875,1.4646972621041592,5.198875,2.123666001432177,28.056939,4.681596346445454,152.21224673977937,372.62565946603877,0.0005330397056418714,52.31914793177393,0.0002086196267088069,513.7919115000909,280.711310024783,18.312069445484248,331.436280997664,14.128678828146178,234.78345781837672,0.561602158134665,326.2297378669264,332.6048482512489,319.48431381978463,13.12053443146425,3.966742941790699,331.71859593106836,332.27576362139814,332.55297354052453,11336505184.716047,11326459817.466547,326.3020466074072,271.282129272048,4.45121859414045,27.658359111931098,4.389141042108837,2.2657045718099162,295.25281314809627,8.282157182293304e-11,-1.7433698722895112e-05,102,8.957708814705256e-07,True,4.48,conjugate_3D_benchmark_H1_type,4,k(T)_cubic_273_373K,3000,220,120
PAR_027,GateA_converged_v1,GRAIL-CHT-1.0,parallel,0,495.2617992036387,327.8332698730215,292.33292334818515,2.0678419451632473,0.003525337671568306,0.0002937781392973588,29.021882808546998,0.48288076353769444,0.6745568969633634,5.198875,2.510436729537031,28.056939,6.542143975061469,152.56094069967233,315.939155625037,0.00047160332781737634,43.10891172802907,0.0001524307627834841,321.3788483358355,275.9025231020515,13.557799391620339,336.1028921672782,8.269622294256692,121.86042199498212,0.46600859212135165,332.9558070681713,336.68311491708425,328.9944287400416,7.688686177042655,2.3298709749008544,336.1763182852401,336.4963063390282,336.6533933711447,12293454169.84545,12289844140.949087,332.9802550532748,169.68803192132117,5.916621590075987,36.06703095773473,5.844003044919964,2.229841563731587,292.561302886341,8.259377182184836e-11,-2.6911969635885554e-05,113,8.726806868253334e-07,True,4.48,conjugate_3D_benchmark_H1_type,4,k(T)_cubic_273_373K,3000,220,120
PAR_028,GateA_converged_v1,GRAIL-CHT-1.0,parallel,0,723.0279553610814,323.7924955719351,304.9810536258315,2.3922037167086865,0.0012555858983657531,0.0001046321581971461,36.33650959458871,0.4386569949102722,0.5284643868636877,5.198875,2.2805228844141414,28.056939,5.398715057199856,63.662898496350785,145.13138792958975,0.000402512636196845,19.42545749414957,2.4463721663949386e-05,469.17790142949315,294.0007026872332,14.79037412349301,361.75812982319604,37.96563425126095,199.2569006514915,0.5219445401245425,346.13874524346085,362.2422271767841,327.6841884943994,34.55803868238473,10.550855713815352,360.4467298569876,361.66437969915995,362.1895676157282,14434798040.675104,14354922762.452679,346.6192498225128,247.7259319547724,6.744081267272863,35.80406900639595,5.920940443156334,2.2303828072817664,306.0387542877253,8.757282898841369e-11,-2.3983578858588965e-05,270,9.630030604057538e-07,True,4.48,conjugate_3D_benchmark_H1_type,4,k(T)_cubic_273_373K,3000,220,120
PAR_029,GateA_converged_v1,GRAIL-CHT-1.0,parallel,0,618.9247322077965,308.459823980049,288.5582366086826,3.637669881380784,0.0015725785126363555,0.00013104820938636297,29.970130599624447,0.6175092711914679,1.8279088836566384,5.198875,3.210353512265543,28.056939,10.698607448728422,57.25332536599543,92.71654376221211,0.000560571634265927,7.994968577107959,1.2610547435870445e-05,401.6245912027645,270.5760115407388,19.52314554924698,334.3794985402945,25.919674560245483,170.37982326011135,0.5213704387828815,323.706740149696,334.90547362263464,311.1893841262334,23.716089496401253,7.238703182327473,333.5865072796603,334.4707185289238,334.86023616614267,11013024545.984854,10980117032.90621,323.94900607125305,212.05778415505966,4.9022653902716655,31.71929052932229,5.056459387126262,2.245772196415175,288.1816364772347,8.278902896563523e-11,-2.565893637174583e-05,218,9.757586667547002e-07,True,4.48,conjugate_3D_benchmark_H1_type,4,k(T)_cubic_273_373K,3000,220,120
PAR_030,GateA_converged_v1,GRAIL-CHT-1.0,parallel,0,470.11640994774154,302.6023840379518,301.20681553418734,0.3056149554394315,0.004335434188787515,0.0003612861823989596,21.598768107164,0.8384744813914886,1.4859370968243448,5.198875,4.359124019444176,28.056939,19.725135130034353,119.63475447140088,142.68144961652416,0.0007395963045858774,17.742771361902285,7.715407980564813e-05,305.0618292299591,288.56009323766057,6.86133683066984,310.85262700953376,8.25024297158194,149.51185115926503,0.6023324835710633,307.88649639314843,311.63570305035404,303.9699864614032,7.665716588950829,2.325164418119065,311.1072854726167,311.43961191074425,311.60286168045553,8988994957.456612,8985920382.645685,307.91282921692806,161.0726458334184,1.370203032904329,9.229699173176682,0.9609380650556053,3.2779177510030384,297.54937931010323,8.298428610942209e-11,-2.8308334432835975e-05,95,8.722826123630512e-07,True,4.48,conjugate_3D_benchmark_H1_type,4,k(T)_cubic_273_373K,3000,220,120
PAR_031,GateA_converged_v1,GRAIL-CHT-1.0,parallel,0,655.7991262084852,296.6202907184971,298.6751857806534,1.2207335571072282,0.003870850152624984,0.000322570846052082,26.57660503869469,0.9284069807424187,1.2758472353159427,5.198875,4.826671842007242,28.056939,24.183384587392073,99.27474080085369,106.93019641177915,0.0007957691426019953,14.466876849979345,5.616761530867542e-05,425.5526435905694,284.9297463594676,10.338787517007468,309.8512061931447,13.230915474647645,214.07824515082586,0.6182552029623581,304.9677677956269,310.93634901665246,298.6909518887763,12.245397127876174,3.71505986644772,310.1138915681871,310.6281132045446,310.88823700016775,8657693248.961744,8649993155.83915,305.0356145752314,224.69179581582065,1.2331199206230261,8.475229155212464,0.9052500730720253,3.1944632054334776,295.4756451988602,7.28960003471002e-11,-2.1577963072487976e-05,101,9.451765095036535e-07,True,4.48,conjugate_3D_benchmark_H1_type,4,k(T)_cubic_273_373K,3000,220,120
PAR_032,GateA_converged_v1,GRAIL-CHT-1.0,parallel,0,819.5574545373693,326.2791836055744,285.9847573438376,4.971388242420731,0.0017684770724361067,0.00014737308936967555,34.06900665267826,0.4891669850265414,1.773092502709974,5.198875,2.5431180092798606,28.056939,6.713586109710769,87.14747889332234,178.1548664585241,0.00041415613872398135,10.732929362311049,1.9038053658298267e-05,531.8165691514805,266.9644342307593,24.591275321198776,355.20269046307436,28.923506857499945,213.8093354994973,0.4940982734677064,343.29940357637213,355.89227044558277,329.34699481628263,26.545275629300136,8.08729208220487,354.36747860927056,355.3841359917769,355.8383541303157,13935880017.93888,13889678572.956781,343.58452864799466,280.79914851198174,8.512967715205162,50.231619735681214,8.245277942605814,2.213651382270209,287.04078401184887,9.2551886154979e-11,-1.8654261606316384e-05,198,9.44326870921941e-07,True,4.48,conjugate_3D_benchmark_H1_type,4,k(T)_cubic_273_373K,3000,220,120
PAR_033,GateA_converged_v1,GRAIL-CHT-1.0,parallel,0,579.0553231501474,332.8947961003202,286.45234180833114,1.746344087842149,0.0024364679095118203,0.00020303899245931837,20.556175891957338,0.913510271340797,1.0258242067564085,5.198875,4.749225711916886,28.056939,23.413544097005033,118.03526761015274,129.21066277329038,0.00042127763506356474,5.0610724654608505,1.2368245385967135e-05,375.75305257939266,267.61943119371085,12.336107533800167,346.19328023745084,13.298484137130629,135.4375587532318,0.4429810377120295,340.7968588149598,346.71261813318796,334.4320625800631,12.280555553124884,3.7399828258286614,345.95363525969947,346.447359710225,346.674486109579,13498823794.598059,13489080068.8881,340.85838510123256,198.39761176191934,7.897124925101279,47.24498506837801,7.817995518254929,2.1941960515192576,287.88322283667503,1.031608576340659e-10,-2.6463547731235842e-05,151,9.985864153350121e-07,True,4.48,conjugate_3D_benchmark_H1_type,4,k(T)_cubic_273_373K,3000,220,120
PAR_034,GateA_converged_v1,GRAIL-CHT-1.0,parallel,0,594.3601219132995,326.9945405788925,296.0311937635885,2.842228210237338,0.0031453022545347062,0.00026210852121122554,21.712227390844223,0.6213962857512316,1.7104063420141242,5.198875,3.230561615084935,28.056939,10.833719676942843,138.33262427585888,222.6157887452173,0.0004640419759256347,13.43928718149812,4.2397813712442744e-05,385.6844436303934,281.15466409919856,16.500467198901884,339.0408844603674,12.046343881474911,158.3776609396882,0.5046733118770834,334.32719991032377,339.743569923317,328.5760742564236,11.167495666893387,3.3941778499714093,339.02145201050666,339.4815464464257,339.7007751666234,12501302481.259773,12493578329.007223,334.37886236503374,203.64138623684772,5.720672649107471,34.03384561571362,5.509258724035043,2.2385298385494865,296.20983115161584,9.154305757874682e-11,-2.538368923358549e-05,122,9.934317404258763e-07,True,4.48,conjugate_3D_benchmark_H1_type,4,k(T)_cubic_273_373K,3000,220,120
PAR_035,GateA_converged_v1,GRAIL-CHT-1.0,parallel,0,410.70690440714503,320.1420542511898,296.2981592874637,0.9875956476776576,0.002665405669300759,0.00022211713910839657,29.7908730579627,0.5361920901861852,1.2383548732189122,5.198875,2.787595652866704,28.056939,8.06642488615299,102.88428028298273,191.8795188628344,0.0005287298021239166,20.51334299496193,5.4840903425358615e-05,266.5105852181272,281.53507428982994,9.452863461175099,329.5716980180552,9.42964376686541,105.05939249478266,0.4844723086319461,325.81699316741555,330.02211075921997,321.295600295146,8.726510464073954,2.6533911184696755,329.4811829967744,329.83120918183084,329.9953071231918,11273730937.48293,11269247722.746868,325.8493930603698,140.71758899517116,4.345665844503845,27.06600300705757,4.246575803579707,2.2878431899975777,295.50349791644175,8.200800039048774e-11,-3.422084827566064e-05,139,9.322671417066886e-07,True,4.48,conjugate_3D_benchmark_H1_type,4,k(T)_cubic_273_373K,3000,220,120
PAR_036,GateA_converged_v1,GRAIL-CHT-1.0,parallel,0,724.3637728008248,328.54542615735176,284.2217641623046,2.959598059007493,0.004375715283514851,0.00036464294029290423,36.46722767851432,0.7041326473680166,0.7364006413203552,5.198875,3.6606976170853978,28.056939,13.910708497285976,194.4905567477099,276.212951458362,0.0004591663289162357,19.075574021971903,8.372044211610965e-05,470.0447227168647,264.49963307672726,16.946472624228473,338.87429334734725,10.328867189995492,188.920040863072,0.49395500041606255,335.1435882178291,339.8301108610347,330.2158714553106,9.614239405724106,2.907040179501258,339.16970585207486,339.58228366631425,339.7886674656423,12621751937.143932,12616057523.391888,335.18139962035775,248.18361359450458,7.174371418764448,44.7636407711587,7.32560733217847,2.204194706365307,285.0090186037273,8.044594324019271e-11,-1.885324673664961e-05,97,8.68512074703176e-07,True,4.48,conjugate_3D_benchmark_H1_type,4,k(T)_cubic_273_373K,3000,220,120
PAR_037,GateA_converged_v1,GRAIL-CHT-1.0,parallel,0,658.1298889177431,306.95255190810747,300.6576072828619,2.8824762853579693,0.0017186943461405665,0.00014322452884504722,21.522253270562796,0.8245673574504752,0.5691613145964778,5.198875,4.2868226204653395,28.056939,19.076230626286584,61.82711750581956,74.98128193794403,0.0005673344371502838,6.593077042440517,1.1365580979450035e-05,427.0650918279459,287.77123000765647,16.653409884360283,334.5085525819332,27.556000673825736,197.9662319022627,0.5696991605805927,323.15014442752306,335.1409608254711,309.90587835694924,25.235082468521853,7.705542845860821,333.6963056220616,334.6608427249144,335.08325321796764,10941955819.668907,10904792784.952972,323.4251134963769,225.49036848515544,3.414138145751252,20.874278396080868,3.2357736212780224,2.3176152260298597,299.7712828031412,8.887454328032616e-11,-2.376164346419206e-05,199,9.831035754359618e-07,True,4.48,conjugate_3D_benchmark_H1_type,4,k(T)_cubic_273_373K,3000,220,120
PAR_038,GateA_converged_v1,GRAIL-CHT-1.0,parallel,0,969.5017450068754,310.2364778902219,309.27629426195597,1.503492704081898,0.004398783510533091,0.0003665652925444243,27.44244315317582,0.6878851094786527,1.136876073865622,5.198875,3.5762286985408305,28.056939,13.276148600906486,153.05045175057307,222.49420672380862,0.0005865667886188035,22.504107474231855,9.928856256460941e-05,629.1164688471764,300.23341575580815,11.413272275511211,327.4476161979784,17.21113830775647,316.4597383920738,0.6182098879381109,321.26980003994345,329.09206983606106,313.08012965956567,16.011940176495386,4.84554019403079,327.9900652101083,328.67385456190686,329.0226776363047,10667725817.149527,10653188507.858952,321.37934495205326,332.17349555130914,2.0078372486861733,11.980585428790963,1.7253842629429146,2.4814182159561113,307.85173386279706,8.487177183269523e-11,-1.4986501144140461e-05,94,9.324771212959604e-07,True,4.48,conjugate_3D_benchmark_H1_type,4,k(T)_cubic_273_373K,3000,220,120
PAR_039,GateA_converged_v1,GRAIL-CHT-1.0,parallel,0,490.97741315638746,308.9782780362449,300.00981062917305,0.8255660325588331,0.004167247376564268,0.000347270614713689,26.13694728558865,0.8071372894371404,0.6826332099655632,5.198875,4.196205875622513,28.056939,18.278270996719304,130.8096698701119,162.06619565468526,0.0006501729983352849,18.722847763634903,7.8257510757091e-05,318.5986802390719,286.84168364520804,8.837150923723566,317.5244756570163,8.546197620771409,148.86701998969446,0.5742527172569537,314.4118530045152,318.2863919530726,310.3439176441101,7.942474308962517,2.4062140194226402,317.7445861754756,318.0842975130669,318.25356795454786,9775707776.105305,9772274114.502138,314.4394679095681,168.22010316622996,2.297147791916313,14.984108824914564,2.071876040970399,2.5450256058808147,297.6298881319892,7.80703146574524e-11,-2.941459720851236e-05,98,9.448395417166466e-07,True,4.48,conjugate_3D_benchmark_H1_type,4,k(T)_cubic_273_373K,3000,220,120
PAR_040,GateA_converged_v1,GRAIL-CHT-1.0,parallel,0,815.8476947248176,325.35193455815187,294.42282505480074,2.4195100375647853,0.00441984712507604,0.0003683205937563367,25.159633795530585,0.645257927335211,1.5183819399680023,5.198875,3.3546153069748454,28.056939,11.681725194453719,190.39233158850104,295.06391711417496,0.000473780620945158,18.779950508719136,8.325427308428544e-05,529.4092800407971,278.86646473106765,14.894138142746183,337.9901569891354,12.638222430983546,233.49066630459436,0.5420339775312926,333.41963450897356,339.1725601468411,327.3940966148008,11.778463532040291,3.56237444013776,338.3582135872477,338.866882287218,339.12132733488704,12366932653.248684,12358469337.818802,333.4767028861743,279.52809986154085,5.7593119300019255,34.66809110960944,5.610076201464398,2.2358780174524884,294.59192082929053,8.295174325212429e-11,-1.6343304767944686e-05,96,8.48537354158907e-07,True,4.48,conjugate_3D_benchmark_H1_type,4,k(T)_cubic_273_373K,3000,220,120
PAR_041,GateA_converged_v1,GRAIL-CHT-1.0,parallel,0,779.8499430685895,306.76166915060537,286.03677296093764,1.9082136365869848,0.0013529015806768116,0.0001127417983897343,32.50776152332047,0.8547083910787595,1.3029267184809685,5.198875,4.443522086669587,28.056939,20.4963355904654,53.1350916728091,62.167509091311594,0.0005196420256521585,3.83548988216358,5.204654287110356e-06,506.0500870068092,267.0372717728001,12.951211819030542,345.0404831296971,38.27881397909175,216.4716159839619,0.5257218069011093,329.2807449466869,345.62353505713145,310.74230436127255,34.8812306958589,10.646498336316258,343.76422948221835,345.01543683536147,345.56065363679954,11829765727.875252,11756156055.709557,329.79497644352176,267.19444593959525,6.091307583742385,38.410508848621,6.221072479766305,2.221488022809768,286.2615825950627,8.506702897648212e-11,-2.2065015659635192e-05,245,9.980994377656316e-07,True,4.48,conjugate_3D_benchmark_H1_type,4,k(T)_cubic_273_373K,3000,220,120
PAR_042,GateA_converged_v1,GRAIL-CHT-1.0,parallel,0,869.7658698174889,313.2634633102325,302.47416790926746,2.473346351499189,0.0019047284888435835,0.00015872737407029864,35.296107727784,0.8113966517710781,1.5578514606237859,5.198875,4.218349767976363,28.056939,18.471693359923535,79.56263363895044,98.05639876043968,0.0004885887063792264,5.408988364527346,1.0333655199336708e-05,564.3971612856571,290.3832180003473,15.098716135696918,346.155969697413,32.892506387180504,261.8824088578528,0.5702562355311876,332.6655679023356,347.0573815937758,316.8673569862257,30.19002460755013,9.200892793685169,345.2898012209953,346.4653096276274,346.989218180561,12303201170.57982,12247047677.307104,333.04623720550114,298.00170115882696,4.701102577808466,27.074909164514917,4.34333108171443,2.265802532699149,302.3420978958829,8.52948289775668e-11,-1.6953951419528815e-05,181,9.32243665374699e-07,True,4.48,conjugate_3D_benchmark_H1_type,4,k(T)_cubic_273_373K,3000,220,120
PAR_043,GateA_converged_v1,GRAIL-CHT-1.0,parallel,0,403.4113645979184,311.7820829515005,292.0568649838342,2.7891417862930625,0.0015145289118908356,0.00012621074265756964,33.088814697795925,0.5903226114236678,1.345063151913,5.198875,3.069013466465221,28.056939,9.777304143074534,53.71004917090355,90.98423155666056,0.0005754949478293158,9.869762789135713,1.4993020158124746e-05,261.7764583671414,275.51180138159435,16.29873878791364,328.0512655152099,16.269182563709364,102.99581598807467,0.4835457065151655,321.35204188254033,328.3616659719931,313.48524983559844,14.876416136394653,4.538286610636334,327.54207796525185,328.0920832505062,328.3336466605418,10676852855.835669,10664101134.361225,321.44806393515614,138.21797001785066,4.144599604840215,26.86320746293267,4.214400537824892,2.2771197213470398,291.2656744332647,8.17151146748074e-11,-3.87618352224333e-05,230,9.555088240631449e-07,True,4.48,conjugate_3D_benchmark_H1_type,4,k(T)_cubic_273_373K,3000,220,120
PAR_044,GateA_converged_v1,GRAIL-CHT-1.0,parallel,0,407.1103843616275,292.59571952535975,285.5252012208292,0.9052673843098158,0.004297860498504322,0.0003581550415420268,33.95485951785578,0.5253587897373839,1.9745618709378565,5.198875,2.731274677995942,28.056939,7.743767292511268,93.73792994401728,178.42649970865614,0.000935742712150687,48.03634026765335,0.00020707471346946826,264.17677818495054,266.3212049804733,9.1400160603773,299.41259909889595,6.816879573536198,122.46562930823805,0.5697287238549564,297.0021013590021,300.0832484830348,293.7612156390143,6.322032844020498,1.91410074474516,299.6542537211343,299.92318810610305,300.0563903232423,7782986766.470147,7781047889.563188,297.0206013323621,139.4853388816539,1.7628724874464552,13.6058182285635,1.6510654392742246,2.808624109857541,281.763800153256,7.191971462816582e-11,-3.339553010810142e-05,94,9.041217481353669e-07,True,4.48,conjugate_3D_benchmark_H1_type,4,k(T)_cubic_273_373K,3000,220,120
PAR_045,GateA_converged_v1,GRAIL-CHT-1.0,parallel,0,506.9897909791295,328.0718185107346,303.4332431436064,2.705642686347121,0.00418952867827738,0.00034912738985644836,33.25382599592861,0.7819796529205675,1.0773170684353048,5.198875,4.065414468077416,28.056939,17.156598725388914,181.44972197710652,232.03893004046998,0.0004712250373942157,13.319034639763409,5.5968382738474056e-05,328.9892242948939,291.76541868091874,15.98144220811906,335.9680273629244,7.896208852189773,138.28022456213208,0.5165673340191355,333.0880142041295,336.6658669385905,329.312945467503,7.352921471087484,2.2221126627574175,336.16531630133727,336.4789136925133,336.6354467501181,12312662133.467556,12309375538.95098,333.1102455440856,173.70631042770398,4.583096072596349,26.576904915334502,4.266131709621542,2.262531700445462,303.3223010795687,8.483922897539743e-11,-2.6960437058301682e-05,100,8.773812396611902e-07,True,4.48,conjugate_3D_benchmark_H1_type,4,k(T)_cubic_273_373K,3000,220,120
PAR_046,GateA_converged_v1,GRAIL-CHT-1.0,parallel,0,519.429501557912,330.85869739746215,298.9358113391366,1.1223309006793645,0.002690484201381819,0.00022420701678181826,25.576727561677338,0.361488278186669,1.1803064659210583,5.198875,1.8793323722577193,28.056939,3.6663061415480453,125.12034191891114,346.1255854451253,0.0004388559801572979,45.564058203388214,0.0001229582535075804,337.06143956743995,285.302774528696,9.964857422581584,342.60430542485324,11.745608027391086,132.0937384432742,0.48163905627249176,337.9116855086985,343.16129789212664,332.27945626293956,10.881841629187079,3.3112063159763534,342.4857440100716,342.92206434317615,343.12756983303024,13045565378.43864,13038056011.50434,337.96033070088566,177.9684400916083,5.956711016804421,34.31097676884574,5.607064454000681,2.2291714166310643,299.483934242009,8.22032575342746e-11,-2.842712826640888e-05,139,9.68438939707994e-07,True,4.48,conjugate_3D_benchmark_H1_type,4,k(T)_cubic_273_373K,3000,220,120
PAR_047,GateA_converged_v1,GRAIL-CHT-1.0,parallel,0,434.9156509085758,322.5566745201821,312.212011826538,0.12725248327003338,0.004276363943564164,0.0003563636619636804,36.094862609983096,0.6261101430217562,0.8140189959446189,5.198875,3.255068369802233,28.056939,10.998710393541787,168.76608422697726,269.54695768458896,0.0005171410136019765,27.050027610792664,0.00011602383424995873,282.21981028413114,304.51836505044434,6.183559436426127,329.8308319798926,7.274157459710466,130.02702876454907,0.5662323522724584,327.1935027639085,330.4940666413479,323.72364721063525,6.77041943071265,2.0482200618878497,330.03063750599284,330.3206759712012,330.4654513531373,11463593393.798634,11460898975.74962,327.21273158638803,149.01205983002126,2.492091767741261,14.337752859119131,2.15523543968296,2.400061407798168,311.1354463493277,8.776808613220055e-11,-3.288396336728618e-05,98,9.193532264362148e-07,True,4.48,conjugate_3D_benchmark_H1_type,4,k(T)_cubic_273_373K,3000,220,120
PAR_048,GateA_converged_v1,GRAIL-CHT-1.0,parallel,0,938.7686621181698,312.7447562790327,304.1210819057889,1.1717093838419304,0.00370576664262986,0.0003088138868858217,36.92648287942697,0.38298232699126317,0.948131022028728,5.198875,1.9910772452367034,28.056939,4.115264512229664,136.98854228518718,357.688939229596,0.0005520943725750185,79.21514112829226,0.0002944361359924194,609.1735562291151,292.75806496329017,10.152495658599335,331.86109275960604,19.116336480573352,296.11405100660755,0.5974017763172821,324.6809905597518,333.29431111626735,315.59062005786615,17.703691058401205,5.367550334292448,332.12049540151975,332.8558616194012,333.2247559796124,11131118610.39992,11112901093.893051,324.8139722312657,321.6436376889728,3.2177273468352414,19.354162531786365,2.9577459248153226,2.351736612380439,303.00463465892307,8.321208611050677e-11,-1.527189284997631e-05,106,9.378741196996998e-07,True,4.48,conjugate_3D_benchmark_H1_type,4,k(T)_cubic_273_373K,3000,220,120
PAR_049,GateA_converged_v1,GRAIL-CHT-1.0,parallel,0,744.1663692835425,290.8408288575277,289.53154926421473,4.621950134602884,0.0021854694041808878,0.0001821224503484073,27.969645651978194,0.4449839761600678,0.7081933959452977,5.198875,2.3134160690591723,28.056939,5.555575226568418,56.55343267608983,127.09094193483195,0.0007886880437522874,54.05419924386541,0.00011848926641420816,482.89476619267566,271.94615267854357,23.26341051149096,316.4676354803475,25.6268066228198,234.10759552831718,0.5958151508759876,306.1239431093559,317.39640368620394,293.880429693309,23.515973992894942,7.171699042689004,315.9897149219504,316.92153734175207,317.3365924384,8810810638.165993,8781914306.161654,306.3754533343182,254.96843654973276,2.29903248277996,16.174875466335862,2.3869797334404796,2.381161450837643,288.0083384334082,7.803777180015459e-11,-1.8300751792228972e-05,156,9.120281561081356e-07,True,4.48,conjugate_3D_benchmark_H1_type,4,k(T)_cubic_273_373K,3000,220,120
PAR_050,GateA_converged_v1,GRAIL-CHT-1.0,parallel,0,946.0517563959519,314.6546171857806,290.694913322091,0.4013355600521526,0.0012058388333087311,0.00010048656944239427,23.1941079131769,0.9906510268750374,1.1029922924825484,5.198875,5.15027085734496,28.056939,27.53478413165473,59.28870006805163,59.84821946339176,0.00041508480423307914,2.0957016844178646,2.5346825216665803e-06,613.8996070876278,273.58685455320847,7.2250751281981795,366.5111371800417,51.856519994261134,261.3779312798025,0.5232630851435307,345.140196208498,367.1079719216857,319.9714143846886,47.13655753699709,14.405456332099053,364.6743526413467,366.32766872505425,367.0412194463981,14337949095.045013,14189992523.533525,346.0363787769203,324.1389925422675,8.305832233330149,46.62268007095387,7.832491685299781,2.1832129438729106,292.9235319840091,1.0257508620270529e-10,1.7669235262588812e-05,264,9.58676992013352e-07,True,4.48,conjugate_3D_benchmark_H1_type,4,k(T)_cubic_273_373K,3000,220,120
PAR_051,GateA_converged_v1,GRAIL-CHT-1.0,parallel,0,602.2517194113565,311.159284433603,294.7815903088029,1.6511668535070043,0.0031943509018916363,0.0002661959084909697,23.044657277721473,0.4993332297802373,1.9395399635080806,5.198875,2.5959710449737314,28.056939,6.995539692241914,109.00545744622754,218.30202947679282,0.0005980725602030482,25.513873883661926,8.174550255870105e-05,390.80535648806506,279.3763338442246,11.974434043326617,324.3601519256352,13.200867492032216,176.2630884519069,0.5543057763999061,319.24027453526577,325.18302690508585,312.948186342525,12.234840562560862,3.716284434721959,324.3907534470337,324.8904220765779,325.13607494377567,10394978196.780054,10386535324.040026,319.3051297473243,206.34522822569835,3.5473063222789967,23.01625575068938,3.5186232981254677,2.3293873474163598,293.46243215448305,7.790760037096334e-11,-2.2097580244380256e-05,119,8.89008333615493e-07,True,4.48,conjugate_3D_benchmark_H1_type,4,k(T)_cubic_273_373K,3000,220,120
PAR_052,GateA_converged_v1,GRAIL-CHT-1.0,parallel,0,866.1545675969296,314.9107665076464,294.2312382309998,3.920820950692851,0.002482337431213045,0.00020686145260108709,30.16716640500593,0.8696339233518403,1.4335014347606192,5.198875,4.521118063265799,28.056939,21.21842936614473,99.57332222977998,114.50027368526904,0.0005087885341462883,6.588684518331006,1.640455185788059e-05,562.0537619956207,278.59431303344206,20.599119612632833,339.46601345704386,24.555246949397485,254.78942809500774,0.5571242744435703,329.60077640477175,340.50338240754206,317.84628868296784,22.657093724574224,6.890723178049892,339.11099850062163,340.0189763813176,340.4401247230076,11832857463.271652,11801926461.221077,329.81652249331455,296.76438633368775,5.183616775305575,31.70313153911479,5.088257402150924,2.247641079638076,294.09377054574765,7.764725751258084e-11,-1.5998513792825903e-05,145,9.105837079914636e-07,True,4.48,conjugate_3D_benchmark_H1_type,4,k(T)_cubic_273_373K,3000,220,120
PAR_053,GateA_converged_v1,GRAIL-CHT-1.0,parallel,0,487.4752547849894,329.49880162174867,307.0299739486133,3.8276700837653372,0.0033027374125444197,0.00027522811771203497,31.738506221770237,0.8759544709847902,0.6681874268396631,5.198875,4.553977800341051,28.056939,21.527983667009053,148.1637026782437,169.14543801765285,0.00045493748291304347,8.519360971968542,2.8221877846631188e-05,316.32610515676305,296.9684015485935,20.24514631830828,339.14171150323176,9.642909881483092,133.12463678712027,0.5172159846887149,335.4278666925686,339.76117571749614,330.8084796456758,8.952696071820355,2.7117775407742273,339.17695811474124,339.54750027476115,339.72703027047754,12663880537.67755,12658917235.145187,335.46074046102683,167.0201835227709,4.493367193405015,25.316913870493497,4.08531734991861,2.260594186356562,307.07332360830156,8.461142897431273e-11,-3.0941270327202254e-05,118,9.891157901620318e-07,True,4.48,conjugate_3D_benchmark_H1_type,4,k(T)_cubic_273_373K,3000,220,120
PAR_054,GateA_converged_v1,GRAIL-CHT-1.0,parallel,0,857.9231859787683,304.0073605933861,287.5237770299491,4.928132681844895,0.0010420916260504278,8.684096883753566e-05,23.385168888239434,0.9363016776952913,1.8480371831785234,5.198875,4.867715384628108,28.056939,24.59641947743408,44.54769426965002,47.57835570614833,0.0004774195209436686,2.24867916382696,2.350380868904868e-06,556.7123608439246,269.1223243489409,24.4269041910106,358.35198433282267,54.34462373943654,236.7220831964635,0.5225844062830541,336.2371999991685,358.8227863035171,309.7615259743884,49.061260329128686,15.003299859315405,356.4372304293269,358.06781768648443,358.76526525592385,12933739499.639679,12781535829.121153,337.23374651614847,293.9441265255922,7.202867284168846,43.011207648437335,7.007907024102565,2.22474783041263,288.06532776337605,9.14779718641512e-11,2.0878940725214932e-05,324,9.528444593343011e-07,True,4.48,conjugate_3D_benchmark_H1_type,4,k(T)_cubic_273_373K,3000,220,120
PAR_055,GateA_converged_v1,GRAIL-CHT-1.0,parallel,0,849.0316169448743,306.3072413396251,296.7120410053293,4.381966459521962,0.0020932231152168725,0.00017443525960140604,34.74491404411993,0.8044373437494027,1.5389022466247435,5.198875,4.1821691954851765,28.056939,18.156190654315868,75.74319487411779,94.15673633584224,0.0005640159674451054,6.9832930304761796,1.4661575117076852e-05,550.9425594568474,282.12517026839697,22.351472546183455,335.82677141741004,29.519530077784964,258.28622412428547,0.5761604691955835,323.8134411664165,336.7844047093389,309.67518286788135,27.109221841457554,8.258583058790366,335.1686998309032,336.2397953354651,336.71642584538466,11037473460.812376,10994601365.871342,324.1286482890321,290.8976713932155,3.9878524528921444,24.72484193482686,3.8988040867484317,2.2790005058368186,296.12200928498885,8.383040039916525e-11,-1.760259446884702e-05,165,9.69565689956653e-07,True,4.48,conjugate_3D_benchmark_H1_type,4,k(T)_cubic_273_373K,3000,220,120
PAR_056,GateA_converged_v1,GRAIL-CHT-1.0,parallel,0,985.4120554402151,311.6481912436658,291.6735362494474,4.030944518965462,0.0020233156310307324,0.0001686096359192277,29.380230195502392,0.6697996694230057,1.7687145819975836,5.198875,3.4822047563715293,28.056939,12.587229354967342,83.29868205670635,124.36357594572034,0.0004957297737662099,7.92662072412068,1.6086314556033617e-05,639.4407806595435,274.96955974460997,21.017589172068753,345.9495826238417,34.301391380175914,290.10262282466135,0.557570594574588,331.92872440482313,346.9992618878837,315.4614727274126,31.53778916047105,9.61169706831598,345.13835322538836,346.3738258190449,346.9219938048197,12199911250.038404,12138900393.848589,332.3450141328176,337.624732188239,5.8961062645047315,35.83494854425992,5.791106406315998,2.235835904166719,291.7941488551174,8.321208611050679e-11,-1.535773242850476e-05,170,9.663326636655256e-07,True,4.48,conjugate_3D_benchmark_H1_type,4,k(T)_cubic_273_373K,3000,220,120
PAR_057,GateA_converged_v1,GRAIL-CHT-1.0,parallel,0,498.5441645033722,302.9148890706814,286.88420254366304,4.848086826932395,0.002750560023139945,0.00022921333526166208,25.265965454043382,0.36874343464132736,1.8718770604771104,5.198875,1.9170510237709313,28.056939,3.8149502703490565,79.63984690704962,215.9763115091511,0.0007048719155682605,51.37703554750689,0.00014174084261224905,323.5087981553897,268.22486108735967,24.1227299423431,315.2925296629571,12.377640592275725,142.30995338653477,0.5406269816374792,310.4041357781631,315.9294550950001,304.4951859192622,11.434269175737882,3.4819367049419374,315.22233264399006,315.6756929834039,315.89250966076764,9290469420.529205,9283462691.357155,310.4626888871601,170.81264542604575,3.122463357334273,21.99670147064033,3.383574696128921,2.2951753624780253,285.76817806421934,8.031577181100146e-11,-2.7799225536002545e-05,132,9.373320608574431e-07,True,4.48,conjugate_3D_benchmark_H1_type,4,k(T)_cubic_273_373K,3000,220,120
PAR_058,GateA_converged_v1,GRAIL-CHT-1.0,parallel,0,633.3254159472383,309.7008713570577,293.6333232167413,4.692361696259868,0.0030819250482765443,0.0002568270873563787,32.61491306637416,0.4022292711423572,1.5492623498280758,5.198875,2.091139702010222,28.056939,4.5392868927264844,103.64214699980477,257.6693304926674,0.0006068832744179407,46.12460745981687,0.00014258032404446618,410.9692956860745,277.74553639141874,23.5309744457875,324.20612622572816,14.505254868670477,186.86317274161368,0.5588083396314033,318.57764249804893,325.06223525083044,311.65488977109595,13.407345479734488,4.06835610102711,324.21103065224145,324.7512923769227,325.0118303637064,10310643960.379438,10300568071.47461,318.6555211185863,216.99178812224733,3.526128605387729,23.0140451971115,3.5884866972577325,2.2875657944689007,292.80227590230805,8.181274324670083e-11,-2.079300958865088e-05,122,8.797956070338842e-07,True,4.48,conjugate_3D_benchmark_H1_type,4,k(T)_cubic_273_373K,3000,220,120
PAR_059,GateA_converged_v1,GRAIL-CHT-1.0,parallel,0,775.6712950828678,325.92764931204005,302.02246752963833,3.213236161196484,0.004251872695119284,0.00035432272459327363,29.115092025343156,0.9187707174299194,0.7256619889046358,5.198875,4.776574113578473,28.056939,23.683974140248566,185.03714063542913,201.3964279935196,0.00046896544248494447,9.996527391011275,4.2631857432149294e-05,503.3385330783385,289.7329944001359,17.910297412546637,338.73443129049696,12.806781978456911,227.612731615365,0.5557569574911754,334.0607124186318,339.8704485305983,327.9485576425558,11.921890888042526,3.6055330628507396,339.05418897864587,339.5651375148463,339.82039134065207,12462494901.077366,12453792110.459377,334.11905807881,265.76274546536274,4.9334794299553115,28.607568064521438,4.609017960806477,2.2552363389502212,302.0206886870281,8.405820040024991e-11,-1.9417802667671733e-05,98,9.630241493141511e-07,True,4.48,conjugate_3D_benchmark_H1_type,4,k(T)_cubic_273_373K,3000,220,120
PAR_060,GateA_converged_v1,GRAIL-CHT-1.0,parallel,0,896.9246727748694,288.7218265728315,309.0321513738707,0.8417747591941344,0.002305335259602569,0.0001921112716335474,31.322497819028527,0.9071850603213625,1.5757798322783383,5.198875,4.716341730478224,28.056939,23.090432470518124,60.82736057101563,67.05066389592886,0.0007734898478711874,8.566448754959719,1.9807960245122534e-05,582.0206986363221,299.87797927259834,8.89874408493771,320.4236131677997,31.701786594968212,305.4879700764649,0.6450661002695147,307.68316991400513,321.67699568577564,292.5773479575195,29.099647728256116,8.864501778886634,319.9141657653762,321.0728160083598,321.6009817512875,9006806394.677864,8962206884.509293,308.06524613300155,307.3069288799781,0.31402795781896076,1.6990437126929876,-0.19406430654543622,-2.553776932019344,305.78026783043975,8.47741432608018e-11,-1.5801938948602422e-05,147,9.496116035734303e-07,True,4.48,conjugate_3D_benchmark_H1_type,4,k(T)_cubic_273_373K,3000,220,120
PAR_061,GateA_converged_v1,GRAIL-CHT-1.0,parallel,0,458.32416957821846,329.043545766585,300.358446700877,2.650229725904891,0.001844656080857035,0.00015372134007141957,24.740659506760736,0.954943896646243,0.977437593547267,5.198875,4.964633950676737,28.056939,25.5856233709922,85.32362798586303,89.34936207825305,0.00044123056709248574,3.6771748691537547,6.803533583509674e-06,297.40976190849295,287.3418293153651,15.770872958438584,343.68874332932324,14.645197562738247,112.92417445093334,0.466638149843868,337.65315305442226,344.06137575150007,330.5964982670484,13.464877484451677,4.103722030604152,343.2780916266412,343.7994076761358,344.02948346938297,13009714374.055834,12998200696.167847,337.72790068759167,157.03235428768429,5.756334481090638,32.98668465323626,5.365211859203503,2.239948441901183,300.7085880102039,8.428600040133461e-11,-3.257722250066474e-05,194,9.393884283781517e-07,True,4.48,conjugate_3D_benchmark_H1_type,4,k(T)_cubic_273_373K,3000,220,120
PAR_062,GateA_converged_v1,GRAIL-CHT-1.0,parallel,0,678.7239024742914,289.0412026610334,308.43631030865515,0.2993414894685484,0.001591543010221549,0.0001326285841851291,33.78073126155855,0.7534350112665574,1.526605253659604,5.198875,3.917014444198424,28.056939,15.926923092162884,43.419545043399054,57.62878601886165,0.0007480878618181025,7.937503840401229,1.267089143008754e-05,440.42869138288495,299.0111109291653,6.8374976599804835,323.3051633709954,34.263960709961964,227.94613077246325,0.6360703596738017,309.2161675220741,324.0307489348507,292.7689103967359,31.261838538114773,9.547814884675207,322.27439971338947,323.4513842100951,323.9704205589816,9194387985.459488,9142159049.024502,309.65686066266625,232.54634905016326,0.6535519320061662,3.834528729609426,0.11219016259992488,11.171961311558194,304.9215559976303,8.06412003839796e-11,-2.2596147271996744e-05,206,9.634858315621386e-07,True,4.48,conjugate_3D_benchmark_H1_type,4,k(T)_cubic_273_373K,3000,220,120
PAR_063,GateA_converged_v1,GRAIL-CHT-1.0,parallel,0,972.4084396183811,326.6163252559445,290.98794372316127,3.6955693561476988,0.0037515244268707124,0.0003126270355725594,28.196372413349547,0.8597666323960461,1.6520891035954854,5.198875,4.469819250997995,28.056939,20.73965177371182,171.28782150749743,199.22594696440228,0.00044699306964969917,8.749656972114565,3.292332182309672e-05,631.0026433274447,274.0006361262021,19.743163553361256,344.36999663912553,17.75367138318103,278.40192717747175,0.5422375575401096,337.6691553301799,345.6914416402933,329.200474451008,16.4909671892853,4.9961139634108545,344.58520873532524,345.2809172602788,345.62632361757323,13017736671.189142,13000664947.747192,337.77995270055317,333.1693956768908,6.896272479701129,41.1556890041801,6.715553348019758,2.222013151042317,291.57543462626,8.435108611593023e-11,-1.390658401637255e-05,107,8.759749903219927e-07,True,4.48,conjugate_3D_benchmark_H1_type,4,k(T)_cubic_273_373K,3000,220,120
PAR_064,GateA_converged_v1,GRAIL-CHT-1.0,parallel,0,669.0608120745724,307.4246590172195,310.8266279883379,0.7989999166557895,0.0019742119929022778,0.0001645176660751898,20.45052530281511,0.7322691191785964,1.6295192870175887,5.198875,3.806975616969625,28.056939,15.044637481556338,70.5672772643212,96.36795464415896,0.0005709655716509734,7.777039312105936,1.5399723449580762e-05,434.15824438087446,302.4937481526803,8.736199683292,333.3074640380035,25.88280502078402,213.59024226268934,0.6046191417608813,322.6808651754192,334.0586700494778,310.28992768890475,23.76874236057307,7.256727163014042,332.65236703145325,333.58589495938594,334.00034016191927,10874458684.940247,10841586790.50237,322.9251811700599,229.23555303310172,2.0430274673696167,11.896982047559767,1.7053491006209185,2.4996353566132736,309.356433462854,8.754028613111586e-11,-2.0871604464707536e-05,176,9.026377938425867e-07,True,4.48,conjugate_3D_benchmark_H1_type,4,k(T)_cubic_273_373K,3000,220,120
PAR_065,GateA_converged_v1,GRAIL-CHT-1.0,parallel,0,648.9930926631724,313.6999522635069,283.68879330065494,0.45874124361804186,0.0012306058071204667,0.00010255048392670555,34.280078662665765,0.9406859729799403,0.7118612023516874,5.198875,4.8905087877760876,28.056939,24.827307550704376,51.48109077001263,54.727180216080924,0.00048785495140049346,2.8506786504758366,3.5186175541724165e-06,421.13616078078115,263.7559998949085,7.4432167257485595,345.90917019284933,32.20921792934246,165.6820356194283,0.4835055067228012,332.6566091779563,346.31833457011,317.01558929596297,29.302745274147014,8.949310518834102,344.80092672854494,345.82735146895044,346.27132001148357,12298817818.208353,12245728472.638014,333.0165690305888,222.35989289225245,6.82189756623366,42.81151400627679,7.044503956503637,2.1921424251808372,284.7083906627263,8.906980042411305e-11,-2.6199054678073376e-05,279,9.5530049293302e-07,True,4.48,conjugate_3D_benchmark_H1_type,4,k(T)_cubic_273_373K,3000,220,120
PAR_066,GateA_converged_v1,GRAIL-CHT-1.0,parallel,0,623.9176492141837,290.31235534729996,299.21686136363166,4.0906953888072515,0.0033777622678429395,0.00028148018898691165,30.996873141786853,0.5315318183990226,0.8387462478725332,5.198875,2.763367482379219,28.056939,7.926816823301814,76.76815630308172,144.42814831726898,0.000897981659188964,54.88515359100314,0.00018594684138862068,404.8645299986283,285.70521809254103,21.244642477467554,305.2498667362532,14.937511388953226,210.90341460243602,0.6402099471540416,299.6164717492423,306.30141399471927,292.51491368452645,13.786500310192821,4.1832408211199805,305.40777896218736,305.9723860829886,306.24911684573846,8068081037.7548275,8058658311.958526,299.7040163096011,213.76847183927575,0.35794871697524444,2.4496686606670055,0.0574879008193424,13.578838193732917,296.87288159696806,7.185462891357018e-11,-2.2473670437242625e-05,110,9.555566293784068e-07,True,4.48,conjugate_3D_benchmark_H1_type,4,k(T)_cubic_273_373K,3000,220,120
PAR_067,GateA_converged_v1,GRAIL-CHT-1.0,parallel,0,610.9926881155436,315.7110919008211,289.7658278542958,2.2434327763784983,0.00244724580813314,0.00020393715067776167,23.855069242254956,0.7248802101971221,1.4517265423259404,5.198875,3.7685616027885636,28.056939,14.742555608452124,92.91635406814358,128.18166748251565,0.0005375327508057333,9.557352530337367,2.3459569625595567e-05,396.477432266993,272.27629311324387,14.225044550238295,332.03535858967774,16.324266688856653,166.98888168113493,0.5176278333890262,325.4515814472528,332.7022360135749,317.642692492668,15.059543520906914,4.5835712579391625,331.7752490609053,332.3821839143838,332.65849397999887,11232123467.202557,11218777760.2113,325.54832650543824,209.3400842369723,5.024021083728406,32.193480899165905,5.133748113379268,2.2476927856453526,289.3953920610803,8.174765753210523e-11,-2.2709667088297825e-05,148,9.174017350233044e-07,True,4.48,conjugate_3D_benchmark_H1_type,4,k(T)_cubic_273_373K,3000,220,120
PAR_068,GateA_converged_v1,GRAIL-CHT-1.0,parallel,0,522.3706289273963,332.0387752991311,288.33995168947916,0.6914402749313582,0.0023373925585374513,0.00019478271321145428,30.856270422065272,0.8183561372415897,0.7588139576633441,5.198875,4.25453126300187,28.056939,18.789921919734084,111.02777510856164,135.67170826481473,0.0004296546506892002,6.580228494685612,1.542685769002432e-05,338.9699577053899,270.26904668492426,8.327473044739161,344.32001776830924,12.281242469178153,119.99143428447371,0.43504839618048446,339.34680152649906,344.79435484062094,333.44133110558334,11.353023735037596,3.4521074322000973,344.1048191124477,344.5581761492993,344.7644739931135,13269193327.822613,13260962307.036695,339.3994470398279,178.9761376684459,7.4040357982910905,44.242878572766756,7.337839130624414,2.1901657078547014,289.795477337432,8.981828614196275e-11,-2.8002453700755053e-05,157,9.497317705609021e-07,True,4.48,conjugate_3D_benchmark_H1_type,4,k(T)_cubic_273_373K,3000,220,120
PAR_069,GateA_converged_v1,GRAIL-CHT-1.0,parallel,0,950.3622866703126,295.7814849782505,286.2211673831104,2.115864048942399,0.001486082338015767,0.00012384019483464726,27.604291821167436,0.44587207115821836,1.3931652955181915,5.198875,2.3180331639426823,28.056939,5.577772889092424,51.41103192033939,115.3044454809463,0.0005899375613685306,18.211411130807846,2.714509170695816e-05,616.6967403563724,267.29553289306335,13.740283385981115,341.2613403652876,45.479855387037105,282.51286507346197,0.5630087093754081,322.51760154978683,342.0863579853925,300.6063030818909,41.48005490350158,12.678304953908913,339.8045731423712,341.3371305493602,342.00853821196284,10919798314.636406,10819661798.237331,323.261254720796,325.61587890816463,5.063008056020293,32.81846260999269,5.221600545444155,2.2491051193675213,285.76144253314646,8.444871468782368e-11,-1.762099399751621e-05,210,9.860241902970301e-07,True,4.48,conjugate_3D_benchmark_H1_type,4,k(T)_cubic_273_373K,3000,220,120
PAR_070,GateA_converged_v1,GRAIL-CHT-1.0,parallel,0,993.9093817115624,317.4956586458829,301.49548110473756,0.5959332915090165,0.003504414887031993,0.00029203457391933273,27.857231392334754,0.8807695609541049,1.1979703487290403,5.198875,4.579010851205273,28.056939,21.765311261147527,142.27539604339836,161.53532359732858,0.000502695746415278,9.184715771688214,3.2283906402669726e-05,644.9547551583047,288.975010731658,7.964546507734263,338.366656224014,20.870997578131096,305.72785271164713,0.5825782860384818,330.3858855362049,339.792366206734,320.44602968040067,19.346336526333346,5.868090293598598,338.5167173441724,339.31844603766604,339.71678255992805,11937322306.300222,11914777646.186066,330.54206046516424,340.5361107235849,4.437542121656259,26.21459341807779,4.156170020578787,2.28189021166524,301.0259555577038,8.483922897539744e-11,-1.3962799707204455e-05,111,9.091345418710262e-07,True,4.48,conjugate_3D_benchmark_H1_type,4,k(T)_cubic_273_373K,3000,220,120
PAR_071,GateA_converged_v1,GRAIL-CHT-1.0,parallel,0,588.9630374185974,324.7739573130091,285.2035945780365,4.89751471772699,0.0027906377200309,0.0002325531433359083,23.562711812830784,0.8435587721278532,1.014753715184559,5.198875,4.3855566114461935,28.056939,19.96507655978825,119.0708954671134,141.1530522843837,0.00047831867510527375,7.771020548012534,2.175135713582645e-05,382.18223772218977,265.87136791608293,24.31055592736256,337.34448136915506,12.570524056145985,146.63347451304188,0.47153199132439955,332.34509801254325,337.9604058952455,326.3343581323663,11.626047762879239,3.5337055047172514,337.22565990958276,337.6975527350289,337.9172797402117,12208196450.016665,12199923566.46323,332.4014252795906,201.7922215173162,6.618987407292118,41.75803841439812,6.781770873588212,2.2160371702372017,285.5767554968505,8.6303657553799e-11,-2.462483625980209e-05,134,9.57734812345734e-07,True,4.48,conjugate_3D_benchmark_H1_type,4,k(T)_cubic_273_373K,3000,220,120
PAR_072,GateA_converged_v1,GRAIL-CHT-1.0,parallel,0,960.6991871640656,324.58808239149823,296.91197052618196,0.3820632780819372,0.003105908148534282,0.00025882567904452353,32.73016065231314,0.6388308372440215,0.8095196977501624,5.198875,3.3212016689770123,28.056939,11.450172562594963,141.6546128797385,221.74041173536693,0.0004474838682038683,16.219766902337533,5.052869226609508e-05,623.4044274450723,282.41036926404763,7.151840456711361,346.25128698010604,21.66320458860781,281.246800878411,0.5544549248297471,337.79492273738754,347.5080366376463,327.44387251823724,20.064164119409043,6.08458568747549,346.2248827315796,347.03378905576704,347.4321065789044,13045381195.56628,13020044551.823597,337.9591378274415,329.1575376909982,6.188236764167635,35.841135320758085,5.881416466011648,2.219507812773616,297.65341809586334,8.802842899058305e-11,-1.571841573327329e-05,122,9.878124274109723e-07,True,4.48,conjugate_3D_benchmark_H1_type,4,k(T)_cubic_273_373K,3000,220,120
PAR_073,GateA_converged_v1,GRAIL-CHT-1.0,parallel,0,999.4522266354367,320.0804704792867,284.1094494997233,2.9701313160026355,0.002868083862529738,0.00023900698854414484,32.08282035703057,0.3876734759063512,0.745653233584503,5.198875,2.0154659420526313,28.056939,4.216697673326098,124.02294749698646,319.9159994297527,0.0004719644578366569,59.41445453157164,0.00017091839342327732,648.5515460293212,264.34286683406344,16.986499000810014,343.7568408667003,23.676370387413613,283.846310175327,0.5378823462879574,334.4131640969227,344.9791106189185,323.0969314368564,21.882179182062146,6.64066281883225,343.60044388738265,344.48814284841023,344.9049739025172,12536008515.069366,12506432976.789675,334.6106962487165,342.43521630348164,7.090625779510105,44.261645790456164,7.2366861816898576,2.2058776027269182,284.84082092089415,8.441617183052586e-11,-1.5075406686052561e-05,129,9.88727720141469e-07,True,4.48,conjugate_3D_benchmark_H1_type,4,k(T)_cubic_273_373K,3000,220,120
PAR_074,GateA_converged_v1,GRAIL-CHT-1.0,parallel,0,680.1064988451002,320.8128609715633,287.39991389334205,3.5349710263752323,0.0013746926772524172,0.0001145577231043681,21.184574710495223,0.9649603371688646,0.6951238360053801,5.198875,5.016708172898781,28.056939,26.125175326379388,63.140311846593995,65.43306435976825,0.0004443430521226632,2.7335147765433283,3.7690498961638822e-06,441.32586784607736,268.94843919100117,19.132889900225884,350.97164000947015,30.158779037906868,173.29884027882827,0.4825972124739806,338.5079367133872,351.4163229306374,323.90589722033405,27.510425710303366,8.404473224324528,349.94082048049637,350.9380740712573,351.37102072862183,13178817930.360943,13130323394.73992,338.8200596093225,233.02005822272886,7.476418507291482,44.89246150137039,7.352393863492187,2.2131235191049328,288.22908991907224,9.801908618101152e-11,-2.40014760495169e-05,252,9.484307952334348e-07,True,4.48,conjugate_3D_benchmark_H1_type,4,k(T)_cubic_273_373K,3000,220,120
PAR_075,GateA_converged_v1,GRAIL-CHT-1.0,parallel,0,956.4854188814586,314.1584182568333,309.9423891297645,3.3764619958841906,0.00412840722057437,0.00034403393504786416,25.373863120720998,0.8618302393080226,1.4068994465700877,5.198875,4.480547685382496,28.056939,20.839329638566202,154.69612881727582,179.49721622843478,0.0005446563610804355,11.949682215193203,4.9481599138187314e-05,620.6700837101106,301.2038663522953,18.530555584359924,332.0344129563979,17.875994699564615,308.4814317772006,0.6108249267666838,325.4682320889952,333.558442337084,316.97081894504316,16.587623392040825,5.023559386907248,332.4241841167861,333.13441709172355,333.49038651664404,11237109338.042387,11221073821.387775,325.58444772050115,327.7138041989384,2.4941760926303504,14.504694660755272,2.233545854452805,2.3460850315239528,309.2232034971865,8.223580039157241e-11,-1.3483136826174393e-05,99,8.336753580806544e-07,True,4.48,conjugate_3D_benchmark_H1_type,4,k(T)_cubic_273_373K,3000,220,120
PAR_076,GateA_converged_v1,GRAIL-CHT-1.0,parallel,0,888.0400407821114,306.00548583089306,310.51997125564117,4.180149312646556,0.001317892528247537,0.00010982437735396142,29.410049366286675,0.7294833011691574,1.9241982238578366,5.198875,3.7924924973658034,28.056939,14.93038468181218,56.10577306906528,76.9116619655905,0.00047939328012549083,4.1906454459206435,5.539438637626263e-06,576.2553987437975,302.04620511889163,21.58456738805691,355.8260288275053,49.82054299661223,274.45094732020635,0.5853266034895606,335.3227904748064,356.5417217794325,311.18082359878866,45.36089818064386,13.855003293465426,354.1458733651958,355.7613600582452,356.461205494986,12772277855.887722,12643062544.6874,336.17629728527487,304.2628505367251,4.132787054131433,22.110940510676727,3.568130515758736,2.2764322640567003,310.5588868429998,8.887454328032618e-11,1.4834526066885592e-05,218,9.639690574658744e-07,True,4.48,conjugate_3D_benchmark_H1_type,4,k(T)_cubic_273_373K,3000,220,120
PAR_077,GateA_converged_v1,GRAIL-CHT-1.0,parallel,0,695.9524660531556,301.33984308613293,297.6489608499865,2.2843758590052206,0.0029792250796977044,0.0002482687566414754,31.607641949744,0.3894337058272441,0.9647010961228121,5.198875,2.024617157382614,28.056939,4.255076404226608,88.07668853023577,226.1660642422854,0.0006903380866227762,75.40353210212662,0.00022532005409874284,451.608426889155,283.4625135021757,14.380628264219837,318.9689113215649,17.629068235431987,219.53762207417074,0.5974415943319514,312.1062203785667,319.9729848916163,303.7054055346223,16.26757935699402,4.939172417671743,318.94611926732466,319.6014692056689,319.91435490483974,9503017988.066566,9488765143.185831,312.2233562224527,238.44924939747386,2.208819174571198,14.62303811074671,2.079819573829358,2.4774734049905955,295.728648994667,8.090154324236209e-11,-2.0774166523890866e-05,123,9.734416721585148e-07,True,4.48,conjugate_3D_benchmark_H1_type,4,k(T)_cubic_273_373K,3000,220,120
PAR_078,GateA_converged_v1,GRAIL-CHT-1.0,parallel,0,802.9924902014172,305.2677220228894,309.7660951785853,1.4430221549158342,0.0023537552345677345,0.00019614626954731122,35.32651494038419,0.7487757600745432,1.9019596944060897,5.198875,3.892791579657541,28.056939,15.73054760084829,81.38280934599211,108.68782576226853,0.0005902664759122846,8.851743403089,2.0897529959950998e-05,521.067447839131,300.9469176255435,11.18348418868017,331.7128483702448,26.44512634735537,260.1855820979719,0.6136741372846423,321.0528116794903,332.7508842546397,308.4220677320327,24.328816522606985,7.407122179788008,331.2665583904375,332.24603467275824,332.6862983634934,10658345261.772669,10624436635.976667,321.30867123456346,275.1236124590612,1.9331403020040565,11.381236229726717,1.6237056446582459,2.5066390359376185,308.30600712508044,8.861420042194368e-11,-1.8833461546305973e-05,149,9.976837986869214e-07,True,4.48,conjugate_3D_benchmark_H1_type,4,k(T)_cubic_273_373K,3000,220,120
PAR_079,GateA_converged_v1,GRAIL-CHT-1.0,parallel,0,918.7612768848704,305.5290778681578,293.4282921625265,3.9545558085625574,0.0025025841430679078,0.0002085486785889923,31.934462292942506,0.7934159196471853,1.2657028001187962,5.198875,4.124870189255761,28.056939,17.662090606178698,87.24897046223072,109.9662463302078,0.0005853934712189501,9.259476680259793,2.324234655278358e-05,596.1906238995305,277.45468119714684,20.727312072537718,332.37964101112567,26.85056314296787,280.8784170558663,0.5790042662367281,321.64654316519704,333.54377497149835,308.81435191449935,24.729423056998996,7.517472032443085,332.0245872027387,333.0158631914324,333.47415293074494,10738303951.366072,10703247129.495522,321.9095961003585,314.7886494189521,4.042606337933659,25.808198326258157,4.059474111159406,2.275971140947345,292.7417692613732,8.086900038506428e-11,-1.4743945024884897e-05,142,8.97086522400059e-07,True,4.48,conjugate_3D_benchmark_H1_type,4,k(T)_cubic_273_373K,3000,220,120
PAR_080,GateA_converged_v1,GRAIL-CHT-1.0,parallel,0,908.9600359421569,321.21226772648305,299.842529320521,0.5629212076970531,0.0033878969705078447,0.0002823247475423204,23.740096988694994,0.5953702403535246,1.6336346151782446,5.198875,3.09525545831793,28.056939,9.945223170568694,143.99981018869485,241.86598595050583,0.00048016198330116727,16.60404769480054,5.6422069090654465e-05,589.830530043117,286.6018086751454,7.839100589248802,340.41465779782567,19.20239007134262,271.9329060437044,0.566608456807188,333.009088655276,341.66890237674966,323.8565034305263,17.812398946223368,5.404096239914104,340.49948405018887,341.2352442209512,341.59951377423437,12317138342.000244,12297712808.044027,333.1405165706418,311.43051986276583,5.051685319212718,29.67464333982297,4.771337137901573,2.255467201873322,299.7739574938147,8.148731467372273e-11,-1.669003919551375e-05,114,9.942991141542734e-07,True,4.48,conjugate_3D_benchmark_H1_type,4,k(T)_cubic_273_373K,3000,220,120
PAR_081,GateA_converged_v1,GRAIL-CHT-1.0,parallel,0,686.4371720700185,309.4804801699975,302.38583987057604,0.230778096596235,0.0017702128710237273,0.00014751773925197726,23.45055794828122,0.5667583170952764,1.1116498442633933,5.198875,2.946505645788705,28.056939,9.012309380222176,66.6850147082242,117.66040779074079,0.0005417722294528673,12.975577280387858,2.3038649860286496e-05,445.43388601643943,290.25603139938664,6.576956767065693,337.3373195890097,27.856839419012204,206.1263991657099,0.5687205230065735,325.84940841398384,338.0204512364413,312.46291076103194,25.557540475409382,7.798489061087808,336.54214632128264,337.52826637023077,337.9669815405846,11312440042.287622,11273733062.29924,326.1287400230732,235.18909181668002,3.6712549249515045,22.01602167049235,3.3754660786157036,2.3458911803545672,301.19181238180335,8.578297183703398e-11,-2.126930677564938e-05,195,9.205498372466536e-07,True,4.48,conjugate_3D_benchmark_H1_type,4,k(T)_cubic_273_373K,3000,220,120
PAR_082,GateA_converged_v1,GRAIL-CHT-1.0,parallel,0,966.7567607583318,321.54322816887117,299.19867659584054,4.219572046538799,0.0021313727364397498,0.00017761439470331247,28.413458528037964,0.6768330925611562,1.5945798571096983,5.198875,3.5187706440888813,28.056939,12.85296891392561,100.10319230662601,147.8993763851478,0.0004345412164796763,7.440335423878921,1.590584560925017e-05,627.3352293534067,285.6791730824856,21.734373776847434,353.2647725648742,31.721544396003026,282.61161781262865,0.55365454671393,340.31643927804413,354.31252873382283,325.08308697300885,29.229441760813984,8.900926837367185,352.5628779354398,353.722500255769,354.2388907630974,13468184646.408672,13413178813.455599,340.6648032062451,331.2330010985988,6.433356427837429,36.27288102732516,5.915196271427483,2.239566240625768,299.6913862743093,8.509957183377992e-11,-1.5228138435415331e-05,165,9.410056236447417e-07,True,4.48,conjugate_3D_benchmark_H1_type,4,k(T)_cubic_273_373K,3000,220,120
PAR_083,GateA_converged_v1,GRAIL-CHT-1.0,parallel,0,738.0053867574957,289.3696945312351,305.5242122313295,4.3454273706794035,0.003909713395561054,0.0003258094496300878,28.64815475173655,0.513114346618246,1.7813151165350603,5.198875,2.6676173487749337,28.056939,7.387008576251062,87.78183148282922,171.07654865113017,0.000908991415150149,47.0077809858881,0.00018433997092891366,478.89686150464615,294.78645686068364,22.21262400858173,305.13272881744155,15.763034286206448,257.60899554850266,0.6611006283383496,299.38556173292244,306.4898719198818,291.9034543681153,14.586417551766488,4.429345767009852,305.5167678475664,306.1301725739583,306.4330585736233,8044392525.746814,8033844257.499655,299.48378511789946,252.85754287445317,-0.4817049027014181,-3.3865953072383888,-0.8831055040718478,1.4659514171976682,303.17849490950454,7.344922892116302e-11,-1.8571736994868998e-05,99,9.196809287459473e-07,True,4.48,conjugate_3D_benchmark_H1_type,4,k(T)_cubic_273_373K,3000,220,120
PAR_084,GateA_converged_v1,GRAIL-CHT-1.0,parallel,0,766.4150109439472,321.9041126381467,294.18396443244046,2.3031848468391036,0.0018171311430569101,0.0001514275952547425,24.585703775069128,0.7773931328276449,0.5858195882900797,5.198875,4.041569723429323,28.056939,16.95593284307634,83.32904911262494,107.19035915525608,0.0004450505506141394,6.339802881054788,1.1554918010036688e-05,497.3320655066039,278.52717358308115,14.452102417988595,349.6665074601474,27.762394822000658,210.87227315023907,0.5211005780235106,338.2204537105415,350.35261748439956,324.8566399441194,25.495977540280137,7.773083856282959,348.87222613695087,349.8580246892848,350.29513471358325,13127206504.442562,13085775678.459406,338.48784608029894,262.5913305874869,6.636333154708745,38.74769004590461,6.335083919761067,2.224354436595127,294.82365375132855,8.044594324019272e-11,-1.8920322502600378e-05,193,9.069477755474509e-07,True,4.48,conjugate_3D_benchmark_H1_type,4,k(T)_cubic_273_373K,3000,220,120
PAR_085,GateA_converged_v1,GRAIL-CHT-1.0,parallel,0,884.3638675245929,303.35546539574943,288.02853974234205,0.8757428671543821,0.0017367782075718573,0.00014473151729765477,28.31474356375344,0.5768889486866042,0.5590624358151404,5.198875,2.99917353310307,28.056939,9.337373403385842,63.037425478634546,109.27133484208888,0.0005622965131534914,17.1725567698681,2.991466636529336e-05,573.8699041837809,269.8313223221146,9.027822895186652,339.1297637044809,35.77429830873149,259.71185067999875,0.5561947102752666,324.41288313741313,339.9895511902032,307.21059036784624,32.778960822356964,10.003369840846426,338.11175869898483,339.36562430210455,339.9238735776655,11139350059.837358,11076240335.387985,324.874005475807,303.0033094090363,5.1259617205223975,32.93129972908194,5.234247156205628,2.2534802460976375,287.5303483321958,8.360260039808056e-11,-1.646080120383685e-05,194,9.114259000853053e-07,True,4.48,conjugate_3D_benchmark_H1_type,4,k(T)_cubic_273_373K,3000,220,120
PAR_086,GateA_converged_v1,GRAIL-CHT-1.0,parallel,0,437.6104764645461,325.04950234994914,308.1722957690121,1.9461150757183907,0.0020633622140911563,0.000171946851174263,28.844420987806583,0.5083549308773084,1.9909328832864628,5.198875,2.642873741264767,28.056939,7.250607046952359,89.32982192909466,175.72333128535035,0.0004714096862748072,12.351024588806489,2.5561321406072284e-05,283.9685014511791,298.6272729259853,13.095237287729883,338.9397165954219,13.890214245472748,119.80107065850974,0.5184884260298345,333.2610271566869,339.3805271992511,326.5762734992104,12.804253700040704,3.901682120222259,338.62273795439194,339.12545821246766,339.3487936217211,12345110156.53698,12334970471.12728,333.32949349027535,149.93536876622258,3.983184146902963,22.541902938405343,3.6092618050799605,2.2748274280200715,308.0144524225792,8.78982575613918e-11,-3.386971055922023e-05,174,9.532598710393358e-07,True,4.48,conjugate_3D_benchmark_H1_type,4,k(T)_cubic_273_373K,3000,220,120
PAR_087,GateA_converged_v1,GRAIL-CHT-1.0,parallel,0,570.7020416945799,299.61215480901086,284.4494100011706,4.118973463653701,0.0010500771550855609,8.750642959046341e-05,22.222897554247933,0.9728284569128747,1.6076400060279614,5.198875,5.057613543932922,28.056939,26.55295258089301,35.38048301222487,36.368676060833515,0.0006057270240122653,2.7297578082709517,2.875081558055925e-06,370.3325497699047,264.8174709598574,21.352099161884063,334.50427765594947,34.892122846938605,153.15278017295844,0.5082548553701117,320.29382634856455,334.8193227595001,303.32241515523503,31.49690760426506,9.637669194192593,333.28046832319154,334.3320342581787,334.7816211868956,10581370949.596087,10524325483.198858,320.7269726089161,195.5355862785097,4.850874905161687,32.37542165323674,5.1565733176763455,2.239413395130774,284.0338661956835,9.261697186957463e-11,-3.261325712461424e-05,316,9.987256248678023e-07,True,4.48,conjugate_3D_benchmark_H1_type,4,k(T)_cubic_273_373K,3000,220,120
PAR_088,GateA_converged_v1,GRAIL-CHT-1.0,parallel,0,761.1395219900372,288.52883770572555,300.889705139258,4.958833775802377,0.003595088206244173,0.00029959068385368106,20.923380280253493,0.8178367762280855,1.176867077337373,5.198875,4.251831170012788,28.056939,18.766079839730995,80.6072500803466,98.56153748931699,0.0009102379576648103,19.7742305435789,7.130401505995366e-05,493.908763795989,288.1045192999049,24.543568348049032,305.854848468227,17.326010762501426,260.36608446574905,0.6478675327831529,299.36100322556024,307.1528846710435,291.1706620380935,15.982222632950027,4.861754287009861,306.0892330270074,306.75609450121686,307.0911884197904,8043914180.88273,8031208526.545409,299.4793329568267,260.7838272842822,0.09283903811265759,0.5448670065520343,-0.21991886888200426,-0.5175499379348668,298.7507607966645,7.956728609315177e-11,-1.700920260012385e-05,105,8.787629326434399e-07,True,4.48,conjugate_3D_benchmark_H1_type,4,k(T)_cubic_273_373K,3000,220,120
PAR_089,GateA_converged_v1,GRAIL-CHT-1.0,parallel,0,941.2806483603697,317.9837580546498,312.87214774953674,4.657341990965279,0.0037838391604702697,0.00031531993003918916,30.516799712070473,0.6344702687539743,0.6295318082332161,5.198875,3.298531618468318,28.056939,11.294391552163058,152.6092811676565,240.5302323580321,0.0005060241195822507,24.956621090389095,9.471598815931043e-05,610.8036016855823,305.48467829503335,23.39789956566806,337.0633634352349,19.07960538058512,301.7715804624769,0.6071909426851654,329.93846076793363,338.5374966413217,320.82707644183904,17.710420199482655,5.359009926623971,337.3499752796523,338.09902638497533,338.4681908026605,11869118315.480309,11850366332.637474,330.06890678555806,322.50430168998747,2.768082791121319,15.509529977489883,2.4551576872914067,2.300820185005272,312.5680325153807,7.72892860823049e-11,-1.5264414077772557e-05,105,9.334387414128287e-07,True,4.48,conjugate_3D_benchmark_H1_type,4,k(T)_cubic_273_373K,3000,220,120
PAR_090,GateA_converged_v1,GRAIL-CHT-1.0,parallel,0,599.4300317916748,302.25041189361133,283.38803806376586,1.7133627806887644,0.002605820229348092,0.00021715168577900767,27.28329748235987,0.49400816152116134,0.7716873631732212,5.198875,2.568286680728328,28.056939,6.847129407126639,76.95358070407269,155.77390557094333,0.0006910908065033428,40.96304480736187,0.00010706352137885243,388.97434363984024,263.33667612264986,12.210778566617304,317.9477837867079,15.697371893096545,170.98093216731814,0.5402257242204804,311.7072205571668,318.6920657660252,304.2053168373051,14.486748928720147,4.412416502245823,317.7996086683744,318.37731666380665,318.648670745579,9451681233.485413,9440335968.577042,311.80082973511526,205.37845344183566,3.7330153543089106,26.590557347064475,4.073994102975409,2.300448489671547,281.92621692501604,8.09015432423621e-11,-2.2168747753620838e-05,138,8.95559992386552e-07,True,4.48,conjugate_3D_benchmark_H1_type,4,k(T)_cubic_273_373K,3000,220,120
PAR_091,GateA_converged_v1,GRAIL-CHT-1.0,parallel,0,982.5815729841491,319.70282127600217,304.6887759454855,3.41107781356413,0.001938766633883145,0.00016156388615692875,33.42419824332431,0.6719359633417465,1.0494231994743561,5.198875,3.493311081418323,28.056939,12.66765012843518,91.60198029838374,136.32546149609047,0.0004319566569868161,7.901903384293094,1.53660447599155e-05,637.6040607804252,293.5781719196401,18.662095691543694,355.92171010016517,36.218888824163,293.5194878447913,0.5657628192943255,341.0729821342028,356.932709198041,323.65725855912126,33.27545063891972,10.133036786758284,354.97866668700715,356.27712825715224,356.85599368388296,13604440190.647001,13532850175.765755,341.52316686231956,336.65494409206457,5.869608700865637,32.031671128311075,5.23422741771648,2.245368208351725,305.1980171319591,8.226834324887024e-11,-1.5148929432922133e-05,178,9.342685984847776e-07,True,4.48,conjugate_3D_benchmark_H1_type,4,k(T)_cubic_273_373K,3000,220,120
PAR_092,GateA_converged_v1,GRAIL-CHT-1.0,parallel,0,443.2015252083547,315.43389663494753,298.37674792361594,2.34674717516609,0.0037152018913416945,0.00030960015761180787,30.019483388556928,0.6932035729264499,1.0903687325342892,5.198875,3.603878725197997,28.056939,13.482234384131607,130.6645835411663,188.49381140600389,0.0005802885850994248,18.750672147777465,6.98721490745746e-05,287.59657211837776,284.50279804644424,14.617639265631144,323.4607178985338,8.026821263586271,124.6528732369385,0.5326808996882058,320.45708086448735,324.0820912797095,316.61826090857153,7.463830371137988,2.262519816025336,323.58532110329423,323.89930019984286,324.0532233708481,10548952587.271103,10545798987.586918,320.481035427878,151.85099007850346,3.270104854510948,20.751587101251175,3.1764739753276987,2.3329170382144353,297.21563154964326,8.099917181425554e-11,-3.2327431547124964e-05,107,9.443575663681258e-07,True,4.48,conjugate_3D_benchmark_H1_type,4,k(T)_cubic_273_373K,3000,220,120
PAR_093,GateA_converged_v1,GRAIL-CHT-1.0,parallel,0,604.0085123416559,312.50178100167483,294.9214320384538,0.23539236546438436,0.0044571787201553355,0.00037143156001294463,22.453050038987403,0.6506103277162673,1.6676524171734244,5.198875,3.382441767505909,28.056939,11.876328284464483,150.71828366764836,231.65676480527213,0.000603550488260647,22.91892143887535,0.00010246111226305628,391.94535171808684,279.5751578418846,6.594490988764661,322.0106566402044,9.50887563852956,177.15992906138806,0.5555056954016561,318.6000948865445,322.92631836672035,314.07568560654846,8.85063276017189,2.680629588505333,322.3130921185196,322.69672879581714,322.88743022004536,10307847963.117746,10303472189.97414,318.6339160038918,206.94714570714987,3.501942425926181,22.878915520764238,3.4064095187756083,2.382532468287772,292.9760713908967,8.317954325320897e-11,-2.4556851960364866e-05,94,9.551537232255214e-07,True,4.48,conjugate_3D_benchmark_H1_type,4,k(T)_cubic_273_373K,3000,220,120
PAR_094,GateA_converged_v1,GRAIL-CHT-1.0,parallel,0,718.5413119211787,293.0911658055025,284.7025441345629,3.147955923560219,0.00346399169049364,0.00028866597420780336,21.100348898067445,0.4141529347669638,0.5470594587262835,5.198875,2.153129338736599,28.056939,4.812400622891073,84.26977900974204,203.4750256138088,0.0008389276020028486,128.62674889151745,0.00044690269742771166,466.2664870948362,265.1710448295948,17.66223250952883,308.5208464601666,15.429680654664082,223.41383370235823,0.5888767337101097,302.69678609037555,309.64702216687436,295.3727410876862,14.274281079188142,4.340078292684168,308.70282102287865,309.303414482099,309.59270665858566,8405556132.097825,8395203719.823901,302.7900594043504,246.18870518607352,2.3963068135434775,17.78995879751192,2.588649429854696,2.397112720882458,282.77231363011686,7.344922892116301e-11,-1.7692604854768708e-05,109,8.618351898803667e-07,True,4.48,conjugate_3D_benchmark_H1_type,4,k(T)_cubic_273_373K,3000,220,120
PAR_095,GateA_converged_v1,GRAIL-CHT-1.0,parallel,0,780.6350462867874,301.69141932713376,287.6973301068561,3.612136227905847,0.00327364687246849,0.00027280390603904084,22.585423296696675,0.5631531160074799,1.156892563528909,5.198875,2.927762655983387,28.056939,8.898017813930727,97.18992451662349,172.5817042541812,0.0006874325348235484,30.314024074288493,9.953601815720064e-05,506.55954598082025,269.36602969811656,19.42611766604222,319.0459114226378,17.354492095504042,237.47616126581445,0.5761532986280978,312.37063294320546,320.16548218463,304.12110588021017,16.044376304419814,4.875992472399361,319.1252146496864,319.78112396447636,320.1040006375544,9534875736.26334,9520961090.459879,312.4847009080073,267.4634402778731,3.332608094023668,23.105217281453086,3.5494983048905775,2.3018437950803774,286.49315505511777,8.03808575255971e-11,-1.670071567966663e-05,115,8.760766831983346e-07,True,4.48,conjugate_3D_benchmark_H1_type,4,k(T)_cubic_273_373K,3000,220,120
PAR_096,GateA_converged_v1,GRAIL-CHT-1.0,parallel,0,544.3926230532685,294.9655547888966,292.7471677050869,2.5657500066625345,0.0029977182616669176,0.0002498098551389098,24.117809707756056,0.6089890768827295,1.6449495895598656,5.198875,3.1660580870787007,28.056939,10.405412317078431,74.56292641682847,122.43721479948113,0.0008205165890087161,23.936413626732982,7.197053585523603e-05,353.2601838476273,276.4891737989702,15.44985002531763,308.67043148369515,13.704876694798543,171.72844121310413,0.5974424452138074,303.3390233335267,309.4718055198253,296.8216328887461,12.650172631079215,3.847828423530775,308.6680373570158,309.17930912556386,309.42450565147357,8474851429.496653,8466679818.239777,303.41218872989197,186.52137707154722,1.634060497901471,11.635176435434019,1.5237430451915763,2.645138392851274,290.3078097654279,7.702894322392239e-11,-2.3654170192212094e-05,122,8.803784794508829e-07,True,4.48,conjugate_3D_benchmark_H1_type,4,k(T)_cubic_273_373K,3000,220,120
PAR_097,GateA_converged_v1,GRAIL-CHT-1.0,parallel,0,541.7312859970295,318.52929317080054,293.19699593611915,4.314126984962071,0.0012869744447284253,0.00010724787039403544,24.281296211934155,0.6107488358733526,0.857788209843899,5.198875,3.1752068541010763,28.056939,10.465634986725457,55.15948045521509,90.31450772450293,0.00047617791973954114,7.797344392357325,1.0065178505226047e-05,351.5332236024744,277.12668842478536,22.093682542855866,344.1639566719429,25.63466350114237,137.90303552926383,0.4821209302172899,333.6101480788276,344.51298764852896,321.1593711275255,23.35361652100346,7.132527960497262,343.29098718918294,344.11413360553024,344.4725352781212,12420665857.624166,12386739716.827267,333.83834571059487,185.60954206210647,5.970236127367391,35.92249689608618,5.813831086063587,2.2357383000147824,293.3775197598739,8.675925755596837e-11,-3.102032033578139e-05,271,9.610451456865121e-07,True,4.48,conjugate_3D_benchmark_H1_type,4,k(T)_cubic_273_373K,3000,220,120
PAR_098,GateA_converged_v1,GRAIL-CHT-1.0,parallel,0,806.1361160482738,289.5104488831872,293.98315212821035,3.2346296889128157,0.002404683782770515,0.00020039031523087626,34.94278061939582,0.6644120270645906,1.2200746610626572,5.198875,3.4541950772054237,28.056939,12.385548910259706,60.70191623176294,91.36185643710785,0.0008084907779784714,17.815584177216657,4.296975561839106e-05,523.1073686565371,278.2420349742157,17.9915928178687,315.48641227272384,25.975963389536616,261.0994276414759,0.6134280326867367,305.10113023355507,316.57455641768865,292.73953175937237,23.835024658316286,7.261536213602726,315.1193331879964,316.07950789856267,316.510758719746,8694564755.55448,8665133655.41419,305.3598696789736,276.2006906506516,1.7092588664872037,11.792620521982672,1.5994309598710617,2.572489047947338,291.89358177889613,7.777742894177208e-11,-1.7139408719653472e-05,143,9.340888027509209e-07,True,4.48,conjugate_3D_benchmark_H1_type,4,k(T)_cubic_273_373K,3000,220,120
PAR_099,GateA_converged_v1,GRAIL-CHT-1.0,parallel,0,627.4821056623226,304.5387294240318,311.63690404417014,2.6881111746193764,0.002399604147210973,0.00019996701226758108,36.25760238446246,0.925033666774088,0.7989945421451929,5.198875,4.809134404350138,28.056939,24.007965948935976,77.6497855200759,83.94265885572308,0.000630694204766322,7.413576392099907,1.784317819072046e-05,407.17753073902065,303.6773490072921,15.91482246355363,325.194136248567,20.65540682453519,207.18086349206513,0.6253373530450355,316.89472685930616,326.0382628374032,307.02948843047636,19.00877440692682,5.788050888277516,324.87701743119334,325.64295355131844,325.98747412690403,10104806453.049604,10084631892.435709,317.05309707461396,214.9897362302029,1.016506297904588,6.036022330076514,0.7563897421242683,2.8128623236300334,310.13447732449913,8.109680038614897e-11,-2.1225184229582694e-05,148,8.864122378327011e-07,True,4.48,conjugate_3D_benchmark_H1_type,4,k(T)_cubic_273_373K,3000,220,120
PAR_100,GateA_converged_v1,GRAIL-CHT-1.0,parallel,0,862.6673334001889,315.0828062045532,307.69918393789743,4.2783953494967175,0.0033538612429187932,0.0002794884369098994,33.63780893580489,0.5729566369641569,1.4987588728099475,5.198875,2.9787299359970314,28.056939,9.210512515064922,129.30004005386417,225.67159835859087,0.0005293780483508915,20.376833842024322,6.854671341641064e-05,559.7908713147164,297.939849728901,21.957902328087524,334.48423868262944,19.40143247807623,271.9913980214618,0.5971423787372345,327.0475241565075,335.75228960169795,317.7968941688307,17.95539543286725,5.443996378662487,334.58712267060724,335.320298464618,335.6832397288032,11459472602.155605,11440459367.539238,327.1833220190047,295.5695800541703,3.0455846032335354,17.7491994483202,2.7834498390392244,2.3079833869299446,307.1687015226319,8.119442895804242e-11,-1.75450682317499e-05,114,9.960739930647833e-07,True,4.48,conjugate_3D_benchmark_H1_type,4,k(T)_cubic_273_373K,3000,220,120
PAR_101,GateA_converged_v1,GRAIL-CHT-1.0,parallel,0,533.5809995364458,303.0529767637454,290.0251873411365,2.930369919757814,0.003063093674860407,0.00025525780623836725,35.675600775417024,0.39382567457193196,0.5052310504689841,5.198875,2.047450453890153,28.056939,4.35159369736993,88.84818873401491,225.60283513914698,0.0007036086936815823,115.1040903048741,0.00035363551751596887,346.2444456661964,272.64193270388154,16.835405695079693,315.33433282753595,12.281356063790554,157.24718624480838,0.558147012119807,310.5724572787575,316.06502082053976,304.72317088867766,11.3418499318621,3.4468688980238786,315.3455606166937,315.8049478448338,316.0226117162278,9310489453.586874,9303615487.945267,310.6298079171959,182.81706731175169,2.8458903572742003,19.768112893834164,2.9559277206401795,2.356897300617057,288.43248352010164,8.168257181750962e-11,-2.729767300411944e-05,121,9.829310556597193e-07,True,4.48,conjugate_3D_benchmark_H1_type,4,k(T)_cubic_273_373K,3000,220,120
PAR_102,GateA_converged_v1,GRAIL-CHT-1.0,parallel,0,478.81800269670526,296.1490231997349,283.87536729806993,2.4340338931688574,0.004092608016293807,0.0003410506680244839,32.21985657939021,0.4754785095051223,1.8666894770672506,5.198875,2.4719533361034434,28.056939,6.343107522506434,98.41959039799484,206.99061772619302,0.0008486685226608445,52.46642054621284,0.00021537060512905992,310.70835367591087,264.01623982606947,14.949328794041659,304.42001585004624,8.270992650311314,141.49271084169177,0.5596669663820047,301.44354483196474,305.1733046849294,297.50609595136194,7.667208733567463,2.3202229507726044,304.656506163279,304.9809861892083,305.1421656624562,8259966394.301786,8257031719.61075,301.4703256683172,164.05401074088095,2.345020639897005,17.688965811171762,2.5273558546328396,2.432223523192174,281.6321829189489,7.514145750064926e-11,-2.584911654309852e-05,98,8.245737035394995e-07,True,4.48,conjugate_3D_benchmark_H1_type,4,k(T)_cubic_273_373K,3000,220,120
PAR_103,GateA_converged_v1,GRAIL-CHT-1.0,parallel,0,555.3822908147997,291.7674451398081,307.8208690161743,3.1283848827793355,0.0029019795047720755,0.00024183162539767296,26.420748303364608,0.3656932840984856,0.5335817704140112,5.198875,1.9011936723675147,28.056939,3.752098727294321,69.03928039328468,188.79012384239348,0.0008578622988240031,158.60712613842958,0.0004616596081890892,360.3914561857592,298.1166055670517,17.587862554561475,307.8342128072124,16.066767667404292,194.89429940114118,0.6646196635987586,301.5817362736701,308.7428143120879,293.92798269921093,14.814831612876958,4.508742274532475,307.81605718004994,308.4066325365611,308.6910523064744,8283272294.660631,8272183293.016639,301.6827543614974,190.28668886608085,-0.4697527596675061,-3.240250628796906,-0.8975608673225569,1.3986775829966345,305.2107657252071,7.318888606278051e-11,-2.4320814891516357e-05,124,9.244739658242906e-07,True,4.48,conjugate_3D_benchmark_H1_type,4,k(T)_cubic_273_373K,3000,220,120
PAR_104,GateA_converged_v1,GRAIL-CHT-1.0,parallel,0,473.2882605849514,310.9020748240477,306.31455809504865,2.5297826909843812,0.004025205817363333,0.0003354338181136111,25.864301670635193,0.9845670263280123,1.7349276543969347,5.198875,5.118640899001045,28.056939,27.19761750667273,131.34642974982273,133.4052697658231,0.0006254452756844095,10.593367246822762,4.2768789836887837e-05,307.120065311399,295.93104960940235,15.31317422574065,319.72885020159924,8.826775377551542,148.51367616080995,0.5943014548302515,316.4779138096368,320.4722691400113,312.27723019814715,8.19503894186414,2.483262449431579,319.9157327062385,320.2644180887597,320.43944146409314,10035384288.299946,10031679035.2305,316.5071329556401,162.15939448441867,1.6837732584302836,10.499890570705682,1.4620991004002992,2.5428770002202503,304.7182024526316,7.523908607254271e-11,-2.750745813408752e-05,101,8.545874834453571e-07,True,4.48,conjugate_3D_benchmark_H1_type,4,k(T)_cubic_273_373K,3000,220,120
PAR_105,GateA_converged_v1,GRAIL-CHT-1.0,parallel,0,559.8612633227793,304.32163570035124,291.3383143496365,1.2389559173584728,0.004481481218729105,0.0003734567682274254,34.57206585868706,0.8299076324967585,0.6490161685520685,5.198875,4.314586042896585,28.056939,19.32412354446425,128.95784962544178,155.38819571700407,0.0007092401207933333,20.68438992418166,9.297563186167467e-05,363.29789279899467,274.49566007351785,10.408032485962195,313.2676593237398,8.946023623388555,167.5822060351849,0.5669092729323517,310.11106737322405,314.166407385752,305.85223603905445,8.314171346697549,2.5144022075257926,313.59659283653656,313.9525402476031,314.129750950064,9252099864.957968,9248452347.077314,310.14163920209853,191.82128739786918,2.708734977447003,18.82974764393632,2.7006459361081916,2.4454245473750396,289.0220478518466,7.810285751475021e-11,-2.460352960139022e-05,93,8.934664492699085e-07,True,4.48,conjugate_3D_benchmark_H1_type,4,k(T)_cubic_273_373K,3000,220,120
PAR_106,GateA_converged_v1,GRAIL-CHT-1.0,parallel,0,702.4612224890176,305.7048032237939,311.4163153326797,0.0989742108258304,0.0037650226376469234,0.00031375188647057693,21.851943636623794,0.8927905275921258,1.5891685250007326,5.198875,4.6415063541355135,28.056939,22.36348258165086,117.89724669627597,132.05476878685892,0.000651753580787663,12.092031765804213,4.566376462728041e-05,455.83200450168084,303.35497412782246,6.076102001138156,320.54267610937865,14.837872885584773,233.51539615059235,0.6295920596070835,314.97663999417495,321.68539849310184,307.9357624666339,13.749636026467954,4.174409404489144,320.75643399980356,321.33796931339447,321.6311344618225,9853050811.799772,9842680400.172136,315.05957338934627,240.6792983768875,0.9364473782008327,5.715309038359414,0.5121878669693063,3.8108874697433395,308.5755842732035,9.4113943305274e-11,-1.747438799331652e-05,105,8.132905691127235e-07,True,4.48,conjugate_3D_benchmark_H1_type,4,k(T)_cubic_273_373K,3000,220,120
PAR_107,GateA_converged_v1,GRAIL-CHT-1.0,parallel,0,424.92315227560783,310.5788915202056,305.0096555785968,3.0991009893613937,0.0032456949699765456,0.0002704745808313788,33.32439143613722,0.4845776822072009,1.6938426264555733,5.198875,2.5192587975849614,28.056939,6.588205004080465,106.05617089589029,218.86309417473683,0.000624584577772978,31.10893664335751,0.00010127394100768757,275.73560797370783,294.04206193527205,17.476583759573295,320.2004552986889,9.621563778483278,130.53580364517052,0.5818155577523652,316.50296214383627,320.8165848821312,311.91055732766927,8.906027554461957,2.7018965111412694,320.2456103548967,320.60505961920126,320.78274783743285,10039242188.441313,10034855328.696114,316.5375472598902,145.58840101011774,1.8435090548697097,11.55570560150861,1.653425665849829,2.480461733858554,303.56075465270277,8.259377182184836e-11,-2.9505977556607812e-05,118,8.388677201764949e-07,True,4.48,conjugate_3D_benchmark_H1_type,4,k(T)_cubic_273_373K,3000,220,120
PAR_108,GateA_converged_v1,GRAIL-CHT-1.0,parallel,0,844.7858084449426,300.51673168130026,299.5217077402432,1.316794942542345,0.00162806305838533,0.00013567192153211082,24.482986329163964,0.852024438230002,1.7415625377164952,5.198875,4.429568551303001,28.056939,20.367812632538413,57.468691343322305,67.44958097998683,0.0005781751363076131,4.946863458009822,8.078039770172616e-06,548.1874246005823,286.1419500671168,10.703820781660912,338.79019422367566,38.2734625423754,260.4625318136567,0.5839352942672297,322.99332628067197,339.58585874198843,304.60025072258907,34.985608019399365,10.681999516552949,337.60385624361834,338.9292274546499,339.5156681635812,10954964891.943146,10883640697.77638,323.5212020333843,289.44296018910745,3.608934427189865,21.99492480834158,3.3766241501949295,2.338448661261455,298.3593584004004,8.334225753969805e-11,-1.900556696524691e-05,203,9.91161300589738e-07,True,4.48,conjugate_3D_benchmark_H1_type,4,k(T)_cubic_273_373K,3000,220,120
PAR_109,GateA_converged_v1,GRAIL-CHT-1.0,parallel,0,704.7325014664975,301.025554669013,289.2258830390811,3.784575157598952,0.003806015250363965,0.0003171679375303304,32.92222811405017,0.6561450729905808,0.658020327076907,5.198875,3.411216216343906,28.056939,12.079251730905202,107.39715810092562,163.6789827765229,0.0007232646376552779,32.37698238325018,0.0001235980829602965,457.3058533291205,271.515615085905,20.081385598876018,314.6194657841043,13.593911115091316,216.26748600742243,0.5812099066317377,309.5985345564326,315.7180870257322,303.1308002815111,12.587286744221103,3.8129658944157288,314.875436977751,315.4071042301133,315.6690745762314,9195822018.654936,9187462624.89135,309.66893412118037,241.45749055777563,2.7830330129979544,19.476211311563677,2.930807136223069,2.3417836363024778,287.78548595276175,7.72892860823049e-11,-1.9428029088880103e-05,103,9.097785209633003e-07,True,4.48,conjugate_3D_benchmark_H1_type,4,k(T)_cubic_273_373K,3000,220,120
PAR_110,GateA_converged_v1,GRAIL-CHT-1.0,parallel,0,631.8048821459976,307.61894920336806,285.0524081380171,4.474742378443782,0.004340424310205533,0.0003617020258504611,33.905036863445105,0.42884884361904035,1.385961564273571,5.198875,2.229531531869938,28.056939,5.159988986112078,134.63920021478324,313.9549102629444,0.0006579307143178,65.17928588605815,0.0002837570280658808,409.9826106587128,265.6599882968376,22.70402103808637,317.6403443558985,10.021395152530431,181.81790785447527,0.5450291821734617,314.05945956822643,318.59248400595357,309.28720079260245,9.305283213351117,2.8139959088281947,317.95720894314616,318.35467707760716,318.5526351885929,9733222057.96207,9728536577.085247,314.0972672561092,216.47081842780037,3.822389405043214,26.657620710506702,4.172950843440299,2.262570968558652,284.20334602979614,7.62479146487749e-11,-2.3275961850144342e-05,95,9.539384109302773e-07,True,4.48,conjugate_3D_benchmark_H1_type,4,k(T)_cubic_273_373K,3000,220,120
PAR_111,GateA_converged_v1,GRAIL-CHT-1.0,parallel,0,712.3927885917371,312.25512984604893,312.1469324985675,4.401046633044807,0.001095670021696725,9.130583514139374e-05,32.809634172778885,0.7679993285817746,0.9812080630842871,5.198875,3.992732509380574,28.056939,16.54862705367251,49.90103354730953,64.97536090227999,0.00044811526201392555,3.5198545887659347,3.868203764937301e-06,462.2766672666983,304.4231565845879,22.423977205570264,358.3955895860276,46.14045973997867,211.318723431989,0.5618036305168036,339.58031285794544,358.85188631900866,317.07346708246575,41.7784192365429,12.757230142875423,356.7879296607954,358.19621520117806,358.7981600911261,13409807343.062233,13297500534.600437,340.29505219710137,244.08208031681673,4.616133258679873,24.200626274020244,3.9465627171557918,2.2619090855370487,312.47599422483165,8.783317184679618e-11,1.418988717103549e-05,253,9.433310310669185e-07,True,4.48,conjugate_3D_benchmark_H1_type,4,k(T)_cubic_273_373K,3000,220,120
PAR_112,GateA_converged_v1,GRAIL-CHT-1.0,parallel,0,461.7067738495987,298.6159238622741,283.5519573014938,2.6023320481287593,0.002936661474460285,0.0002447217895383571,23.674991128118307,0.7621286599894219,1.36231172485425,5.198875,3.9622116372025062,28.056939,16.296595096697363,76.49786154818055,100.3739467680461,0.0007834730966525007,15.45150625170291,4.551238027257591e-05,299.6047574984215,263.5651906481452,15.588861782889285,309.3165325745328,10.700608712258713,131.35259319879856,0.5388135172483707,305.1331192330807,309.91611553002593,300.0384726448308,9.877642885195144,3.0049508381514234,309.28923842915486,309.69115166460074,309.8792511156029,8673811325.916328,8668768287.025774,305.1774872030367,158.19131195916657,2.8286497342447343,20.905449311176227,3.1046632954581366,2.3553368861350985,281.71934667683854,7.504382892875584e-11,-2.7549244359975373e-05,125,8.681586791681184e-07,True,4.48,conjugate_3D_benchmark_H1_type,4,k(T)_cubic_273_373K,3000,220,120
PAR_113,GateA_converged_v1,GRAIL-CHT-1.0,parallel,0,539.9165391542431,316.62380580909496,310.31439447504147,3.438045586596199,0.0011860848398625174,9.884040332187645e-05,26.11242051829703,0.6282015327542888,0.884203456149755,5.198875,3.2659412435979536,28.056939,11.072310886716373,51.580006325168384,82.10741877534242,0.00046930357326787985,6.5383238963894,7.778341877250043e-06,350.35562167296234,301.7463045621461,18.764573229065554,347.944843230008,31.321037420913058,155.2845239925144,0.5447128508403255,335.0936306078254,348.31146489351386,319.8513853017046,28.460079591809233,8.695514753214363,346.8624685880253,347.84477753480274,348.2671881353662,12659390148.178106,12608536840.40188,335.43099938521124,184.98776824332413,4.030810960875211,22.107757379710783,3.5647378558586778,2.270293729514253,310.3332920323513,8.679180041326618e-11,-3.348634104093976e-05,290,9.999572512242594e-07,True,4.48,conjugate_3D_benchmark_H1_type,4,k(T)_cubic_273_373K,3000,220,120
PAR_114,GateA_converged_v1,GRAIL-CHT-1.0,parallel,0,784.2540376584225,298.2354716602246,308.63477909648185,1.2670324301722138,0.0031916247154852536,0.0002659687262904378,35.04355837149311,0.7718860621165198,1.7926405344733796,5.198875,4.012939151186022,28.056939,16.716551317913986,90.610560682231,117.38851772213103,0.0007188735404314763,14.098134057898122,4.513134714284058e-05,508.9079348148139,299.2997633167322,10.514723234654411,318.01181643285923,19.776344772634616,263.8360437696866,0.6371525715423407,310.4076686092537,319.25814735850486,301.00989558011526,18.2482517783896,5.543056310186523,318.08930955105046,318.82564036309236,319.18890653262247,9301641645.700436,9283885333.477667,310.55598331186997,268.70338958222175,0.6411859438359983,3.9711606913943425,0.25504766678708135,5.19967990778718,305.9600314487891,7.995780038072555e-11,-1.804572781026431e-05,116,9.522549362372956e-07,True,4.48,conjugate_3D_benchmark_H1_type,4,k(T)_cubic_273_373K,3000,220,120
PAR_115,GateA_converged_v1,GRAIL-CHT-1.0,parallel,0,612.6121402946657,312.9106795264186,301.8771366201452,3.0023373308494827,0.0038357746913697034,0.0003196478909474753,22.804076373997983,0.43580338754895936,0.9575821288692166,5.198875,2.265687336443596,28.056939,5.3287027091541574,133.22871623384034,305.7083080128034,0.000587590469733547,62.356781097960344,0.00023990628161568405,397.52830612219054,289.5238935965765,17.108881857228035,324.57803303222937,11.667353505810752,187.0689582441233,0.5783386356518043,320.2291354547459,325.52086469599925,314.6679481729341,10.852916523065176,3.291329217877244,324.7906305923804,325.2527177720544,325.47873700171135,10522489529.939783,10515825515.604,320.2798567367349,209.89494563251662,2.7891516145816295,17.39676903170776,2.640116290341269,2.355658209771377,300.7450293129026,8.233342896346585e-11,-2.3606207950340745e-05,104,9.495790322944231e-07,True,4.48,conjugate_3D_benchmark_H1_type,4,k(T)_cubic_273_373K,3000,220,120
PAR_116,GateA_converged_v1,GRAIL-CHT-1.0,parallel,0,710.1379205145381,296.98967726126915,303.63214575097,1.6836120320473285,0.002815521440630627,0.00023462678671921892,24.89137934647924,0.5448489990144847,1.066866165983341,5.198875,2.832601839751429,28.056939,8.328995024480514,78.03685620533297,143.22657533827712,0.0007363403013041737,31.350564687709632,8.853378841938203e-05,460.81346758732735,292.05234708953935,12.097725721779849,316.895796576681,19.906119315411843,234.27272196098684,0.6248058640860034,309.0604464416864,317.9556860996875,299.5860830837421,18.369603015945415,5.590372997127264,316.80150815206815,317.53496974807103,317.89424528627313,9141660363.905533,9123757012.02754,309.21195066654735,243.30951088610885,1.1045847484672013,7.151335431561351,0.7809146682927465,3.152944450788152,301.05106387469897,7.608520036228583e-11,-1.8874395464607004e-05,128,9.079375331566553e-07,True,4.48,conjugate_3D_benchmark_H1_type,4,k(T)_cubic_273_373K,3000,220,120
PAR_117,GateA_converged_v1,GRAIL-CHT-1.0,parallel,0,895.8535012837485,298.1021951464812,307.48343079043104,3.3503598065710705,0.001406641332019554,0.0001172201110016295,32.40209743744876,0.41972497289216515,0.9007774320741916,5.198875,2.1820976684447553,28.056939,4.942764370042532,51.920886380531265,123.70216149581043,0.0005529180572272193,24.58955445137467,3.469276191298798e-05,581.3256079575334,297.6265395507104,18.431367264970067,346.3300668319185,48.227871685437265,283.5683478525393,0.5994967526527836,326.4789518054616,347.1086053539685,303.19195972799173,43.9166456259768,13.40650907529476,344.74145839757523,346.32975842894837,347.02781402824513,11475823356.566137,11361109605.341566,327.29996861983693,306.93992100157766,3.1089757134864033,17.529969677388845,2.7326933118995544,2.330251591955542,306.8456630473587,7.878625751800428e-11,-2.135718815803931e-05,206,9.829645364334283e-07,True,4.48,conjugate_3D_benchmark_H1_type,4,k(T)_cubic_273_373K,3000,220,120
PAR_118,GateA_converged_v1,GRAIL-CHT-1.0,parallel,0,757.8895329228924,309.966876223687,312.42313520199514,3.4743902777469597,0.0025818137888329634,0.00021515114906941362,30.979218610136122,0.7101982137257143,1.80118759760193,5.198875,3.6922317383832737,28.056939,14.151401056204216,93.86376413231464,132.16558746311603,0.000561366441127933,10.256512433735642,2.656008548320503e-05,491.79982314039523,304.82729845209616,18.902683055438448,332.7090625337524,22.742186310065392,245.43325705077663,0.613329111854368,323.63930388991645,333.74185585689605,312.75880343533396,20.983052421562093,6.3805948075775465,332.448055644506,333.28666657493864,333.68016036467515,10996541335.169163,10970970152.95712,323.8277242347979,259.6703066181287,1.8695947431993782,10.753943048153172,1.6135566449779009,2.404039184798773,311.5950577766492,8.692197184245743e-11,-1.727921031427828e-05,140,8.678321137267631e-07,True,4.48,conjugate_3D_benchmark_H1_type,4,k(T)_cubic_273_373K,3000,220,120
PAR_119,GateA_converged_v1,GRAIL-CHT-1.0,parallel,0,643.0499099151607,316.1107264634182,293.31987635489685,1.9689405476659152,0.00399752773419087,0.0003331273111825725,26.47366115968025,0.5580622970724971,1.0065446145721526,5.198875,2.9012961246927786,28.056939,8.737871481204712,146.0736052910846,261.75143179778075,0.0005585206492421047,32.82855657462118,0.0001316279492281868,417.2795878933171,277.3009245786977,13.181974081130477,327.1519613213648,11.04123485794662,184.4953459190106,0.5433839555013545,323.0772627142396,328.091076749916,317.8076531693217,10.283423580594274,3.116587339708036,327.39749852348166,327.8344896703596,328.0503882784157,10901040489.255398,10894958456.659002,323.1223421708646,220.32362240767145,4.263123758929313,27.284303329923226,4.280893933861722,2.2803274265894244,292.51927455462504,8.054357181208616e-11,-2.0213017973438775e-05,102,8.473344905723934e-07,True,4.48,conjugate_3D_benchmark_H1_type,4,k(T)_cubic_273_373K,3000,220,120
PAR_120,GateA_converged_v1,GRAIL-CHT-1.0,parallel,0,464.92171199874446,292.32951184129826,310.1534675886741,0.5095729336016643,0.0021438214986916077,0.00017865179155763397,20.81642274758594,0.7430204048728027,1.3266476633818038,5.198875,3.8628702073830925,28.056939,15.489655862124243,52.88554186927445,71.17643273649786,0.0008273154986594539,12.599198529816357,2.7091707797897697e-05,301.6909533679692,301.51160969469436,7.636377147686325,310.5508426495422,18.22133080824392,163.28451341580748,0.6651678430953949,303.1501054305164,311.18600970181666,294.4599780542117,16.72603164760494,5.1084682594130575,310.1832874307872,310.8452087970765,311.142296267545,8459988812.786247,8445607504.46179,303.27907525259417,159.29282337828775,-0.37644463117534255,-2.6076948777606885,-1.0075028168621827,1.079484230534604,306.0706824463534,8.265885753644397e-11,-2.9952210341922157e-05,160,9.381724908053002e-07,True,4.48,conjugate_3D_benchmark_H1_type,4,k(T)_cubic_273_373K,3000,220,120
PAR_121,GateA_converged_v1,GRAIL-CHT-1.0,parallel,0,564.2159049744023,331.6685536440082,309.5823988324818,4.5194830569460525,0.002541891451594107,0.00021182428763284224,24.071862115184977,0.4556491251185972,1.9507521941848092,5.198875,2.3688628453509475,28.056939,5.825072960751584,122.24949398287687,268.29744038476434,0.00042435510145727987,17.370052760525848,4.428564556240649e-05,366.1236502492244,300.6792576720435,22.874035616395,346.40624171224664,14.737688068238413,156.58950186470756,0.5256339348894654,340.474299174359,347.04847460954267,333.4077340584171,13.640740551125589,4.147366054086682,346.2040072195635,346.7512668504509,347.0094990825696,13450042882.062656,13438083596.208818,340.55002558359104,193.3132873315905,5.027029778406707,27.252697479002848,4.444104975552824,2.251484150232827,309.95170906784915,8.168257181750959e-11,-2.41918598010662e-05,146,8.914813065530325e-07,True,4.48,conjugate_3D_benchmark_H1_type,4,k(T)_cubic_273_373K,3000,220,120
PAR_122,GateA_converged_v1,GRAIL-CHT-1.0,parallel,0,645.8153765816036,297.000943284548,291.5862381630841,3.7356127412644264,0.0029574406819834363,0.00024645339016528636,22.151216288868017,0.947443712491394,0.924421398598518,5.198875,4.925641430778696,28.056939,25.18529974341577,78.9956280932093,83.37764771849373,0.0007640688301554314,10.406526439085606,3.0869292526668e-05,419.07411857143853,274.84612111970483,19.89532841680482,313.3120264190105,16.311083134462535,201.63927426552684,0.5913339612912982,306.93007146803257,314.21899984867105,299.18310677420885,15.035893074462194,4.576923319146456,313.2549485451746,313.8684368299851,314.16248967334866,8886619750.101767,8874783393.356392,307.0323589858732,221.27113460571957,2.177351840781562,15.247195119772048,2.207361968021647,2.423224557752211,289.85345410663786,9.388614330418933e-11,-2.1958753279066184e-05,123,9.63853608482168e-07,True,4.48,conjugate_3D_benchmark_H1_type,4,k(T)_cubic_273_373K,3000,220,120
PAR_123,GateA_converged_v1,GRAIL-CHT-1.0,parallel,0,932.9058275900434,300.237765876956,285.7296924379367,3.531192350238388,0.0010772473818617461,8.977061515514551e-05,22.668895807611236,0.9762060933117818,1.6176464603410299,5.198875,5.07517345336629,28.056939,26.73765505884218,44.74872845260066,45.83942751349819,0.0004913084629683917,2.2588727623695375,2.440686829710526e-06,605.3691218639722,266.6073623686015,19.118530930905873,358.4826754990116,58.24490962205556,262.27065734001746,0.5324489515665456,334.70374407079873,359.0184784187494,306.3929459714567,52.6255324472927,16.098469743211584,356.41868747383893,358.19290865755886,358.9541882683125,12723595074.701048,12549958277.445314,335.8554962078025,319.6348963441773,7.145738723928195,43.173037944129,7.045401031529997,2.2184072673381117,286.3506244635849,9.733568617775746e-11,1.9179561857299503e-05,317,9.658676844992442e-07,True,4.48,conjugate_3D_benchmark_H1_type,4,k(T)_cubic_273_373K,3000,220,120
PAR_124,GateA_converged_v1,GRAIL-CHT-1.0,parallel,0,455.57152759946644,303.83703474589026,304.4407115301796,3.8948559550853985,0.002517757742040796,0.0002098131451700663,36.581328331130315,0.6039204037248439,1.94850338909555,5.198875,3.139706688914998,28.056939,10.232922696753905,75.30138083476585,124.6875918917858,0.0006823866110001171,15.815989804267609,3.994065273594088e-05,295.6235532599869,293.21971694051786,20.500452629324514,317.6515006690369,13.814465923146656,145.38658025607398,0.6044130394803723,312.13842646978844,318.2661988657814,305.5419829347108,12.724215931070603,3.8736921139413116,317.4842623260592,317.99831272840345,318.23003242341656,9501450889.673439,9492682313.950693,312.2104836018683,156.0892361212731,1.2979243122946185,8.297387953692548,1.107392322418202,2.6332725648979616,302.845483205718,8.29517432521243e-11,-3.121496873064546e-05,142,9.55977156991139e-07,True,4.48,conjugate_3D_benchmark_H1_type,4,k(T)_cubic_273_373K,3000,220,120
PAR_125,GateA_converged_v1,GRAIL-CHT-1.0,parallel,0,574.596967545338,319.2840768735207,292.51888130599525,1.8083479297766956,0.0011322896871040651,9.435747392533876e-05,31.3808957085359,0.357954906778059,1.0500473720874892,5.198875,1.8609628159757814,28.056939,3.5949837197583867,50.96175759557471,142.36921084356663,0.0004534533879759701,22.060202309930467,2.5053700672982493e-05,372.85999441894256,276.1658244135995,12.571722133151443,349.78940047906235,30.505323605541662,144.38080867896696,0.4758961789410176,337.3045815016925,350.1135352158107,322.4292885921522,27.68424662365851,8.45047206478611,348.7256808076008,349.67134688548043,350.0775209046104,12993272560.431412,12944609704.130892,337.62114406247275,196.87007705320167,6.672506694420882,39.373957295078725,6.442865310021281,2.219715058570664,293.2063721293965,8.998100042845183e-11,-3.0946950947557154e-05,307,9.631598913983908e-07,True,4.48,conjugate_3D_benchmark_H1_type,4,k(T)_cubic_273_373K,3000,220,120
PAR_126,GateA_converged_v1,GRAIL-CHT-1.0,parallel,0,509.9099419070453,327.2354444301948,295.8152415940718,1.4899774062118185,0.0028419412491144658,0.0002368284374262055,30.667437869130072,0.9977356128920284,1.1281350029975736,5.198875,5.187102734474045,28.056939,27.930019318601627,124.38010177653871,124.6623856755113,0.0004663196161364988,5.473693294958347,1.5602722928729593e-05,330.88413067307505,280.8470704063363,11.36191414360491,338.16163950623576,10.926195076040983,129.79570673673396,0.4820953308608331,333.8359826994223,338.7225356149603,328.6028199980675,10.11971561689279,3.072394133043199,338.0864208959727,338.49247723264835,338.68795332976345,12426624630.340729,12420314192.083683,333.87837796550883,174.70682099538362,5.65781154127056,33.78369013333461,5.469659129109658,2.237171765918046,295.9987841241406,8.40256575429521e-11,-2.664181335058487e-05,133,8.962515494204126e-07,True,4.48,conjugate_3D_benchmark_H1_type,4,k(T)_cubic_273_373K,3000,220,120
PAR_127,GateA_converged_v1,GRAIL-CHT-1.0,parallel,0,793.2124464706053,332.28405291237516,292.81971464208846,4.238650959707973,0.003582555873325265,0.0002985463227771054,30.421070624914854,0.8701889864461484,1.0866771153584653,5.198875,4.524003766910219,28.056939,21.245524274451228,173.3536916875588,199.2138424959103,0.00042177358269280667,8.168717519365375,2.9352945763828895e-05,514.721109001901,276.5919571263278,21.806873646890296,346.6398798979354,14.355826985560213,214.9797085452811,0.513303265377601,341.1796737683752,347.65932952559854,334.3096286319756,13.349700893622924,4.042916777746532,346.76994273430535,347.3329180556502,347.6074544405437,13561203984.64331,13549791060.482801,341.25149458855896,271.77274555300374,7.308153427406827,42.52787710323487,6.957057759225011,2.2242072167492086,293.5491240981209,8.50670289764821e-11,-1.8869494796223754e-05,111,9.71275937899918e-07,True,4.48,conjugate_3D_benchmark_H1_type,4,k(T)_cubic_273_373K,3000,220,120
PAR_128,GateA_converged_v1,GRAIL-CHT-1.0,parallel,0,732.5331991543269,304.81550491049643,296.54260002550245,2.0655252134330615,0.0015433295778829249,0.00012861079815691041,35.75655571399654,0.39933896436432453,1.7009730459668493,5.198875,2.0761133583595783,28.056939,4.474285190782076,56.40154925924404,141.23728033658102,0.000558453661913963,20.296744404841043,3.141882244204708e-05,475.3459206636368,281.8835383155503,13.548995811045634,338.461053327343,33.645548416846566,217.05139074969134,0.56117890619121,324.594268591171,339.1094020626705,308.37863980633244,30.73076225633804,9.381012658093752,337.40313062728376,338.5456061871028,339.0506733973987,11156589863.641,11101032870.766737,324.9996303217434,250.98264611040022,4.1712556563467595,25.7245451283645,4.035509582304678,2.290906192015756,295.78318494580225,8.45138004024193e-11,-2.1916378643672516e-05,218,9.776427418728417e-07,True,4.48,conjugate_3D_benchmark_H1_type,4,k(T)_cubic_273_373K,3000,220,120
PAR_129,GateA_converged_v1,GRAIL-CHT-1.0,parallel,0,923.1016308674249,314.03215355036,303.2761583458621,1.6281181890463596,0.001640921912373569,0.00013674349269779743,32.28901900436539,0.44972860862687314,1.4480277410182665,5.198875,2.338082820175035,28.056939,5.674679243904658,73.38578138109517,163.17792547189552,0.00045634730359095664,14.890364324634344,2.4507447445855725e-05,599.007109981288,291.53888130931284,11.886849118376166,354.19925733885793,40.16710378849791,275.5083175898818,0.5652639304202277,337.6388319403894,355.04627809848864,318.26604784822825,36.78023025026039,11.210584322168067,352.9657375303133,354.35701762735636,354.97427055466596,13081836579.875322,12995995630.16845,338.1949979377679,316.27575407012006,5.457548588375746,30.366533413929524,4.943409987883486,2.2469454749336464,303.62879483991105,8.871182899383713e-11,-1.7551124230621374e-05,204,9.814505119720707e-07,True,4.48,conjugate_3D_benchmark_H1_type,4,k(T)_cubic_273_373K,3000,220,120
PAR_130,GateA_converged_v1,GRAIL-CHT-1.0,parallel,0,672.4296377406956,329.36468098198833,306.48399168588895,1.362693012568352,0.0034942712340603485,0.00029118926950502905,35.51235807354141,0.7385535151688397,1.4789881876562316,5.198875,3.839647406173402,28.056939,15.303974274173797,160.72599202938213,217.6226755790862,0.00044370057859950495,10.816110926181528,3.790814972293074e-05,436.3442989374015,296.1766187085316,10.878233447759737,342.6145416820843,13.249860700095951,193.5281776765453,0.5450840042839609,337.55140164796495,343.52025783413376,331.22383134397353,12.29642649016023,3.727054849972473,342.71369696162304,343.2204938255327,343.472442633514,12992034009.93484,12982539803.076906,337.6130980567021,230.38978983894802,4.923600173089731,27.46870870469767,4.469353767881922,2.24716703077957,306.78688238543805,8.513211469107772e-11,-2.191211105767461e-05,113,9.60208808464813e-07,True,4.48,conjugate_3D_benchmark_H1_type,4,k(T)_cubic_273_373K,3000,220,120
PAR_131,GateA_converged_v1,GRAIL-CHT-1.0,parallel,0,830.7895723760521,293.22766539722437,308.9360625408148,4.768780697743885,0.0036163291701698996,0.000301360764180825,20.021345686582976,0.788776438786889,1.2096714616805726,5.198875,4.100750108198188,28.056939,17.45613720993662,91.74104720115358,116.30804710932816,0.0008044957578527421,18.78698427109804,6.814435229598288e-05,539.1051690418268,299.7381264209471,23.821366651426764,312.2283341148345,19.000668717610154,287.2189712014343,0.6547690803212362,305.08379556028933,313.6402630044544,296.1000865624725,17.54017644198194,5.334780844189624,312.46670491333145,313.2024795294926,313.57220757060645,8679053202.100012,8663164544.912477,305.22358401494614,284.6475292540846,-0.2513289348813894,-1.7658790951842054,-0.5541866530011877,1.2642309652820383,307.0615522150751,8.6824343270564e-11,-1.66044943456504e-05,105,9.273120440411731e-07,True,4.48,conjugate_3D_benchmark_H1_type,4,k(T)_cubic_273_373K,3000,220,120
PAR_132,GateA_converged_v1,GRAIL-CHT-1.0,parallel,0,926.5794371608814,291.25202907804385,286.7030419540362,1.7709791622691065,0.0016660713578903925,0.00013883927982419938,27.167300699707987,0.5520681363988706,1.5016639349242529,5.198875,2.8701332326206788,28.056939,8.55117218677289,50.62812510267917,91.70629812639689,0.0006716163355024083,13.870442467576781,2.3178682965392394e-05,601.263882829756,267.9708347156924,12.429720816622606,331.8700251229224,40.617996044878566,282.87096566965965,0.5781916194093416,315.1618349512716,332.7920959647163,295.67678856946134,37.115307395254945,11.340037848178163,330.69077297156537,332.09683066242184,332.7196190992671,9942379336.112617,9865849394.916367,315.77124704910483,317.4673301341112,3.93790284684041,26.56443568769954,4.094078452849116,2.3023962243470746,285.41008716442974,8.431854325863241e-11,-1.654435985660932e-05,194,9.583565656612336e-07,True,4.48,conjugate_3D_benchmark_H1_type,4,k(T)_cubic_273_373K,3000,220,120
PAR_133,GateA_converged_v1,GRAIL-CHT-1.0,parallel,0,809.9949337933795,294.76946839121695,308.21290835269576,4.45307239336638,0.002245329521956139,0.0001871107934963449,20.216095136383753,0.8993579984919039,1.6878583928836937,5.198875,4.6756498144095975,28.056939,22.69370947924353,65.17972738120994,72.4736172808905,0.0007030513458773948,7.640403376219643,1.7206843791654282e-05,525.6113825030603,298.68630690556546,22.62167509479224,323.6973747513121,28.927906360095164,271.5022114233845,0.6348295678199622,311.9652690059274,324.73134398611546,298.19940021598734,26.531943770128123,8.097478233862445,323.11814468215204,324.1779290412434,324.65749020108274,9509893699.33857,9471635734.819233,312.2798165867405,277.52280996161585,0.7868358989126144,4.693994344353336,0.5398141410708017,3.0387933891242924,306.7080695875814,8.103171467155335e-11,-1.6519761169718796e-05,153,8.912851967579627e-07,True,4.48,conjugate_3D_benchmark_H1_type,4,k(T)_cubic_273_373K,3000,220,120
PAR_134,GateA_converged_v1,GRAIL-CHT-1.0,parallel,0,881.2739249847968,332.69332127602803,305.87155629588347,1.5469332780786256,0.0014274932510156396,0.00011895777091796997,34.71398964967647,0.4602800573415967,1.4228540122027726,5.198875,2.3929384831117937,28.056939,5.944079440574761,82.89095556866587,180.0880882118001,0.0003514685053167876,9.561825570583583,1.3690513008422099e-05,571.8648188401095,295.2893045160128,11.578346456698778,373.39133050510435,40.69800922907632,242.8418380478848,0.5218896310627524,356.582067963341,374.04698363806233,336.84294639125665,37.20403724680568,11.34686001482329,372.0348173524275,373.38355026440837,373.97805653481083,16265378839.799631,16167318614.977877,357.12154002147656,301.9446243475778,8.623476863428374,43.18415976382639,7.295207958076788,2.207374597176536,308.2164920939855,9.902791475724371e-11,-1.9303419850200614e-05,237,9.752075129654258e-07,True,4.48,conjugate_3D_benchmark_H1_type,4,k(T)_cubic_273_373K,3000,220,120
PAR_135,GateA_converged_v1,GRAIL-CHT-1.0,parallel,0,451.63881063095863,322.3419577949397,284.9876282481248,0.18913035708911285,0.0016955333980452148,0.00014129444983710122,36.6755709562799,0.6605843763183242,0.9937521323790903,5.198875,3.434295599431928,28.056939,12.243254679868976,70.59549898789848,106.86825410760201,0.000490172377033533,8.307966476543784,1.412882109410232e-05,293.0715856901034,265.5694341748984,6.418695356938629,336.6696785390353,14.327720744095643,101.54527938502389,0.4258283397460872,330.75679344970877,336.9970322541681,323.84875748888896,13.148274765279155,4.010216637039255,336.2463851662524,336.7478859465049,336.9709760170328,11978922516.347311,11968372343.19675,330.829660261023,154.7417972443746,6.337593765464165,40.27463102110593,6.58434646454962,2.2012850868151306,285.64984375068326,8.741011470192463e-11,-3.450377981924172e-05,209,9.683483312983299e-07,True,4.48,conjugate_3D_benchmark_H1_type,4,k(T)_cubic_273_373K,3000,220,120
PAR_136,GateA_converged_v1,GRAIL-CHT-1.0,parallel,0,581.9420367705344,331.4027597592156,287.96431818624563,0.3415340704500176,0.0022790504803201633,0.00018992087336001362,24.84929936146778,0.4690982478345903,1.9146470886923663,5.198875,2.4387831532110558,28.056939,6.1740182586273065,109.10330296247783,232.58092194142873,0.00042631983912456577,14.878038754010051,3.4009830861132e-05,377.6262612546571,269.74108115317983,6.997829467710067,346.0316304141854,14.628870654969774,139.3609270156967,0.4535523006993484,340.0736129553608,346.57353469719226,333.05036956405826,13.523165133134,4.116359775006885,345.75206912320357,346.2954306691451,346.53839899511405,13386689964.7595,13374936893.458818,340.14829728916095,199.38666594245896,7.5546486767656384,44.974704986594325,7.496436722672054,2.1816666701675813,289.70265475848265,8.441617183052586e-11,-2.5808781893058773e-05,160,9.72393706888397e-07,True,4.48,conjugate_3D_benchmark_H1_type,4,k(T)_cubic_273_373K,3000,220,120
PAR_137,GateA_converged_v1,GRAIL-CHT-1.0,parallel,0,502.49678993967154,316.8603209517608,300.4433205887951,0.6414837858008955,0.0036631044567883592,0.00030525870473236327,33.583715460601944,0.501728892024569,0.5908480233263039,5.198875,2.6084257935242317,28.056939,7.062826032159156,133.72224844108445,266.52291818693243,0.0005590686373556934,51.281194264850434,0.00018841361209729515,326.0736844693824,287.46363148832484,8.137638386043403,326.28900209640466,9.42868114464386,144.3698595963898,0.5441383305551641,322.74193274711786,326.9942887404663,318.24310753089463,8.751181209571655,2.6512292548814833,326.4146217761487,326.77905087998147,326.96015747155013,10854188442.040781,10849796231.091608,322.7745908606146,172.1669053998339,3.4061955414976124,21.183026032131103,3.2078755966459123,2.3609505250142133,299.0172786539804,8.61084004100121e-11,-2.9835484595865183e-05,108,9.864062349151936e-07,True,4.48,conjugate_3D_benchmark_H1_type,4,k(T)_cubic_273_373K,3000,220,120
PAR_138,GateA_converged_v1,GRAIL-CHT-1.0,parallel,0,729.9377281305843,309.2858475546416,297.3094322388809,2.8170217868530645,0.0020027691746661463,0.00016689743122217887,21.93922619932155,0.7845903310425664,0.6052606466752714,5.198875,4.078987057298923,28.056939,17.27134627462354,73.97398102244509,94.28357461931527,0.0005525497718243229,8.412797131029363,1.6899589535351457e-05,473.661701348033,282.97763267964046,16.404682790041644,335.2239761518378,25.938128597196226,217.14299280450263,0.5634119902852495,324.59809303715883,335.9904042337886,312.1682507084197,23.82215352536889,7.2654918046860875,334.5782476961212,335.5151050241579,335.9315866355106,11134899548.58201,11101556059.930134,324.84155133610227,250.09337831176143,4.042309838154855,24.982380075749195,3.925743378933579,2.28688515053935,296.6182225115117,8.008797180991679e-11,-1.9107094775926953e-05,174,9.010962003230816e-07,True,4.48,conjugate_3D_benchmark_H1_type,4,k(T)_cubic_273_373K,3000,220,120
PAR_139,GateA_converged_v1,GRAIL-CHT-1.0,parallel,0,637.8288814288446,319.19758799417485,288.7346004194854,4.583090429532864,0.002858853152232645,0.00023823776268605375,25.06002565649796,0.7613734489598922,1.3385005388208067,5.198875,3.9582853894613597,28.056939,16.264313747949544,113.22437132351197,148.71069050042016,0.000515313389626092,9.956343966566898,2.8549373453893936e-05,413.89162596134724,270.82410933092893,23.11574363222488,333.6206351586997,14.42304716452486,172.3555026976064,0.5117844077395238,327.91213234311556,334.3608610418071,321.02281970175954,13.338041340047539,4.054189797362074,333.517873113616,334.06050722333305,334.31302715905997,11572520063.896383,11561919500.823236,327.9872681963292,218.53477850759137,5.512088467669558,35.031157736838054,5.636074913645298,2.2324211185792064,288.6777897837485,8.330971468240025e-11,-2.073270362415415e-05,131,8.772897786002432e-07,True,4.48,conjugate_3D_benchmark_H1_type,4,k(T)_cubic_273_373K,3000,220,120
PAR_140,GateA_converged_v1,GRAIL-CHT-1.0,parallel,0,524.7151639764585,329.878256992289,306.1524214482363,3.5916280451402005,0.0018009568744558552,0.00015007973953798793,21.370048370085676,0.6406080190495319,0.7629884733064655,5.198875,3.3304410150361354,28.056939,11.513968303021176,86.69016698413928,135.32482330265114,0.0004239874199632155,9.048718470697892,1.6345387898514585e-05,340.4913429104717,295.69611994175403,19.34818657153276,348.31694329518444,18.438686302895462,138.80642560610264,0.5010165050215898,340.711028661347,348.7658277383673,331.8246713836378,16.941156354729515,5.16679441486167,347.7857030145696,348.4386437192246,348.72819651924334,13494077056.018335,13475496228.790455,340.8284162115581,179.77942905672907,5.546935749306989,30.454522067213126,4.971596974102777,2.2454720135166912,306.6024456609528,8.649891469758587e-11,-2.8557214096274222e-05,198,9.350726486445637e-07,True,4.48,conjugate_3D_benchmark_H1_type,4,k(T)_cubic_273_373K,3000,220,120
PAR_141,GateA_converged_v1,GRAIL-CHT-1.0,parallel,0,662.1996698599111,327.56429756077665,298.0842354353769,0.050517794934661645,0.002108694115273228,0.00017572450960610234,31.80652799035101,0.5992553918722227,0.614995765863469,5.198875,3.1154538754197016,28.056939,10.075443886140778,99.45192199001258,165.95916088347587,0.000432732887339234,13.942842813719105,2.9489659570179633e-05,429.70600116978534,284.0845337763931,5.891967620751714,347.8141348844317,20.249837323655072,178.48897950246018,0.5104915104159815,339.54015934101136,348.47103433066917,329.8044269952516,18.666607335417552,5.678507690771812,347.3540060252688,348.0941087989667,348.42394069877923,13313504082.24564,13291212222.86191,339.68243804245816,226.88476861764667,6.324453866636735,36.10754411460827,5.963844103349647,2.2109914065520866,299.1002810643002,8.893962899492179e-11,-2.334639230232129e-05,170,9.901601174533425e-07,True,4.48,conjugate_3D_benchmark_H1_type,4,k(T)_cubic_273_373K,3000,220,120
PAR_142,GateA_converged_v1,GRAIL-CHT-1.0,parallel,0,699.8022118984525,316.3438233525139,307.3116900384012,1.3880070988363564,0.0014504387691310536,0.0001208698974275878,28.749698114316992,0.3509522963261502,0.6381146734982046,5.198875,1.8245571195626142,28.056939,3.4557034354012766,64.04081273494714,182.47725803575352,0.00046223418582520647,42.702599544136184,6.212387755415565e-05,454.10655391638903,297.3772213959763,10.974426975578154,350.20201175839856,33.858188405884675,205.27657770671368,0.5555589716087119,336.23044674483765,350.77900383435417,319.838618412026,30.940385422328177,9.440393666840418,349.09357756151354,350.2243504669571,350.72139712585556,12840871169.575483,12780509002.086657,336.626748474965,239.76826046785342,4.649134648432893,25.682353283957973,4.160248775361237,2.2589199600701853,307.46661729783403,8.636874326839462e-11,-2.2499480227183685e-05,236,9.291879337069986e-07,True,4.48,conjugate_3D_benchmark_H1_type,4,k(T)_cubic_273_373K,3000,220,120
PAR_143,GateA_converged_v1,GRAIL-CHT-1.0,parallel,0,431.7950880123859,324.27121871295503,295.28054449588586,2.016884917746256,0.002615881036030273,0.00021799008633585607,28.07000504768562,0.981862103835164,0.7882533659414606,5.198875,5.104578345076039,28.056939,27.048381571172577,108.28904679625298,110.28946567269963,0.0004930068523222889,5.526101628012009,1.4499121817344667e-05,280.19485517685325,280.08595224844737,13.364162687435773,334.01598435275383,9.7447656397988,106.552997125624,0.4673627014319848,330.11134510414274,334.4547189958178,325.4455993013588,9.009119694459002,2.7394395644318035,333.8945173929036,334.25873716020715,334.4259731705595,11880129243.4509,11875223738.530859,330.1454310311066,147.94288353337853,5.117599952971234,31.261578354850144,5.010754682378881,2.250592435700145,295.0988718272207,8.317954325320897e-11,-3.1486776928282075e-05,142,8.987429964690818e-07,True,4.48,conjugate_3D_benchmark_H1_type,4,k(T)_cubic_273_373K,3000,220,120
PAR_144,GateA_converged_v1,GRAIL-CHT-1.0,parallel,0,515.5170261332279,328.20455242367234,302.61322434476426,3.2783695893216693,0.00386839968709734,0.000322366640591445,22.368856436620742,0.6822583075528494,1.1485579392629148,5.198875,3.54697565867882,28.056939,13.059842910935124,168.84950585795826,247.486185201019,0.00046757474162364683,16.00090672814764,6.208415504557678e-05,334.52260687703443,290.5834878089119,18.157804439422343,336.84299266444106,8.638440240768716,139.68280721198687,0.51317562335265,333.60199368433507,337.51375385157047,329.4807346251699,8.033019226400597,2.4351035308175075,336.9721678513538,337.31000156149724,337.4818592456929,12389487595.412823,12385528690.610722,333.62864858724595,176.62793643107418,4.774943695005112,27.712187914658397,4.458040537621285,2.2579740058557585,302.5647815578883,8.474160040350398e-11,-2.4304307887551262e-05,106,8.139724059219589e-07,True,4.48,conjugate_3D_benchmark_H1_type,4,k(T)_cubic_273_373K,3000,220,120
PAR_145,GateA_converged_v1,GRAIL-CHT-1.0,parallel,0,877.2300704560305,299.17500443148873,301.09434278926784,0.007206435770659502,0.0036495972822383404,0.000304133106853195,31.152809300082232,0.42769990098601407,0.9136614138011007,5.198875,2.223558322738664,28.056939,5.132377440639268,104.46543442585346,244.24937715678712,0.000713003771234821,77.71370560467419,0.0002844771602482341,569.2407333294113,288.3984827719268,5.727384455928506,317.8865541109072,18.711549679418454,285.4506151800583,0.6162877713855623,310.8948170810211,319.3067129180091,301.9979597054656,17.308753212543536,5.243792889997583,318.15893108018116,318.8819926409139,319.2394643007996,9358244468.10904,9342302553.957558,311.027361763056,300.5591071979292,1.8063754866157236,11.892263868666022,1.409895023638792,2.919712593883621,297.575669654187,7.82981146585371e-11,-1.4094082868088735e-05,106,8.23499078705936e-07,True,4.48,conjugate_3D_benchmark_H1_type,4,k(T)_cubic_273_373K,3000,220,120
PAR_146,GateA_converged_v1,GRAIL-CHT-1.0,parallel,0,480.4133949351112,321.8543795061433,304.2278049965136,0.9426185645485928,0.004227786146869637,0.00035231551223913643,26.936690089729414,0.7085932103752396,1.8114825942703567,5.198875,3.683887526589574,28.056939,14.087510777006298,165.57044176651604,233.66077933323308,0.0005211343508721616,15.626613203740211,6.626477314469711e-05,311.7436148671582,292.9121818017305,9.281950545284653,329.60071036871943,7.746330862576144,136.89429069524886,0.5396799770500612,326.7724951145555,330.295980656696,323.07654590842,7.219434748276001,2.185094280573813,329.80092817231855,330.1111091265887,330.2658250673371,11405083351.146557,11402024686.667505,326.79440760207854,164.60062864985954,3.505060227058931,20.958046405621644,3.243276341600381,2.3275602653789313,303.29981464448986,8.099917181425553e-11,-2.735084952961383e-05,99,8.481337658849952e-07,True,4.48,conjugate_3D_benchmark_H1_type,4,k(T)_cubic_273_373K,3000,220,120
PAR_147,GateA_converged_v1,GRAIL-CHT-1.0,parallel,0,690.5596278132505,293.582345160202,290.49415782175817,2.205166025483745,0.0030264634343190352,0.00025220528619325294,20.586813766899862,0.9666892278503977,1.1652403522489978,5.198875,5.025696459440737,28.056939,26.218874586608884,75.92345439690277,78.5396714989075,0.000813540107715733,10.784810411841162,3.273804850300952e-05,448.1089764054128,273.30349261834124,14.079630896838232,310.8392774446532,17.25693228445118,218.31084360817863,0.5987426576658873,304.11085804469263,311.82662500391564,295.93549476488937,15.891130239026268,4.840465303381684,310.8046697163971,311.45655834077746,311.7662249547186,8566178465.540487,8553181861.5216875,304.22631678035896,236.601539542058,2.0016378444390224,14.330210263201261,1.958896815723615,2.544042903536565,288.06124921823476,8.441617183052586e-11,-2.070548003639694e-05,120,9.748885645421979e-07,True,4.48,conjugate_3D_benchmark_H1_type,4,k(T)_cubic_273_373K,3000,220,120
PAR_148,GateA_converged_v1,GRAIL-CHT-1.0,parallel,0,446.4428838510253,297.6234876439783,311.29564985328676,0.6293890807289575,0.0027373931489972384,0.00022811609574976987,22.83874422337759,0.6982700929684641,1.6747877925654509,5.198875,3.630218929581424,28.056939,13.68003381810461,72.00165421964132,103.11433203955525,0.0007759150910492406,15.843761703706225,4.350110806626904e-05,289.69991243111724,303.1786783195985,8.09167850677004,311.22501980025305,13.601532156274743,155.63285713108985,0.6602394388489605,305.84473005882427,311.91183041656916,299.3689639771475,12.542866439421687,3.819823669415378,311.1258222896323,311.6337488804421,311.86834989740004,8758104854.683584,8749918476.099392,305.91624166189166,152.96155376362992,-0.24356863043818977,-1.6435230894530324,-0.784168649769706,0.9281528387071517,307.6854499225592,8.936268613979337e-11,-2.811020020449076e-05,132,8.556311854590604e-07,True,4.48,conjugate_3D_benchmark_H1_type,4,k(T)_cubic_273_373K,3000,220,120
PAR_149,GateA_converged_v1,GRAIL-CHT-1.0,parallel,0,587.4093169618583,297.3368989051134,305.31976601208487,1.041031681386562,0.002720069440805736,0.000226672453400478,26.316324770730905,0.6922315378278048,1.3594849837051812,5.198875,3.598825236224529,28.056939,13.444450341333827,73.8232066751915,106.64525182837784,0.0007519805064499243,16.59470459509743,4.5274572566021105e-05,381.1740176417685,294.49061503829097,9.655920389268935,314.5078831941078,17.17098428899442,195.23220706614535,0.6294724262133464,307.714025475234,315.37135887137936,299.5372995300434,15.834059341335944,4.820327831319002,314.3822387738684,315.02128943718657,315.31979363362746,8978997902.898632,8965802473.099144,307.827182657299,201.25988131485377,0.7605495374718597,4.922732488055563,0.34443787126042474,4.768092134194853,302.2006429540107,7.49136574995646e-11,-2.2681161851878784e-05,132,9.048261517818901e-07,True,4.48,conjugate_3D_benchmark_H1_type,4,k(T)_cubic_273_373K,3000,220,120
