case_id,geometry_version,solver,arrangement,f_interdig,G_T_W_m2,T_in_K,T_amb_K,v_wind_m_s,mdot_total_kg_s,mdot_channel_kg_s,bridge_mm,g_ratio,lambda_G,Dh_in_mm,Dh_out_mm,A_in_mm2,A_out_mm2,Re_in,Re_out,mu_Pa_s,dp_channel_Pa,W_pump_W,q_abs_W_m2,T_sky_K,h_wind_W_m2K,T_out_K,dT_fluid_K,Qu_W,eta,T_plate_mean_K,T_plate_max_K,T_plate_min_K,plate_spread_K,plate_std_K,P90_K,P95_K,P99_K,R4_K4,mean_T_pow4_K4,T_R4_K,Q_solar_W,Q_rad_W,Q_conv_W,Q_rear_W,U_L_W_m2K,T_glass_mean_K,lateral_bridge_W,energy_error_pct,outer_iters,residual,converged,nu_cfd,dataset_rev
ALT_000,GateA_converged_v1,GRAIL-CHT-1.0,alternating,1,833.0998180592153,292.06544238494786,289.5494984747478,3.0065091853244392,0.003751271843434751,0.0003126059869528959,23.829625230697392,0.9381791981459208,1.926904166501923,5.198875,4.877476378760875,28.056939,24.69516240019809,90.36558622486528,96.32017678866735,0.0008472175899998574,14.28822304315321,5.376028966348669e-05,540.6043036373511,271.97144160341844,17.12473490423287,308.65776161451817,16.592319229570307,260.17281376244256,0.5914675895196551,309.83427551098106,313.21801916060986,301.05400114253376,12.164018018076092,2.844403855282859,312.9031119605252,313.0208018801966,313.1518813834873,9220118025.58271,9215477437.439339,309.8732735401903,285.4390723205214,2.794967164599047,19.55299047033037,2.918165524200514,2.359047986336151,287.9352354639471,155.69278677098808,4.743532404634695e-05,199,9.685780355539464e-07,True,2.9238,2
ALT_001,GateA_converged_v1,GRAIL-CHT-1.0,alternating,1,484.5320756111663,326.79041688252545,287.06705190862976,3.33261531333765,0.0028023535364404407,0.00023352946137003672,20.21086700464004,0.6723063356073826,0.5626446050661631,5.198875,3.495236600530832,28.056939,12.681618838501977,120.16357377653912,178.73336515262727,0.00047595904512532484,15.499272943681214,4.356513775925847e-05,314.416255588615,268.4813368312973,18.36393819068307,335.96184594121854,9.171429058693093,107.43263222559625,0.41993276525606854,337.2501376134554,339.5628595735542,331.60581127361,7.9570482999441765,1.9537699161675588,339.37093346331835,339.44752887672905,339.52290146974264,12938852803.368814,12936254237.758142,337.2670725891154,166.01178295078873,7.236046298194643,44.12390391166435,7.21933252410129,2.210811863473888,287.8320631629394,81.870868708659,-7.951770980796043e-05,240,9.81687605872139e-07,True,2.9238,2
ALT_002,GateA_converged_v1,GRAIL-CHT-1.0,alternating,1,419.95032765710994,290.3043677028324,297.28222061625,3.0624161357873176,0.002287071793785387,0.00019058931614878227,28.382706470356656,0.8240635844809214,1.4522044719395197,5.198875,4.284203567768251,28.056939,19.05292833666524,51.21801481851269,62.15298889924249,0.0009113318600643472,11.941398166276933,2.739301396635157e-05,272.5087072689922,282.9387837388334,17.337181315991806,303.9753283363638,13.670960633531422,130.6938381582025,0.5894178247553715,306.73221394730894,310.6146411769845,297.61393008671,13.000711090274478,3.3041162957051817,310.34849868693817,310.4553693258636,310.5626143749193,8858057586.063614,8851921567.53149,306.78535567160935,143.8845974380279,1.50913237772377,10.322020859511296,1.3594748758323887,2.6436525149625187,295.1717138533845,115.29381001761428,9.116108344123683e-05,341,9.9364712013994e-07,True,2.9238,2
ALT_003,GateA_converged_v1,GRAIL-CHT-1.0,alternating,1,882.516114248624,309.9996398235053,296.54320210335237,2.43910756139583,0.002390127427989617,0.0001991772856658014,24.91944925697403,0.6606925390638025,1.5280476574877842,5.198875,3.4348579240253265,28.056939,12.247264379472528,88.77909980993134,134.3727900056671,0.0005494520722017406,11.217947280959399,2.6893002489430897e-05,572.6708841487317,281.88439678877205,14.968608733304155,335.16593675704206,25.166296933536785,251.42974442822893,0.5395852722600629,339.87744302834943,346.85541869087524,323.32010081632853,23.535317874546706,5.924072389590621,346.34478136521363,346.55324682566,346.75646621233443,13368254512.708527,13344102498.660236,340.03112813324583,302.3702268305304,6.626362684675491,38.079930694931384,6.23405855824024,2.2263730553162255,297.2285229799323,215.09790937446243,4.314725550661546e-05,357,9.852628295448085e-07,True,2.9238,2
ALT_004,GateA_converged_v1,GRAIL-CHT-1.0,alternating,1,475.1486762466718,302.63575277943465,311.734161120509,4.9430841329226505,0.0014730988373608993,0.0001227582364467416,27.529365867418345,0.7968689795538508,1.9054237368625886,5.198875,4.142822216078026,28.056939,17.81616105081785,46.72384412705575,58.634286596543625,0.0006434470548200922,5.457170893386811,8.063141522896542e-06,308.32730205719906,303.81951963093314,24.483719705106072,324.9645405772205,22.32878779778582,137.4906974204135,0.5480369853951509,332.74847894092227,340.44241613188825,315.19039275954435,25.2520233723439,6.664889105860849,340.0618269629048,340.2264133839609,340.3750119264822,12288538823.311325,12259261686.994658,332.94696581693324,162.79681548620113,3.406720347097184,18.876152939893217,3.0231171714919536,2.280742792702939,311.60748622208956,155.8130118050689,7.838439890995033e-05,591,9.911382790050993e-07,True,2.9238,2
ALT_005,GateA_converged_v1,GRAIL-CHT-1.0,alternating,1,602.7356684887246,315.60430496369514,284.3833122762884,3.6742844047716505,0.003590308016397938,0.0002991923346998282,20.987311756247063,0.5130161233668782,1.8617415602498641,5.198875,2.667106698368979,28.056939,7.384180720986087,129.3679228680539,252.17126124423535,0.0005664017684422848,26.279205662219436,9.463434579100954e-05,391.1193944320128,264.72517256773557,19.66228073813227,326.0452720431519,10.440967079456755,156.69268302205992,0.4923658257385664,326.88869133624087,329.113630626854,321.21692689951385,7.896703727340139,1.8681322557777094,328.9103040576654,328.98553181934494,329.07148317757856,11420482817.104515,11418251009.721422,326.9046635531321,206.5110402601028,5.80575938191701,37.897916830672045,6.114818592497605,2.2197884456316292,284.4436239367871,98.03258303462513,-6.661486166531155e-05,168,9.907801654662762e-07,True,2.9238,2
ALT_006,GateA_converged_v1,GRAIL-CHT-1.0,alternating,1,728.7408385376815,324.7919895324646,305.4446873685101,0.2335732121363339,0.0020068750396046104,0.00016723958663371753,20.352289447683003,0.6676807849631763,0.6991053871866466,5.198875,3.4711889409254337,28.056939,12.50771692834246,92.83074332152168,139.03461865634108,0.00044121269567506846,9.758826042748264,1.9643675427316875e-05,472.8850313129712,294.6713694499947,6.587578206118069,347.94577418985233,23.153784657387746,194.2310254553991,0.5047909643343039,353.64727147066804,360.760930466082,337.0375567936911,23.723373672390892,6.069499840348314,360.2818778851975,360.47827352313544,360.6701326385471,15669055864.641163,15641602562.641907,353.80234512302127,249.6832965332488,7.919143319776213,40.598582576715295,6.934417807651345,2.178788598867749,308.177501153469,187.1174103930667,5.101410812007155e-05,433,9.765909680936602e-07,True,2.9238,2
ALT_007,GateA_converged_v1,GRAIL-CHT-1.0,alternating,1,874.7908753666511,320.13997790194884,301.64373464543695,4.08516320030322,0.004235471876394564,0.000352955989699547,30.967642103974345,0.3823835204628353,0.5324706569091636,5.198875,1.9879641249462232,28.056939,4.102405846890012,170.66627989077898,446.32226745599627,0.0005064931514173424,120.6744737293485,0.0005126512935600503,567.6579225615474,289.18818225839686,21.223620161152233,334.7929813752406,14.653003473291733,259.420765604207,0.5616510430310506,335.5677464211285,338.221911844914,328.47404861700954,9.747863227904475,2.248058375576971,337.987452601012,338.07479682523416,338.1688269194657,12683450315.879587,12680046473.70441,335.590264175428,299.723383112497,5.2315567119119235,30.19062309677005,4.88030415269372,2.250049772489384,301.7547260934045,138.93295521440973,4.455672190236487e-05,167,9.287215334552457e-07,True,2.9238,2
ALT_008,GateA_converged_v1,GRAIL-CHT-1.0,alternating,1,551.3601150513252,327.3107326896822,296.25551266708277,2.2553945248509737,0.0038415657189747494,0.00032013047658122914,33.13680713974689,0.8007489895717985,0.6410268919641401,5.198875,4.162993903160085,28.056939,17.990079667096687,165.58039831505846,206.78190103443373,0.0004734987548499219,12.977589267152101,5.000427486823085e-05,357.78143817761026,281.4742938545409,14.2704991944337,336.1080080571544,8.797275367472196,141.2644019532199,0.48524767845346733,336.7004522448393,338.42494707295344,332.2376045540859,6.187342518867524,1.4586921395851256,338.27786797781147,338.3329701050311,338.3922074953731,12853565301.995722,12852120798.296312,336.7099126397152,188.90859935777823,6.083271659979595,35.74266074004005,5.818404022551597,2.2310633493131626,296.66923757609607,82.38699237845431,-7.359009245158375e-05,180,9.831730949372286e-07,True,2.9238,2
ALT_009,GateA_converged_v1,GRAIL-CHT-1.0,alternating,1,664.23833401132,292.46794144455544,311.34424210841786,3.090601604823307,0.0018414546183838584,0.0001534545515319882,26.378163573875806,0.9050876313544999,1.7020758506653522,5.198875,4.705437459458126,28.056939,22.983784868228888,50.054838459345106,55.30385868209915,0.0007508176153797903,6.619919792505344,1.222696276353027e-05,431.0289046082836,303.2496689225302,17.444286098328565,319.5262531677828,27.058311723227348,208.27540990954168,0.5938546202752486,326.97049190274856,335.57611586086676,307.1296320465609,28.44648381430585,7.376934748331198,335.06290441296636,335.2691300638445,335.47895333344235,11464281154.57953,11429684504.701767,327.2176392757389,227.58326163317375,2.5519474081890143,14.507785601199506,2.247990369374491,2.3401584815951466,310.72200150653333,210.96061435154476,5.639468743760175e-05,482,9.883701181934157e-07,True,2.9238,2
ALT_010,GateA_converged_v1,GRAIL-CHT-1.0,alternating,1,939.2449105405487,314.72828944652827,300.4743681037212,0.28098576792685104,0.002040957418356762,0.0001700797848630635,30.176335304290497,0.4072603995417007,1.8042564112225776,5.198875,2.117295909667359,28.056939,4.653552886336211,85.73383143645451,210.51354743287766,0.0004858488825589581,21.463364467771196,4.393762581082503e-05,609.4825971641358,287.50819194956523,6.767745918122034,345.4018735897607,30.67358414323246,261.68254265773226,0.5276694828833024,352.72219726771533,361.9404112262416,331.3441066630458,30.596304563195815,7.881165607826986,361.37648207324673,361.6021571363438,361.8333076202454,15524539755.208628,15478581740.869072,352.98372629818925,321.8068113026637,8.419825089403348,44.187949608032,7.516366263644078,2.1794536297577674,303.2323926503114,248.10864020890793,3.967717509505102e-05,437,9.740584800965735e-07,True,2.9238,2
ALT_011,GateA_converged_v1,GRAIL-CHT-1.0,alternating,1,434.8821241620741,320.9100904278072,291.0778239157642,1.1652801234327317,0.004072181417403835,0.00033934845145031957,20.339255117031765,0.856707988038188,1.0130279055926943,5.198875,4.453917741312035,28.056939,20.592350447528943,154.98891539270227,180.91218659886425,0.0005362236638401945,12.310293649084802,5.0280590813026655e-05,282.19805454363893,274.1275956726007,10.12806446904438,327.1255507609317,6.215460333124497,105.79781504908975,0.46075623388812476,327.48873729923923,328.69288182596233,324.3056987516061,4.387183074356244,1.0126253267997891,328.5781243444125,328.62150429457256,328.6680807093196,11502979658.397894,11502320772.17885,327.4934270741374,149.00057279904135,5.186052312329448,32.778768637573094,5.238069511462484,2.2472219789627443,290.77703490384874,59.45919948242471,-8.906772030158534e-05,181,9.389390243086382e-07,True,2.9238,2
ALT_012,GateA_converged_v1,GRAIL-CHT-1.0,alternating,1,857.3034172462809,311.29728731059436,285.3093332729495,4.527094762474661,0.003587817107497725,0.00029898475895814375,33.30602017031029,0.729045322617176,0.9296834865476368,5.198875,3.790215501621371,28.056939,14.912461789805983,126.05937963452975,172.910209727419,0.000580864222920888,17.018343605161483,6.12424316227411e-05,556.3101885750324,266.01923858215486,22.90296009740371,327.4854500535589,16.18816274296455,242.77509901373185,0.536334411644547,328.7802573020544,332.1208175003219,320.2812674671692,11.839550033152705,2.8272172047798505,331.84628836776994,331.95206590516017,332.06114022069573,11690008769.288157,11684844143.853678,328.8165809681433,293.73177956761714,6.015702582507297,38.68711756516833,6.253721772750119,2.220078520087901,285.4512975631599,150.168413856975,4.719729671281084e-05,207,9.90890100638353e-07,True,2.9238,2
ALT_013,GateA_converged_v1,GRAIL-CHT-1.0,alternating,1,888.5517730810826,324.1227465461296,290.3728773971053,0.5669463751235433,0.0018944939391162964,0.00015787449492635802,30.411111120150004,0.9722093263379317,1.1786881563015223,5.198875,5.054394761465115,28.056939,26.519165506997766,90.181345190512,92.75918544229819,0.0004287419788492086,3.519029129900186,6.686839877803005e-06,576.5874654147259,273.1323554222001,7.854396225469465,352.5290060949383,28.406259548808748,224.94873377140323,0.4794760208841182,360.0062864999297,368.86013151761745,339.53632508153794,29.323806436079508,7.590365482968324,368.33964394675417,368.5491616178695,368.7608185392592,16841763113.309465,16797333242.49405,360.24410984371696,304.4381817389753,11.085785545887505,58.38608011829165,10.01745365075727,2.1620110066128317,294.61480029018884,223.14030323947657,4.2259034295353046e-05,469,9.87420094133995e-07,True,2.9238,2
ALT_014,GateA_converged_v1,GRAIL-CHT-1.0,alternating,1,646.9750452546116,331.8155890653097,286.7166566650029,4.985774134418909,0.0019166059664500528,0.00015971716387083775,27.705656401626324,0.9898720703305586,0.8577232950183382,5.198875,5.146221159639784,28.056939,27.491499529514897,94.41758507185017,95.38362370434422,0.0004142852246490924,3.3380587084092084,6.416994219556314e-06,419.82663569103414,267.98992269998433,24.645941710791853,349.62227165571903,17.80668259040931,142.65668731902602,0.4176098010334687,354.2728809049003,359.81545434935424,341.45187040567566,18.363583943678577,4.747305915120938,359.47860270338964,359.616076891218,359.7512954600649,15769458770.899986,15752577896.318838,354.36775480924996,221.66846364486605,10.535328771470125,58.757689264902176,9.718630092403277,2.215095906444396,288.4651983288892,141.0075340519596,5.783279332750722e-05,435,9.843346333582303e-07,True,2.9238,2
ALT_015,GateA_converged_v1,GRAIL-CHT-1.0,alternating,1,641.1758263136524,330.89281848046704,303.7740273078725,4.701725738622171,0.0012767344342036106,0.00010639453618363422,33.86625759785724,0.8650362200405126,1.6170680577232628,5.198875,4.4972151784631205,28.056939,20.994661286680984,66.13405359112363,76.45235200443554,0.00039399882420356006,2.605979163138437,3.3371547967863103e-06,416.0634819257131,292.25707680558617,23.566557806764248,357.7626090128612,26.869790532394177,143.39735287644152,0.42357475820753393,368.20031322107667,377.6595396855664,346.6987896120058,30.960750073560632,8.264234403933134,377.2594672134244,377.4582140293689,377.5947121046144,18434689516.96314,18379623655.857502,368.47578849660925,219.68151845677653,11.509348651354523,55.50633087242494,9.268357550510645,2.242525458025532,306.0341006162273,170.93832520302237,5.84965206918934e-05,681,9.981986295315437e-07,True,2.9238,2
ALT_016,GateA_converged_v1,GRAIL-CHT-1.0,alternating,1,442.5428206356087,305.832052238647,292.4692619619114,4.167839372881797,0.0017752152251071546,0.00014793460209226288,22.50049661108444,0.813100691887475,1.7758041048522588,5.198875,4.227208859536497,28.056939,18.549360820947523,55.8959773761004,68.74422557229337,0.0006481715377545737,6.501025402001636,1.1575445609269473e-05,287.16913411019084,276.0955592778319,21.53778961695083,320.99538522242466,15.16333298377765,112.51799062839721,0.4815404183304878,325.3429251336208,330.2616070117285,313.9680103563629,16.293596655365548,4.213671396350449,329.95725991793756,330.08290182939237,330.2049976891419,11215020715.374565,11203803112.358435,325.4243304891907,151.62530281018078,4.688099669063747,29.68988368690149,4.7292011319872,2.253076535623409,292.09072502449595,116.27483596337618,8.421670312870146e-05,463,9.863825880529475e-07,True,2.9238,2
ALT_017,GateA_converged_v1,GRAIL-CHT-1.0,alternating,1,931.5965195246023,328.1698452762267,288.0415165537854,4.402313844891903,0.003951260399433582,0.00032927169995279853,21.965495043440868,0.6061610860236604,0.573954648379831,5.198875,3.1513557161012575,28.056939,10.308996510501675,181.3325982416833,299.14919057441006,0.0004447124259884492,26.755165890564836,0.0001060347316586409,604.519502695151,269.84955796102264,22.428792610589227,343.50292025995714,15.333074983730455,253.24518289629628,0.5148484544118307,344.46660102327695,347.46648754582907,336.5738964083182,10.892591137510863,2.5301823565539387,347.18811485547354,347.2942867941772,347.40617360555234,14084082653.744463,14079540419.437956,344.49437996191864,319.1862974230397,8.447495045177753,49.37617279000459,8.117305697018773,2.2133502440744164,289.1660685068659,145.3021991031811,4.417311878673025e-05,183,9.983004360947234e-07,True,2.9238,2
ALT_018,GateA_converged_v1,GRAIL-CHT-1.0,alternating,1,854.4474224561814,297.9633716660752,303.11988818633796,0.5544396679637325,0.0033314333993990416,0.00027761944994992015,24.06222780866954,0.932491986717556,1.1102894745920222,5.198875,4.8479092774462345,28.056939,24.396667360570778,93.80117257883873,100.59193420956476,0.0007248403562198996,11.358216285564437,3.795300009160229e-05,554.4569135637731,291.31357696085917,7.806870738262184,317.4669427287611,19.50357106268592,271.59486483137937,0.602008034873759,319.3250588726887,323.66720187581404,308.36371698940326,15.303484886410786,3.6534406503533696,323.28106338572604,323.42672706711534,323.58796196075957,10405698850.409233,10397573610.382338,319.38742517224836,292.7532503616722,2.5975651314810824,16.22941389657712,2.3312738575447027,2.4728341739548143,301.14837201753346,179.67449690112107,4.530938247765416e-05,236,9.653861070546554e-07,True,2.9238,2
ALT_019,GateA_converged_v1,GRAIL-CHT-1.0,alternating,1,739.0229220561592,306.3072583328939,286.91081370228204,1.997329379786492,0.001520964024683455,0.0001267470020569546,31.994648889612314,0.8170667829732507,1.6491924824416198,5.198875,4.247828071330059,28.056939,18.730759949272183,54.88094181032954,67.16824493907524,0.000565609744742192,4.88784729561694,7.456609723951537e-06,479.557147282696,268.2621824514243,13.289851643188669,335.5027683975375,29.1955100646436,185.61423965073578,0.47568500253355045,345.2527913088158,355.1054030156492,322.6891634700722,32.416239545577014,8.52853089204155,354.62265137766224,354.83360290328096,355.01912470479783,14260037919.283678,14208518393.97664,345.5653348917138,253.20617376526351,8.709542653140502,50.4891946282468,8.39306970744401,2.194218159614177,288.7056919388141,205.79611582266875,5.020639683822879e-05,589,9.84720315955201e-07,True,2.9238,2
ALT_020,GateA_converged_v1,GRAIL-CHT-1.0,alternating,1,740.7045886655048,295.68314810912653,287.9219982084813,2.684940974452723,0.0038491279832270357,0.00032076066526891966,25.751871110368008,0.6300501947959543,1.2157414675819438,5.198875,3.275552206469817,28.056939,11.137573633323488,97.58427208996898,154.8833297664042,0.0008050113835601907,31.84918438705445,0.00012296046827198486,480.6483925171667,269.68162057205126,15.902775702920348,309.7133907205676,14.030242611441054,225.73755368913766,0.5771980519165336,310.6566332072948,313.4589480587391,303.4060453965747,10.0529026621644,2.3623612505568263,313.2040976680053,313.3023844556211,313.40353771865864,9316926362.026958,9313706001.75675,310.68348332978655,253.78235124906405,3.087122202888674,21.68693327724758,3.27060178873622,2.336309639304609,286.3676109701877,132.53009141314564,5.5280067047940495e-05,184,9.968203471544257e-07,True,2.9238,2
ALT_021,GateA_converged_v1,GRAIL-CHT-1.0,alternating,1,575.8091286642341,332.27796013766084,294.47440566283205,1.4149459569252847,0.004332089091958844,0.0003610074243299037,32.09088448750022,0.6764081104688351,0.91528275687836,5.198875,3.5165612153136654,28.056939,12.836833276339465,199.99931547028328,295.67847040104056,0.00044206727592215555,18.66278643416265,8.109212992677384e-05,373.64657425412213,278.9397508211588,11.076794636316082,340.198434740904,7.9204746032431785,143.42500282111976,0.47175053224483554,340.5908062388288,342.0022627409936,336.7939139908167,5.208348750176924,1.1939762033581007,341.8734771139731,341.92221649912636,341.97360047699624,13457477158.652353,13456486576.703022,340.59707410432503,197.28539120617648,6.94945799499417,40.27676947975576,6.634299702713618,2.2119747001336725,295.4814614999407,75.13107468932223,-7.035108174012955e-05,163,9.620159744372359e-07,True,2.9238,2
ALT_022,GateA_converged_v1,GRAIL-CHT-1.0,alternating,1,481.30889358517777,293.4261382564862,285.901627169421,3.64468997088623,0.001590809109006416,0.00013256742575053467,21.690379866721738,0.5764008796456099,0.8464371531420695,5.198875,2.9966361231675704,28.056939,9.32158057157931,40.51290892724094,70.28599427563262,0.0008013904051644807,18.78809999618924,2.997821526064318e-05,312.3247102096769,266.84804068226003,19.549821889367674,312.3892327101551,18.96309445366893,126.09665297791453,0.4961874208054985,318.5337152178399,324.9338552771892,303.8002662750405,21.13358900214871,5.522720481861037,324.58760129753733,324.73311088224597,324.87030036298154,10313328190.459213,10294888044.964966,318.67625845679254,164.9074469907094,4.3981640605144,29.71805395654864,4.694448164526363,2.2525463764940037,285.249964852294,138.0159221412132,7.751693922099089e-05,539,9.912890277519182e-07,True,2.9238,2
ALT_023,GateA_converged_v1,GRAIL-CHT-1.0,alternating,1,840.5578545131132,314.36622555450464,305.38920059074565,2.218798755709883,0.0016515560946089598,0.00013762967455074665,22.23381372332959,0.7580689848174975,1.93852390057473,5.198875,3.9411058934430683,28.056939,16.123441455386054,70.19398157748773,92.59577028387027,0.00048018981982791536,4.928354673751029,8.163946035935872e-06,545.4438756985406,294.59107853532447,14.131435271697555,347.253301578512,32.88707602400734,227.03607651670725,0.5115561848024136,357.4899361475067,368.4608267107538,332.21327332783704,36.24755338291675,9.431478808762094,367.8226596215714,368.0895721609937,368.34348458509834,16400096756.679237,16332598317.482964,357.8587186578865,287.99436636882945,8.876550701772631,44.58640516787328,7.495205395437773,2.2159246948122657,307.5538676056576,243.8296350341625,4.464915065206779e-05,548,9.960987767954066e-07,True,2.9238,2
ALT_024,GateA_converged_v1,GRAIL-CHT-1.0,alternating,1,663.4160035645798,310.5827117804662,298.916339551277,4.290005907723083,0.0031277797126653926,0.0002606483093887827,34.931395342996524,0.783806408221136,1.2722145457524183,5.198875,4.074911540540659,28.056939,17.236850212094293,107.17075345023513,136.73115239445573,0.0005956338509061812,12.04479720791414,3.77868328486285e-05,430.49528862508066,285.27489932392865,22.002022449347713,325.389857904316,14.807146123849805,193.5903934193546,0.5526675124131976,327.03572996713643,330.41980770700394,318.73003289227137,11.689774814732573,2.8707916975684395,330.1678370683347,330.2640205772024,330.3645485820089,11444078234.372969,11438809165.222593,327.07338415551664,227.3015123940426,4.176124211672995,25.48960995347519,4.045252039325965,2.2705618897033286,298.4877700015528,134.53080489835273,5.841149601156728e-05,239,9.675340493231488e-07,True,2.9238,2
ALT_025,GateA_converged_v1,GRAIL-CHT-1.0,alternating,1,421.5005918573323,298.6573392290255,310.43000087410496,1.8860925711040535,0.004410445175473992,0.000367537097956166,21.54457777508085,0.8089643779785041,1.6980640840407666,5.198875,4.205704680562996,28.056939,18.36111642743867,111.60306314791313,137.95794497996877,0.0008065398129721638,20.44024599277827,9.042184987397243e-05,273.51468456036594,301.91494185263116,12.867151770195402,306.5632957116114,7.90595648258585,145.75153227721543,0.654909089191224,306.93650896910225,308.3737339061226,303.0611692610735,5.312564645049122,1.2090257278979606,308.23235213126765,308.2851435479611,308.3418787798698,8876352668.5475,8875527969.79672,306.94363872343064,144.41575344787321,-0.11089747791675034,-0.7221713088568759,-0.5025733148578662,0.7241706050209012,307.7453294120658,76.21474477902535,-9.467645146794899e-05,161,9.533954425933189e-07,True,2.9238,2
ALT_026,GateA_converged_v1,GRAIL-CHT-1.0,alternating,1,408.50907704273624,296.4790712363447,312.56910287978417,1.2345751946256387,0.0018717639114603098,0.0001559803259550258,30.58581891513459,0.6131362993740954,1.628735291461313,5.198875,3.1876189784085005,28.056939,10.547616831912851,49.73098739318936,81.10918802875638,0.000768145489176226,13.864043434309657,2.602830107047048e-05,265.08439965657084,305.04095162594473,10.391385739577427,313.3259124645318,16.846841228187145,131.80923343003354,0.6110970690915096,317.8238069352704,323.10131099709207,305.65822647701725,17.44308452007482,4.5261453112551315,322.7978261575765,322.92074354468,323.04360165136,10215764737.203495,10203418538.810148,317.9199055254048,139.9645630186694,1.0640075294451146,6.335253632821119,0.7559410777454553,2.939404353771508,310.7284230744853,131.57072416700993,9.09863335518291e-05,447,9.773850706551457e-07,True,2.9238,2
ALT_027,GateA_converged_v1,GRAIL-CHT-1.0,alternating,1,533.7717249623478,328.4800653141074,305.64624468197803,1.6442984620085008,0.0032209435954548213,0.0002684119662879018,29.379524285696817,0.5079446953905744,1.335486918080236,5.198875,2.6407409782486724,28.056939,7.2389094870090265,143.2717553477488,282.0617217738296,0.00045881967697877784,23.35491695103271,7.54512238473501e-05,346.3682087301421,294.9630898616225,11.948334155632303,339.0390150671612,10.55894975305381,142.16088701204077,0.504418071617532,340.13165633198366,342.522674031255,334.2104959573748,8.312178073880204,2.0183151886256723,342.32694522722096,342.40342449767473,342.4804619999361,13386890956.701576,13384070507.432165,340.14957405515236,182.88241420951505,5.4731070381074565,30.287485477307175,4.961067069416319,2.2364269657966616,306.21015167018027,96.52771756129621,-7.238933128363765e-05,140,9.627482882024196e-07,True,2.9238,2
ALT_028,GateA_converged_v1,GRAIL-CHT-1.0,alternating,1,774.0704827830687,292.8302858882695,287.7378441888248,0.8734692354637669,0.0043438929660902705,0.00036199108050752256,28.640103531612404,0.5047817753499757,1.6718012767768196,5.198875,2.6242973523226047,28.056939,7.14903826175152,102.53529787891654,203.12797110756762,0.000864619876677577,53.21218402493256,0.0002318435625839575,502.2997547713127,269.4229306516038,9.019183094762314,306.07058465480793,13.240298766538444,240.41036204616216,0.5882185996208069,306.7276706855557,309.1327436550792,300.3443320146882,8.788411640391018,2.027367866834438,308.9077227466006,308.99300398710085,309.0821631486172,8853710142.580452,8851397126.975735,306.7477069681321,265.2142705192531,2.6856108487328285,19.386285632285162,2.731874099198863,2.4738035067851243,285.01533742027596,126.80150226163536,5.1993006937824964e-05,156,9.577707373864541e-07,True,2.9238,2
ALT_029,GateA_converged_v1,GRAIL-CHT-1.0,alternating,1,524.0092100598043,326.54134128328894,294.71308538018474,4.844737563251959,0.001014528745999696,8.454406216664134e-05,36.72028606042984,0.9117852116737594,1.3510623911215758,5.198875,4.740257342340416,28.056939,23.32519998938327,48.413867909659224,53.09788674986967,0.00042767520586693605,2.0953463071398626,2.1321856182725166e-06,340.0332444722774,279.27895220061794,24.110002740357444,350.4541788866659,23.912837603376943,101.40789159466226,0.36652104020375303,361.0717786131962,369.66176398107683,341.5789132549451,28.08285072613171,7.584554594988823,369.35256986944285,369.5384260342142,369.61895124866106,17041696100.537073,16997074622.528278,361.30852110773554,179.53755308136246,11.072590226668547,57.510589844658426,9.546353429356223,2.2298938769818766,296.6608276618433,128.7136656770297,7.128648842657678e-05,817,9.924843880071421e-07,True,2.9238,2
ALT_030,GateA_converged_v1,GRAIL-CHT-1.0,alternating,1,850.1571477206317,305.2806660151805,306.4101430036952,1.9029389276206157,0.002573002238258382,0.0002144168531881985,30.026066320708033,0.6171630365983197,1.1913618613072217,5.198875,3.20855348189509,28.056939,10.686613492691576,87.11127970434029,141.14792127616778,0.0006028166890352046,16.813108159394826,4.339033593400516e-05,551.6729242559518,296.06957754500706,12.93116792495834,329.36580344724473,24.085137432064244,259.0392503397113,0.5770752408660855,333.2959547993916,339.625599407732,318.18998473359943,21.43561467413258,5.371011522130983,339.16925491749043,339.34780921326166,339.53491888707174,12359243806.292881,12340142383.128624,333.4248579901437,291.28330400714253,4.241374036946413,24.13475915709078,3.8677895710759786,2.2713944412427685,306.26540629538465,209.08617874240622,4.493986309651032e-05,326,9.781370522432553e-07,True,2.9238,2
ALT_031,GateA_converged_v1,GRAIL-CHT-1.0,alternating,1,542.6066359886486,322.4070601926028,306.85082459930993,4.480982479310116,0.0013349104657197817,0.00011124253880998181,23.676514265123775,0.6881033543242737,1.4122110122696674,5.198875,3.5773633262126086,28.056939,13.284574166740319,59.621392821873215,86.64598486141982,0.00045695087953624285,4.945356048824559,6.62147196217305e-06,352.1012443394859,296.70852170471807,22.72773342137844,345.64985348258574,23.242793289982956,129.69306070420382,0.45268668036231574,354.41118636588834,362.6099553772856,335.593666596038,27.016288781247567,7.13032898771446,362.2168459760852,362.3891982561316,362.5429491799525,15815200863.332779,15777191055.274473,354.6244522749061,185.90945701124858,8.093579402553349,41.28066211885064,6.842027781613001,2.2386383029163572,308.1774977503017,152.61408104795237,6.831499043332559e-05,648,9.887683631859545e-07,True,2.9238,2
ALT_032,GateA_converged_v1,GRAIL-CHT-1.0,alternating,1,412.81067601091894,329.7280985667402,307.2950056532993,1.3739993882014443,0.0034573680040505886,0.00028811400033754907,24.32794892888765,0.4488959135365547,0.9705208258507926,5.198875,2.333753742487356,28.056939,5.653684791202711,152.89085583467843,340.59311128531397,0.00046151263342613595,40.65215136968685,0.00014097236453498158,267.87573733821733,297.35300418149967,10.921197675165487,337.0223950935802,7.294296526840014,105.41570183212774,0.48363805018055067,337.65481520118544,339.2338739433297,333.65798627225274,5.575887671076941,1.331217573779709,339.096646078136,339.15002882405196,339.20539700404436,12999666795.211061,12998456640.192646,337.66267383424184,141.43838931457876,4.820451386340239,26.834812389906638,4.367558459512968,2.2472073413692337,307.6002497845595,67.65958765953383,-9.527350352457537e-05,210,9.724908522912301e-07,True,2.9238,2
ALT_033,GateA_converged_v1,GRAIL-CHT-1.0,alternating,1,829.0544753828651,291.82627592162214,298.6826178963398,2.823196513764824,0.002151273215328523,0.00017927276794404358,26.562236360125908,0.6200758348768931,0.7400631040593887,5.198875,3.223696756045608,28.056939,10.787725854152129,58.22946541988259,93.907006441306,0.0007540015940603852,21.09424464342142,4.551603159376095e-05,537.9792524572688,284.94038154500583,16.42814675230633,319.7596969579947,27.93342103637258,251.1863176400182,0.5738243701987217,325.9235172814684,334.13265979151856,306.7762701335449,27.356389657973637,7.002376576486767,333.5975675378035,333.81286564903496,334.02928973979226,11314977268.528542,11283992631.7305,326.1470250439752,284.0530452974379,4.075371763678613,24.872353776960104,3.918872427924818,2.2850783808645856,298.06687447012234,230.62265243248507,4.565656250598151e-05,407,9.868955430647475e-07,True,2.9238,2
ALT_034,GateA_converged_v1,GRAIL-CHT-1.0,alternating,1,648.1786574243745,315.06896520412084,283.65089960658884,0.48103562906764297,0.0028663792839233333,0.00023886494032694444,22.467043912510267,0.8369267388620002,1.2616291811870377,5.198875,4.351077499501182,28.056939,19.65238096986744,105.4996616256891,126.05602943113138,0.0005545006847132662,9.06835509153538,2.607155985319729e-05,420.60766805327853,263.70315489907034,7.527935390457044,329.03095300759384,13.961987803472994,167.28507387746868,0.4887970126840612,330.8959534408599,334.3696833007156,322.4019591049598,11.967724195755807,2.9266114553111735,334.0738819415858,334.19169773438404,334.3083599414673,11994132714.40894,11988526970.679691,330.93462776579383,222.08084873213107,6.492670981454382,41.50630527533513,6.796667621335025,2.1966294499890684,284.4095480591247,125.20329570978167,5.897696204305754e-05,263,9.722195954964263e-07,True,2.9238,2
ALT_035,GateA_converged_v1,GRAIL-CHT-1.0,alternating,1,777.928354023067,327.009682742087,304.33671808611285,3.5831041509768413,0.001289013111125129,0.00010741775926042742,27.720357440741786,0.4964095834602711,0.7597024038798685,5.198875,2.580771373212017,28.056939,6.913860336712068,66.53968948814713,134.04191156892216,0.0003953630350310592,11.54318341994657,1.4924087033533937e-05,504.8031544240463,293.06948904923297,19.315795773711997,361.14054153530964,34.130858793222615,183.89962031981378,0.4477208391402394,374.314611120052,386.36757661426947,346.8275186375583,39.54005797671118,10.518609947298671,385.83765861881494,386.0840450840578,386.27844182143184,19723197385.96916,19631212283.64863,374.7523201120561,266.53606553589646,12.851640362096353,59.71766506639945,10.067011066627533,2.2365408871905768,307.4317708307964,218.71513235714124,4.8294011947771876e-05,691,9.997824577112624e-07,True,2.9238,2
ALT_036,GateA_converged_v1,GRAIL-CHT-1.0,alternating,1,721.7222206335316,299.7673309231766,295.2715434436647,2.7956692328925214,0.0034287722670498116,0.00028573102225415095,32.868052273629424,0.7563880390076596,0.7762977237580619,5.198875,3.932366866295947,28.056939,16.052016339349656,96.07390169284803,127.01668553470493,0.0007283711067044375,19.6411187881906,6.754756609305811e-05,468.330601024643,280.0731455340344,16.32354308499158,315.1845662248153,15.417235301638698,220.96394933799164,0.5798523536164593,316.5553605201892,319.8477040992526,308.25008657450024,11.597617524752366,2.786033133871126,319.5818630168951,319.68439937993134,319.78920694194784,10046151246.28553,10041502226.558634,316.5919939004143,247.27855734101152,3.0725400432821743,20.180042264638125,3.0618873012585643,2.3416040719482862,293.9540323819322,141.8766148992868,5.59667779159781e-05,216,9.9626277005882e-07,True,2.9238,2
ALT_037,GateA_converged_v1,GRAIL-CHT-1.0,alternating,1,897.5503011312926,307.73504501989765,297.14675672344185,1.0470198756190778,0.001815191805281359,0.00015126598377344659,23.04639837726351,0.7831511504405185,1.12796701009407,5.198875,4.07150493724645,28.056939,17.208042437640287,69.07456873806595,88.20081372441561,0.0005363198080708005,6.479225318477861,1.179642598061436e-05,582.4266732562037,282.74541383738153,9.678675527352496,340.27931742523924,32.54427240534159,246.9297237003049,0.5210515005800964,349.36299459304234,359.79421804705527,325.1781613108687,34.61605673618658,8.938363725658723,359.1503274090616,359.4137723595184,359.6725909777961,14955217532.514261,14897301456.27545,349.70205435804695,307.52128347927555,8.269856969636109,44.80975441320569,7.5118215439264375,2.1977213734204306,299.1767784292512,251.85880031350172,4.124989366573048e-05,499,9.782202141650487e-07,True,2.9238,2
ALT_038,GateA_converged_v1,GRAIL-CHT-1.0,alternating,1,509.2857061209411,326.3963026081709,306.3473805418597,0.3606541378373432,0.0027766647716522073,0.00023138873097101726,31.59571397665398,0.4337701938054675,0.8227371734645809,5.198875,2.2551170163203995,28.056939,5.279097716520414,120.63557831814381,278.10942300992946,0.00046975080911795385,40.04532481223043,0.00011152702374673048,330.4790597018215,295.9786156215591,7.070485723781904,338.04894014693133,11.652637538760416,135.24585686995997,0.5029543399992422,339.69391491454365,342.5799109436833,332.68324318892337,9.896667754759903,2.4510592893786103,342.3723129429508,342.45325372725574,342.5363316814688,13319450451.058655,13315303470.265568,339.72036079406615,174.49294352256175,5.280797259180972,29.168930275505748,4.797228324674918,2.229065325889,307.02517438599324,102.89371718102687,7.4956177309742e-05,252,9.683370194579766e-07,True,2.9238,2
ALT_039,GateA_converged_v1,GRAIL-CHT-1.0,alternating,1,911.2767113616077,304.4841084243859,290.4213121530768,3.9748200956011197,0.00254499635520968,0.00021208302960080668,33.702028953511395,0.7163572621824095,0.897854825543216,5.198875,3.7242518614285745,28.056939,14.397915615493655,85.33566605809068,119.12445167110103,0.0006086618464963947,13.301361487654365,3.395377783892354e-05,591.3338369395267,273.2006967773528,20.804316363284254,329.10199039976555,24.617881975379646,261.88711518335134,0.5442894765408676,333.21454746366055,339.6753483687073,317.84181118421384,21.83353718449348,5.501019143380245,339.24177093160483,339.41110265860476,339.5867615600817,12348115774.301392,12328090510.214806,333.3497802592382,312.2242659040701,6.203840495819918,37.976947259441445,6.156229557233253,2.227817364980941,290.6809672340502,213.05910822530683,4.272833302581219e-05,330,9.967909022634558e-07,True,2.9238,2
ALT_040,GateA_converged_v1,GRAIL-CHT-1.0,alternating,1,978.1818278723043,307.36132531735495,291.6226272516569,3.7136140900761077,0.0029165425852604376,0.0002430452154383698,36.99179327542463,0.3578468699139378,1.769066633281616,5.198875,1.8604011458238239,28.056939,3.592813993075868,101.88885560894121,284.7275306151077,0.0005841994378686889,50.44262209887411,0.00014756073767659535,634.7490353791333,274.8975726830812,19.811733542289208,330.7767377026555,23.415412385300556,285.4607580198245,0.5527043742097857,333.83390046201055,339.4593877498028,320.28620673857176,19.17318101123101,4.784522172752429,339.0667053033372,339.2188836449448,339.37524534995754,12435220994.245346,12420004317.74714,333.93610473904835,335.1474906801824,6.165057325958824,37.44903171858338,6.072508561224803,2.229349014720196,291.8915772878488,210.48865560612586,4.02970616379257e-05,281,9.926595794240711e-07,True,2.9238,2
ALT_041,GateA_converged_v1,GRAIL-CHT-1.0,alternating,1,923.1339815959126,310.84368599832607,308.9976325984736,3.142215523225316,0.0030071379514563608,0.00025059482928803004,23.942064644954225,0.7007078303881513,0.5915372220969815,5.198875,3.6428924217092007,28.056939,13.775717542827623,110.8429149518292,158.18706477195877,0.000553687743949175,17.07926283579512,5.151424218296659e-05,599.0281025954587,299.82773628898383,17.6404189882562,333.42675125609816,22.58306525777209,283.8654410548835,0.5823899370082567,336.15722923244334,341.5522360498005,322.8328970922589,18.719338957541595,4.5560136276103576,341.1040447109581,341.27941756706423,341.4583835205183,12783372949.095625,12769380307.774462,336.2492813873736,316.2868381704022,4.353569222644889,24.160517384213044,3.9071762241642145,2.260864254767058,309.0978319214907,204.41600492315894,4.245655535718198e-05,270,9.888165664051485e-07,True,2.9238,2
ALT_042,GateA_converged_v1,GRAIL-CHT-1.0,alternating,1,945.0807838995427,316.9883043035671,290.75384461665925,2.2984434467965404,0.0032735088278597196,0.0002727924023216433,25.20515222680213,0.5355046623692137,1.468434836621316,5.198875,2.784021801574746,28.056939,8.045754941931678,130.43885090863975,243.58116758786733,0.0005121840492032711,22.42983228923715,7.364518957495567e-05,613.2695362379004,273.6700533496607,14.434085097826852,336.5733072608376,19.585002957270547,267.9868227105065,0.537044884664622,338.514121288642,342.9240520972186,327.4997769644344,15.424275132784203,3.7204336043069675,342.5451346682486,342.6932151536108,342.8454338941802,13140754607.103601,13131282990.540464,338.5751474858821,323.8063151336114,7.04229901247346,41.90627431777531,6.870787515263634,2.2135285433100713,291.5797569058905,180.03579661116453,4.063465916204175e-05,240,9.575929311722575e-07,True,2.9238,2
ALT_043,GateA_converged_v1,GRAIL-CHT-1.0,alternating,1,623.6177753792288,301.6694788206025,297.46236950498917,1.572673311399337,0.0041054448502160995,0.00034212040418467494,34.257158420830166,0.38722830010723774,1.1852093849312113,5.198875,2.0131515287200155,28.056939,4.20701894073423,114.58680585572623,295.91537040033734,0.0007312150239056303,97.24311589099204,0.00040042753194948914,404.6699397680091,283.1960081459901,11.67615858331748,312.89973530339415,11.230256482791674,192.71973033143115,0.585293594368945,313.5521748225957,315.64391745880977,308.07586049196834,7.568056966841425,1.7720030422799844,315.46543166950784,315.5313951733523,315.6034722475792,9667680076.764683,9665832605.644806,313.5671563843463,213.66572819750883,2.4428422428116305,16.188345311153896,2.314677409816685,2.4655643571103316,295.42148413351134,106.4878306923941,6.220103550853285e-05,84,9.38171751840855e-07,True,2.9238,2
ALT_044,GateA_converged_v1,GRAIL-CHT-1.0,alternating,1,425.17913013078527,321.2444889961351,304.16353842488115,0.8537803208435086,0.0033436026777931872,0.0002786335564827656,29.287591639481306,0.5218412470951989,1.5991287240233685,5.198875,2.712987413492052,28.056939,7.640417571709593,130.08250625740774,249.27601446130407,0.0005245842722241996,23.720311714412595,7.954994760922674e-05,275.9017137957774,292.8193723975928,8.944365219205332,329.41451521068984,8.170026214554753,114.18640398965587,0.5086376857249915,330.1896497605288,331.9930232356867,325.6918675826345,6.301155653052206,1.521129660058844,331.84247944748665,331.9004008232169,331.9607704425101,11888005866.966913,11886495283.640186,330.20013971571296,145.67610488417048,4.03568383798428,23.710037835471883,3.74411316885711,2.2915288518650936,303.6347824186988,75.24767209895954,-9.194905284630183e-05,213,9.694645655144996e-07,True,2.9238,2
ALT_045,GateA_converged_v1,GRAIL-CHT-1.0,alternating,1,863.0301908295787,301.98425961745545,297.7903279079319,3.533268021844867,0.0011641790969613825,9.701492474678188e-05,33.76032114302455,0.4896082080568295,0.5237902606726941,5.198875,2.54541187266145,28.056939,6.725702727668915,44.48159944628862,90.85141693769478,0.0005341446701708552,17.67530982483911,2.063914366137798e-05,560.0263320406493,283.66448137961993,19.126418483010493,346.51304733230955,44.528787714854104,216.68904257937533,0.47552903517963935,364.96468439105377,380.8699657596584,328.8350684341972,52.0348973254612,13.95848979820265,380.24476871717786,380.58780671661543,380.7753070138743,17895434382.488926,17742032435.75609,365.75103280881774,295.69390331746285,11.624742999863455,57.71629638361944,9.663694643981248,2.227493137238399,300.3233453698309,266.4606172103831,4.285195669580984e-05,777,9.84055418484786e-07,True,2.9238,2
ALT_046,GateA_converged_v1,GRAIL-CHT-1.0,alternating,1,557.5515560772545,300.1845732762989,310.0564934816611,2.4742335106668594,0.004464986127505153,0.0003720821772920961,31.298542106128934,0.593770270286919,1.9987451679949064,5.198875,3.086937413937906,28.056939,9.891842340824622,119.42894938965318,201.13662701897027,0.0007630095945919783,32.01006492766396,0.00014335455952112217,361.79910759942294,301.37021259671485,15.102087340534066,310.26108696998875,10.076513693689833,188.0644443178326,0.6388335855411225,310.72836818118304,312.4958908225128,305.95864153167565,6.537249290837167,1.492154046861297,312.3291236180515,312.3934830348993,312.46039687783275,9323598555.073568,9322311643.328918,310.73909136076077,191.0299288124953,0.3926699631851432,2.4762944651283703,0.0966558114602595,8.3593680645431,307.9549575490662,96.03289464608605,-7.10596040628259e-05,147,9.367071811539063e-07,True,2.9238,2
ALT_047,GateA_converged_v1,GRAIL-CHT-1.0,alternating,1,588.3968017441084,309.8345946600553,291.44483805960346,0.7202051941766018,0.0017598300760551546,0.00014665250633792956,26.24918412926116,0.7062301066083121,0.9043748749366921,5.198875,3.6716020454932887,28.056939,13.993705927939248,62.49729977044832,88.49424456087432,0.000574683831883497,8.954325086426607,1.5805507119226395e-05,381.81480342936413,274.6462219836867,8.436779737871086,330.1588557780129,20.324261117957576,149.50708823393683,0.48123538951962197,336.05795661008113,342.65281856821844,320.9144997677232,21.73831880049522,5.666521524064467,342.28195226420314,342.4325001901986,342.58214121862227,12775915728.280119,12754302976.889515,336.20023263732764,201.59821621070427,6.531584285949845,39.14137926959333,6.418037735811823,2.2113997531535934,292.2202309475223,155.35025324295435,6.284054235194539e-05,492,9.775765192898689e-07,True,2.9238,2
ALT_048,GateA_converged_v1,GRAIL-CHT-1.0,alternating,1,445.1665721547005,303.2963651146308,292.68545440730384,4.827817380207294,0.0030704416866582634,0.0002558701405548553,34.495692274508535,0.6411486573233709,1.449668791998859,5.198875,3.3332517258420404,28.056939,11.533410827928959,87.3266145029784,136.20338045710696,0.0007175856200425552,20.372525000751292,6.27408726427226e-05,288.8717048371902,276.40174942064016,24.045706044787714,313.1286796747958,9.832314560165003,126.19231273780669,0.5368790184528874,314.26614979950233,316.54237887884534,308.69220776906286,7.85017110978248,1.931269601950101,316.3737165664481,316.4385453201998,316.5057230835036,9756376705.030453,9754172224.267124,314.28390463708206,152.52426015403643,3.006631303600813,20.220851494321508,3.104596179159216,2.3109131390069444,291.61911596950057,88.98321890060487,-8.625568920789145e-05,208,9.612362532607222e-07,True,2.9238,2
ALT_049,GateA_converged_v1,GRAIL-CHT-1.0,alternating,1,505.0827965899125,323.81834502149036,299.335071835944,4.3036154145363215,0.002227814446337938,0.00018565120386149483,24.8563718704958,0.5621516797847197,0.9933728823728836,5.198875,2.9225563142407847,28.056939,8.866399860620552,94.2672924792117,167.69013750045556,0.00048232245267230403,15.626141701828576,3.491689490858314e-05,327.7517622867703,285.87454353133757,22.05373857523802,337.23649015264954,13.418145131159179,124.95331502694792,0.46854497387484834,340.0401717887589,343.91046499703435,330.939599897187,12.970865099847344,3.2955438679198252,343.647236114511,343.75430204361703,343.8589466516474,13377181934.705885,13369676767.342377,340.0878827654058,173.05293048741473,6.311646178409274,35.93200991506442,5.85583066204103,2.237993682843534,299.796889039022,112.08662067062876,7.437317109812616e-05,348,9.77342040187068e-07,True,2.9238,2
ALT_050,GateA_converged_v1,GRAIL-CHT-1.0,alternating,1,813.60303068945,320.6877453785677,284.6842950955919,2.184816863883737,0.003037252345544624,0.00025310436212871865,24.596733812822805,0.5173767316928177,1.3720216647113257,5.198875,2.689776955979498,28.056939,7.510244466422677,125.76344111097792,243.07904358104668,0.0004928854083499764,22.375839387773603,6.816556736614359e-05,527.9527018355989,265.1455495928042,14.0023040827582,337.6303541161957,16.942608737628007,215.098528575063,0.5007154121605127,339.6137812416415,343.63598940468665,329.6941575550845,13.941831849602181,3.3962987528993045,343.3027703080226,343.4331967350293,343.565805128666,13310692046.490738,13302743614.15313,339.6644999620268,278.75902656919624,7.885388744055651,47.872826685731916,7.902149106550733,2.1949800270898714,285.9969725828151,153.45083925322865,4.787568552331655e-05,255,9.811482755139878e-07,True,2.9238,2
ALT_051,GateA_converged_v1,GRAIL-CHT-1.0,alternating,1,992.1226315517079,289.4104568102605,294.83928731718356,4.249013025426163,0.0041995516635108514,0.00034996263862590427,32.748052710190095,0.8961414622365942,1.8506267088702892,5.198875,4.658927444485275,28.056939,22.531672544925772,97.20980982642152,108.47596492612315,0.0008816827255684543,17.857843288376436,7.522059728025813e-05,643.795320472324,279.45836051035474,21.846249496619418,307.7583056576771,18.34784884741663,322.0804496428792,0.6148442059448876,308.73639255911206,312.0939186761522,299.82033462584405,12.273584050308159,2.837751038821475,311.7879970028544,311.90422471725253,312.0259510973036,9090137527.613102,9085551643.02182,308.7753434564464,339.9239292093871,2.0185161639748768,13.825592358067189,1.9992358471943266,2.4317631828822606,293.25194780460254,173.385304412422,3.977280205127401e-05,178,9.423873166269914e-07,True,2.9238,2
ALT_052,GateA_converged_v1,GRAIL-CHT-1.0,alternating,1,904.6212533037924,289.75481160261467,289.04974368376395,2.934315161800085,0.0032055742948291256,0.00026713119123576045,22.827932107674986,0.8603523291488546,1.65218165234625,5.198875,4.472864215203751,28.056939,20.767918244463594,76.9960511971983,89.49362788774035,0.0008496829258742656,14.195675289682663,4.564221846173295e-05,587.015063617604,271.26762222216706,16.850397614840322,310.7066890525993,20.951877449984636,280.74050308909756,0.5877658703384975,312.89851325693,317.71565008312916,300.8603369842601,16.85531309886909,4.050991663209007,317.2889004716303,317.4515650765853,317.6276170818033,9595068962.779778,9585482935.392172,312.9767130079116,309.94395359009496,3.2688376618141173,22.503598886797736,3.430881051278172,2.3191789904763396,287.69483845474787,192.0888557882018,4.287907727625039e-05,249,9.72631767126586e-07,True,2.9238,2
ALT_053,GateA_converged_v1,GRAIL-CHT-1.0,alternating,1,757.9965837759712,313.56765729185474,307.87759054425794,2.5447388010128065,0.0038208860368233173,0.00031840716973527644,32.316199110187256,0.9255393370406811,0.9640894742765107,5.198875,4.811763320857371,28.056939,24.034221064136116,137.82644265344385,148.91473234852452,0.000565784485627143,10.428549226992553,3.996619671588811e-05,491.86928918831404,298.19900937752493,15.370007443848664,328.20693853329345,14.63928124143871,233.80840568938842,0.5841964985691454,329.1903037603092,332.0710905699051,321.70722963074513,10.363860939159963,2.4332079919050345,331.8189968139203,331.913524799847,332.01564457726846,11747082136.92026,11743245458.921118,329.21718820401946,259.70698469142985,3.3589570064818273,19.473438307474822,3.066044296329233,2.30145915828664,307.38036087735577,136.48655127362122,5.367270183740185e-05,187,9.87330622592708e-07,True,2.9238,2
ALT_054,GateA_converged_v1,GRAIL-CHT-1.0,alternating,1,682.4552492307023,325.81844378980793,304.55202246175054,1.3541067919116747,0.0012400006871916907,0.00010333339059930756,21.74136584354759,0.8829246737401965,1.2993397534505677,5.198875,4.590215013191065,28.056939,21.871954563895216,61.49210696021057,69.64592653155916,0.00041154947212116225,2.6226540671592486,3.2618784809865104e-06,442.8499884125473,293.38054403324475,10.845605809264363,356.5572344321486,30.73879064234069,159.32538795336578,0.44215738546916744,368.788841039708,379.8273735851878,343.41913111495165,36.40824247023613,9.62465140198091,379.3091669577688,379.5369294222962,379.74181410533157,18572222736.57771,18497416950.04835,369.16113356120326,233.82479388182497,11.344773213784226,53.91340581451705,9.241100803015145,2.196518489497668,308.40667930359814,192.5847209352274,5.392804615506151e-05,716,9.82746541922097e-07,True,2.9238,2
ALT_055,GateA_converged_v1,GRAIL-CHT-1.0,alternating,1,940.3440115406308,332.9786828301657,288.3488469749876,0.20347150900025573,0.002375431832665235,0.0001979526527221029,35.98761971073191,0.4164481305175868,0.8184543210885478,5.198875,2.1650617745446192,28.056939,4.865888147941294,124.21728420807418,298.2779249211407,0.00039028336355884834,31.75024420403994,7.56474832268519e-05,610.1958114967961,270.28155347870336,6.473191734200972,357.06803311835074,24.089350288185017,239.1905077216126,0.48175169902781145,361.6661664055781,368.28125877905035,346.1913309838631,22.089927795187236,5.651729633182931,367.87416347258215,368.0384712982466,368.19772106380657,17134184553.795397,17109272011.164595,361.79774868738895,322.18338847030833,11.57084579497243,60.87448450377435,10.547420536443559,2.1438793382957058,293.48770664447244,205.52934828571117,4.03228440888062e-05,359,9.770910196493787e-07,True,2.9238,2
ALT_056,GateA_converged_v1,GRAIL-CHT-1.0,alternating,1,677.9394753174302,311.53058807732316,305.07826983900713,0.8071805352617755,0.0017319537560844397,0.0001443294796737033,20.85060684532825,0.7618515373640897,1.1060519496225985,5.198875,3.9607709113137326,28.056939,16.284745826673184,66.30590441307258,87.03257939530143,0.0005330937438008991,6.537703976554988,1.135707217488725e-05,439.9196711098076,294.14128803937143,8.767286033994747,337.2012167454461,25.67062866812296,185.8442284849226,0.5191875060809268,344.79825100699094,353.23814853458106,325.3125832491427,27.92556528543838,7.237439754312329,352.7252763532611,352.9366273746179,353.14346450866066,14170894016.173792,14133841501.499187,345.02400530653574,232.27758634597842,6.3876036065438795,34.33151511223566,5.714111595077584,2.214048523185717,306.3474971205704,195.0240475966962,5.491153954750017e-05,513,9.865202628134284e-07,True,2.9238,2
ALT_057,GateA_converged_v1,GRAIL-CHT-1.0,alternating,1,633.8700490007586,315.40324526932875,288.52614251986074,0.7344947086683111,0.004257045613849879,0.0003547538011541566,31.531133416626087,0.5672023291729881,1.6340532253338138,5.198875,2.9488140090792183,28.056939,9.026435830798437,151.9066614178012,267.8174147121176,0.0005719406725153162,27.39387696167461,0.00011696788742832513,411.3227118869352,270.5308716972988,8.491079892939583,325.1344056011952,9.731160331866477,173.16065244728804,0.5173864606273174,325.6397910061152,327.4028009069244,320.92560740590307,6.477193501021361,1.4912656575361376,327.2408580501199,327.3029145719651,327.3669171579877,11246163579.02268,11244751682.640045,325.65001239670676,217.17839187630182,5.186151248357374,33.492559129429736,5.339164896731619,2.2462607190894888,288.12865455023774,92.14349392792141,-6.255019377622188e-05,157,9.450742481931229e-07,True,2.9238,2
ALT_058,GateA_converged_v1,GRAIL-CHT-1.0,alternating,1,562.337144877923,323.31638293466455,284.4093689770492,0.17557027937310882,0.004097883779426829,0.00034149031495223574,28.831023649637554,0.8932065063084175,1.5082713588898202,5.198875,4.643668975484174,28.056939,22.38432711282362,164.77683334211585,184.47786953896156,0.0005075548497012202,10.298156168086924,4.2327630009235464e-05,364.90450967129834,264.7615566784233,6.367167061617813,331.3588051838315,8.042422249166975,137.75989083144043,0.4639723456416803,331.823167890955,333.3482075100966,327.81802466291924,5.530182847177343,1.2864294339147742,333.2078777580367,333.26092219965864,333.31698286930066,12124557942.082727,12123466611.526306,331.8306351556904,192.66958110644552,6.550007826454747,41.53887826890255,6.820943267692357,2.1933620149205675,285.3002812716483,76.5304395469851,-7.218993458328943e-05,173,9.775735634320881e-07,True,2.9238,2
ALT_059,GateA_converged_v1,GRAIL-CHT-1.0,alternating,1,866.4153144402918,321.8615883547729,297.8475357131905,4.219494113433405,0.003937573230343683,0.00032813110252864026,23.207920976211668,0.7897338902079141,0.7987063061793274,5.198875,4.1057277784546695,28.056939,17.498540979333807,163.7721498478669,207.37637307770905,0.0004906909981276147,13.629216150857577,5.3827519223856135e-05,562.2229624475063,283.7462264880199,21.734077631046937,337.0169788575161,15.155390502743217,249.4434225450475,0.545270514778848,337.9740253683703,340.9470166576777,330.157265828147,10.789750829530703,2.504309731756312,340.6683107413037,340.7738428207843,340.8873705043484,13051963526.949608,13047680011.703075,338.00176092543796,296.85372417228336,6.12728137560081,35.51029545378395,5.7725918559407505,2.2377297067843553,298.2030561447923,143.3811921117646,4.478364242582555e-05,184,9.427705549569509e-07,True,2.9238,2
ALT_060,GateA_converged_v1,GRAIL-CHT-1.0,alternating,1,704.0813911518162,316.47674272813026,301.47067969121514,4.92479675835873,0.0029392442569768805,0.00024493702141474,22.683773826630386,0.6026525476077063,1.3273039890729785,5.198875,3.1331152634440143,28.056939,10.19000228857883,113.1084077785358,187.6842771635692,0.0005303472075195812,16.989942848865216,5.008785551142678e-05,456.8833432881515,288.93935427014634,24.414227681763172,332.87151881768847,16.394776089558206,201.42689112644138,0.5418270229795784,334.95039646588606,338.93819075801497,325.1375665641483,13.800624193866668,3.3680754356640943,338.60317965169367,338.7357279207638,338.86813519544063,12594596321.044489,12586992827.755913,335.00096883866996,241.234405256144,5.154564401547819,29.836426604041076,4.816387928609159,2.2519013435048354,301.53407060750976,147.68326573072522,5.604321009365252e-05,263,9.990432090489776e-07,True,2.9238,2
ALT_061,GateA_converged_v1,GRAIL-CHT-1.0,alternating,1,878.4982171724637,323.6474617044083,284.90120691856634,3.278138147711482,0.004174590402578809,0.0003478825335482341,22.85467638550525,0.9858657313038334,1.075988089753513,5.198875,5.125392703832217,28.056939,27.2694155173422,176.56170219564422,179.09305150726433,0.0004825439337075772,8.515777067019505,3.5656851769789716e-05,570.0636426107318,265.44864407057463,18.15692496130363,337.3489670256187,13.701505321210448,239.08836152989585,0.5154465401094808,338.0911677019771,340.673940152315,331.2023369675855,9.471603184729531,2.1730969805165774,340.42533118475404,340.51827632087065,340.61972745404677,13069007695.444906,13065778804.993965,338.11205352530584,300.9936032984664,7.613350736756012,46.63985280781051,7.651901202289431,2.204265134811027,285.85527028383876,130.8357606899497,4.552313174653021e-05,166,9.642266718401515e-07,True,2.9238,2
ALT_062,GateA_converged_v1,GRAIL-CHT-1.0,alternating,1,807.5823423459337,297.20401060336997,304.791563530537,4.136068769747092,0.0024771274095797997,0.00020642728413164998,24.43981940587149,0.9651560871735122,1.5746752833013855,5.198875,5.017725852704194,28.056939,26.13577580746239,72.05413524233354,74.65542226785946,0.0007016312624039118,7.557066450521541,1.877614487522852e-05,524.0458350246728,293.72674353710653,21.417061325038947,321.46593332873755,24.261922725367583,251.21747245104103,0.5891543717248621,325.7182238840058,332.3044355672631,309.96387263511997,22.340562932143143,5.575925108422412,331.78885154043144,331.99623350098375,332.2054030432621,11275241148.403925,11255589141.094776,325.86030507778986,276.69620089302725,3.233418808810174,19.234672280959913,3.0105067791016835,2.30591822530168,304.17569517406383,209.12577317156365,4.719006405862275e-05,341,9.837534094003786e-07,True,2.9238,2
ALT_063,GateA_converged_v1,GRAIL-CHT-1.0,alternating,1,803.7772489893591,317.87736814793766,298.31415320241445,2.8476205909392056,0.004274621709469486,0.0003562184757891238,35.38701490861975,0.8399625099545129,0.6214219584771916,5.198875,4.366860093939769,28.056939,19.795209079889638,163.93633970811788,195.17101985539287,0.0005321596599078037,14.462681864076652,6.200851943162755e-05,521.5766833099381,284.41327646288954,16.52095824556898,331.06350268974205,13.186134541804392,235.60878056127896,0.5551646947261825,331.7567873303731,334.1394813745337,325.47920234610297,8.66027902843075,2.018824870798252,333.9322856450977,334.0092766070931,334.09346692948293,12116452320.778873,12113768421.246304,331.77516162742796,275.3924887876473,5.0130570257268205,29.959459224654076,4.811053223623812,2.2530501622154686,298.2026668829807,125.7166577436314,5.03834960307639e-05,158,9.629551414036541e-07,True,2.9238,2
ALT_064,GateA_converged_v1,GRAIL-CHT-1.0,alternating,1,948.2689122006215,331.2788464917761,308.00678466228857,1.7572985008909228,0.0013705039669492406,0.00011420866391243672,34.07600369999834,0.7466580612285383,0.7369690454449611,5.198875,3.8817819280695174,28.056939,15.641694684580447,78.12475075271918,104.63256852028633,0.00035802318290310435,4.034115096617223,5.5454069639355295e-06,615.3383350093685,298.3867281358114,12.377734303385505,371.886327357553,40.60748086577689,232.62834290803573,0.4646192415587258,386.87962589069156,400.97765543308236,354.86594525805623,46.11171017502613,12.283653647322303,400.36599235214373,400.65713483193787,400.872880355986,22536698024.93193,22402858555.306282,387.4561612762962,324.8986408849466,15.346396152160738,65.57713733627682,11.346637217522316,2.2156467233497716,313.43426934146856,270.5915216685219,3.917250950480545e-05,665,9.873116368908086e-07,True,2.9238,2
ALT_065,GateA_converged_v1,GRAIL-CHT-1.0,alternating,1,963.4240487094532,300.9633121512385,309.2254595924308,4.113453040920692,0.0023399517880437794,0.00019499598233698161,26.873088552622875,0.9554797785356102,0.5122552021293847,5.198875,4.9674199336343206,28.056939,25.614346983504657,77.51323809641913,81.12493831655722,0.0006160990322534306,6.689305762942229,1.569975223748067e-05,625.172609175905,300.15939631307253,21.33112155549863,331.29721007718155,30.333897925943063,296.69580932481847,0.5832570632316322,337.20845416597626,345.7157069010235,317.140426610241,28.57528029078253,7.231318676333508,345.10850381107076,345.3547084781688,345.5978542405866,12965228033.082798,12929859842.01445,337.4388170403656,330.09113764487785,4.529250831024568,24.840317608692164,4.025630150262372,2.2602558747838373,309.3876913563578,257.84491402812847,3.930129151532355e-05,373,9.813178962758684e-07,True,2.9238,2
ALT_066,GateA_converged_v1,GRAIL-CHT-1.0,alternating,1,431.7773274232726,290.61811713720545,309.8972067396232,1.704638787195056,0.0037004467696886145,0.0003083705641407179,28.992609655636734,0.9588171964075473,1.5541203962516423,5.198875,4.984770751973288,28.056939,25.793597406115058,79.96922368043329,83.40403570154807,0.0009443886922673738,15.362775627170027,5.702019402508757e-05,280.1833302062535,301.1380059774616,12.177627391341211,300.60757648826734,9.989459351061896,154.51563361187397,0.6777642708185901,301.3553717478798,303.40189508381775,296.11306839905967,7.288826684758078,1.7261123981727045,303.22107199171484,303.2902087120283,303.36324910269377,8248994454.788502,8247375137.570644,301.37016293926035,147.93679834890187,-0.6956071793180358,-4.654264318808005,-1.2288273290749363,1.4586930422824085,306.5680741660453,93.73874688307954,-9.222571573616399e-05,176,9.749585956342344e-07,True,2.9238,2
ALT_067,GateA_converged_v1,GRAIL-CHT-1.0,alternating,1,448.268413193491,332.6775322385884,308.3979160226597,2.0415495746556016,0.0018245911123538512,0.00015204925936282093,32.65295780781436,0.720817099169812,1.220333952251119,5.198875,3.747437996446456,28.056939,14.57774834409756,88.3858167100692,122.618923457651,0.0004213106843145755,5.943187589559282,1.0876516805377707e-05,290.8845112001486,298.95528111706636,13.457888383691285,346.39959559503694,13.72206335644853,104.65530724512962,0.44216992173130415,350.1706539848008,354.48803698228255,340.2210926578892,14.266944324393364,3.7128081734688037,354.25389174346833,354.3501679779736,354.4443809838408,15045637923.351942,15035538570.597235,350.2294414784025,153.58702191367848,6.939051931146729,35.983112591976045,6.009420934469298,2.21852113471129,309.8701370452402,105.78218335215392,8.412882493709654e-05,438,9.925364565788186e-07,True,2.9238,2
ALT_068,GateA_converged_v1,GRAIL-CHT-1.0,alternating,1,969.3078098836351,308.9591787324391,299.57770915054334,2.9939404665584224,0.0016756596166923555,0.00013963830139102963,30.8182535358784,0.6624711618185593,1.5372944290167307,5.198875,3.4441047613994624,28.056939,12.313293834097784,67.85857133589118,102.43249102287204,0.0005039652464129874,7.160296123079988,1.2034322023073192e-05,628.9906229881599,286.2222035245213,17.076973772922006,346.59115406491384,37.631975332474724,263.58403408894145,0.5150192546518743,358.00748989805055,370.3132363406602,329.7731631890833,40.540073151576905,10.608576928610475,369.66605706937236,369.9361854328598,370.19283768742486,16512934955.594408,16427385566.480158,358.4726839931137,332.10704893774846,9.804875203020636,50.31230963464413,8.405701056482132,2.221100876186093,301.6584989230026,279.1591179251808,3.8829245127636116e-05,544,9.948173556040274e-07,True,2.9238,2
ALT_069,GateA_converged_v1,GRAIL-CHT-1.0,alternating,1,516.731903831309,300.7075560738815,300.9319502190371,0.01785256976537215,0.0015423489408754132,0.00012852907840628442,26.080567916901778,0.7102569019115562,0.9451511776777121,5.198875,3.692536850925442,28.056939,14.153739993009825,47.00213258249936,66.17624194287976,0.0006697065914660673,8.905832209319664,1.3777232573378459e-05,335.3109495194631,288.16519647856063,5.767839765108414,322.70852998272,22.00097390883849,141.84068741127302,0.5198782261359117,330.0745940765921,337.583770581619,312.9344104767841,24.649360104834898,6.487394731587383,337.19899680115884,337.3646336751101,337.5139493140045,11897235317.79186,11869936385.567987,330.2642101562673,177.04418134627653,4.476289161614695,26.534621719607173,4.192457153325592,2.2878255073115183,300.35623746243084,157.76179967701995,7.111245062864794e-05,573,9.770523661245534e-07,True,2.9238,2
ALT_070,GateA_converged_v1,GRAIL-CHT-1.0,alternating,1,845.5913062004126,300.3883463484109,304.8056576744347,3.452040339656957,0.0015600404004720023,0.00013000336670600018,24.730317067437074,0.5854662224389796,1.396641218457709,5.198875,3.0437657071824504,28.056939,9.617096554026737,54.06359699002221,92.3428114517008,0.0005889120022001222,10.409602505453169,1.628826525713292e-05,548.7101177325911,293.7471175008741,18.817753290696437,336.84895344958085,36.460607101169956,237.7584840328871,0.5325269499003933,348.8372371362208,361.1841114204445,320.5239396984741,40.66017172197036,10.6630870620047,360.53843149319874,360.8141869628413,361.06704715620003,14889852185.030338,14807827702.629692,349.3193123887668,289.7189421628081,7.302993455836376,38.322961130772974,6.334377594191156,2.2349858847285615,305.9161268437989,262.14562329862366,4.3472863580094465e-05,586,9.766768584995589e-07,True,2.9238,2
ALT_071,GateA_converged_v1,GRAIL-CHT-1.0,alternating,1,839.0997367755554,319.66709918860795,303.48380808996086,2.641896115961422,0.0037796218176947274,0.00031496848480789397,33.52342791924864,0.6463497701759189,0.931386884242832,5.198875,3.3602916614233305,28.056939,11.721292004979587,152.4426676312643,235.85166215774095,0.0005060125687547432,20.588816780026463,7.805209739449079e-05,544.4976928918152,291.83835260139887,15.739205240653401,335.3828359817862,15.715736793178223,248.29008415821266,0.5604177321265793,336.4930184366439,339.6109387257699,328.47038052106234,11.140558204707588,2.6392404461586314,339.3512082029507,339.4492970477239,339.5531731548211,12825194058.181702,12820478408.857813,336.52395652259725,287.4947818468784,5.147497245245309,29.308363071988428,4.748700931871838,2.2494122276848096,303.66811538151336,147.05538101925575,4.74580996950053e-05,194,9.671732073002204e-07,True,2.9238,2
ALT_072,GateA_converged_v1,GRAIL-CHT-1.0,alternating,1,787.7986819744215,322.01898520006836,296.8382842064268,3.5651232880144597,0.0016272956035373563,0.00013560796696144637,27.32382566597441,0.3599891967744044,0.5873943912200745,5.198875,1.871538835380532,28.056939,3.6359610617566087,75.33020141469125,209.25683906536418,0.00044087636726737963,44.94771784160313,7.336331357339855e-05,511.2080793239759,282.3052447237944,19.247468494454946,350.82187728724307,28.802892087174712,195.92002618975292,0.4710094903084117,359.90131626540574,369.4355628722343,338.05729691164714,31.378265960587157,8.247373875945984,368.9497530939471,369.1593789127741,369.3468885448858,16830137887.407742,16777750817.97293,360.18192805787214,269.9178658830593,10.528872539322526,54.39659905430555,9.072240019071792,2.222338810644149,298.97798574364947,211.18165065338545,4.74516964910883e-05,547,9.891394938676967e-07,True,2.9238,2
ALT_073,GateA_converged_v1,GRAIL-CHT-1.0,alternating,1,611.6248231830864,308.50693112332186,300.7908575274762,4.022694128037421,0.002684350804184307,0.00022369590034869227,28.49264688113984,0.7726025503625662,1.6677555828916009,5.198875,4.0166640840161865,28.056939,16.747599349299136,89.44434001274769,115.77018477453034,0.0006124997335950083,10.256908222699092,2.7615987799445277e-05,396.88762913726697,287.96255978379355,20.9862376865422,324.39186371992065,15.884932596598787,178.2382580465907,0.5519273345786407,326.8010953505439,330.88499932196856,316.9961414746608,13.888857847307747,3.4602277538832267,330.5758115863477,330.6943395374115,330.82345295040034,11413655758.398548,11406016986.096643,326.85579745340107,209.55666818447696,3.908952298618539,23.667495006632333,3.741829607293867,2.2804547624354616,300.2938753040923,139.94247650282588,6.35748519445708e-05,291,9.92917307485186e-07,True,2.9238,2
ALT_074,GateA_converged_v1,GRAIL-CHT-1.0,alternating,1,598.691251494639,297.37144475680077,299.807624560191,3.9000123636439845,0.0028708031201714196,0.0002392335933476183,28.088002590417776,0.4297578798350955,0.7669906843326609,5.198875,2.234257497527682,28.056939,5.1818875562590065,76.62407024627768,178.29590530295684,0.0007646411895221094,72.02226387532795,0.00020738389152968987,388.49494393363165,286.5517650256159,20.52004698184714,312.8699462406908,15.498501483890038,185.9813520269595,0.5883456761103563,314.93101334742727,318.7327924948315,305.7118959031436,13.020896591687858,3.2191984254176673,318.4413875185846,318.5519840010244,318.67249085054635,9843119247.965149,9836978505.193268,314.9801508389506,205.1253303969575,2.2713836618348595,14.696814770618511,2.175648846874807,2.3974477745532328,298.4708132714346,138.42833954609767,6.39075971576681e-05,268,9.674475904830615e-07,True,2.9238,2
ALT_075,GateA_converged_v1,GRAIL-CHT-1.0,alternating,1,458.20550213520517,330.0362748763086,306.7993051417779,2.1649676864770475,0.0010492227592721706,8.743522993934754e-05,26.986913489626797,0.5368467483113791,1.2317080822931172,5.198875,2.790999138627321,28.056939,8.086134144936567,51.70696180665864,96.31605662006885,0.00041413141790279547,6.324681101965011,6.655967259097574e-06,297.3327577740496,296.6337999545594,13.92687720861278,351.4540307103413,21.417755834032732,93.93294693165407,0.38826096097419466,360.7668047025659,368.503412909776,343.05266659060305,25.450746319172936,6.80905423167463,368.1990194691306,368.3623597643434,368.45917688844395,16975653127.10116,16939722031.012396,360.9579596789853,156.99169610469818,9.3214546992448,45.973408645737194,7.7637578349661585,2.2129883756583593,309.2773142044586,118.270515307326,8.152857707277078e-05,790,9.942362453330134e-07,True,2.9238,2
ALT_076,GateA_converged_v1,GRAIL-CHT-1.0,alternating,1,793.1198994196101,329.5966579468162,312.65952270772414,4.663431157591021,0.0029941709785816363,0.0002495142482151364,34.80971918769022,0.8466051230903913,1.6816278564703337,5.198875,4.401394209306559,28.056939,20.10953703661005,143.27730352854755,169.23746339443062,0.0004264996647489911,6.816427177995521,2.0470961317923077e-05,514.6610545726809,305.1733243303434,23.42103839884588,347.7793682902217,18.182710343405518,227.56816034071633,0.5434238933999725,349.99421023291114,354.27626646278475,339.563469744898,14.71279671788676,3.6346742753529835,353.96185087928035,354.0832419197354,354.20854266744306,15014924622.401312,15005257079.58222,350.0505699276492,271.7410368143755,6.356012523149988,32.44576928381309,5.370963545627945,2.2408316887784845,313.6554618465094,163.6314566647163,4.825221456161147e-05,262,9.608989444132021e-07,True,2.9238,2
ALT_077,GateA_converged_v1,GRAIL-CHT-1.0,alternating,1,902.3377616140087,291.2585884885454,294.16033022768835,1.8431012020880426,0.002106673464000436,0.00017555612200003635,32.13565505448048,0.6351473491026028,1.0473639667056829,5.198875,3.3020516745657944,28.056939,11.31851022671543,57.8428513386308,91.06997206295,0.0007433049564286814,16.77469310307777,3.54451362357122e-05,585.5332898756615,278.49360970725,12.703784567934562,321.7097599887008,30.451171500155397,268.14982127889357,0.5628263956165347,328.5985062460019,337.5252184051912,307.73349694336434,29.791721461826853,7.635156669964573,336.9834322685505,337.2004628246228,337.4224120835212,11696449572.283413,11659027844.33275,328.8618633419487,309.16157705434927,5.048169767382667,31.009184302567277,4.95427175726318,2.25545568489027,293.86871031538965,248.17321695355753,4.203246852463195e-05,420,9.885054623737233e-07,True,2.9238,2
ALT_078,GateA_converged_v1,GRAIL-CHT-1.0,alternating,1,714.8181029033261,312.4100249407437,303.2128840557551,3.257152820822901,0.0022087483376648127,0.00018406236147206772,22.077358723763986,0.46898544927701424,0.8303494114967831,5.198875,2.4381967276100376,28.056939,6.171049427994423,83.16093747233877,177.32093309193127,0.0005420587462140713,29.898770440521176,6.623757222539918e-05,463.85047070068856,291.44764785900594,18.07718071912702,334.34544462196504,21.935419681221333,202.52025494374854,0.5365855835921498,338.9882467153948,345.3535541105071,323.9781086090772,21.37544550142991,5.4223303823486715,344.9166000946152,345.0948731788547,345.2684785809121,13225145624.807594,13205004788.106236,339.1174326831259,244.91304852996356,5.634956926234239,31.611066240151132,5.146639262667327,2.2442646509535797,303.5843525349658,182.73269248904242,5.3552541651029454e-05,383,9.969296002054762e-07,True,2.9238,2
ALT_079,GateA_converged_v1,GRAIL-CHT-1.0,alternating,1,782.8822847730177,290.7940573537935,293.98202861883925,0.03870524549779805,0.004015846669850334,0.0003346538891541945,26.175682696446827,0.9285574877424297,1.6028161114264592,5.198875,4.827454309086924,28.056939,24.191226113289844,92.21121676617942,99.30587818571085,0.0008888180524876869,16.49035210892781,6.642199157602525e-05,508.0177947652045,278.24043994793885,5.847079932891633,305.66576084453044,14.871703490736934,249.63997032199998,0.6039260094278126,306.57053337923924,309.44850300009114,299.0443160353759,10.404186964715223,2.4244578938394725,309.17891395128066,309.2825869598653,309.3900441466052,8836575278.961481,8833272694.532982,306.5991845140352,268.233395636028,2.087609082822524,14.694700298852025,1.8109807432152425,2.797379143969807,290.11270147817936,141.41097647541613,5.0399816132382524e-05,180,9.554288453728077e-07,True,2.9238,2
ALT_080,GateA_converged_v1,GRAIL-CHT-1.0,alternating,1,817.7127149495946,328.71827584869766,306.0663986186383,1.8121349404397893,0.0038823962537956488,0.0003235330211496374,28.5345388923311,0.42728891638625577,1.4357199719550677,5.198875,2.2214216651775955,28.056939,5.1225185903680295,178.52627220312056,417.811614944251,0.00044383057776809187,38.78197701453686,0.0001510200624634171,530.6195047197964,295.571501475876,12.5861127736712,343.2215081349323,14.503232286234663,235.36449182930326,0.5451377664312361,344.1808699689371,347.05041655548797,336.7860233220739,10.264393233414069,2.417579771200682,346.79564352751214,346.8904186545282,346.99477497163826,14037024317.37034,14032883249.382002,344.206258883342,280.1670984920525,6.136677175933961,33.1826488213333,5.483143150595052,2.226278332182276,307.01682815611645,136.89991342252705,4.908316774729873e-05,184,9.72742441263108e-07,True,2.9238,2
ALT_081,GateA_converged_v1,GRAIL-CHT-1.0,alternating,1,869.5122304910899,330.4186489395952,310.2453012018009,1.313973845299512,0.001951890022557539,0.0001626575018797949,36.287418770556584,0.7926667085063208,1.8176757284783696,5.198875,4.120975134185799,28.056939,17.628750243241818,101.61810245388725,128.19776756535367,0.00039201597044361816,4.485996345137513,8.78251906449699e-06,564.2325729512816,301.645531863483,10.693100612138146,358.9764584490193,28.55780950942409,233.0003204107326,0.5075126837228651,366.26974158110534,374.9958050883979,346.26627636172896,28.729528726668946,7.500745939307937,374.5237157856881,374.71854124222017,374.9041419267362,18042091686.94692,17997167893.729546,366.4980948209208,297.91479851827665,9.94925884376629,46.905420568395634,8.059669087586483,2.1944723854896355,313.736412471734,227.58591770748205,4.3504987428931964e-05,453,9.90452747373638e-07,True,2.9238,2
ALT_082,GateA_converged_v1,GRAIL-CHT-1.0,alternating,1,406.7253863748329,308.00612877747545,299.16730201486916,2.504706911099875,0.0014312183724453187,0.00011926819770377655,30.72723611260912,0.5567560541055047,1.545179675653558,5.198875,2.8945051307877554,28.056939,8.697014303627794,47.71546343943429,85.70263958080331,0.0006121618394883668,10.521021778328144,1.5103189233741784e-05,263.92695029633364,285.6342389129517,15.217886262179526,324.9528973348807,16.94676855740522,101.38392082407665,0.4720998688382649,330.9806649785401,336.8296646667538,317.6426460762619,19.187018590491903,5.077166682480071,336.55457386289277,336.6773823915437,336.78190020944606,12017649248.297922,12000808252.42726,331.0967220177274,139.35342975646418,4.79961620312132,28.59309887028405,4.57666647474776,2.260432159206236,298.95684651561567,115.87927593069628,9.14109072304821e-05,588,9.885971508083458e-07,True,2.9238,2
ALT_083,GateA_converged_v1,GRAIL-CHT-1.0,alternating,1,762.2330277669787,325.64237690952456,290.0636947950302,0.5042379016290078,0.003768291839555993,0.0003140243199629994,33.02682852923413,0.5498485767832646,0.804662293443466,5.198875,2.858594019624095,28.056939,8.482551371666649,163.44710073369168,297.25838646322086,0.00047052944441019806,30.072308175755897,0.00011366222015578126,494.61834734918676,272.6962336521644,7.6161040261902295,338.588484687232,12.946107777707425,203.92009738368353,0.5066853463203437,339.5102079177185,342.0850432260475,332.87707371831516,9.207969507732344,2.1794343320391723,341.87094049926736,341.95176623394667,342.0373979556326,13289798749.674847,13286523080.313023,339.53113175865275,261.15848740037063,7.232616256901364,42.892267574236286,7.113369283222413,2.192390016041988,291.47154668369467,121.09535751039118,5.242116708932617e-05,182,9.71171402852633e-07,True,2.9238,2
ALT_084,GateA_converged_v1,GRAIL-CHT-1.0,alternating,1,578.870251913161,295.1917615729956,299.78883041670207,4.687112851971675,0.0019742711487100305,0.00016452259572583588,31.43020341174597,0.7011456751751051,1.4094414740924777,5.198875,3.6451687220259745,28.056939,13.79293873064394,53.253121614398204,75.9515796786434,0.0007566259382786464,11.678925265041185,2.3126745435016508e-05,375.63295855821355,286.52482069458705,23.511028837492365,316.05978463017897,20.868023057183393,172.21238786308578,0.5634420224917642,321.2238082547524,327.55548433285105,306.5114954956211,21.04398883722996,5.425931201736523,327.18197695506365,327.3301108361311,327.48399645016997,10665194676.25846,10647089534.891716,321.3602797641189,198.33420211873675,3.1847582681268585,19.853293129543427,3.083633269780105,2.3080561796580343,298.9884339794418,165.9073984008997,6.533830231898493e-05,431,9.906765967571118e-07,True,2.9238,2
ALT_085,GateA_converged_v1,GRAIL-CHT-1.0,alternating,1,604.6497254265487,295.40155465562555,302.17807467165505,0.12650212669628474,0.0038978894485139316,0.0003248241207094943,29.45338146109527,0.4980388218075956,1.2546231725153825,5.198875,2.589241579724964,28.056939,6.95931800624476,96.11737856293024,192.99173950753323,0.0008276507195315038,55.18635100764741,0.0002157575679986911,392.3614393773654,289.95693633145754,6.180708081445882,307.441795006394,12.040240350768443,196.1737779310777,0.6144735215408949,308.23059883294593,310.60324705507173,302.10313767235925,8.50010938271248,1.9987604468755251,310.39196789855015,310.47040889381924,310.55704706067155,9028430093.045322,9026159428.049223,308.2499820053101,207.16683999124893,1.3142861281063187,8.807924929288301,0.8707153798299487,3.43991907193616,298.3658622316349,113.51788619703203,6.546556711337645e-05,166,9.588547982275486e-07,True,2.9238,2
ALT_086,GateA_converged_v1,GRAIL-CHT-1.0,alternating,1,913.0524835170876,288.8562826344793,294.27410301321936,3.8511523341626774,0.0028312233930489457,0.0002359352827540788,31.786439669856904,0.5974666402653156,1.0268515248593761,5.198875,3.1061543794093427,28.056939,10.015384123503418,69.07220744516836,115.60847550332791,0.0008365469101210912,29.419016468471412,8.354243493082091e-05,592.4861479216227,278.6551953494347,20.334378869818174,313.01351671734096,24.157234082861635,285.88911971144495,0.5930181187772079,316.27565807781554,322.1764369452877,301.88249262803635,20.293944317251373,5.006246694785214,321.7392352725666,321.9080179066861,322.0848033598642,10021002743.153774,10006059296.109812,316.3936766659448,312.8326861026168,3.1383336720918007,20.639956509313333,3.1651409997566406,2.3193579568189664,293.15923326022323,213.86181664983442,4.32211901316801e-05,291,9.987128919419774e-07,True,2.9238,2
ALT_087,GateA_converged_v1,GRAIL-CHT-1.0,alternating,1,895.1566764974949,319.8816216412551,292.9842523597807,4.629535554775596,0.004008421334950344,0.000334035111245862,36.783449293720686,0.5660411098661491,1.9490025548925127,5.198875,2.9427769750553763,28.056939,8.989514465752567,161.65389838743064,285.58685150210505,0.0005060654400381665,21.091124031655106,8.479650104971941e-05,580.8734334759598,276.82511869074943,23.292235108147263,335.1554354185269,15.273813777271812,255.9158226254568,0.5414572339439122,336.1068779831857,339.00847512219815,328.6233711438544,10.38510397834375,2.459966746454026,338.76866595013274,338.85663729520246,338.95401144056666,12765819596.50125,12761731389.326904,336.1337926209824,306.7011728753068,6.3872208174632235,38.194373976317856,6.203615607036201,2.230485135881807,293.3297832698243,144.7894974170057,4.559781477182355e-05,180,9.809416496864287e-07,True,2.9238,2
ALT_088,GateA_converged_v1,GRAIL-CHT-1.0,alternating,1,654.5634611246254,294.7668693177051,288.70547122825917,4.898255941294296,0.0026314718663920248,0.0002192893221993354,29.7128034802204,0.6948444229369339,0.5444145594097068,5.198875,3.6124092992962527,28.056939,13.546136267097536,67.90558847345686,97.72775923916447,0.0007908838570335477,22.362582974468012,5.9023578693249604e-05,424.75081186799724,270.7831269463156,24.313372576918322,312.2807950210725,17.51392570336742,192.64534353049456,0.5574075347018553,315.0099081647588,319.5383228746513,304.14852745124654,15.389795423404792,3.8424028670805437,319.204455779032,319.3350038300571,319.47216385826385,9855585699.943184,9846839436.88449,315.07983522890714,224.26842866630255,3.5645975532266965,24.274203380294647,3.7841530554902145,2.2768860949652385,287.82318433642473,152.65286678774993,5.847760080261255e-05,303,9.77497222720558e-07,True,2.9238,2
ALT_089,GateA_converged_v1,GRAIL-CHT-1.0,alternating,1,495.30543888896716,313.25106482325407,302.57859437451157,1.2211047682777543,0.0024194331491037683,0.0002016194290919807,24.134653631723772,0.4821609180897274,1.2829272127705251,5.198875,2.5066943430337316,28.056939,6.522653356502587,85.99319052961326,178.34956609571253,0.000574207765146076,25.289030828921423,6.136922717773284e-05,321.40716643312294,290.5336092403303,10.340198119455465,326.8365256971768,13.585460873922727,137.39289812604335,0.5253603166403906,329.3060809779838,333.04824843670195,320.4044109214161,12.643837515285838,3.1758298041483495,332.7746577770233,332.88518770264756,332.995292744124,11766311299.451735,11759774715.1186,329.35183203381484,169.70298387668893,4.10403044004666,24.36091109806048,3.8450129284372347,2.289528571562644,302.02224587725266,116.34960064447218,7.736110362315999e-05,318,9.901744988383143e-07,True,2.9238,2
ALT_090,GateA_converged_v1,GRAIL-CHT-1.0,alternating,1,466.9548490837265,292.7888096361195,289.6194291312243,1.5203336111852186,0.0010846525234287125,9.038771028572604e-05,27.093979967397015,0.4753005967006304,0.8857574582201261,5.198875,2.4710283896719902,28.056939,6.338361529182985,29.08562997581908,61.19417938399678,0.0007610823548583066,19.21408692773248,2.0903317825018727e-05,303.01027025437367,272.0699754803304,11.47726772250383,317.89902381103417,25.110214174914688,113.84588296498475,0.4617517154137905,328.69754962056453,337.78976894359596,307.9402104408548,29.84955850274116,7.988061955400761,337.4277519886469,337.61798676648596,337.736110210659,11714055203.901268,11673090861.990604,328.985545224224,159.9894226943093,5.578468899838726,34.94316921492798,5.62177359696145,2.236368243273483,289.5617528139769,142.67996338306986,8.00162874745973e-05,795,9.947364105755696e-07,True,2.9238,2
ALT_091,GateA_converged_v1,GRAIL-CHT-1.0,alternating,1,686.7090542798117,291.4183576368946,310.861797427058,0.9641943766697656,0.0011900940314717367,9.917450262264473e-05,29.149383214308294,0.9745762912589006,1.4792109840844185,5.198875,5.066700316218617,28.056939,26.64845113182148,35.698675386098536,36.629944424345766,0.0006803755093587531,3.472380799758691,4.144894347833374e-06,445.6103122855497,302.5450894888515,9.363938631345109,330.3720570532767,38.95369941638211,193.77880244897415,0.5344407582530124,346.3351791518343,360.3449836603334,314.3531803526838,45.991803307649604,12.256921365062194,359.7492162831914,360.03756850463054,360.2509842788229,14494156851.495665,14387536214.498049,346.97504375614005,235.28224488677026,5.943316713522191,30.456801892987222,5.103196322599026,2.215886977647143,312.22404278263434,237.37627817099772,5.4193926842775645e-05,765,9.923203947437287e-07,True,2.9238,2
ALT_092,GateA_converged_v1,GRAIL-CHT-1.0,alternating,1,953.4980033383824,294.0825931162371,284.0843926688483,4.454856961952879,0.0021801860010933825,0.00018168216675778189,28.85439543518953,0.9977812091820023,1.5165241446490125,5.198875,5.187339783886083,28.056939,27.93257216795935,63.03094580646709,63.17110928370851,0.0007059260684604365,6.352102019755667,1.389043520660813e-05,618.7315288522997,264.30789730836125,22.628456455420938,323.9751001016356,29.892506985398484,272.41572161669507,0.5411011505969425,330.481119587131,339.18639895691683,310.11360530055265,29.072793656364183,7.422149769371494,338.6118327744173,338.84280173901664,339.0743939541039,11964298046.57993,11928521371.925528,330.7286406376041,326.69024723401424,6.457825886058929,41.14194083986534,6.674627415762815,2.2155153818298325,284.40279660978183,248.16922962692618,4.024473739250802e-05,403,9.998804557653784e-07,True,2.9238,2
ALT_093,GateA_converged_v1,GRAIL-CHT-1.0,alternating,1,585.6455261877147,298.9078502584365,312.2178164209703,3.205340735479715,0.0016928207556923926,0.00014106839630769938,25.0414514878917,0.464745532837856,0.5026134079014769,5.198875,2.416153932032409,28.056939,6.059973652290455,51.315805046259605,110.41699472163201,0.0006732545944069185,38.26228561804289,6.49660895230226e-05,380.02948146189135,304.5268574230393,17.880294794822916,323.96303589001343,25.055185631576933,177.29026198891162,0.5733451317017495,331.50712009754557,339.7293375493158,312.65368076289894,27.075656786416857,7.081698542256605,339.2894455876886,339.47154586700697,339.6473380431236,12110135152.816004,12077344163.622805,331.7319086754668,200.65556621187864,3.1423891011349063,17.44783109413516,2.774956849378733,2.294145546217689,311.96582525345843,187.44574050695945,6.338140556611754e-05,521,9.814739883040602e-07,True,2.9238,2
ALT_094,GateA_converged_v1,GRAIL-CHT-1.0,alternating,1,886.9076774957017,294.5654070126553,309.5619253747827,2.356523012856888,0.002453141236248825,0.00020442843635406875,35.513701705825454,0.40201248658065675,1.344482685142399,5.198875,2.0900126661720115,28.056939,4.534395244056858,69.93541584481818,173.9632926321727,0.0007158876796152005,47.680932177391966,0.00011732002097005387,575.5206002807032,300.64943115909546,14.654787448856176,322.0947613148706,27.529354302215268,282.2895879485654,0.6028128797174588,327.0581938845036,334.4652618131928,309.63264553462653,24.832616278566263,6.3207796420805,333.99346103980105,334.1841811974155,334.36979619764315,11467396052.617617,11441952392.91615,327.23986364669526,303.8748769482113,2.819439967375945,16.248708878661695,2.517011031278441,2.336568459913746,308.8598969546122,236.8147969484825,4.249193981628535e-05,351,9.681426149654726e-07,True,2.9238,2
ALT_095,GateA_converged_v1,GRAIL-CHT-1.0,alternating,1,567.387269522867,306.76362210339795,283.33071271090296,3.4279689563034936,0.00308800234880566,0.00025733352906713835,36.14293580270677,0.6402701473724689,1.7947981313266388,5.198875,3.3286844624210445,28.056939,11.501826032672739,95.78100108647709,149.59466949933827,0.0006579876574067821,17.350646826916915,5.374005832980633e-05,368.18157090427496,263.2567762905773,18.726282033953275,318.4866313302466,11.72300922684866,151.31884251528058,0.5051024798741116,319.8373157009711,322.543841780212,313.2372875637717,9.306554216440304,2.2981425846629464,322.3460400558282,322.42279174726536,322.50041640602245,10467684749.734262,10464452898.868874,319.86200755114845,194.3998694374572,4.839852932606405,32.98920274641315,5.251835406472592,2.235016335030454,282.88993043222456,106.49125544629288,6.987488462112152e-05,220,9.914237466546183e-07,True,2.9238,2
ALT_096,GateA_converged_v1,GRAIL-CHT-1.0,alternating,1,752.1003822141879,302.26544068469707,298.1784587921558,3.3565903296601918,0.00396559586286261,0.0003304663219052175,28.27305500541182,0.901565209410934,1.5639657442193626,5.198875,4.68712482807627,28.056939,22.805236299084388,115.32370228673463,127.91498727206321,0.000701793551904734,13.516807891818488,5.376348791866005e-05,488.0432027214619,284.2192415721634,18.455043252708727,316.3812594121686,14.115818727471549,233.98650320870328,0.589224878163783,317.26871728520314,320.0147583279392,310.11745677734507,9.897301550594136,2.3160048790755168,319.7639073140711,319.8594665945794,319.95962114968256,10135551390.164282,10132322653.311882,317.29398925018086,257.6868110369319,2.8110180688340685,18.14282651188543,2.7463222338100306,2.3513011445455394,296.94903856633675,133.84297835914361,5.472290122534751e-05,178,9.967159826373972e-07,True,2.9238,2
ALT_097,GateA_converged_v1,GRAIL-CHT-1.0,alternating,1,744.2641944266941,293.33694594149074,309.0569154525399,0.3978800420406315,0.001506301923060609,0.00012552516025505077,36.51318576131675,0.7425947356606241,0.6093248493943755,5.198875,3.860657206357627,28.056939,15.471913197462552,45.00338118729901,60.6028820649574,0.0006831032998199518,9.00081237369853,1.3598737199207443e-05,482.9582456128427,299.91402576780075,7.2119441597544,328.0443533667462,34.70740742525544,218.5297084152812,0.5560955727993915,339.9772724482143,351.7984991469613,313.30003747254415,38.49846167441717,10.259843022012497,351.2629985198646,351.50985544707845,351.7041504399393,13431942093.995476,13359787223.475756,340.4353914292715,255.00195368358095,5.0330841712788486,26.990834701741527,4.448198746260634,2.2340046755836607,309.74796451021865,245.69590558428092,5.005805520403306e-05,612,9.88472493190784e-07,True,2.9238,2
ALT_098,GateA_converged_v1,GRAIL-CHT-1.0,alternating,1,932.2672438749544,309.3275172585491,287.4491626962222,2.307020924983441,0.002092715120179394,0.00017439292668161617,36.371078721665135,0.7339319175051557,0.8604514965177116,5.198875,3.815620297619617,28.056939,15.11304020429199,79.31949548469383,108.074732264436,0.0005384553123517159,9.260624236025214,1.943816284957845e-05,604.954740421165,269.0175725941896,14.466679514937077,338.21582474993266,28.888307491383557,252.7018911534899,0.5133743245008558,344.92111882424166,353.4431302053366,325.272708851064,28.170421354272605,7.308662261613421,352.9615722525796,353.1546981020845,353.34832881770103,14191812029.54777,14153998479.851728,345.15125954182645,319.4161029423751,8.585655328041865,49.86051782173693,8.267908524780806,2.19851006221423,289.07812753342563,236.41787273569742,4.073505512858492e-05,421,9.893217338685645e-07,True,2.9238,2
ALT_099,GateA_converged_v1,GRAIL-CHT-1.0,alternating,1,595.7384664876089,303.86870153059033,292.1341328818157,2.0942155651791197,0.0010992869629498545,9.160724691248787e-05,23.111367414994145,0.5910582754218352,0.952398619219654,5.198875,3.072838091633694,28.056939,9.801688411548612,38.41734291159459,64.99755524812902,0.0005839870953511083,8.450898568606215,9.317916370792777e-06,386.5788610730748,275.6211446034767,13.658019147680655,334.3102271284295,30.44152559783919,139.87940388799717,0.44469700770908227,347.2980393509763,358.3179713508182,321.96322445294567,36.35474689787253,9.674806475701379,357.8597417264914,358.0867348551861,358.2490783688396,14615187807.22158,14548202120.357735,347.69712537412164,204.1136386465835,8.532587879469407,47.765646579294895,7.935872785339637,2.205350480696094,293.80127071603624,174.6669378857799,6.247229887645776e-05,795,9.921982382365968e-07,True,2.9238,2
ALT_100,GateA_converged_v1,GRAIL-CHT-1.0,alternating,1,690.3159902301778,331.6022235322919,295.8993037493724,0.6908206850886045,0.003652051875380365,0.0003043376562816971,35.27163002446471,0.45907943001485263,0.6522465490080417,5.198875,2.386696571718467,28.056939,5.913109963382606,171.78571324815292,374.19605849601044,0.00043387976121165493,47.888614810522576,0.00017541795940635596,447.95087827229395,280.9667918601548,8.325118603336698,343.41396444053163,11.811740908239756,180.31303843815581,0.4947038335662217,344.3371280422663,346.74719113689014,338.2347104625073,8.512480674382857,2.04304573517194,346.55634214493693,346.6280088555772,346.70447015374634,14061346035.797045,14058384318.226988,344.35526221650963,236.51806372777122,7.417921523021795,41.818708167453316,6.968259432495719,2.1976402344103465,297.50083636279646,110.44672290227524,5.757135096948362e-05,177,9.700509622234676e-07,True,2.9238,2
ALT_101,GateA_converged_v1,GRAIL-CHT-1.0,alternating,1,824.1105658094325,325.1719441653927,295.77900429741374,4.596162574095141,0.004439273543789526,0.0003699394619824605,34.36942190537758,0.3525120292009156,1.3030624487371603,5.198875,1.8326659758119102,28.056939,3.4864879699808333,190.51137806162606,540.4393673982777,0.0004755656578100842,80.85844700222499,0.00036003286315836,534.7711149277013,280.79546643790786,23.165417781561533,337.68649782512085,12.514553659728165,232.22210275117635,0.5336839579430867,338.28779665630424,340.4768324583503,332.4334944602002,8.043337998150093,1.855784906799689,340.28220302871085,340.35511867849624,340.43525331168763,13098559433.01963,13096200806.809841,338.3030270386355,282.3591486818263,6.434457160213302,37.58713645691465,6.115309629262128,2.2338090807688418,296.1907983596853,119.71504851489651,5.0532897742965494e-05,145,9.834303682509926e-07,True,2.9238,2
ALT_102,GateA_converged_v1,GRAIL-CHT-1.0,alternating,1,400.05312036349414,304.69414116100955,292.37514189177887,3.738868662592456,0.0031753839608944004,0.00026461533007453335,25.62454189962877,0.5465703673121804,1.785178412845015,5.198875,2.8415510183601125,28.056939,8.381706569262615,91.49526492645106,167.39887560386606,0.0007082998092925102,26.128147337974376,8.321654963379092e-05,259.59727017571385,275.9622937726567,19.907700917851333,313.0277000793721,8.333558918362542,110.61220218492426,0.5236624750684832,313.9143313996751,315.8326713827664,309.16038291058334,6.672288472183084,1.6188721523598089,315.6701883920503,315.7335672539516,315.7985357412445,9712112732.783213,9710566650.716215,313.9268257360219,137.0673586527769,3.0117501142226155,20.344915881290053,3.098625147759379,2.3262000173650197,291.1283474186591,76.19425337812861,-9.825491694576519e-05,223,9.84385394531273e-07,True,2.9238,2
ALT_103,GateA_converged_v1,GRAIL-CHT-1.0,alternating,1,521.6209208565308,305.51523868580455,298.4611634569098,4.342836584555979,0.0026540595860295763,0.00022117163216913135,23.320563790631237,0.9472111647374385,1.3647276077367683,5.198875,4.92443244407435,28.056939,25.172937919607087,81.84561979435469,86.40694160001992,0.0006618121319941151,7.927559175398956,2.1103524998279158e-05,338.48346689024874,284.62354214346504,22.20277902131272,319.1307112125896,13.615472526785027,151.04963108019106,0.5484420492050599,321.2305140323577,324.7793609086665,312.6466213780013,12.132739530665162,2.996085302986676,324.4873001595122,324.60470757390885,324.7209439004963,10653514606.825888,10647978625.282364,321.27225856555873,178.71927051805133,3.3401194986849894,21.053795850101263,3.2755959673119373,2.301542153071785,297.65059569899324,119.54880125595551,7.168883451276078e-05,285,9.590810350346146e-07,True,2.9238,2
ALT_104,GateA_converged_v1,GRAIL-CHT-1.0,alternating,1,983.1650887015024,321.5094214115607,311.5456317270946,2.7570508807523315,0.0031174745236878867,0.00025978954364065725,32.56174526949035,0.40127568810032915,0.6167587187095118,5.198875,2.086182142972599,28.056939,4.517789421876189,136.74687547143344,340.7803650373237,0.0004652699437567519,65.26944616505988,0.00020408809989447564,637.9827082140258,303.5439470961433,16.176793346858858,344.18119749619797,22.67177608463726,295.43690058556217,0.5691206806187091,346.70998275240635,351.8913201948002,333.8935376470253,17.997782547774875,4.3955054524653345,351.5057980534178,351.6527387906275,351.8068247928756,14463778515.238039,14449918099.527342,346.79309424245673,336.8548699370057,5.860807736576062,30.498285281956292,5.058739204264126,2.230757044690201,312.5523856437252,205.5674982452019,4.0708524431985594e-05,258,9.997341408052307e-07,True,2.9238,2
ALT_105,GateA_converged_v1,GRAIL-CHT-1.0,alternating,1,615.1602152306772,329.1717686974042,293.1093657930649,2.7050780872034452,0.002608437334417308,0.000217369777868109,33.165667471141056,0.4877578115594764,0.6852225067929573,5.198875,2.535791892571273,28.056939,6.67496134219149,120.08808249732796,246.20432446459063,0.0004433023100069009,28.954020491231095,7.575200404293977e-05,399.18176978469296,277.00245708684656,15.97929673137309,342.9284006994367,13.756632002032461,149.992246291555,0.4617922567221143,345.1305717782065,348.6828162621082,336.6355732117244,12.04724305038377,3.0239829328658243,348.4433110023628,348.5370343654859,348.63332563915867,14194921902.253014,14188409805.751434,345.17016636440667,210.76797444631788,7.964301450559155,45.327533403070156,7.4837642810671365,2.212665845934708,294.3644513357445,119.9082039076763,6.121426500973876e-05,291,9.614064993002103e-07,True,2.9238,2
ALT_106,GateA_converged_v1,GRAIL-CHT-1.0,alternating,1,624.1820808313238,304.0054009187005,285.57626017315744,1.0005554785615667,0.0022542180438299454,0.00018785150365249544,30.440041364253183,0.8856975812869429,1.1681824591254002,5.198875,4.604631012913155,28.056939,22.009552133571965,70.24341371855866,79.30857575166124,0.0006549525077986082,7.638177775229938,1.726992794674443e-05,405.0361215260118,266.3926453798722,9.502110818533954,321.7284620738084,17.72306115510787,166.99787295557726,0.50671728652224,325.3489794395527,330.3960561187166,313.4934360347237,16.90262008399293,4.298977691347691,330.05995467192827,330.1942397544701,330.330294456156,11216312431.802046,11204637101.84871,325.4337004629445,213.85907216573423,5.458473560854614,35.68089670512839,5.721698491414732,2.2314861258769003,285.38693951295687,148.1093658817474,6.099940391174725e-05,365,9.883639222607599e-07,True,2.9238,2
ALT_107,GateA_converged_v1,GRAIL-CHT-1.0,alternating,1,479.83770536428483,301.4274661775026,290.98388217733736,4.5537636302594215,0.004361603921306915,0.0003634669934422429,23.43958517997594,0.7366945559267061,1.1450334408875098,5.198875,3.829982909443454,28.056939,15.22703019416404,116.86324096550604,158.63187806308804,0.0007617067343150469,25.00612144553599,0.00010939498230042799,311.3700458748219,273.99489948514815,23.0043017949858,309.18180299141153,7.754336813908935,141.37322567256146,0.5580060056895176,309.5589487826116,310.9646056163718,305.76237985338526,5.202225762986529,1.1853678455093928,310.8278330391317,310.8793152649815,310.93390691293206,9183571016.041346,9182764630.175209,309.5657445503139,164.40338422190598,2.557823683516066,17.800265582165185,2.672206792335785,2.3481867092142137,289.622932886569,74.32383666159913,-8.364102306225098e-05,163,9.585358498043206e-07,True,2.9238,2
ALT_108,GateA_converged_v1,GRAIL-CHT-1.0,alternating,1,674.6621779799772,309.00295320588293,301.36535952259914,1.4731536446593185,0.0034195854821093643,0.00028496545684244704,27.47710876051156,0.7683078744158002,1.9125768919058006,5.198875,3.994336600603443,28.056939,16.5619266372084,113.20555912147228,147.34400478135234,0.0006164888236171608,12.85947558240794,4.4106395194726235e-05,437.793009926453,288.78795405650146,11.29798384970541,323.188808286143,14.185855080260069,202.77073027013648,0.5692263276805004,324.47416624527835,327.565345226129,316.7108783511251,10.854466875003936,2.6072863349163895,327.29687349182825,327.4011119789149,327.5099225411784,11088891302.385149,11084612121.215473,324.50547728180413,231.1547092411672,3.51548135163805,21.543931703778245,3.3244300868124133,2.326279178977433,300.34530350852714,131.60143208790655,5.876099278627704e-05,213,9.824609605857404e-07,True,2.9238,2
ALT_109,GateA_converged_v1,GRAIL-CHT-1.0,alternating,1,669.1468958966466,306.2676291218688,289.85543697389545,2.3914126621628244,0.004051113687223751,0.0003375928072686459,35.84100874601778,0.4768526762579901,0.9806899898918333,5.198875,2.4790974572807585,28.056939,6.379824568293146,124.1957951234087,260.44898415588517,0.0006657129968492492,58.77984227559058,0.00023884034460932627,434.2141047756052,272.4026036858944,14.787368116218733,317.76769009404467,11.500060972175845,194.73806742664905,0.5511825574633213,318.4638824922912,320.6309415201869,312.84465743849034,7.786284081696579,1.8368789204858005,320.4502068864859,320.5166934305162,320.58973610445685,10287910993.432169,10285863145.227484,318.47973232899767,229.26504732151957,3.9631476316955454,26.448087117732598,4.115607446097592,2.28575884469502,288.84244326346703,109.1096009702258,6.006120269742936e-05,144,9.644865599511832e-07,True,2.9238,2
ALT_110,GateA_converged_v1,GRAIL-CHT-1.0,alternating,1,790.4050892565067,317.25988754299954,285.7372374692516,1.0850208740335952,0.002713781989708252,0.00022614849914235434,21.382292134067207,0.5739429259586738,0.5556756764564335,5.198875,2.9838575291934,28.056939,9.242249806673392,107.65336990671287,187.56807521740296,0.0005144780182952099,24.95686835662108,6.793129374695894e-05,512.899395254172,266.6179225635888,9.823079321327661,335.75604983964723,18.496162296647697,209.81322785893877,0.502746683963555,338.5129040838597,343.2570435539261,326.99029244878267,16.26675110514344,4.016019757977728,342.8807983623416,343.0295626644406,343.1815895628439,13142128096.816582,13131094125.459332,338.5839942239517,270.8108806942028,7.554081081860127,45.85114096969815,7.592300894229968,2.1889985490125183,287.16035144894533,163.67820540039133,4.7963167305987676e-05,297,9.68458948591433e-07,True,2.9238,2
ALT_111,GateA_converged_v1,GRAIL-CHT-1.0,alternating,1,985.5464013389994,302.891402363758,300.36480374510984,0.9819696977569864,0.0019967121552103926,0.00016639267960086605,20.785491715277725,0.9436105759726071,1.873057785166725,5.198875,4.905713433159588,28.056939,24.98192427237786,70.86803580298746,75.103053746448,0.0005750221351196632,5.127236165591463,1.0268420034574522e-05,639.527958653686,287.3509516876711,9.431484851476547,337.03522738246073,34.14382501870273,284.9731320401214,0.54763716883527,345.5318032397824,356.0862382858294,320.8892146891427,35.19702359668668,8.993605304689039,355.3577020057546,355.6588296595398,355.9513794695882,14311844707.95931,14254503879.991154,345.8787683448775,337.67076216914626,7.162956506167624,39.03682521062072,6.497718980174233,2.209713259353873,301.8111764694874,276.0275970890823,3.833084672264015e-05,453,9.94237609575066e-07,True,2.9238,2
ALT_112,GateA_converged_v1,GRAIL-CHT-1.0,alternating,1,656.3288353018759,296.3540637673613,301.08724762328643,4.034770102692552,0.004396840465230032,0.0003664033721025027,27.244101573754833,0.921701674820073,1.0090896923678332,5.198875,4.791811794680208,28.056939,23.83532298138883,110.2364007729743,119.60095525973057,0.0008140201960757055,17.35305060072695,7.652817961530648e-05,425.89637552923426,288.38828884219174,21.0321263902317,308.01315696338247,11.65909319602116,214.28006210400366,0.6183385966394283,308.57866635367867,310.6751285673657,302.96498908355875,7.710139483806927,1.769158701506639,310.4752568749769,310.55043581182366,310.63035929810536,9068782805.677673,9066999482.1308,308.59383826969855,224.8732862794357,1.2420119941237011,8.27336124673017,1.0777145751876633,2.678120833546231,299.31263262136326,112.04813359277055,6.0638323364054945e-05,132,9.476780178374611e-07,True,2.9238,2
ALT_113,GateA_converged_v1,GRAIL-CHT-1.0,alternating,1,546.385655027363,288.26974480816324,303.99312280180527,1.679393284605857,0.004487108910831986,0.0003739257425693322,34.001141648218905,0.4206930978683639,1.987974838153841,5.198875,2.1871308291803904,28.056939,4.965592329598487,91.79949977504053,218.21013998134302,0.0009975755428814756,84.5891739199532,0.0003807029448908111,354.553476246841,292.57331723686406,12.081694481502257,298.3738544474883,10.104109639325088,189.51384486631088,0.6569128109178672,298.84579546943087,300.60081604745614,294.1330378627786,6.467778184677513,1.4867532448860494,300.44270080578264,300.50176955004633,300.5673900696739,7977245133.686826,7976063448.905341,298.85686364587974,187.20423545833205,-0.19569740687024512,-1.3732783246126572,-0.7404938755934751,0.849811943155817,300.38384547114543,96.67320828516694,-7.467827963731593e-05,146,9.624254744267091e-07,True,2.9238,2
ALT_114,GateA_converged_v1,GRAIL-CHT-1.0,alternating,1,798.2994103141381,324.58648454345416,293.20174600575314,0.7709888923291892,0.0010352477143172156,8.627064285976797e-05,26.645068039467766,0.6238173869895149,1.9617901170751346,5.198875,3.2431486177851148,28.056939,10.918305410197558,53.71928789475166,86.11380351868033,0.0003933086793882875,3.5225957861694814,3.657732433395598e-06,518.0220754487164,277.13342302515963,8.629757790850919,364.32566681771124,39.739182274257075,171.96477204432617,0.407980830170468,381.7353095121913,396.1072695025257,348.7728018087877,47.33446769373802,12.657061378244098,395.54289325793883,395.8437759890243,396.0253072894636,21373075596.68939,21234856555.63738,382.3549838874078,273.51565583692224,15.810964910201804,73.00336371894639,12.736427533692979,2.1724102327607415,299.9726968788317,217.26753885069695,4.6662687183838825e-05,849,9.91289482499269e-07,True,2.9238,2
ALT_115,GateA_converged_v1,GRAIL-CHT-1.0,alternating,1,820.3977875911369,304.99374429454565,296.65541476362637,2.1105470053374282,0.003534725916168764,0.0002945604930140637,35.896441513363094,0.5267399468171658,1.8304706900035486,5.198875,2.7384551410090934,28.056939,7.7845372126690116,111.29759143620545,211.29514119580801,0.000648170819321643,28.312616170932223,0.00010037847355459675,532.3618671524018,282.0444105234577,13.720078620282226,321.8338100024962,16.840065707950544,248.81456975532865,0.5744039325475983,323.25827607572023,326.7807781889968,314.41992312742326,12.360855061573545,2.9861254187698627,326.504806627828,326.6096531996365,326.7188990316413,10924964174.606306,10919395844.455479,323.2994794700337,281.0870658564682,3.8979898143631653,24.547287944782575,3.8270843493804323,2.2975781059655067,295.7657018546791,156.65252835800368,4.7669434012887086e-05,214,9.593903200766363e-07,True,2.9238,2
ALT_116,GateA_converged_v1,GRAIL-CHT-1.0,alternating,1,926.9084279233429,330.96256115011613,295.53544628804866,0.4074848306730378,0.0037186929138691414,0.0003098910761557618,25.53679671928863,0.8183152282757173,0.7098117770599105,5.198875,4.25431858240192,28.056939,18.78804338048491,179.28881203938028,219.09504533743322,0.000423308143746222,10.441643132922406,3.89461026354553e-05,601.4773672384525,280.4487080318603,7.248442356557543,347.45554919861297,16.49298804849684,256.3692555390998,0.5238358157431405,348.67469373562255,352.05454315939755,339.9839300183694,12.070613141028161,2.8484610994463178,351.750070411847,351.8656334868799,351.9899550371686,14786144452.314264,14780247700.771545,348.7094654888568,317.58004990190295,8.23096933253659,45.33508298883817,7.644605588046695,2.1816179254779624,297.900117876516,155.11927247991352,4.2966610066913235e-05,201,9.755445375958516e-07,True,2.9238,2
ALT_117,GateA_converged_v1,GRAIL-CHT-1.0,alternating,1,998.9176257812499,296.8310898993229,307.16895772303246,3.6250340604616267,0.0041400787180890745,0.0003450065598407562,31.1220898225412,0.9483121375034237,1.2095141920516117,5.198875,4.930156263863113,28.056939,25.231490493644007,113.35433307035376,119.53272407624807,0.0007454009977088626,13.987007084290473,5.8081555024505625e-05,648.2046397928334,297.1700681447704,19.47512942975418,315.863905843325,19.032815944002152,329.3729490625915,0.6244883335998341,316.9114637664915,320.45578733443335,307.5273070135263,12.928480320907056,2.9915034452418574,320.12946039522245,320.2529907490307,320.384305562823,10092131720.414654,10086762554.839956,316.9536282015154,342.25204981061603,1.598341757615632,9.879066979505057,1.4015557185841627,2.503692187245241,305.84706501174406,179.8829039297044,3.982220698563063e-05,182,9.538616723148152e-07,True,2.9238,2
ALT_118,GateA_converged_v1,GRAIL-CHT-1.0,alternating,1,462.62582989594335,303.5960643373923,311.8556773182949,1.949591204220835,0.0036238781016049676,0.00030198984180041395,30.278033631351096,0.37594717048015713,1.38917464055387,5.198875,1.954502345930027,28.056939,3.9654632459387886,103.99496253976677,276.62121357887895,0.0007111820307360589,80.48193455704825,0.00029253432318564817,300.2011394002869,303.9971834629651,13.108446576039173,313.72038247460614,10.124318137213834,153.36125222692846,0.6278441416939188,314.5166811076798,316.6078074440775,309.18274702245066,7.425060421626824,1.7673850784432343,316.4287407765697,316.4990612646252,316.56973443974834,9787162685.265196,9785313335.328407,314.5315403708953,158.50620160335149,0.6672851377606247,4.094985816080114,0.3828116771547191,3.661859612039072,309.930361766173,94.23031017177264,-8.40689960902609e-05,177,9.522082677904109e-07,True,2.9238,2
ALT_119,GateA_converged_v1,GRAIL-CHT-1.0,alternating,1,697.6727486673167,299.3149137185423,311.0549585238321,3.375888758008813,0.0011374971698802415,9.479143082335345e-05,31.026841181107756,0.8745166423487433,1.1390358739029218,5.198875,4.546502708990823,28.056939,21.457367788708385,39.68748439290779,45.38219454156604,0.0005849466390887986,3.539751996517218,4.038573598913008e-06,452.72473031946237,302.82712326930675,18.52837728043349,338.6795412980154,39.36462757947311,187.16849730386872,0.5080975156695876,355.03471850494793,369.1320469853065,322.7611132495574,46.37093373574908,12.364490780505866,368.5532511051888,368.84952870962695,369.0438887787106,16002555339.855734,15888514603.91563,355.6700814956792,239.03865760867615,7.681693973743945,37.8614158780536,6.326922850089027,2.2337306982441087,312.6305315950724,230.55905252869516,5.338170910558704e-05,784,9.915342502608837e-07,True,2.9238,2
ALT_120,GateA_converged_v1,GRAIL-CHT-1.0,alternating,1,538.1740661057468,327.77228840410015,291.92996825938684,1.5418814112848336,0.0013769774666337867,0.00011474812221948222,20.658488056125016,0.8876670025988689,0.872528641505915,5.198875,4.614869788136195,28.056939,22.107541049292593,64.77150585689647,72.9682478533747,0.0004338727119789131,3.1824576656196517,4.3953585697835735e-06,349.2249187144818,275.3322588776184,11.559149362882367,347.2461211449972,19.473832740897024,112.08682069001978,0.39445536047910784,354.4558078884803,361.33614276099826,338.6509882459643,22.685154515033958,5.966554975587562,360.985216845778,361.1373129540335,361.2763557034612,15811793786.217905,15785138154.910484,354.6053514982661,184.39075708124642,9.861743353886384,53.447106481566564,8.994959582320972,2.190122904075549,294.595894029578,130.884830522299,6.886107239173959e-05,622,9.894712889035873e-07,True,2.9238,2
ALT_121,GateA_converged_v1,GRAIL-CHT-1.0,alternating,1,553.3646629963365,298.36121755614164,312.8319080192398,1.4379459409532733,0.003493041672257852,0.00029108680602148764,35.56553147598944,0.5299127333574625,1.0693598196642116,5.198875,2.754950061633778,28.056939,7.878599037808295,92.58965096116832,174.72622402283406,0.0007699469748650416,43.36441488382023,0.00015192949677258043,359.0822033709637,305.4257457922826,11.164194575622439,311.22063916338794,12.859421607246304,187.75931142092153,0.6426228132340506,312.3392088367052,315.05365863415165,305.5400318910335,9.513626743118152,2.3012841273655384,314.84210500093815,314.92273886634194,315.006165129148,9520220476.262894,9517130480.026087,312.364558113363,189.59540337986886,0.2677943062928055,1.6390439082991977,-0.07087964367101318,-7.0579514137952595,310.5035055850131,119.39876471491691,7.035404021060836e-05,200,9.56906660576351e-07,True,2.9238,2
ALT_122,GateA_converged_v1,GRAIL-CHT-1.0,alternating,1,764.4003052189355,318.0538907868739,308.58086155248674,2.904577632808949,0.0017001527562989557,0.0001416793963582463,29.90937504750812,0.4127477028105749,0.7252653026004119,5.198875,2.145823713449327,28.056939,4.779798818882747,74.2688420629341,179.9376266838215,0.0004671977989932457,30.00447339964984,5.116568520733538e-05,496.0247088587037,299.2213366239117,16.737395004674006,347.09846346575574,29.04457267888182,206.40927903529982,0.5114161548216754,355.80501270758003,365.22545943260315,334.1447747243216,31.080684708281524,8.136029608830817,364.7396244680645,364.9451946573395,365.13539865386434,16076682193.605833,16026852837.37786,356.0812506739267,261.90104627739555,8.1006039509849,40.59737457218722,6.793660564484913,2.2255147302480527,310.3365953363448,217.17336134210262,4.8932388978018366e-05,524,9.876788453766494e-07,True,2.9238,2
ALT_123,GateA_converged_v1,GRAIL-CHT-1.0,alternating,1,568.0148604829012,297.6532278659657,307.51520350418144,2.884283980765398,0.002769768690989766,0.0002308140575824805,20.07801571094827,0.9673640005896861,1.7121773720182283,5.198875,5.029204518565705,28.056939,26.255490193702318,74.61845773122278,77.13586373457854,0.0007575594679129499,9.066814177591727,2.518854366711704e-05,368.58881907137794,297.672672022482,16.660279126908513,313.4797980953591,15.82657022939344,183.2342237957811,0.6109602739437194,315.777298278138,319.827954764967,305.91443075141456,13.913524013552433,3.414973007362535,319.48487810455896,319.6233629301463,319.75949805897784,9950086933.167528,9943141474.457829,315.83242783467074,194.61489646968755,1.415410431627058,8.77654970812561,1.1885839358239427,2.608818331954219,305.94770142825115,141.57298965145395,6.607835893661542e-05,283,9.603568287275266e-07,True,2.9238,2
ALT_124,GateA_converged_v1,GRAIL-CHT-1.0,alternating,1,990.0515585313489,289.88197728307114,301.8344692729305,0.142426650521995,0.0033821752032368955,0.0002818479336030746,21.334440660972355,0.6538059183198034,1.0565045477830783,5.198875,3.3990552436048684,28.056939,11.99328027624044,83.06829098611423,127.05343995598723,0.0008309603903822242,28.116642300004205,9.538155505050735e-05,642.4513866919019,289.46251375780264,6.241221271983581,312.597275091375,22.715297808303887,321.13734898219684,0.6143262649925793,314.7206061037601,319.76399355328095,301.9914538319946,17.772539721286364,4.242929789085673,319.3142761607018,319.4835655663944,319.6722283689758,9821351842.792475,9810716268.325392,314.8058668141688,339.21433217332424,2.179099272268675,14.043953391619427,1.8537980561821406,2.6568638094348365,298.99160044560125,210.88730004235273,3.9052317249265356e-05,238,9.62327931119944e-07,True,2.9238,2
ALT_125,GateA_converged_v1,GRAIL-CHT-1.0,alternating,1,732.0187656714647,318.77005711253054,288.9153375708755,0.4479301097759308,0.0013987863318884555,0.0001165655276573713,27.92217607385199,0.3774292475444692,0.6311385765822997,5.198875,1.962207479327752,28.056939,3.9967905553359175,61.896992762129145,163.99628053423808,0.000461212774289852,33.86658666714303,4.751466252529135e-05,475.0121011755731,271.07843789295214,7.402134417148537,348.06564550643157,29.295588393901028,171.28916287347872,0.44317346567393945,358.7391113492909,368.92591199537486,335.51972548011577,33.406186515259094,8.865015436630976,368.45918294898127,368.67341771485053,368.8456036138692,16622176344.444649,16562081292.068514,359.06408822202405,250.8063894207026,10.990228810244439,58.482029768892055,10.044839489524099,2.1568700702502834,293.2401630485627,198.05039008852782,5.1226192278827355e-05,643,9.971461736313358e-07,True,2.9238,2
ALT_126,GateA_converged_v1,GRAIL-CHT-1.0,alternating,1,638.0006636752368,288.5212444622331,286.1964462863453,1.2805536217400584,0.00296284409540995,0.00024690367461749585,25.890943076644575,0.6798850082572961,1.8988811157333934,5.198875,3.5346371723036505,28.056939,12.969141174417393,65.09406749567196,95.74276047433852,0.0009289383375422402,20.673371548334856,6.143628568124372e-05,414.00309666350677,267.2609039235616,10.566103762612222,304.11090725272317,15.589662790490081,193.0731146556254,0.5731479582645131,306.05863515564175,309.8286165373867,296.8409591283231,12.987657409063615,3.183743024549706,309.5206008907203,309.64047868224395,309.76353523991145,8780094460.427639,8774422630.210758,306.1080826252449,218.59363503833157,2.737384267747429,19.925632682366505,2.8573720425917535,2.433484004442081,283.7422417254014,140.7877708653382,6.010696535386203e-05,260,9.695308449408913e-07,True,2.9238,2
ALT_127,GateA_converged_v1,GRAIL-CHT-1.0,alternating,1,582.0602776758244,322.7069301518482,296.1891486028719,3.9640469251467163,0.0031652145240998455,0.00026376787700832044,21.165481979174768,0.44337284925084747,1.483245879548506,5.198875,2.3050400216490003,28.056939,5.515418575887135,129.66094361758337,292.4422274315335,0.0004982111800651908,31.91994563864351,0.00010133748800793577,377.7029886057861,281.37971975636634,20.76337831555752,334.2680228877618,11.561092735913576,152.96015552430768,0.49771007464613176,335.5174318443717,338.20586605440394,328.8319370356862,9.373929018717718,2.265753152930133,337.9719009352003,338.0636984275733,338.15805989977724,12675900567.84257,12672443267.455673,335.5403134991966,199.42717798385507,5.902325421614289,34.90680348476402,5.6577619796529275,2.2377209758888865,296.4223640803522,105.94544789609763,6.597571980484204e-05,211,9.63587751812156e-07,True,2.9238,2
ALT_128,GateA_converged_v1,GRAIL-CHT-1.0,alternating,1,702.2304908098218,293.7252403344399,312.0126028896009,3.185308584074141,0.004301124639441072,0.000358427053286756,35.179191223854886,0.581758393642783,0.6693963518673411,5.198875,3.0244891687496236,28.056939,9.49566979628344,103.90562474566752,178.60614626467884,0.0008448166547537096,57.95322956463648,0.00025001410593344307,455.68228109992896,304.22666909973435,17.804172619481736,307.2539765918005,13.528736257360606,243.22910398240003,0.6559971231861603,307.9576502007027,310.3898477836768,301.5363757219597,8.853472061717127,2.0615178563415144,310.1793460905359,310.2569963056282,310.3430772070269,8996640795.868053,8994229992.024876,307.9782842870659,240.6002444207625,-0.27566195275029415,-1.7699941704988573,-0.5833449940253382,1.2278566649004252,309.94001567475067,129.17142472397884,5.8834369553793416e-05,159,9.813330166252854e-07,True,2.9238,2
ALT_129,GateA_converged_v1,GRAIL-CHT-1.0,alternating,1,718.4347887804221,299.4999013954464,283.45323379517157,0.6292834257148079,0.0032954829772077897,0.0002746235814339825,20.542807910461825,0.9161083411780967,1.243759860998746,5.198875,4.762732752242278,28.056939,23.546912109294528,91.46512208631393,99.84094454231432,0.0007353312979894376,11.686155529519622,3.862740884306379e-05,466.1973634831372,263.4275554769061,8.09127701771627,314.51958147929037,15.01968008384398,206.89787816475348,0.5454246482744629,316.01681101390733,319.4262279769679,307.44427357002724,11.981954406940645,2.866637345732163,319.12035768080784,319.2339966799218,319.36236420624505,9978247155.44814,9973342757.612322,316.0556542201708,246.15220791909647,4.335743789579585,30.233861914890998,4.684592205012545,2.2830821382136794,282.15536389381845,139.197292108681,5.356233079121761e-05,228,9.63377431162371e-07,True,2.9238,2
ALT_130,GateA_converged_v1,GRAIL-CHT-1.0,alternating,1,749.3655015026209,319.3738146169125,291.29249176186823,3.1145349992586473,0.0026690497593455965,0.00022242081327879972,21.825834812929543,0.9940738727346405,1.9738209509226392,5.198875,5.168065805113304,28.056939,27.72538634882122,109.04686887542593,109.6969469436353,0.0004995316011318922,5.527507581904472,1.479758553787672e-05,486.2685194835611,274.4309023351981,17.53523299718286,337.2718150598318,17.898000442919283,199.68133277925375,0.5046727419752023,340.04268782331326,344.7132375742229,328.73494798618833,15.978289588034556,3.9428694710038856,344.32640599172953,344.4829038658572,344.6381764744111,13380805686.350826,13370072472.848593,340.1109120711846,256.7497782873203,7.264500175236357,42.79061975115756,7.013197196617611,2.2171024084165922,292.11787054332154,158.1757711166875,5.0003959440968854e-05,301,9.616204010853835e-07,True,2.9238,2
ALT_131,GateA_converged_v1,GRAIL-CHT-1.0,alternating,1,631.5229087409299,307.0110890498341,293.64447458298355,1.799473540644538,0.002738064028969248,0.000228172002414104,27.93861119125312,0.8673510827704496,1.1530177814433924,5.198875,4.509249860438222,28.056939,21.107176312098684,88.53251825056071,102.072298068476,0.0006311902463958458,9.328962910195067,2.5620158246733587e-05,409.7996361423506,277.76135853093507,12.537999454449244,322.6375305174727,15.626441467638642,178.84630464433943,0.5363606880100615,324.9332663878519,328.9056492803602,315.36208654716813,13.543562733192061,3.3633599789827144,328.5986716709189,328.7173367641208,328.8442917266904,11154615431.140066,11147480087.82199,324.9852502013128,216.37420788316112,4.508457244332773,28.518114302085543,4.501201732499265,2.2715985570555395,292.9934294552402,138.56816401948313,6.0062567245218315e-05,285,9.670845884102164e-07,True,2.9238,2
ALT_132,GateA_converged_v1,GRAIL-CHT-1.0,alternating,1,919.1880732499704,316.1658331301952,285.10774508255736,2.4175786571285736,0.0014591616150100805,0.00012159680125084004,29.825649629434913,0.7232762346155106,1.0814551855327434,5.198875,3.760222734236713,28.056939,14.677384737988243,65.51413022676273,90.57968047517788,0.00045455654343641593,5.276351245577853,7.722215852415076e-06,596.4675750484186,265.7373505207289,14.886798897088578,352.5855870627331,36.4197539325379,222.13484311985184,0.45769733354321246,365.26599928846076,377.7671033913728,336.729344989984,41.03775840138883,10.840312268671978,377.1620267982763,377.43062597604137,377.66225052385056,17893679142.209274,17800696333.589172,365.7420639770818,314.93487962556503,13.02280710610657,68.2455456259407,11.531556570029931,2.192633143502769,288.8320676624046,251.50722094916222,4.039045664062959e-05,623,9.86361612831388e-07,True,2.9238,2
ALT_133,GateA_converged_v1,GRAIL-CHT-1.0,alternating,1,958.317871817031,314.4999628011986,287.25411875586633,4.7631336443541965,0.0041679494875427785,0.0003473291239618982,25.906323933810665,0.3713315751992302,1.580296498337195,5.198875,1.930506443013898,28.056939,3.8686910405110773,154.4405218020742,415.91001713014134,0.000550783198525719,67.4643461763579,0.0002820340893411831,621.859175247174,268.7438128177971,23.799907848545946,330.3830864597406,15.88312365854199,276.7162387331704,0.5468788602322459,331.25044205910524,334.2338890489674,323.4042678280723,10.829621220895092,2.514498390193599,333.95786818136247,334.0616013717212,334.1729894361064,12044130799.659088,12039982788.149563,331.27896895130044,328.3416445305079,6.210771455934409,39.085190319316794,6.329305647568128,2.222353652003612,287.4756471320865,151.54937818619294,4.214345650065589e-05,174,9.687195756669098e-07,True,2.9238,2
ALT_134,GateA_converged_v1,GRAIL-CHT-1.0,alternating,1,497.41933117026616,316.5382378731803,302.34854325094864,4.392739141424456,0.0023209637358487002,0.00019341364465405835,34.53023324150283,0.8318074706893694,1.4972557147583694,5.198875,4.324463064180196,28.056939,19.412699015219125,87.4712793053965,105.15808331572657,0.0005415298162500828,7.044271533870079,1.6398694860164248e-05,322.7788859317038,290.20233228279164,22.392408737412932,330.33233989545425,13.794102022273933,133.82525215039317,0.509543761307387,333.0378335595365,336.8705975794078,324.05448922526693,12.816108354140852,3.272401651071514,336.6279115289125,336.72513754709775,336.8222223484706,12309057777.107773,12301959447.093885,333.0858645482507,170.42725177193964,4.717629472282566,27.469282518967994,4.414957521136842,2.258832585672502,302.2726716341031,116.38768217379851,7.63429309060348e-05,334,9.810491405914945e-07,True,2.9238,2
ALT_135,GateA_converged_v1,GRAIL-CHT-1.0,alternating,1,512.7672286370617,289.05795109154644,310.75060399723264,2.630155125721741,0.0032626303643355213,0.00027188586369462675,32.39109545207486,0.541485984682083,0.7104133859549984,5.198875,2.815117948614064,28.056939,8.226492922449738,70.6588763367274,130.4906836660096,0.0009423682467256971,57.516124628801094,0.00018821851018338272,332.7382440331898,302.382776116911,15.694589477742614,302.34963679738377,13.291685705837324,181.26928383614955,0.6695299902082141,303.682027231758,306.62437689665717,296.32642604170735,10.297950854949818,2.492375894109094,306.3942784143401,306.483082008559,306.5731678476538,8508465192.037137,8505039982.205789,303.71259785853965,175.68579284952423,-0.6016275570422005,-3.9651102575352226,-1.0168845822326713,1.4960286753800571,308.1228880020032,121.38731319450218,7.479841291810167e-05,220,9.526806934445631e-07,True,2.9238,2
ALT_136,GateA_converged_v1,GRAIL-CHT-1.0,alternating,1,724.0185454566672,295.816667802404,286.20166899726655,1.6060203007114353,0.0013265930080306034,0.00011054941733588361,21.100425425378255,0.8702470184499866,1.3129929180411435,5.198875,4.524305468044175,28.056939,21.2483580530362,40.96911620820157,47.0775714706526,0.0006608465173779678,4.620880010120969,6.148472529964755e-06,469.82070227664946,267.26821969998633,11.802877142703455,328.9813288153608,33.1646610129568,183.9033109884034,0.4810674084834897,341.60870326062917,353.4239385272798,314.48912331247317,38.93481521480663,10.263197670523427,352.8417156622194,353.0930295727643,353.3242986451848,13690950479.54045,13618074546.0786,342.0648112357591,248.06533080207092,8.136122488366954,48.05492071492715,7.970849119846449,2.193204861718761,287.7879521693793,217.731050457021,5.139393181006133e-05,684,9.9370549833111e-07,True,2.9238,2
ALT_137,GateA_converged_v1,GRAIL-CHT-1.0,alternating,1,771.9648122737694,308.10699978601343,302.7461673178407,1.1012360377775834,0.0036785720384008656,0.0003065476698667388,29.551733683682187,0.36432712210315144,1.7557206517172095,5.198875,1.8940911669240215,28.056939,3.7241168087679415,121.17230369004047,332.59204802142926,0.0006195771573786666,65.02546881961828,0.00023992063328360597,500.93337043813483,290.7749960057934,9.884696943554816,323.54244171605563,15.435441930042202,237.34200965201256,0.5822951704141611,324.7147704402208,327.8898245499166,316.63317060043624,11.25665394948038,2.6748699079448968,327.61144670162753,327.71993709952625,327.8307723123413,11122036587.743795,11117526570.215542,324.7476969766913,264.4928195913352,3.3868405706391753,20.603432493602963,3.160400537410979,2.340703604821338,301.63925194250487,144.430510049366,5.154683205936003e-05,200,9.725936820359493e-07,True,2.9238,2
ALT_138,GateA_converged_v1,GRAIL-CHT-1.0,alternating,1,964.3669342866937,310.29552170572555,300.084705948921,4.789034712805184,0.0011537595141245286,9.614662617704405e-05,23.555094704368358,0.8514957227729875,1.4263689926189884,5.198875,4.426819825731416,28.056939,20.3425423805328,52.104081587373315,61.19124288456877,0.0004519215457344558,2.8256126417798377,3.2698871300742542e-06,625.7844542271754,286.9491023340601,23.898331908659696,359.22735619241206,48.93183448668651,235.98428085518975,0.4634542205583672,379.4824557816563,397.0613659725503,338.97491890856725,58.08644706398303,15.399804626708619,396.28706596184827,396.64949476103226,396.93534320625986,20939617030.430767,20737997110.95387,380.4014674563581,330.41419183194864,14.877087782319608,68.13054537592654,11.422150504643136,2.252513814835302,303.1773226165978,290.20549596292716,3.853159844536518e-05,781,9.906598847919668e-07,True,2.9238,2
ALT_139,GateA_converged_v1,GRAIL-CHT-1.0,alternating,1,489.37594650724657,318.91704476479686,289.375923519637,2.591480801150773,0.0024320084678531133,0.00020266737232109278,35.03310659277919,0.3935720018990992,0.7857746436346298,5.198875,2.046131641373179,28.056939,4.345989568652739,93.58670213811763,237.7880074968103,0.0005303596021780402,52.58663658571401,0.00012827597339254844,317.5594773201778,271.7269219850008,15.547627044372938,330.42842300844734,11.511378243650483,117.02231594661154,0.4528893905046635,332.5336775950307,335.6463798973694,325.2111512697102,10.435228627659228,2.6569729419928567,335.449512190164,335.529244165069,335.60649041562925,12232305822.829403,12227637113.716467,332.5654147319157,167.67140402505387,6.181922502846792,38.25836584338583,6.208669181809479,2.222689878886914,289.6849130027455,98.7660055209193,7.786086183589238e-05,297,9.797630582397687e-07,True,2.9238,2
ALT_140,GateA_converged_v1,GRAIL-CHT-1.0,alternating,1,453.78172839484415,325.3824531857089,307.607754746523,3.817607752704287,0.0022634074713965835,0.00018861728928304863,33.441531442239665,0.6507444036450125,1.8245514457951626,5.198875,3.3831388114999648,28.056939,11.881223668839363,97.32066677896269,149.5528293963663,0.000474654023292054,8.849675943835091,2.0090694734919715e-05,294.4621400275131,297.8070656138325,20.20690946027629,337.7226131840173,12.340159998308366,116.7507872145137,0.48728034061918735,340.2342212394548,343.7092345929552,332.0858741634287,11.623360429526542,2.9676073973363213,343.4897612702396,343.57761935437435,343.6663191269589,13406316727.408058,13400221394.4711,340.2729050630518,155.47600993452693,5.249417271168481,28.78203468961779,4.69363944824687,2.2479671485233923,307.9987976473718,103.14390606738468,8.445739001789699e-05,332,9.925647077579924e-07,True,2.9238,2
ALT_141,GateA_converged_v1,GRAIL-CHT-1.0,alternating,1,974.350433603194,312.77803776697374,293.49422895164815,0.3018476422721085,0.002905525428927119,0.00024212711907725993,22.32385431359204,0.4404149576507096,1.9544694929816675,5.198875,2.289662312956333,28.056939,5.442073570034489,111.19886385787385,252.48657414143725,0.0005332659176971744,26.79971459433212,7.810155691255888e-05,632.2628168181477,277.5482074470048,6.847021040634012,335.91529702816865,23.137259261194913,281.0042416813599,0.5462151858610812,338.9120633351299,344.6145604326638,324.96347138696154,19.651089045702236,4.81187875375328,344.1369338717815,344.3265012153984,344.5155060636551,13208999877.44918,13193138148.691399,339.0138834859122,333.83476727998203,6.757532846537621,39.539054693487884,6.533804056361275,2.2030511800479973,294.62894748804644,208.09332386567195,4.014028750749959e-05,283,9.922370622916787e-07,True,2.9238,2
ALT_142,GateA_converged_v1,GRAIL-CHT-1.0,alternating,1,471.04717476625217,313.9931694724667,302.8139785172258,3.8746762260977627,0.002133371264964219,0.00017778093874701827,35.708188009970776,0.39204500301452183,1.7400214796517917,5.198875,2.038192965047122,28.056939,4.312331446436185,77.26751070567416,197.08837024205627,0.0005634936381426877,29.086958101131483,6.224000059997203e-05,305.6658090360443,290.8726961955094,20.423769659171498,328.2473491496154,14.25417967714867,127.11153163465957,0.5110773401970163,331.4619782928072,335.6208278451971,321.8427516343608,13.778076210836275,3.563826760910061,335.3812056340605,335.4767513311492,335.5740207320257,12079103922.089336,12070767149.381454,331.51919519825645,161.39154717103142,4.399038830489083,25.759548105722235,4.121297716660998,2.266275913075382,302.6116918664579,117.38187518906042,8.109687392358095e-05,372,9.938624430105847e-07,True,2.9238,2
ALT_143,GateA_converged_v1,GRAIL-CHT-1.0,alternating,1,711.9071899008263,312.90351530616294,295.0943705973755,2.02917270821585,0.0020621752372287127,0.00017184793643572606,24.2363046799546,0.8276627239019959,1.8821592418155604,5.198875,4.302915043725989,28.056939,19.219721038790347,78.43798140854594,94.77046524307872,0.000536560447991341,6.014443565268586,1.2440157057177984e-05,461.96155887697546,279.8211034065405,13.41085629122023,335.05761595174914,22.154100645586198,190.96596581339406,0.5080408944964508,340.271055293609,346.94314096729124,324.65591529154324,22.287225675748005,5.6861885264466085,346.48997746062213,346.6770480581684,346.85660411752133,13428336290.461994,13406025215.595728,340.41254166705374,243.91570308704306,6.8593526050110345,39.591144845106236,6.499112292077028,2.2198086025038886,295.9295993006498,180.23715634373423,5.228505302535961e-05,416,9.757001180332736e-07,True,2.9238,2
ALT_144,GateA_converged_v1,GRAIL-CHT-1.0,alternating,1,529.8267869891883,329.03542968101715,283.97069399151707,0.653459944984853,0.0012278362490962065,0.00010231968742468387,36.64988721894629,0.4572414698778825,1.0382546763506768,5.198875,2.3771412467113766,28.056939,5.865857552896192,58.780248636667444,128.55406280704622,0.00042631295370800746,12.238578836527893,1.5072187294795008e-05,343.80831086479316,264.14923784636187,8.183147790942442,348.4011960431064,19.365766362089232,99.39199791116673,0.3552904928722335,356.23052637067156,363.14026384806226,340.6661944012306,22.474069446831663,6.048762856405008,362.86371809932757,363.0127227698676,363.096889831274,16131329870.922697,16103657693.70638,356.3834625637628,181.5307881366108,10.996797508518696,60.74657453878461,10.395290579566204,2.15286813512413,288.19532374713646,120.87219649251622,7.029032147336402e-05,694,9.916863064063364e-07,True,2.9238,2
ALT_145,GateA_converged_v1,GRAIL-CHT-1.0,alternating,1,439.9395751869142,312.1504383601457,309.6480605568326,1.1797494858631703,0.002493957539642099,0.00020782979497017493,25.41775583746568,0.7786169994721285,1.7315074200876397,5.198875,4.047932453130662,28.056939,17.009363043981526,86.02757899174594,110.48767115291503,0.0005916581499776834,9.00613910388118,2.2528514063380146e-05,285.4798699158149,300.77492282665366,10.183048046280046,324.56734719436975,12.416908834224046,129.44307743775568,0.5572523079515059,326.73513508926004,330.09454859678704,318.7290792162677,11.365469380519357,2.8475200638828815,329.84073682880893,329.94331383341057,330.0451182279875,11401986262.238823,11396811189.338634,326.77221981120704,150.73337131555027,2.7593418519686916,16.072677463301495,2.4581444361408358,2.359826207065393,308.73399056019235,107.53057516475171,8.63288483745865e-05,299,9.791481829779514e-07,True,2.9238,2
ALT_146,GateA_converged_v1,GRAIL-CHT-1.0,alternating,1,695.9124307239379,311.97989116895155,286.42594566246316,0.915098673176701,0.003547362628140649,0.0002956135523450541,31.857063499127044,0.9801237834041139,1.0954443634635185,5.198875,5.095541034445063,28.056939,26.952691692997835,122.56108313008563,125.04653514723722,0.0005907075109973869,8.956026638901381,3.186587181090358e-05,451.58244768377824,267.5824409630211,9.177374958071464,324.91729122834613,12.937400059394577,191.8354548096839,0.5220839705943812,325.9563168276148,328.6548647558411,319.0654007732637,9.5894639825774,2.2776334225709434,328.42207656424813,328.5114633265205,328.6052174214141,11291832432.472286,11288535608.110703,325.9801131616144,238.43553237703492,5.4534227820791275,35.45968393188557,5.686834323440818,2.2326560582168775,286.24203170801445,119.19737708135598,5.726073800068669e-05,195,9.789725368136715e-07,True,2.9238,2
ALT_147,GateA_converged_v1,GRAIL-CHT-1.0,alternating,1,616.5602314202838,318.5775775836548,283.03925760915934,3.7921072666208606,0.002538152897205253,0.00021151274143377109,25.31874358955582,0.45200816715793884,1.7252831512479618,5.198875,2.3499339600332294,28.056939,5.7323520148161595,99.3134003407542,219.71594222555834,0.0005215902031295784,23.374817468359915,5.9507382827444006e-05,400.090250090242,262.85067244208227,20.11000761315927,332.77182407001607,14.194246486361294,150.59356158375422,0.4625907806283582,335.1448290079017,338.9369979713487,326.1043891757217,12.832608795627038,3.2143812526733817,338.65376352677,338.76673362845446,338.88145605398194,12623180211.070654,12616244356.336487,335.19088147641526,211.2476520476478,7.309152953940944,45.84890647127938,7.495901079069157,2.2046619631908393,283.79477897587213,123.20132309824234,6.152002298127959e-05,303,9.749275591275364e-07,True,2.9238,2
ALT_148,GateA_converged_v1,GRAIL-CHT-1.0,alternating,1,501.1967879182783,317.63184633400823,308.76333127769715,0.0887815751987222,0.003502341018250929,0.00029186175152091075,34.68701418695118,0.7519039161428969,0.676345211365526,5.198875,3.9090544720374036,28.056939,15.862256979628567,130.26115239788263,173.24175283737574,0.0005487354420255516,15.869469896001089,5.5747537968568625e-05,325.23010405768616,299.4867787449797,6.037369985755144,327.68629799409376,10.054451660085533,147.1950151842798,0.5562255077629717,328.54905692205483,330.6677304573807,323.22380198015753,7.443928477223153,1.7947344220036203,330.5001210999751,330.564165013398,330.6301253191449,11654092594.053076,11652011367.903282,328.5637269020169,171.7214949424583,3.18515692509343,18.49509001081381,2.84637205247665,2.3477362945198856,307.83484865632215,93.23814816527972,-8.107907833925464e-05,183,9.98793893813854e-07,True,2.9238,2
ALT_149,GateA_converged_v1,GRAIL-CHT-1.0,alternating,1,810.3819935710516,322.95247571051243,305.989666266972,3.4871662435315627,0.0033599795049242516,0.000279998292077021,26.790167779857153,0.6878274117437818,1.843125580085182,5.198875,3.575928735229454,28.056939,13.27392156744848,144.01003205447813,209.36942842883153,0.00047617147809513006,11.890726632593704,4.007281623287042e-05,525.8625483022103,295.4603565987529,18.951231725419937,339.7425102813301,16.79003457081768,235.81123914775333,0.5511131773640969,341.32277048155595,345.02777662345875,332.05148025141443,12.976296372044317,3.125580115350737,344.7075447921646,344.8322071237348,344.9618476425728,13579339011.472591,13572537441.786636,341.36552399168346,277.655425503567,5.66344331788476,31.09759113154472,5.083016017272874,2.2429490617443615,306.49396030086547,155.22005546932957,4.894163731486355e-05,226,9.8520138180902e-07,True,2.9238,2
PAR_000,GateA_converged_v1,GRAIL-CHT-1.0,parallel,0,665.0261485403818,289.92298855099943,289.9616569092876,1.8450970027167353,0.00323425763409006,0.000269521469507505,29.224789925588667,0.5215592297444251,1.2415122540389865,5.198875,2.7115212405375484,28.056939,7.632161619936409,73.52255086676807,140.96682921860216,0.000897787475417878,44.944616919345926,0.0001457998699926257,431.5401229708934,272.55235370232197,12.711368610323593,305.65810655357404,15.735118002574609,212.72615868670374,0.6058264820750678,300.4381401727375,307.3558846252947,293.0947075157373,14.261177109557423,4.385819081084336,306.48564349531927,307.04997165095995,307.30410983741126,8157836626.244884,8147422901.700471,300.5340963290439,227.85318492863172,1.6338930803559084,11.986027420240397,1.5071455909845322,2.734664886326373,287.0139790512466,7.315634320548269e-11,-1.7489179653218488e-05,89,9.854529707808979e-07,True,2.9238,2
PAR_001,GateA_converged_v1,GRAIL-CHT-1.0,parallel,0,913.2766657605589,295.41924779204675,310.78004620024416,1.407915027025053,0.003159752907975586,0.00026331274233129884,20.238571220916803,0.41531641812097164,1.2974449544028175,5.198875,2.1591781432586665,28.056939,4.8394776392001555,87.95995026873952,211.79020725137553,0.000733141230521115,59.541093826909744,0.0001887012481079491,592.6316213486868,302.42575121899785,11.050077102695202,318.8921107768603,23.47286298481356,310.0241087725684,0.6429233272771049,310.99632240582986,321.34494995277896,300.0727279378355,21.272222014943452,6.550337064452853,320.0345851126912,320.8865061275805,321.26896867620997,9379397266.709389,9354509357.320024,311.20296974928925,312.90949607210666,0.415617354162819,2.438694177958532,0.031113468278098518,25.267452138661167,308.2650235006,6.886068604217143e-11,-1.2048487396871271e-05,89,9.316792102254112e-07,True,2.9238,2
PAR_002,GateA_converged_v1,GRAIL-CHT-1.0,parallel,0,550.2224033401654,294.452308131461,306.8768345845313,0.7645911554854578,0.0015128861067452083,0.00012607384222876737,34.489845200834736,0.5823143267007471,0.8952351321581937,5.198875,3.027379395226347,28.056939,9.513826746357578,43.41651413443159,74.55855393498406,0.0007111656641007745,15.084320622107356,2.2889527681922223e-05,357.0431690842567,296.7462479246752,8.60544639084474,322.8664333209023,28.41412518944128,179.68706127989554,0.61850699257842,311.87930425826096,323.879323351135,298.5055768598482,25.373746491286795,7.841999465915225,322.5345045442946,323.473191407507,323.8411587871036,9497044983.620447,9461200082.29387,312.1742836220135,188.51879327648754,1.1304433392494935,6.981673881932569,0.7196546706755,3.34370145868166,304.05993994323353,8.343988611159148e-11,-2.1162487236050637e-05,158,9.726633720674727e-07,True,2.9238,2
PAR_003,GateA_converged_v1,GRAIL-CHT-1.0,parallel,0,990.3463610124817,323.6548123267875,283.03741660372697,0.13488052817056873,0.003945113533167767,0.0003287594610973139,20.721900650096522,0.8876607722866804,0.8737015945043306,5.198875,4.6148373975219155,28.056939,22.107230715803382,171.13108193600507,192.78883023653125,0.0004704896855329977,9.886060323356991,3.911898733338874e-05,642.6426860855264,262.84810791057663,6.212546007048161,340.58698166999574,16.932169343208216,279.22120116303665,0.5339829107516518,335.3895615646747,342.8969515698914,327.5324516460317,15.36449992385974,4.721718048769377,341.9296105564052,342.5461982046881,342.8335522740906,12668178893.789759,12653135743.073343,335.48920223908465,339.31533825315796,7.267815715388449,45.294989752934995,7.5313731213362045,2.1740208288442737,284.6598894956043,8.252868610725273e-11,-1.2230375012571535e-05,78,9.907855087476491e-07,True,2.9238,2
PAR_004,GateA_converged_v1,GRAIL-CHT-1.0,parallel,0,750.5296095401541,288.09102959418846,289.1408470901188,4.707045918844202,0.003041623399834007,0.0002534686166528339,27.54609390621322,0.722308447264888,0.576686820044626,5.198875,3.7551913287742447,28.056939,14.638132559327344,68.85004713686223,95.31945444854149,0.0009016141019234932,26.157296135698797,7.980004413513451e-05,487.0239173378726,271.3958805176535,23.58677449160797,307.11931386970247,19.02828427551401,241.92533629238503,0.6104914702524739,300.6567792361839,309.0040216485511,291.78650377035507,17.21751787819602,5.297193157798131,307.957800580962,308.64506282640986,308.94461562073076,8186377779.657017,8171165431.504212,300.7966156528682,257.14862835439675,1.6362409396691222,11.930403370452193,1.656680579118645,2.503661203973013,287.2949161706215,6.860034318378895e-11,-1.2765857802857018e-05,93,8.180808777069615e-07,True,2.9238,2
PAR_005,GateA_converged_v1,GRAIL-CHT-1.0,parallel,0,752.7035408603059,308.370338975068,291.99904397446386,4.561641313531132,0.0035659800492308597,0.00029716500410257164,26.75201571440574,0.518488522733044,1.8541632549854499,5.198875,2.6955570186237545,28.056939,7.542556680961535,117.72333009823505,227.05098557957413,0.0006182097745400717,27.940453447697298,9.993490427377346e-05,488.4345965890384,275.42998727003726,23.034236991418297,323.51867839048373,15.148339415415705,225.79806624158246,0.5681491178339453,318.67868537675844,325.37626425285134,311.62202078912776,13.754243463723583,4.226262550353818,324.52916991035,325.0582209819945,325.32223675099857,10324523013.598576,10313642363.948606,318.7627017716452,257.8934669990123,3.731518908032775,24.52578732941123,3.8381299236930584,2.2783943360475845,291.21019150484693,7.647571464985958e-11,-1.3728035712339584e-05,84,8.631275250081671e-07,True,2.9238,2
PAR_006,GateA_converged_v1,GRAIL-CHT-1.0,parallel,0,904.8476701097946,330.2677826801027,297.94940259513277,0.49406515295648845,0.002038001720948485,0.0001698334767457071,27.74319092217125,0.7163896625604447,1.8928515659161784,5.198875,3.724420306943932,28.056939,14.39921806186557,106.56486519524952,148.75265622116405,0.00039031029228852807,5.464936669711574,1.1171063528331665e-05,587.1619870679364,283.8918050700613,7.577447581234656,359.7687677444597,29.500985064356996,251.31438382289076,0.5260268965803083,348.731701504213,361.4359284114847,334.9202039728893,26.51572443859544,8.18393860760409,359.936562115329,360.9675321733356,361.3729838649813,14838745940.925877,14789916261.424417,349.0191847935004,310.02152917187044,8.008582217170494,43.39306373468372,7.305535261808384,2.189498657420515,300.13215649183917,8.754028613111586e-11,-1.1568449139847194e-05,122,9.015392947731016e-07,True,2.9238,2
PAR_007,GateA_converged_v1,GRAIL-CHT-1.0,parallel,0,976.0613353878628,330.3353520294811,311.1448752058567,2.188219696293398,0.004055141020598762,0.00033792841838323017,25.771221017867575,0.7454726465389433,1.0342351603648545,5.198875,3.875619105275149,28.056939,15.592067748764316,195.21677749870787,261.86980622971765,0.00042394383030574216,12.974242388240588,5.277069460355633e-05,633.3730329625319,302.9584401496421,14.015234845914915,347.87413435014923,17.538782320668133,297.2909449747557,0.5768602973351217,342.60016433615476,350.370305709109,334.44224132545736,15.928064383651645,4.88598339448583,349.36919812142287,349.9874004092887,350.30478802082223,13793668781.817463,13776860718.608099,342.7046114354251,334.4209614042168,5.1622855621678925,27.442613378451636,4.5251540172136995,2.235617689669827,311.8648714262602,7.712657179581582e-11,-1.0922871562024977e-05,77,8.668504847264558e-07,True,2.9238,2
PAR_008,GateA_converged_v1,GRAIL-CHT-1.0,parallel,0,853.6739958281371,323.0570571675325,306.771543602992,3.96702151100095,0.0013300254684142684,0.00011083545570118903,36.02720209587796,0.9589980584137747,0.8615435197441346,5.198875,4.985711030935913,28.056939,25.803329233579426,69.33761265063536,72.30214080445882,0.0003914808925928849,2.34416436849868,3.127179851807919e-06,553.9550316108489,296.5935383357575,20.774681741803608,366.5387564939588,43.48169932642628,241.73678820884808,0.536311084079564,349.6750791998703,367.7808996845213,329.1356324728074,38.64526721171387,11.950082970107115,365.8158926801655,367.19626150837104,367.730685395417,15055157320.57138,14950603631.306528,350.2848260099779,292.4882566905282,7.233741859678834,37.34559679873956,6.172097342824345,2.2403795892458165,307.84860149985,8.7865714704094e-11,1.1104868873287779e-05,147,9.697579343992402e-07,True,2.9238,2
PAR_009,GateA_converged_v1,GRAIL-CHT-1.0,parallel,0,824.5508425708031,300.7589069821375,301.7084103701508,4.049271608546458,0.001016299701749308,8.469164181244234e-05,25.913601854685783,0.5573418282120861,1.2189629953138037,5.198875,2.8975504971461095,28.056939,8.715324533937476,42.14095677909472,75.61061209828802,0.0004921946666808595,6.726364926603775,6.85657238592219e-06,535.0568136000919,289.2811949202156,21.08723211247654,357.73516444451803,56.976257462380545,242.0427054870822,0.5559562749440672,335.6222545339269,358.7534231411443,308.5273510495724,50.22607209157189,15.54657645756377,356.40830589474103,358.0776313652508,358.698133973076,12851066471.623224,12688287239.794464,336.6935467077214,282.50999758084856,5.420020929578746,30.168386948627614,4.878841441296782,2.2599207064912847,301.8341383404017,7.875371466070647e-11,1.5140796287218779e-05,234,9.50686171563575e-07,True,2.9238,2
PAR_010,GateA_converged_v1,GRAIL-CHT-1.0,parallel,0,901.3440616144976,301.95778470743284,302.8938470755615,3.059405341709876,0.00392011975438753,0.00032667664619896085,30.292230791671805,0.7972371215877769,0.5180602101491205,5.198875,4.144736140494654,28.056939,17.832626474841213,117.63814383543861,147.55728333516456,0.0006800967008064462,20.039881458033015,7.879512054084214e-05,584.8884709900786,290.9877822698524,17.32574029849753,319.8745935603836,17.916808852950737,293.58663181775705,0.6168957129840674,314.430769666647,322.35901120966383,306.0685474963458,16.290463713318047,4.993664272104301,321.3454103991703,321.96841099046844,322.292995079999,9789414050.89681,9774626131.319513,314.54962693097804,308.82111268276157,1.8446989139600423,11.730114332005378,1.6597002619520698,2.500942797236292,301.2932271560699,7.88188003753021e-11,-1.057016882534808e-05,79,7.804821393619932e-07,True,2.9238,2
PAR_011,GateA_converged_v1,GRAIL-CHT-1.0,parallel,0,928.9456810647171,291.59030031696295,312.76070787117067,4.812675917127515,0.002317334309788612,0.00019311119248238435,29.621934738630102,0.38001983501300113,1.4188691471028188,5.198875,1.9756756197532164,28.056939,4.051844950048254,65.57739953170972,172.5630966853775,0.0007211971436926693,50.1002588119126,0.00011644839385570144,602.7993550626624,305.32147995322066,23.988168485084554,324.3375646364519,32.74726431948892,317.20498128574064,0.6467192024858757,312.4017289283329,326.56628396015714,297.07848681562837,29.48779714452877,9.0915287215988,324.8688793769732,326.02708137409957,326.48519210200004,9573107996.67807,9524752840.96589,312.7974756786223,318.27805947308576,0.206097281928382,0.9186623280524079,-0.0516426664701281,-5.661460351195044,311.37284165187015,7.061800033625332e-11,-1.2176826014386429e-05,108,9.6990464726332e-07,True,2.9238,2
PAR_012,GateA_converged_v1,GRAIL-CHT-1.0,parallel,0,771.8174733830637,291.94279192024027,311.8715512665953,1.5762318209862358,0.0034095096554271815,0.0002841258046189318,35.87332746500598,0.9518801654980772,1.9606799146600045,5.198875,4.948705995403816,28.056939,25.421714837914998,84.04262354973272,88.29118054556469,0.000827964698615476,12.423622177306484,4.248591752147013e-05,500.8377612005836,304.0203946660905,11.689680919747696,310.8659190596274,18.923127139387134,269.6876840151373,0.6617783950623836,304.71726407888667,313.04555676823196,295.9085880849504,17.136968683281566,5.264812407686287,311.98907006767337,312.672873404321,312.98034700081166,8637044055.272654,8621607374.665434,304.8535689438338,264.44233791390815,-0.5470443941213784,-3.6690527399786186,-1.0292148730108777,1.38858943669915,308.82654511236296,7.615028607688146e-11,-1.2892836497451121e-05,86,8.356690841537784e-07,True,2.9238,2
PAR_013,GateA_converged_v1,GRAIL-CHT-1.0,parallel,0,562.924600032789,299.7791555313195,303.8651219233999,2.1664994111482425,0.00407094533307417,0.0003392454444228475,36.8832382999269,0.9116754511866948,1.881367714064413,5.198875,4.739686711288228,28.056939,23.319584563334047,108.9442498599188,119.4989398015599,0.000762623975636103,14.573533824147573,5.9506579245548766e-05,365.285713433477,292.3885480940689,13.932697762363322,310.7148834868971,10.935727955577647,186.0883778613252,0.6260875960391754,307.4496429882014,312.29066688381135,302.3628545537778,9.927812330033532,3.0442771644592614,311.6670712063182,312.05345458183274,312.2498780978362,8940284279.154005,8935029121.233953,307.49483982453296,192.87085669287586,0.8252885391484253,5.441557627489752,0.5156687585665795,3.5836318479956226,301.35518451733674,7.34166860638652e-11,-1.871389732606428e-05,78,8.586401349930384e-07,True,2.9238,2
PAR_014,GateA_converged_v1,GRAIL-CHT-1.0,parallel,0,838.4220336863228,293.95984013715275,299.6206455704648,4.134651374192369,0.004115655094195177,0.0003429712578495981,34.18477798000709,0.9316976972565207,0.8271843176286602,5.198875,4.843779865824495,28.056939,24.355123276497515,102.90087693348164,110.44448992037202,0.0008162804466419473,16.153467078447807,6.668214550684835e-05,544.0579266132905,286.2837391295052,21.411675221931002,310.15193175102996,16.19209161387721,278.55964892585416,0.6292476479214085,305.35725462428724,312.5251142153345,297.81552334635836,14.709590868976136,4.506018455503778,311.60223281228326,312.16911673817077,312.4648116815042,8705623324.45576,8694266923.750134,305.45691978518363,287.2625852518174,1.0171023095579779,6.860598884230802,0.8252678714081555,2.87327126461669,297.6734923915801,6.456502887886018e-11,-1.1396971047218934e-05,77,7.751611974526895e-07,True,2.9238,2
PAR_015,GateA_converged_v1,GRAIL-CHT-1.0,parallel,0,798.0382816002146,318.1956130841734,303.0469146489685,3.1966450121689083,0.0026454515377392056,0.00022045429481160048,35.53790413595273,0.887172994831354,1.9889681639490555,5.198875,4.612301503503856,28.056939,22.082941153190863,109.23473259794609,123.12675569967156,0.0004942635193988034,6.353468268630244,1.6858367503736336e-05,517.8526271983503,291.2083863900321,17.84725104624185,339.7726240256788,21.57701094150542,238.59831571958853,0.5662519704728862,332.1515566409903,341.5395814640028,322.088181616444,19.451399847558832,5.990007267348491,340.3942104837137,341.16944201975747,341.4798153756509,12195268125.931496,12171529849.281565,332.31338809476296,273.426187160729,4.502262761083766,26.138652104519338,4.186990209633962,2.266369665275876,302.87667973247176,8.207308610508334e-11,-1.2300978535538466e-05,102,8.466264489470632e-07,True,2.9238,2
PAR_016,GateA_converged_v1,GRAIL-CHT-1.0,parallel,0,419.67766139420814,290.5577996847044,297.10667679223724,1.1536383617017183,0.0044400039265955794,0.00037000032721629827,25.513787548873577,0.536873852766715,1.7530438682578398,5.198875,2.791140051302555,28.056939,8.086950675148298,93.11868001942258,173.44610757172592,0.0009731191970878215,52.519203223177755,0.00023388712992234746,272.3317722223314,282.6882096058014,10.08382577446653,298.14477741617185,7.586977731467471,140.80836164020275,0.6354460283173056,295.98200496908555,299.37232160360566,292.4486548386411,6.923666764964537,2.1204125246804075,298.92995706882897,299.2016792512602,299.34352107798634,7677059931.083772,7674696869.512315,296.0047857697544,143.791175733391,0.3794135231394119,2.765228191272456,-0.16179514985541502,-5.0230378316545305,292.88499313390105,6.866542889838456e-11,-2.25823094143013e-05,75,7.592881274831598e-07,True,2.9238,2
PAR_017,GateA_converged_v1,GRAIL-CHT-1.0,parallel,0,420.62734038751023,296.0346824353978,295.0860820936869,0.7148942807234453,0.0011535632406231052,9.613027005192543e-05,23.09827031633141,0.9040517563473457,0.8473214639426637,5.198875,4.700052074780308,28.056939,22.931204978402732,33.138538213925706,36.65557638847564,0.0007104402497395563,4.205330914279233,4.8657122942512314e-06,272.94802556883803,279.809314218778,8.416598266749093,321.3858482753341,25.3511658399363,122.24064322314307,0.5504073261797789,311.47523371264856,321.9486875947723,299.4762339786496,22.47245361612272,6.956302438336069,320.843260651921,321.62491973760837,321.92157934678335,9440388246.239096,9412263598.925034,311.70765209082595,144.1165575003465,2.531188650348184,16.98702698652845,2.357741331833239,2.5279927107454343,292.45003218030473,8.278902896563523e-11,-2.9622901900610688e-05,206,9.82474205102335e-07,True,2.9238,2
PAR_018,GateA_converged_v1,GRAIL-CHT-1.0,parallel,0,833.3940397409776,323.26131588705084,298.58867496754783,1.8711517102065234,0.0033296958711766023,0.00027747465593138353,21.255356230959027,0.47941310137200444,1.2506909313589545,5.198875,2.4924087873953797,28.056939,6.448520493967963,144.10501920295226,300.5863185435411,0.0004715686843541801,29.39132182399448,9.815863884230411e-05,540.7952261461984,284.80596112286304,12.810376498784787,340.684335628063,17.423019741012183,242.4958318214206,0.5510867451073136,334.9411279047144,342.62354214465256,326.8345846115636,15.788957533088933,4.857840273290486,341.64793562562784,342.27799477777523,342.56467570257735,12601478890.12283,12585599684.509056,335.0467264578383,285.5398794051928,5.51869570228913,32.29573163430786,5.229659398862181,2.2425671669093714,298.7704193125355,8.311445753861337e-11,-1.3711460229642741e-05,87,9.640324378779042e-07,True,2.9238,2
PAR_019,GateA_converged_v1,GRAIL-CHT-1.0,parallel,0,843.7684152486023,318.67625783289697,291.06401622014175,1.0038396397859009,0.0018824696054904277,0.00015687246712420231,30.579805720022197,0.5878372187125208,1.3795245135427758,5.198875,3.056092220434057,28.056939,9.69514809894959,83.55726735910878,142.14354705562138,0.0004597939382279089,9.77783115130207,1.8461855516493102e-05,547.5272310337248,274.1080904482044,9.514590631186422,348.56389000222083,29.887632169323865,235.17749720030986,0.5278840952875739,337.2769817647861,350.06794276453036,323.24871453957303,26.819228224957328,8.277617653883532,348.58037948928927,349.60753198251217,350.0117903414635,12987092566.115564,12940373485.65836,337.5809911872981,289.0943779858067,6.812872251894577,40.45585401522044,6.648191527201002,2.209667856509603,291.9670651788501,7.556451464552083e-11,-1.280163917940602e-05,130,9.251143637811765e-07,True,2.9238,2
PAR_020,GateA_converged_v1,GRAIL-CHT-1.0,parallel,0,412.9220497852431,294.2961977224101,297.58100765129586,1.089179494414088,0.004212618070204632,0.00035105150585038595,35.14611779220589,0.4659905763965939,1.5668394198669648,5.198875,2.422626757863842,28.056939,6.092486229537332,96.511681312911,207.1108005213653,0.0008908235753013664,65.65455011879808,0.00027740977354223114,267.9480085599927,283.3654473893814,9.838882078773533,301.96594898738397,7.669751264973854,135.05468299031944,0.6194519875710056,299.7203905013603,303.11961549866714,296.1506915850956,6.96892391357153,2.135035909025769,302.6804094145324,302.95025543872816,303.09086304504797,8072300975.562866,8069844365.915423,299.74319800331125,141.47654851967613,0.7506046380527024,5.36352471719498,0.30777135311728426,5.685108725754083,293.713327655739,7.302617177629144e-11,-2.4865611043293502e-05,77,8.318452273670118e-07,True,2.9238,2
PAR_021,GateA_converged_v1,GRAIL-CHT-1.0,parallel,0,875.4536789017523,325.775013389468,305.7690239849724,4.74464009680789,0.003446100549552857,0.0002871750457960714,26.910571712988776,0.8482533923778348,1.7292879502444003,5.198875,4.409963355298316,28.056939,20.187916431099048,155.84330838712768,183.72258783459236,0.0004512937124610508,8.240248984021454,2.848217307150321e-05,568.0880204150992,295.1408394656134,23.729632367869982,343.9327948706253,18.157781481157315,261.55740029686547,0.5658481723670981,338.03760611667695,346.02867795821385,329.5899300185949,16.438747939618963,5.05153740022681,345.01365964407603,345.67142235010186,345.96563031928133,13074990809.868143,13057501066.826616,338.1507446016419,299.9504747791724,5.132306634797507,28.61865152931093,4.642154248152319,2.253404129121845,305.98516907982196,7.673605750824208e-11,-1.2645405495743943e-05,85,9.284556199418148e-07,True,2.9238,2
PAR_022,GateA_converged_v1,GRAIL-CHT-1.0,parallel,0,953.8114044988463,307.8843379718956,295.4861083758742,2.5992249751432173,0.0019257529370206423,0.00016047941141838685,27.080605732254007,0.8339389468071343,0.9327479958952514,5.198875,4.335544342081941,28.056939,19.512315140865105,75.29842086611878,90.29248622385434,0.0005219563644847932,6.082076651722224,1.1747820436548392e-05,618.9348970591327,280.37848205866766,15.577054905544227,343.38028044526527,35.49594247336967,285.7298166663029,0.567360542403796,329.9887374048646,345.2046263311928,313.35892865642654,31.845697674766257,9.833058905369334,343.42657546020683,344.6522562876722,345.13237084129753,11920691174.749418,11857591107.353798,330.4268720930647,326.7976256472221,5.139737072305023,30.964565726445386,4.963543959434903,2.254319263218675,295.30891357375396,7.588994321849897e-11,-1.1559834934833244e-05,124,9.391932849212026e-07,True,2.9238,2
PAR_023,GateA_converged_v1,GRAIL-CHT-1.0,parallel,0,531.7725858232911,330.9172651187181,288.9585387164728,3.7231615847216553,0.0022305724509895618,0.00018588103758246347,29.699153868439048,0.9926589321225803,1.3169377670858027,5.198875,5.16070970573878,28.056939,27.646515237024474,104.9576038858115,105.73380290991088,0.0004337324582310975,4.029978886751004,9.016208508381518e-06,345.0709533488343,271.13924119053877,19.84801402194229,344.14535831119974,13.228093192481651,123.33600066285753,0.43926843273553723,339.281328144319,344.99104682443186,333.09614190196095,11.894904922470914,3.667359451430903,344.30937936456024,344.77551974039864,344.9593276332321,13260016397.356049,13250731017.92487,339.3407499292667,182.19746336818451,7.398297690854668,44.22376871456009,7.23943028447562,2.215299355818808,289.75140669417283,7.842828608772835e-11,-1.865259963708246e-05,118,8.624236897958326e-07,True,2.9238,2
PAR_024,GateA_converged_v1,GRAIL-CHT-1.0,parallel,0,743.7271045448539,298.98086309716166,290.2499396811121,3.8335513224652544,0.002190668703651887,0.00018255572530432391,28.522836401271444,0.5467410126012517,1.2842576267577013,5.198875,2.8424381818873328,28.056939,8.386941108503985,66.21181110982627,121.10269685972095,0.0006752439994278546,20.236426142265664,4.446469952219085e-05,482.60972422888744,272.9589161159466,20.267495025367968,323.5863317046514,24.60546860748974,225.31215747154803,0.5737690187182162,314.51137443156745,325.1382081222335,302.99223915903843,22.14596896319506,6.834236207252967,323.8763504880854,324.74061265720036,325.08056484485104,9812352286.240536,9784652942.06542,314.73372584804486,254.81793439285258,3.3623529875945386,22.653211159565544,3.49024701281932,2.3033325866681347,289.1401362503799,8.383040039916523e-11,-1.343652476475917e-05,117,8.647168669995153e-07,True,2.9238,2
PAR_025,GateA_converged_v1,GRAIL-CHT-1.0,parallel,0,820.1821239042806,320.6421309052611,287.02409856660813,2.7500998617712287,0.0012704591843071562,0.00010587159869226302,24.348695262100602,0.37330452706702716,1.836854270120929,5.198875,1.9407635731555912,28.056939,3.9099103646581033,62.59632026819265,167.68165326040477,0.00041422032997626634,13.735190022182058,1.7502505829373328e-05,532.221921476355,268.4210804945882,16.15037947473067,360.81785348852213,40.175722583261006,213.35395380189595,0.49267040353746405,345.1881490134287,361.88645205844364,326.18645791272655,35.699994145717085,11.046194900194322,360.09721369113726,361.35755901415524,361.8414161269882,14284942038.079006,14197880237.265549,345.71611236120367,281.01317453951543,8.752860842589586,50.538927535934945,8.36747312817835,2.2031213874174647,288.5853495734672,8.558771469324712e-11,-1.450789041317459e-05,167,9.239114433512441e-07,True,2.9238,2
PAR_026,GateA_converged_v1,GRAIL-CHT-1.0,parallel,0,791.7805039860735,317.30760216951785,295.71990328715196,3.3189656435484864,0.003975480795289555,0.00033129006627412956,31.528801456415408,0.4084856822739875,1.4646972621041592,5.198875,2.123666001432177,28.056939,4.681596346445454,152.13428446945701,372.4348026656526,0.000533312865539844,52.34595924237572,0.00020872653528492924,513.7919115000909,280.711310024783,18.312069445484248,331.3752462857281,14.06764411621026,233.7692128992611,0.559176083739368,327.1334624318705,333.34313477271417,320.57425326156215,12.768881511152017,3.909558893936907,332.5457464404266,333.0406449400796,333.2910459327774,11462300822.850128,11452488945.693218,327.20350752503026,271.282129272048,4.592293299216895,28.401504853879068,4.5191507466317145,2.261672730958922,295.3242262367782,7.973000037964084e-11,-1.1990078696990209e-05,79,7.768383056827588e-07,True,2.9238,2
PAR_027,GateA_converged_v1,GRAIL-CHT-1.0,parallel,0,495.2617992036387,327.8332698730215,292.33292334818515,2.0678419451632473,0.003525337671568306,0.0002937781392973588,29.021882808546998,0.48288076353769444,0.6745568969633634,5.198875,2.510436729537031,28.056939,6.542143975061469,152.51834741324413,315.8509489917552,0.0004717350308941727,43.120950608963604,0.000152473331610447,321.3788483358355,275.9025231020515,13.557799391620339,336.0668269394984,8.23355706647692,121.3289679913766,0.46397624947931104,333.43345436283545,337.05829817663226,329.5913401692093,7.466958007422988,2.2922429490783145,336.59815982372,336.89071484931,337.029160837663,12364022833.01627,12360518441.609083,333.4570851904518,169.68803192132117,5.995040090411634,36.45133919432674,5.912717325857177,2.228417345710415,292.60853103482367,7.458822892658646e-11,-1.925925512562773e-05,86,8.005895892893022e-07,True,2.9238,2
PAR_028,GateA_converged_v1,GRAIL-CHT-1.0,parallel,0,723.0279553610814,323.7924955719351,304.9810536258315,2.3922037167086865,0.0012555858983657531,0.0001046321581971461,36.33650959458871,0.4386569949102722,0.5284643868636877,5.198875,2.2805228844141414,28.056939,5.398715057199856,63.59036155704817,144.966026519321,0.00040297177865091253,19.44761593446469,2.4491627205764274e-05,469.17790142949315,294.0007026872332,14.79037412349301,361.59388654799767,37.80139097606258,198.39489461328625,0.5196865538579462,346.8968883573434,362.57107437797646,329.02268494159705,33.54838943637941,10.377026073306284,360.89022958347533,362.0739789635093,362.52881706409454,14558703476.312944,14481102149.761715,347.36069509181317,247.7259319547724,6.88218074768324,36.41888981445345,6.030006818073351,2.228990441521523,306.1083078215212,8.721485755813773e-11,-1.6162508138802867e-05,176,9.26516122490284e-07,True,2.9238,2
PAR_029,GateA_converged_v1,GRAIL-CHT-1.0,parallel,0,618.9247322077965,308.459823980049,288.5582366086826,3.637669881380784,0.0015725785126363555,0.00013104820938636297,29.970130599624447,0.6175092711914679,1.8279088836566384,5.198875,3.210353512265543,28.056939,10.698607448728422,57.19981965858946,92.62989614426989,0.0005610960027346067,8.002447209942117,1.2622343561546366e-05,401.6245912027645,270.5760115407388,19.52314554924698,334.2716647114756,25.81184073142657,169.67099072238318,0.5192013771877493,324.3393059947068,335.2527665939243,312.18306190555114,23.06970468837318,7.129671194428597,334.0257527727296,334.8810109426877,335.21596421465495,11098243061.59411,11066195347.039053,324.57387315968384,212.05778415505966,4.998280376353823,32.241090161480805,5.147460231621615,2.2435891168829487,288.2297949878018,7.875371466070647e-11,-1.760688951070811e-05,154,9.170462362817489e-07,True,2.9238,2
PAR_030,GateA_converged_v1,GRAIL-CHT-1.0,parallel,0,470.11640994774154,302.6023840379518,301.20681553418734,0.3056149554394315,0.004335434188787515,0.0003612861823989596,21.598768107164,0.8384744813914886,1.4859370968243448,5.198875,4.359124019444176,28.056939,19.725135130034353,119.59663687169125,142.6359889608267,0.0007398320272334563,17.74842630232706,7.717867019888096e-05,305.0618292299591,288.56009323766057,6.86133683066984,310.82157966578217,8.219195627830345,148.94920762817532,0.6000657838223894,308.4304783408153,312.0903386842878,304.6126293359048,7.47770934838303,2.294916044806182,311.6164370781051,311.9077199179417,312.0593613369998,9052600806.546642,9049595128.215105,308.4560852146961,161.0726458334184,1.4364613361768286,9.64782394063314,1.0391952409976108,3.1785892865641916,297.625068131914,7.445805749739521e-11,-2.626924285257221e-05,75,9.935904472513357e-07,True,2.9238,2
PAR_031,GateA_converged_v1,GRAIL-CHT-1.0,parallel,0,655.7991262084852,296.6202907184971,298.6751857806534,1.2207335571072282,0.003870850152624984,0.000322570846052082,26.57660503869469,0.9284069807424187,1.2758472353159427,5.198875,4.826671842007242,28.056939,24.183384587392073,99.22149431491265,106.87284388530584,0.0007961961862658348,14.474640393152344,5.619775724676581e-05,425.5526435905694,284.9297463594676,10.338787517007468,309.8011052864613,13.180814567964205,213.2676047832861,0.6159140840662756,305.7335658448247,311.56688924152786,299.6042162326137,11.96267300891418,3.671574757242211,310.81732278074935,311.2909832828623,311.51786811185764,8744762821.895983,8737204212.426687,305.7996674046289,224.69179581582065,1.3262981452980849,9.08251220168665,1.015417686039979,3.0653953518648853,295.56129584171606,7.08783431946358e-11,-1.6467219024313622e-05,80,8.89542491222528e-07,True,2.9238,2
PAR_032,GateA_converged_v1,GRAIL-CHT-1.0,parallel,0,819.5574545373693,326.2791836055744,285.9847573438376,4.971388242420731,0.0017684770724361067,0.00014737308936967555,34.06900665267826,0.4891669850265414,1.773092502709974,5.198875,2.5431180092798606,28.056939,6.713586109710769,87.06682252056969,177.9899813063745,0.0004145398018798848,10.742872060646805,1.9055690001372424e-05,531.8165691514805,266.9644342307593,24.591275321198776,355.0719444801337,28.792760874559292,212.84283057775679,0.49186474885562903,344.1310255503547,356.3774132380138,330.61270382164486,25.76470941636893,7.9540671833644465,354.96985743180255,355.94454752197385,356.32844736380605,14069663542.419283,14024756022.822344,344.40617380880303,280.79914851198174,8.666152670520267,50.9252893124589,8.364914977280074,2.2134721895750706,287.09550703197,8.22032575342746e-11,-1.3898202501085712e-05,137,9.705925094749546e-07,True,2.9238,2
PAR_033,GateA_converged_v1,GRAIL-CHT-1.0,parallel,0,579.0553231501474,332.8947961003202,286.45234180833114,1.746344087842149,0.0024364679095118203,0.00020303899245931837,20.556175891957338,0.913510271340797,1.0258242067564085,5.198875,4.749225711916886,28.056939,23.413544097005033,117.98565399812921,129.15635182181012,0.0004214547846104119,5.063200674079572,1.2373446300715641e-05,375.75305257939266,267.61943119371085,12.336107533800167,346.1346114630556,13.239815362735385,134.84005038331543,0.44102674320034657,341.3319374533714,347.0816105164614,335.1646811973196,11.916929319141786,3.6778589645875104,346.3858270834849,346.85764282889215,347.0464803458101,13583447846.139568,13573995581.604588,341.39134364636055,198.39761176191934,7.991366321487921,47.67125868697523,7.894971865224854,2.1934230356986557,287.9408817648474,7.706148608122023e-11,-1.7890882746608334e-05,110,9.00356440070027e-07,True,2.9238,2
PAR_034,GateA_converged_v1,GRAIL-CHT-1.0,parallel,0,594.3601219132995,326.9945405788925,296.0311937635885,2.842228210237338,0.0031453022545347062,0.00026210852121122554,21.712227390844223,0.6213962857512316,1.7104063420141242,5.198875,3.230561615084935,28.056939,10.833719676942843,138.27622460665782,222.52502594136035,0.00046423124789926617,13.444768755452648,4.241510679861885e-05,385.6844436303934,281.15466409919856,16.500467198901884,338.9876383465427,11.993097767650227,157.67761493032182,0.5024426024707372,334.9480587341957,340.2151532205046,329.36887260765803,10.846280612846556,3.3397775780902395,339.55138642818514,339.9921881317762,340.17659483461006,12594147734.481846,12586641435.97634,334.9979858343624,203.64138623684772,5.82465552928001,34.54057386681148,5.598575397912333,2.2368861735702215,296.26316234944034,7.797268608555896e-11,-1.644433803588373e-05,92,8.33735157357296e-07,True,2.9238,2
PAR_035,GateA_converged_v1,GRAIL-CHT-1.0,parallel,0,410.70690440714503,320.1420542511898,296.2981592874637,0.9875956476776576,0.002665405669300759,0.00022211713910839657,29.7908730579627,0.5361920901861852,1.2383548732189122,5.198875,2.787595652866704,28.056939,8.06642488615299,102.85075111678782,191.81698685833717,0.0005289021671209158,20.520030309143145,5.485878146460736e-05,266.5105852181272,281.53507428982994,9.452863461175099,329.53266043950373,9.390606188313939,104.62445938506154,0.4824666521859742,326.2203175409595,330.31358100212935,321.8326235720908,8.48095743003853,2.6118824036277957,329.81139475238126,330.1510507817104,330.28737353654975,11329506396.790985,11325151606.60014,326.2516728880156,140.71758899517116,4.40609016087634,27.38247401493745,4.304597998245368,2.2845344055741936,295.5523797669454,7.875371466070647e-11,-2.314134982908867e-05,104,8.231702395278262e-07,True,2.9238,2
PAR_036,GateA_converged_v1,GRAIL-CHT-1.0,parallel,0,724.3637728008248,328.54542615735176,284.2217641623046,2.959598059007493,0.004375715283514851,0.00036464294029290423,36.46722767851432,0.7041326473680166,0.7364006413203552,5.198875,3.6606976170853978,28.056939,13.910708497285976,194.42254627837747,276.11636387704954,0.000459326948752407,19.08224680127067,8.374972815659223e-05,470.0447227168647,264.49963307672726,16.946472624228473,338.8282975564544,10.282871399102646,188.0787553149896,0.4917553544634436,335.88834391665915,340.44651144990416,331.1052397060018,9.341271743902382,2.8613181018746143,339.8563590764045,340.21868611322475,340.40783786919746,12734114652.827936,12728573433.18226,335.9248941107638,248.18361359450458,7.301093190012749,45.371051638639834,7.432747795216129,2.203260974578516,285.0734837387095,8.42860004013346e-11,-1.3838284179101912e-05,75,8.036943768274796e-07,True,2.9238,2
PAR_037,GateA_converged_v1,GRAIL-CHT-1.0,parallel,0,658.1298889177431,306.95255190810747,300.6576072828619,2.8824762853579693,0.0017186943461405665,0.00014322452884504722,21.522253270562796,0.8245673574504752,0.5691613145964778,5.198875,4.2868226204653395,28.056939,19.076230626286584,61.76545421573946,74.90649933889627,0.0005679008331788508,6.599659214098616,1.1376927761008813e-05,427.0650918279459,287.77123000765647,16.653409884360283,334.3943428091862,27.44179090107872,197.14573263516056,0.5673379612021257,323.88824638129637,335.57346377987824,311.01355995392225,24.559903825955985,7.592819305512101,334.234363686697,335.1629434060859,335.5205316461089,11041011984.600225,11004764483.933243,324.1546234153862,225.49036848515544,3.5242447889983457,21.478469766460538,3.3419568773719326,2.3108715268530764,299.83269997889585,7.667097179364647e-11,-1.5780202129210957e-05,142,8.844581316225231e-07,True,2.9238,2
PAR_038,GateA_converged_v1,GRAIL-CHT-1.0,parallel,0,969.5017450068754,310.2364778902219,309.27629426195597,1.503492704081898,0.004398783510533091,0.0003665652925444243,27.44244315317582,0.6878851094786527,1.136876073865622,5.198875,3.5762286985408305,28.056939,13.276148600906486,152.95340273083443,222.35312354232764,0.000586938965574859,22.51838634303421,9.935156121319203e-05,629.1164688471764,300.23341575580815,11.413272275511211,327.3765177369204,17.14003984669847,315.1524570267062,0.6156560898768036,322.47103151509896,330.1039876737589,314.48609914687154,15.617888526887384,4.784746912053545,329.1144354299728,329.7221104161871,330.0392135646658,10827694682.797651,10813413917.213902,322.57744689720994,332.17349555130914,2.1810421557853275,12.94184465257032,1.8981932748991208,2.4431570533795,307.97637021205276,7.426280035360834e-11,-1.2511128184787545e-05,73,9.666883897807566e-07,True,2.9238,2
PAR_039,GateA_converged_v1,GRAIL-CHT-1.0,parallel,0,490.97741315638746,308.9782780362449,300.00981062917305,0.8255660325588331,0.004167247376564268,0.000347270614713689,26.13694728558865,0.8071372894371404,0.6826332099655632,5.198875,4.196205875622513,28.056939,18.278270996719304,130.76769576476485,162.0141919796025,0.000650381692307954,18.72885746488284,7.828263002665909e-05,318.5986802390719,286.84168364520804,8.837150923723566,317.4907130976115,8.512435061366602,148.27890679259232,0.5719840777590048,314.9668073134172,318.7446664106711,311.0069539347392,7.737712475931858,2.372806693175101,318.2565340080046,318.55653467361765,318.71269325855604,9844802176.289923,9841451415.032442,314.99361341673244,168.22010316622996,2.3708682270888035,15.418655324606915,2.151711699447271,2.525066908258282,297.69815723468184,7.276582891790896e-11,-2.311109351415997e-05,77,9.216450393978448e-07,True,2.9238,2
PAR_040,GateA_converged_v1,GRAIL-CHT-1.0,parallel,0,815.8476947248176,325.35193455815187,294.42282505480074,2.4195100375647853,0.00441984712507604,0.0003683205937563367,25.159633795530585,0.645257927335211,1.5183819399680023,5.198875,3.3546153069748454,28.056939,11.681725194453719,190.3101554411521,294.93656316179766,0.00047398519997052637,18.788059713278574,8.329022237662113e-05,529.4092800407971,278.86646473106765,14.894138142746183,337.9345725641144,12.582638005962508,232.4637462210783,0.5396500467888584,334.33653546392196,339.93496850236454,328.4824523529794,11.452516149385133,3.508642534470265,339.20747949842985,339.6539991310267,339.88725355368877,12503228927.724993,12494973840.416323,334.39174353796096,279.52809986154085,5.9113255402798766,35.41108335800618,5.74198145982921,2.233243476898029,294.6766822183262,7.530417178713834e-11,-1.3135585561055372e-05,74,8.566145197619335e-07,True,2.9238,2
PAR_041,GateA_converged_v1,GRAIL-CHT-1.0,parallel,0,779.8499430685895,306.76166915060537,286.03677296093764,1.9082136365869848,0.0013529015806768116,0.0001127417983897343,32.50776152332047,0.8547083910787595,1.3029267184809685,5.198875,4.443522086669587,28.056939,20.4963355904654,53.0662884911239,62.08701007854497,0.0005203157683562142,3.8404627927385926,5.211402389996514e-06,506.0500870068092,267.0372717728001,12.951211819030542,344.8835907217013,38.121921571095925,215.58436923924765,0.5235670442100372,330.0862838557916,346.0160675626538,312.0782708629775,33.93779669967631,10.488361860380717,344.27661760948337,345.49799857082166,345.9714476355789,11943403345.217304,11871617997.050442,330.58414811299787,267.19444593959525,6.217411720528759,39.05574637195931,6.336957207942146,2.219011185398682,286.34446568408316,8.428600040133462e-11,-1.4446438989344533e-05,165,9.086440400096762e-07,True,2.9238,2
PAR_042,GateA_converged_v1,GRAIL-CHT-1.0,parallel,0,869.7658698174889,313.2634633102325,302.47416790926746,2.473346351499189,0.0019047284888435835,0.00015872737407029864,35.296107727784,0.8113966517710781,1.5578514606237859,5.198875,4.218349767976363,28.056939,18.471693359923535,79.47365882459407,97.94674238687423,0.0004891357063549372,5.415044002869755,1.034522425336772e-05,564.3971612856571,290.3832180003473,15.098716135696918,346.0148682382285,32.751404927995964,260.7589921869053,0.5678099644566947,333.66905004096276,347.68436088728623,318.3201909886079,29.364169898678313,9.064244239932135,346.0511843547889,347.17778656598006,347.6219362793048,12450314836.48378,12395490008.48418,334.03739136391044,298.00170115882696,4.864488833308497,27.890565853427923,4.487691898491564,2.26112198023905,302.43205744459,8.50670289764821e-11,-1.2621842817295372e-05,127,9.380665346725436e-07,True,2.9238,2
PAR_043,GateA_converged_v1,GRAIL-CHT-1.0,parallel,0,403.4113645979184,311.7820829515005,292.0568649838342,2.7891417862930625,0.0015145289118908356,0.00012621074265756964,33.088814697795925,0.5903226114236678,1.345063151913,5.198875,3.069013466465221,28.056939,9.777304143074534,53.67858396127464,90.93092983821033,0.0005758322903565868,9.875548227801005,1.5001808737990899e-05,261.7764583671414,275.51180138159435,16.29873878791364,327.98478751980724,16.20270456830673,102.57496169161978,0.4815698758839213,321.7321603114213,328.56229064827187,314.1006492680648,14.461641380207084,4.467532597560802,327.7981510830234,328.33156316888744,328.540548222604,10727034151.486721,10714647810.746792,321.825102184921,138.21797001785066,4.200526116018611,27.173435549933046,4.26908432815161,2.2748113150133698,291.2983423117429,7.44580574973952e-11,-2.7252514543144335e-05,163,9.219432968166075e-07,True,2.9238,2
PAR_044,GateA_converged_v1,GRAIL-CHT-1.0,parallel,0,407.1103843616275,292.59571952535975,285.5252012208292,0.9052673843098158,0.004297860498504322,0.0003581550415420268,33.95485951785578,0.5253587897373839,1.9745618709378565,5.198875,2.731274677995942,28.056939,7.743767292511268,93.7111026899839,178.3754350751953,0.0009360105929751374,48.05009192638111,0.00020713399402196066,264.17677818495054,266.3212049804733,9.1400160603773,299.38818310599703,6.792463580637275,122.0269946069357,0.5676881285465168,297.4249203315824,300.43710148225784,294.2611060878596,6.175995394398228,1.8907415877015838,300.0474860592251,300.28673518378844,300.4115975062383,7827348934.152045,7825451708.309814,297.442945838956,139.4853388816539,1.8101059131269661,13.936383685696144,1.71189212455442,2.778640879427628,281.81639104257215,7.680114322283772e-11,-2.6847738727550067e-05,76,8.814430429993081e-07,True,2.9238,2
PAR_045,GateA_converged_v1,GRAIL-CHT-1.0,parallel,0,506.9897909791295,328.0718185107346,303.4332431436064,2.705642686347121,0.00418952867827738,0.00034912738985644836,33.25382599592861,0.7819796529205675,1.0773170684353048,5.198875,4.065414468077416,28.056939,17.156598725388914,181.40077643764909,231.97633820796557,0.0004713521832869404,13.322628380365282,5.598348412193829e-05,328.9892242948939,291.76541868091874,15.98144220811906,335.9331630145556,7.8613445038209875,137.6696720790489,0.5142865200454546,333.6309069602059,337.11038574412794,329.968079920727,7.142305823400932,2.1864879624772398,336.6618916466002,336.9373672640593,337.08106830275415,12393015493.961102,12389823062.621576,333.65239618686866,173.70631042770398,4.672582114584249,27.019860745163133,4.344232194595592,2.2601486462057907,303.3690903126979,8.32446289678046e-11,-2.1130889140991065e-05,77,8.686393471180054e-07,True,2.9238,2
PAR_046,GateA_converged_v1,GRAIL-CHT-1.0,parallel,0,519.429501557912,330.85869739746215,298.9358113391366,1.1223309006793645,0.002690484201381819,0.00022420701678181826,25.576727561677338,0.361488278186669,1.1803064659210583,5.198875,1.8793323722577193,28.056939,3.6663061415480453,125.07336085355176,345.995619777649,0.00043902082678288167,45.581173342710315,0.00012300444007924596,337.06143956743995,285.302774528696,9.964857422581584,342.5533628289254,11.69466543146325,131.5208266002755,0.47955011002385706,338.4325630251455,343.5374473550107,332.97271602535903,10.564731329651693,3.257198022813078,342.9112390421128,343.3343786827645,343.5045932555298,13125921455.40145,13118632674.450314,338.4795619596358,177.9684400916083,6.044547337338169,34.7211071885301,5.681997829315178,2.2272455630032897,299.54547217565397,7.75170860833896e-11,-2.183749581735013e-05,102,9.806245202526043e-07,True,2.9238,2
PAR_047,GateA_converged_v1,GRAIL-CHT-1.0,parallel,0,434.9156509085758,322.5566745201821,312.212011826538,0.12725248327003338,0.004276363943564164,0.0003563636619636804,36.094862609983096,0.6261101430217562,0.8140189959446189,5.198875,3.255068369802233,28.056939,10.998710393541787,168.7246461309985,269.4807742878806,0.000517268021359572,27.056670989019068,0.0001160523292380338,282.21981028413114,304.51836505044434,6.183559436426127,329.8009935230826,7.244319002900454,129.49366034306323,0.5639096778347255,327.69815295856193,330.91099514693013,324.3276016399349,6.583393506995208,2.017106443686625,330.4953681809984,330.75055737326164,330.88377378676444,11534391300.263111,11531770060.16856,327.71677330747247,149.01205983002126,2.5661489451403163,14.724455184753378,2.227834354484348,2.3870805115260487,311.2069960559409,8.734502898732898e-11,-2.6170646895997193e-05,76,9.184826126329426e-07,True,2.9238,2
PAR_048,GateA_converged_v1,GRAIL-CHT-1.0,parallel,0,938.7686621181698,312.7447562790327,304.1210819057889,1.1717093838419304,0.00370576664262986,0.0003088138868858217,36.92648287942697,0.38298232699126317,0.948131022028728,5.198875,1.9910772452367034,28.056939,4.115264512229664,136.89522209640867,357.4452721405383,0.0005524707301299664,79.26914134693394,0.0002946368503444124,609.1735562291151,292.75806496329017,10.152495658599335,331.7817248282635,19.036968549230835,294.8846334509096,0.5949214609485486,325.8150967003988,334.21332901222803,316.96151917092527,17.25180984130276,5.296506819663458,333.13944015192124,333.8274174617468,334.14323268341786,11286847596.122648,11268985347.604227,325.9441308132889,321.6436376889728,3.386168042752755,20.251976025426586,3.1208982944227626,2.3361250902092654,303.1332038878721,8.330971468240022e-11,-1.1853036852070315e-05,81,9.198278689837025e-07,True,2.9238,2
PAR_049,GateA_converged_v1,GRAIL-CHT-1.0,parallel,0,744.1663692835425,290.8408288575277,289.53154926421473,4.621950134602884,0.0021854694041808878,0.0001821224503484073,27.969645651978194,0.4449839761600678,0.7081933959452977,5.198875,2.3134160690591723,28.056939,5.555575226568418,56.49286427632023,126.95482827003832,0.000789533629709725,54.11215304725222,0.0001186163037904948,482.89476619267566,271.94615267854357,23.26341051149096,316.3670688673298,25.52624000980211,233.18889315893833,0.5934770089221295,306.9533557262595,317.9681518838439,294.999980801806,22.96817108203794,7.085696423746668,316.65852940282946,317.555392894836,317.9086018291732,8905836074.511278,8877476726.89476,307.19820537332265,254.96843654973276,2.406069587974609,16.867208777007946,2.5062989302776795,2.3676726807695623,288.0623486933522,7.517400035794709e-11,-1.3297514887506361e-05,117,8.556927468816866e-07,True,2.9238,2
PAR_050,GateA_converged_v1,GRAIL-CHT-1.0,parallel,0,946.0517563959519,314.6546171857806,290.694913322091,0.4013355600521526,0.0012058388333087311,0.00010048656944239427,23.1941079131769,0.9906510268750374,1.1029922924825484,5.198875,5.15027085734496,28.056939,27.53478413165473,59.1991109399532,59.75778486466022,0.0004157129738982599,2.09887321999805,2.538518390035495e-06,613.8996070876278,273.58685455320847,7.2250751281981795,366.2979890049275,51.64337181914692,260.30357787017175,0.5211122934645803,346.1332708453402,367.5297221723015,321.7074743998693,45.822247772432206,14.181798164860247,365.2505366475507,366.85812638668835,367.4720511706625,14498227753.845144,14354014656.105179,346.9994044828246,324.1389925422675,8.47951761885618,47.38049952604479,7.975355280152924,2.180807873415747,293.0678608179707,7.797268608555896e-11,1.3033619165568684e-05,190,9.917939109982399e-07,True,2.9238,2
PAR_051,GateA_converged_v1,GRAIL-CHT-1.0,parallel,0,602.2517194113565,311.159284433603,294.7815903088029,1.6511668535070043,0.0031943509018916363,0.0002661959084909697,23.044657277721473,0.4993332297802373,1.9395399635080806,5.198875,2.5959710449737314,28.056939,6.995539692241914,108.9522659493963,218.19550442766953,0.0005983645447195122,25.52632999120599,8.178541146378373e-05,390.80535648806506,279.3763338442246,11.974434043326617,324.3060996938921,13.146815260289145,175.54136214789676,0.552036117659632,319.9050450483665,325.69636930509404,313.78440356485333,11.911965740240703,3.6633653061602836,324.9618915486357,325.43964905362077,325.65342468674737,10481557859.773724,10473319603.186176,319.9679353952591,206.34522822569835,3.642040494906165,23.547601365317234,3.614257102202808,2.322158956845565,293.53210398376825,7.374211463684332e-11,-1.5936702245992583e-05,91,8.169444640770962e-07,True,2.9238,2
PAR_052,GateA_converged_v1,GRAIL-CHT-1.0,parallel,0,866.1545675969296,314.9107665076464,294.2312382309998,3.920820950692851,0.002482337431213045,0.00020686145260108709,30.16716640500593,0.8696339233518403,1.4335014347606192,5.198875,4.521118063265799,28.056939,21.21842936614473,99.48662971661373,114.40058517170218,0.0005092318917795799,6.594425889015496,1.6418846761949377e-05,562.0537619956207,278.59431303344206,20.599119612632833,339.35906501530957,24.448298507663196,253.67971283287713,0.554697763599396,330.5800394309523,341.19735603896964,319.15636901564704,22.0409870233226,6.789366710563495,339.91190766124225,340.7858443235301,341.1332407294436,11973015253.144957,11942809599.481567,330.7888665380969,296.76438633368775,5.341897062889841,32.513677301193574,5.229134060396677,2.244909260399721,294.16523513922056,7.973000037964084e-11,-1.176814707939254e-05,106,8.808514735392237e-07,True,2.9238,2
PAR_053,GateA_converged_v1,GRAIL-CHT-1.0,parallel,0,487.4752547849894,329.49880162174867,307.0299739486133,3.8276700837653372,0.0033027374125444197,0.00027522811771203497,31.738506221770237,0.8759544709847902,0.6681874268396631,5.198875,4.553977800341051,28.056939,21.527983667009053,148.11526281368143,169.09013849448493,0.00045508626643229723,8.522147158103586,2.8231107577008843e-05,316.32610515676305,296.9684015485935,20.24514631830828,339.0984369199281,9.599635298179408,132.5272120206108,0.5148948693313694,335.95110203762755,340.1641114114028,331.47270643553503,8.691404975867783,2.667262315057165,339.6327684482272,339.9718907232723,340.1320373761811,12742905704.638348,12738089038.876312,335.98285591299947,167.0201835227709,4.582250850579601,25.750167294416144,4.160589922166594,2.2588191353014593,307.11132197155996,7.693131465202898e-11,-2.1892564989011186e-05,89,9.04003684354393e-07,True,2.9238,2
PAR_054,GateA_converged_v1,GRAIL-CHT-1.0,parallel,0,857.9231859787683,304.0073605933861,287.5237770299491,4.928132681844895,0.0010420916260504278,8.684096883753566e-05,23.385168888239434,0.9363016776952913,1.8480371831785234,5.198875,4.867715384628108,28.056939,24.59641947743408,44.468939872078046,47.49424350230627,0.00047826502989596604,2.2526615698251526,2.3545433884056194e-06,556.7123608439246,269.1223243489409,24.4269041910106,358.12542978639505,54.11806919300892,235.73522450653832,0.5204058306487234,337.0971652050631,359.11482096922174,311.38768155663047,47.72713941259127,14.772574870150285,356.8663297926477,358.4638967721827,359.0612442288032,13061101896.017729,12912799315.093061,338.0609086195506,293.9441265255922,7.348202163472351,43.72903552312592,7.131621512626198,2.223857127183154,288.12133710387315,7.99252575234277e-11,1.4567336282706476e-05,225,9.60526563176245e-07,True,2.9238,2
PAR_055,GateA_converged_v1,GRAIL-CHT-1.0,parallel,0,849.0316169448743,306.3072413396251,296.7120410053293,4.381966459521962,0.0020932231152168725,0.00017443525960140604,34.74491404411993,0.8044373437494027,1.5389022466247435,5.198875,4.1821691954851765,28.056939,18.156190654315868,75.66062248300298,94.05409019222843,0.0005646315075441753,6.990914263086464,1.467757606017243e-05,550.9425594568474,282.12517026839697,22.351472546183455,335.7014661227906,29.394224783165498,257.1898438186112,0.5737147677514751,324.78439520957704,337.42672708831765,311.02870533300955,26.398021755308093,8.142627388024273,335.93214208453355,336.95790166886513,337.3624076620889,11168990062.31525,11127064839.326492,325.0898994225771,290.8976713932155,4.136360880678268,25.533018830963563,4.038485415721033,2.274144236823556,296.1878179878271,7.458822892658644e-11,-1.2909267513517078e-05,119,9.438205097467289e-07,True,2.9238,2
PAR_056,GateA_converged_v1,GRAIL-CHT-1.0,parallel,0,985.4120554402151,311.6481912436658,291.6735362494474,4.030944518965462,0.0020233156310307324,0.0001686096359192277,29.380230195502392,0.6697996694230057,1.7687145819975836,5.198875,3.4822047563715293,28.056939,12.587229354967342,83.19913174347428,124.21494894905754,0.0004963229296468392,7.9361051689631,1.6105562324841353e-05,639.4407806595435,274.96955974460997,21.017589172068753,345.80023297756316,34.15204173389736,288.83950426415936,0.5551429096404089,333.03950403834,347.71837124234287,317.03214268747706,30.686228554865806,9.471290237354218,345.99748483818354,347.181745418003,347.647082523446,12361841899.083305,12302206269.707333,333.4423792975409,337.624732188239,6.079460849453004,36.75490075613877,5.9509030274828625,2.233629960726712,291.87459656268874,7.888388608989772e-11,-1.0872720947260153e-05,120,9.165059395854769e-07,True,2.9238,2
PAR_057,GateA_converged_v1,GRAIL-CHT-1.0,parallel,0,498.5441645033722,302.9148890706814,286.88420254366304,4.848086826932395,0.002750560023139945,0.00022921333526166208,25.265965454043382,0.36874343464132736,1.8718770604771104,5.198875,1.9170510237709313,28.056939,3.8149502703490565,79.59991122570935,215.8680094281144,0.0007052255534024287,51.40281166821155,0.00014181195471572134,323.5087981553897,268.22486108735967,24.1227299423431,315.24226134975424,12.327372279072847,141.73200145333794,0.5384313768906555,310.92245965004753,316.31172217422574,305.1717300659609,11.139992108264835,3.4329679547248055,315.6483418041888,316.0941261031295,316.2764834215483,9352459340.589043,9345625603.079987,310.9792824938366,170.81264542604575,3.1926158295739464,22.42992084999597,3.458140704451395,2.291221737802664,285.8013030836799,7.322142892007834e-11,-1.956021079488022e-05,101,8.422334190072434e-07,True,2.9238,2
PAR_058,GateA_converged_v1,GRAIL-CHT-1.0,parallel,0,633.3254159472383,309.7008713570577,293.6333232167413,4.692361696259868,0.0030819250482765443,0.0002568270873563787,32.61491306637416,0.4022292711423572,1.5492623498280758,5.198875,2.091139702010222,28.056939,4.5392868927264844,103.58435471052867,257.5256505234997,0.0006072218696995352,46.15034152616805,0.00014265987315548092,410.9692956860745,277.74553639141874,23.5309744457875,324.1449178570683,14.444046500010643,186.0746591946495,0.556450315096707,319.2785596351163,325.59807960045134,312.5451664592351,13.052913141216266,4.010155376193801,324.804873262457,325.33210623922037,325.5525176082559,10401351350.945572,10391518668.711742,319.3540599393711,216.99178812224733,3.6287112954682024,23.599129747734267,3.6893205502036017,2.2832766081082205,292.847907597262,7.836320037313272e-11,-1.5053937542835087e-05,93,8.136851192830363e-07,True,2.9238,2
PAR_059,GateA_converged_v1,GRAIL-CHT-1.0,parallel,0,775.6712950828678,325.92764931204005,302.02246752963833,3.213236161196484,0.004251872695119284,0.00035432272459327363,29.115092025343156,0.9187707174299194,0.7256619889046358,5.198875,4.776574113578473,28.056939,23.683974140248566,184.95579054571613,201.30788567477816,0.0004691717100514039,10.000924216856399,4.265060842889561e-05,503.3385330783385,289.7329944001359,17.910297412546637,338.6774224761244,12.749773164084331,226.59952377069928,0.5532830303735606,334.9551042207647,340.60782456918264,329.01892111949957,11.588903449683073,3.550352430912451,339.8776744397114,340.3259904516828,340.5600204413463,12596184120.934734,12587700487.478802,335.0115267268098,265.76274546536274,5.083320411305943,29.342249577488968,4.737685055221659,2.252257207850312,302.0922488154739,7.62153717914771e-11,-1.2548543266623032e-05,76,7.85701729455468e-07,True,2.9238,2
PAR_060,GateA_converged_v1,GRAIL-CHT-1.0,parallel,0,896.9246727748694,288.7218265728315,309.0321513738707,0.8417747591941344,0.002305335259602569,0.0001921112716335474,31.322497819028527,0.9071850603213625,1.5757798322783383,5.198875,4.716341730478224,28.056939,23.090432470518124,60.750868564353674,66.96634592156225,0.0007744637564258222,8.577234853508081,1.9832900639603067e-05,582.0206986363221,299.87797927259834,8.89874408493771,320.3041974759006,31.58237090306909,304.3372444792101,0.6426362367520883,308.77483491618074,322.4618548653712,293.99767619557304,28.464178669798173,8.77079053378383,320.8202247674027,321.9419600823728,322.3838648563287,9134046451.93411,9090077643.433474,309.14754638549744,307.3069288799781,0.4480313791578769,2.558704256575003,-0.03701751388733829,-21.857918940258514,305.90912662116176,7.562960036011647e-11,-1.0973093788426988e-05,110,8.469269232591614e-07,True,2.9238,2
PAR_061,GateA_converged_v1,GRAIL-CHT-1.0,parallel,0,458.32416957821846,329.043545766585,300.358446700877,2.650229725904891,0.001844656080857035,0.00015372134007141957,24.740659506760736,0.954943896646243,0.977437593547267,5.198875,4.964633950676737,28.056939,25.5856233709922,85.28313144346474,89.30695483051785,0.0004414400846379282,3.678920969062074,6.806764229260592e-06,297.40976190849295,287.3418293153651,15.770872958438584,343.6245888482543,14.581043081669293,112.42950090480979,0.4645940034114307,338.0911013982508,344.3226498139921,331.2567533012922,13.065896512699908,4.035099795837122,343.5996293704606,344.09908864004734,344.2928124758786,13076929210.578234,13065768555.574291,338.1632768323597,157.03235428768429,5.831398171355674,33.343278033948174,5.428215053966677,2.2387796931183948,300.74715740805664,7.673605750824208e-11,-2.412012237595912e-05,137,9.518827255305951e-07,True,2.9238,2
PAR_062,GateA_converged_v1,GRAIL-CHT-1.0,parallel,0,678.7239024742914,289.0412026610334,308.43631030865515,0.2993414894685484,0.001591543010221549,0.0001326285841851291,33.78073126155855,0.7534350112665574,1.526605253659604,5.198875,3.917014444198424,28.056939,15.926923092162884,43.362832848744354,57.55351450399089,0.0007490662504899458,7.947884925613984,1.268746308867217e-05,440.42869138288495,299.0111109291653,6.8374976599804835,323.17870587793715,34.137503216903724,227.10485335874526,0.633722824204278,310.02708155862217,324.50366218971647,293.9734234670524,30.53023872266408,9.432282933542423,322.86479451841154,324.00606644643193,324.4538959530779,9289674239.657866,9238437569.76096,310.456045468391,232.54634905016326,0.7522212801338791,4.460463145487974,0.22884815594724606,6.4785323799017025,305.03143338912196,7.660588607905083e-11,-1.5863569242092953e-05,148,9.024225846587797e-07,True,2.9238,2
PAR_063,GateA_converged_v1,GRAIL-CHT-1.0,parallel,0,972.4084396183811,326.6163252559445,290.98794372316127,3.6955693561476988,0.0037515244268707124,0.0003126270355725594,28.196372413349547,0.8597666323960461,1.6520891035954854,5.198875,4.469819250997995,28.056939,20.73965177371182,171.18535406901114,199.1067664395653,0.00044726062895766226,8.754894306479075,3.2943028932224244e-05,631.0026433274447,274.0006361262021,19.743163553361256,344.28985163813326,17.673526382188754,277.14514359461083,0.5397897466817725,338.76857002719265,346.5730876979921,330.5439428833819,16.02914481461022,4.919924376334656,345.5745829051317,346.20273726198496,346.5079102793212,13187471531.87931,13170808756.836538,338.87566573626407,333.1693956768908,7.088487378601288,42.062084000462356,6.87371501082192,2.220702118039601,291.65970126435377,7.95998289504496e-11,-1.029734604326219e-05,81,8.277925189759117e-07,True,2.9238,2
PAR_064,GateA_converged_v1,GRAIL-CHT-1.0,parallel,0,669.0608120745724,307.4246590172195,310.8266279883379,0.7989999166557895,0.0019742119929022778,0.0001645176660751898,20.45052530281511,0.7322691191785964,1.6295192870175887,5.198875,3.806975616969625,28.056939,15.044637481556338,70.5027045866163,96.2797730234765,0.0005714885129488284,7.784162219743925,1.5413827892593052e-05,434.15824438087446,302.4937481526803,8.736199683292,333.20310232501475,25.77844330779527,212.7290278949917,0.6021812649817113,323.48412077948586,334.57457726353624,311.429736671175,23.14484059236122,7.154384588260004,333.2735767328901,334.16903739240263,334.51857772149924,10982052669.140282,10949943224.160849,323.72100541382173,229.23555303310172,2.1575842340097178,12.528070406359644,1.8209053528154113,2.469869723171473,309.4528800873148,7.641062893526397e-11,-1.52049166420602e-05,127,8.774999287197716e-07,True,2.9238,2
PAR_065,GateA_converged_v1,GRAIL-CHT-1.0,parallel,0,648.9930926631724,313.6999522635069,283.68879330065494,0.45874124361804186,0.0012306058071204667,0.00010255048392670555,34.280078662665765,0.9406859729799403,0.7118612023516874,5.198875,4.8905087877760876,28.056939,24.827307550704376,51.42882854247027,54.6716226452831,0.0004883507119923705,2.8535755240874576,3.522193190570566e-06,421.13616078078115,263.7559998949085,7.4432167257485595,345.7809547620795,32.081002498572616,165.0225041270968,0.48158081339556646,333.27608758713586,346.591565225198,318.10156766456197,28.489997560636027,8.811816719784199,345.1662762306004,346.1713813222318,346.5559924704697,12388861100.923466,12337200345.524015,333.6244308891408,222.35989289225245,6.919303607307815,43.28450504414033,7.133622044093429,2.1899468581723434,284.7981265910419,8.077137181317084e-11,-1.8856991414828563e-05,188,9.77180320660409e-07,True,2.9238,2
PAR_066,GateA_converged_v1,GRAIL-CHT-1.0,parallel,0,623.9176492141837,290.31235534729996,299.21686136363166,4.0906953888072515,0.0033777622678429395,0.00028148018898691165,30.996873141786853,0.5315318183990226,0.8387462478725332,5.198875,2.763367482379219,28.056939,7.926816823301814,76.71815576358897,144.33407955644984,0.000898566912666021,54.92092461889581,0.00018606803098570977,404.8645299986283,285.70521809254103,21.244642477467554,305.1930233637197,14.880668016419747,210.10084039494822,0.6377736850767701,300.3488936746687,306.8876593395996,293.40876521958626,13.478894120013365,4.136204416829755,306.05968257963593,306.59392391165414,306.83685996410946,8147003261.424785,8137746300.312651,300.43427151449174,213.76847183927575,0.4457323185330351,3.059081208725031,0.16285402873536794,6.136107253422224,296.92277110796203,7.471840035577769e-11,-1.6892886775215216e-05,87,8.879898132363451e-07,True,2.9238,2
PAR_067,GateA_converged_v1,GRAIL-CHT-1.0,parallel,0,610.9926881155436,315.7110919008211,289.7658278542958,2.2434327763784983,0.00244724580813314,0.00020393715067776167,23.855069242254956,0.7248802101971221,1.4517265423259404,5.198875,3.7685616027885636,28.056939,14.742555608452124,92.8624131833926,128.1072539670242,0.0005378449868457748,9.56290409887506,2.3473196559228902e-05,396.477432266993,272.27629311324387,14.225044550238295,331.9665534745863,16.255461573765217,166.28504061788496,0.5154460849938486,326.0887927312952,333.14858896084945,318.5042703424726,14.644318618376872,4.5142834787642245,332.2937602629168,332.8749140088004,333.1063234355353,11319894301.239605,11306898447.637644,326.182451856689,209.3400842369723,5.1215414086107645,32.708121019015884,5.22541725016113,2.2449611008930592,289.456214551219,7.595502893309459e-11,-1.7224938343896294e-05,109,9.136439871326729e-07,True,2.9238,2
PAR_068,GateA_converged_v1,GRAIL-CHT-1.0,parallel,0,522.3706289273963,332.0387752991311,288.33995168947916,0.6914402749313582,0.0023373925585374513,0.00019478271321145428,30.856270422065272,0.8183561372415897,0.7588139576633441,5.198875,4.25453126300187,28.056939,18.789921919734084,110.98536851033842,135.61988901853132,0.0004298188182041715,6.582742745975999,1.543275216570781e-05,338.9699577053899,270.26904668492426,8.327473044739161,344.26743334235147,12.228658043220378,119.47766862049188,0.433185655481861,339.8198112156159,345.11738116209233,334.09785133443205,11.019529827660278,3.3954379046259127,344.4811504623517,344.91543772977366,345.08686340372327,13343039125.14342,13335053951.922249,339.8706717323271,178.9761376684459,7.484570114864679,44.60804710051194,7.405886246199217,2.1889433158183325,289.8595040515332,7.836320037313272e-11,-1.922805033246136e-05,114,8.731240654924477e-07,True,2.9238,2
PAR_069,GateA_converged_v1,GRAIL-CHT-1.0,parallel,0,950.3622866703126,295.7814849782505,286.2211673831104,2.115864048942399,0.001486082338015767,0.00012384019483464726,27.604291821167436,0.44587207115821836,1.3931652955181915,5.198875,2.3180331639426823,28.056939,5.577772889092424,51.32671224213607,115.11533366242782,0.0005909067125796968,18.241328892127413,2.718968574576456e-05,616.6967403563724,267.29553289306335,13.740283385981115,341.0780668719721,45.29658189372162,281.37440235743196,0.560739912079195,323.55576956248774,342.6488228248425,302.2055446376569,40.443278187185626,12.509226953022678,340.5258062573632,342.0095664225968,342.58972552476143,11057750326.158054,10959647698.04466,324.27740946372484,325.61587890816463,5.216012972064879,33.65447512546065,5.370951267790267,2.2443168105260365,285.86328975216435,7.973000037964085e-11,1.1420025646354377e-05,140,9.887364171845547e-07,True,2.9238,2
PAR_070,GateA_converged_v1,GRAIL-CHT-1.0,parallel,0,993.9093817115624,317.4956586458829,301.49548110473756,0.5959332915090165,0.003504414887031993,0.00029203457391933273,27.857231392334754,0.8807695609541049,1.1979703487290403,5.198875,4.579010851205273,28.056939,21.765311261147527,142.17516855343243,161.42152823653367,0.0005030501256883423,9.191190608449183,3.2306665193378094e-05,644.9547551583047,288.975010731658,7.964546507734263,338.27943546577416,20.783776819891273,304.4502034268576,0.5801436673935362,331.57485629704286,340.74014788578313,321.9017826757894,18.838365209993754,5.78749219892976,339.57340304243974,340.32408317683945,340.66677380227804,12109305403.830965,12087218149.564072,331.72622621850667,340.5361107235849,4.622072243130302,27.136654482259726,4.32721520768448,2.272138997514822,301.18223251137346,7.75821717979852e-11,-1.0171123162846e-05,84,8.445953767477477e-07,True,2.9238,2
PAR_071,GateA_converged_v1,GRAIL-CHT-1.0,parallel,0,588.9630374185974,324.7739573130091,285.2035945780365,4.89751471772699,0.0027906377200309,0.0002325531433359083,23.562711812830784,0.8435587721278532,1.014753715184559,5.198875,4.3855566114461935,28.056939,19.96507655978825,119.01877387192515,141.0912645383364,0.00047852814401126026,7.774423691684966,2.1760882653478378e-05,382.18223772218977,265.87136791608293,24.31055592736256,337.2884678981069,12.51451058509781,145.98008489756964,0.4694308741851006,332.9153316089638,338.3760458570192,327.0858049372515,11.290240919767712,3.476617518967456,337.7051534468159,338.1574706267469,338.3397474374058,12291904412.192183,12283869217.235134,332.9697603808974,201.7922215173162,6.714544765983611,42.23381982229269,6.863804608484226,2.2154884894579774,285.614121442109,7.93394860920671e-11,-1.6143840292157732e-05,100,8.208293706957193e-07,True,2.9238,2
PAR_072,GateA_converged_v1,GRAIL-CHT-1.0,parallel,0,960.6991871640656,324.58808239149823,296.91197052618196,0.3820632780819372,0.003105908148534282,0.00025882567904452353,32.73016065231314,0.6388308372440215,0.8095196977501624,5.198875,3.3212016689770123,28.056939,11.450172562594963,141.5572422548587,221.58799169049266,0.0004477916714866718,16.23092372351834,5.056344859690472e-05,623.4044274450723,282.41036926404763,7.151840456711361,346.1592645079045,21.57118211640625,280.052101091048,0.5520996725078448,338.90537135380174,348.3601832815973,328.84866498574837,19.51151829584893,5.994817252928641,347.1720076871732,347.955460712936,348.2915904139891,13216852181.727955,13192096160.178198,339.06425533395884,329.1575376909982,6.372635722724647,36.69166934875071,6.0411654670989,2.21469847643465,297.8112820542612,8.350497182618711e-11,-1.0310754013842379e-05,91,8.41576877519401e-07,True,2.9238,2
PAR_073,GateA_converged_v1,GRAIL-CHT-1.0,parallel,0,999.4522266354367,320.0804704792867,284.1094494997233,2.9701313160026355,0.002868083862529738,0.00023900698854414484,32.08282035703057,0.3876734759063512,0.745653233584503,5.198875,2.0154659420526313,28.056939,4.216697673326098,123.92282787934295,319.6577418396262,0.0004723457669293282,59.46245660328025,0.00017105648165520858,648.5515460293212,264.34286683406344,16.986499000810014,343.6526038618368,23.572133382550078,282.5966554043419,0.5355142787240273,335.5205411504735,345.80570863168697,324.52523491351644,21.280473718170526,6.5422752369901565,344.53069990430185,345.38939021692113,345.7357757189353,12701808402.718712,12672913026.093122,335.7116320592172,342.43521630348164,7.277580651628642,45.165025794826825,7.395993308122189,2.204399948038615,284.93642665877735,7.973000037964084e-11,-1.1346799645568102e-05,95,9.696965435068705e-07,True,2.9238,2
PAR_074,GateA_converged_v1,GRAIL-CHT-1.0,parallel,0,680.1064988451002,320.8128609715633,287.39991389334205,3.5349710263752323,0.0013746926772524172,0.0001145577231043681,21.184574710495223,0.9649603371688646,0.6951238360053801,5.198875,5.016708172898781,28.056939,26.125175326379388,63.0791051043154,65.36963507680086,0.0004447742058403575,2.7361671530183265,3.772707070203498e-06,441.32586784607736,268.94843919100117,19.132889900225884,350.8412314617031,30.02837049013982,172.54948467454236,0.48051043032818963,339.16519417757996,351.72850406438783,325.012252728182,26.716251336205858,8.267657644394275,350.35078820860207,351.3150011501032,351.6890294937119,13279707477.376799,13232597747.459547,339.4666598048388,233.02005822272886,7.590675250466625,45.43299128538584,7.446946841279658,2.2124404772496233,288.2809625750061,8.461142897431273e-11,-1.709249663629258e-05,171,9.538996437186142e-07,True,2.9238,2
PAR_075,GateA_converged_v1,GRAIL-CHT-1.0,parallel,0,956.4854188814586,314.1584182568333,309.9423891297645,3.3764619958841906,0.00412840722057437,0.00034403393504786416,25.373863120720998,0.8618302393080226,1.4068994465700877,5.198875,4.480547685382496,28.056939,20.839329638566202,154.59471338904552,179.37954174498694,0.0005450136602201436,11.957521306922166,4.95140594821157e-05,620.6700837101106,301.2038663522953,18.530555584359924,331.9573672777455,17.798949020912232,307.15187436445916,0.6081922664973407,326.65205278538457,334.5377525276328,318.3773935855992,16.16035894203361,4.955974902090376,333.5200145830114,334.1516221797899,334.4710769900928,11400944096.69511,11385223672.31728,326.76475263808555,327.7138041989384,2.6766559853745173,15.481461489224193,2.4038501539217085,2.330570484932529,309.3130607957155,7.28960003471002e-11,-1.1532636304529451e-05,76,8.928366241889307e-07,True,2.9238,2
PAR_076,GateA_converged_v1,GRAIL-CHT-1.0,parallel,0,888.0400407821114,306.00548583089306,310.51997125564117,4.180149312646556,0.001317892528247537,0.00010982437735396142,29.410049366286675,0.7294833011691574,1.9241982238578366,5.198875,3.7924924973658034,28.056939,14.93038468181218,56.0123890433873,76.78364803363579,0.00048019252606278535,4.197632102776613,5.5486740066010985e-06,576.2553987437975,302.04620511889163,21.58456738805691,355.6133220772701,49.60783624637702,273.2791903382034,0.5828275757358297,336.34838744658276,357.0233769881016,312.89438273059693,44.128994257504644,13.646483820737043,354.78437807646844,356.3596888349207,356.96653591841846,12924563389.553968,12798450690.637518,337.1739162246363,304.2628505367251,4.304139604191244,22.96380899596251,3.7156727697069143,2.2719617875366502,310.62928460151676,7.901405751908896e-11,1.2761551720950026e-05,171,9.352354481961811e-07,True,2.9238,2
PAR_077,GateA_converged_v1,GRAIL-CHT-1.0,parallel,0,695.9524660531556,301.33984308613293,297.6489608499865,2.2843758590052206,0.0029792250796977044,0.0002482687566414754,31.607641949744,0.3894337058272441,0.9647010961228121,5.198875,2.024617157382614,28.056939,4.255076404226608,88.015621240281,226.0092537530006,0.0006908170592813628,75.4558488306074,0.00022547638640523998,451.608426889155,283.4625135021757,14.380628264219837,318.8985380552886,17.55869496915568,218.66125247087876,0.5950566743894464,312.91120091208364,320.58956398308453,304.7228594732127,15.866704509871852,4.875763585446219,319.6284045446023,320.27153671917245,320.5356829697119,9600998458.834642,9587037748.77943,313.02505461664606,238.44924939747386,2.316439839368799,15.275970967186492,2.195623974161962,2.4555548041406223,295.80235505674716,8.370022896997397e-11,-1.5875127410992035e-05,94,9.447314255339734e-07,True,2.9238,2
PAR_078,GateA_converged_v1,GRAIL-CHT-1.0,parallel,0,802.9924902014172,305.2677220228894,309.7660951785853,1.4430221549158342,0.0023537552345677345,0.00019614626954731122,35.32651494038419,0.7487757600745432,1.9019596944060897,5.198875,3.892791579657541,28.056939,15.73054760084829,81.30420832949886,108.58285305790984,0.000590837117284507,8.86030084486865,2.091773269152909e-05,521.067447839131,300.9469176255435,11.18348418868017,331.6049745127154,26.33725248982597,259.1242439124107,0.6111708633132725,322.0300126520196,333.4382811423015,309.7297945655396,23.708486576761914,7.308041863275223,332.06557675544497,333.0012526914854,333.3720619965135,10787588012.184872,10754380455.774628,322.27831773550474,275.1236124590612,2.0727868308390485,12.162330732553158,1.7642856561198625,2.470811992521568,308.40839460941874,8.552262897865148e-11,-1.260264841326834e-05,110,8.743751322981552e-07,True,2.9238,2
PAR_079,GateA_converged_v1,GRAIL-CHT-1.0,parallel,0,918.7612768848704,305.5290778681578,293.4282921625265,3.9545558085625574,0.0025025841430679078,0.0002085486785889923,31.934462292942506,0.7934159196471853,1.2657028001187962,5.198875,4.124870189255761,28.056939,17.662090606178698,87.16095710073519,109.85531666606056,0.0005859845896384044,9.268826711459859,2.3265816201548346e-05,596.1906238995305,277.45468119714684,20.727312072537718,332.2663833580307,26.73730548987288,279.69365120379086,0.5765619835934631,322.70215332392786,334.3035315765994,310.20582898615567,24.09770259044376,7.416626118701097,332.8978861346125,333.8531811642054,334.23293212441973,10878793691.475882,10844448071.415934,322.95735917521455,314.7886494189521,4.2008564997858935,26.68284725865169,4.211334058483532,2.2705511679329398,292.8177864505965,7.276582891790894e-11,-1.2580428155571908e-05,104,9.957203701560502e-07,True,2.9238,2
PAR_080,GateA_converged_v1,GRAIL-CHT-1.0,parallel,0,908.9600359421569,321.21226772648305,299.842529320521,0.5629212076970531,0.0033878969705078447,0.0002823247475423204,23.740096988694994,0.5953702403535246,1.6336346151782446,5.198875,3.09525545831793,28.056939,9.945223170568694,143.90851362802405,241.71264177156834,0.000480466601398701,16.61458141799406,5.645786364320763e-05,589.830530043117,286.6018086751454,7.839100589248802,340.3337353266196,19.121467600136555,270.78692980441616,0.564220662560704,334.07356826254676,342.5060503375275,325.1750741160705,17.33097622145698,5.326335319887908,341.4332918155289,342.1267399345204,342.4404218514985,12474700298.94794,12455709285.917173,334.2008346252549,311.43051986276583,5.221091682273493,30.498061993507708,4.924473042999437,2.248733859728901,299.9162212333961,7.979508609423647e-11,-1.1771624367450099e-05,86,8.998438829621591e-07,True,2.9238,2
PAR_081,GateA_converged_v1,GRAIL-CHT-1.0,parallel,0,686.4371720700185,309.4804801699975,302.38583987057604,0.230778096596235,0.0017702128710237273,0.00014751773925197726,23.45055794828122,0.5667583170952764,1.1116498442633933,5.198875,2.946505645788705,28.056939,9.012309380222176,66.62223583367782,117.54963945677419,0.0005422827474563525,12.98780431131918,2.3060359436544303e-05,445.43388601643943,290.25603139938664,6.576956767065693,337.22629679988705,27.745816629889532,205.30488716993153,0.5664539005177207,326.62874574090387,338.49115304786864,313.6143389187617,24.876814129106947,7.686437859045357,337.12079404826255,338.06993708798143,338.44253689591255,11419755998.086369,11381974618.6112,326.8994622363162,235.18909181668002,3.784547161280342,22.61211407424605,3.4875814504079803,2.334657105041933,301.30353564522034,7.894897180449333e-11,-1.6173873367747764e-05,138,9.481768756813835e-07,True,2.9238,2
PAR_082,GateA_converged_v1,GRAIL-CHT-1.0,parallel,0,966.7567607583318,321.54322816887117,299.19867659584054,4.219572046538799,0.0021313727364397498,0.00017761439470331247,28.413458528037964,0.6768330925611562,1.5945798571096983,5.198875,3.5187706440888813,28.056939,12.85296891392561,99.99861418733418,147.7448654422858,0.0004349956578091241,7.448116494565281,1.5922479873965537e-05,627.3352293534067,285.6791730824856,21.734373776847434,353.1220516131048,31.57882344423365,281.3400971523551,0.5511635550121384,341.4201490556836,355.0372713716695,326.6360791577622,28.40119221390728,8.762123648553779,353.423181848196,354.53127490773556,354.96630950857036,13641680943.982147,13588032921.972883,341.7566484448058,331.2330010985988,6.630037775649885,37.188929145042096,6.0739758239992225,2.2380587591230663,299.76913664971147,7.185462891357019e-11,-1.1713339973257779e-05,116,9.734439458952693e-07,True,2.9238,2
PAR_083,GateA_converged_v1,GRAIL-CHT-1.0,parallel,0,738.0053867574957,289.3696945312351,305.5242122313295,4.3454273706794035,0.003909713395561054,0.0003258094496300878,28.64815475173655,0.513114346618246,1.7813151165350603,5.198875,2.6676173487749337,28.056939,7.387008576251062,87.72106208419659,170.95811618274737,0.0009096211255110186,47.040345965309186,0.00018446767377371684,478.89686150464615,294.78645686068364,22.21262400858173,305.0727153394666,15.703020808231486,256.62821916371547,0.6585836669920982,300.2786269325295,307.23415626651695,292.95593375429144,14.278222512225511,4.383946601159944,306.3477804300543,306.8924713245859,307.1763844005735,8140528338.527079,8130133656.478443,300.37456033249464,252.85754287445317,-0.3749159895723082,-2.6410935011867562,-0.754629254532521,1.3614176415472206,303.23660987832045,6.970680033191457e-11,-1.4847874532377298e-05,79,8.985683166429226e-07,True,2.9238,2
PAR_084,GateA_converged_v1,GRAIL-CHT-1.0,parallel,0,766.4150109439472,321.9041126381467,294.18396443244046,2.3031848468391036,0.0018171311430569101,0.0001514275952547425,24.585703775069128,0.7773931328276449,0.5858195882900797,5.198875,4.041569723429323,28.056939,16.95593284307634,83.25411331191239,107.09396545488983,0.0004454511340573008,6.34550924421635,1.1565318421485502e-05,497.3320655066039,278.52717358308115,14.452102417988595,349.54566280814356,27.641550169996833,209.95438452321392,0.5188323220458115,339.0371924144422,350.8415013236324,326.07535775350027,24.7661435701321,7.6498019834454904,349.47529598109884,350.4198290316611,350.7884767877674,13252953006.093163,13212632995.78223,339.295550599184,262.5913305874869,6.776653963426394,39.407748639004176,6.4525798490358035,2.2226089450639495,294.9011372714449,8.070628609857522e-11,-1.3856966765162236e-05,135,9.092432833313069e-07,True,2.9238,2
PAR_085,GateA_converged_v1,GRAIL-CHT-1.0,parallel,0,884.3638675245929,303.35546539574943,288.02853974234205,0.8757428671543821,0.0017367782075718573,0.00014473151729765477,28.31474356375344,0.5768889486866042,0.5590624358151404,5.198875,2.99917353310307,28.056939,9.337373403385842,62.958873215076444,109.13516953031275,0.0005629980769147764,17.193982553661034,2.9951990171082444e-05,573.8699041837809,269.8313223221146,9.027822895186652,338.98625024520027,35.63078484945083,258.6699812969682,0.5539634596098768,325.38633784596595,340.57695592140186,308.6414203448526,31.935535576549285,9.866490985666358,338.83402680416003,340.0428923292049,340.5175450850252,11271544126.339708,11209784307.039324,325.83359032997413,303.0033094090363,5.2693805309616755,33.68969986205227,5.3742882305933435,2.2475799120436277,287.65440688782786,7.751708608338958e-11,-1.3369998915801343e-05,135,9.98268319563067e-07,True,2.9238,2
PAR_086,GateA_converged_v1,GRAIL-CHT-1.0,parallel,0,437.6104764645461,325.04950234994914,308.1722957690121,1.9461150757183907,0.0020633622140911563,0.000171946851174263,28.844420987806583,0.5083549308773084,1.9909328832864628,5.198875,2.642873741264767,28.056939,7.250607046952359,89.28849460149338,175.64203507852503,0.00047162787902882376,12.356741280992546,2.5573152506018424e-05,283.9685014511791,298.6272729259853,13.095237287729883,338.87993537291356,13.830433022964428,119.28546633915191,0.5162569361898142,333.7244301293251,339.67816935143276,327.2451540061156,12.43301534531713,3.8382219790263705,338.97761720997687,339.458987941813,339.6484397673029,12413561099.14606,12403721329.338993,333.79059565871086,149.93536876622258,4.058462299249871,22.915550663448226,3.6759268996062366,2.271788994550227,308.0593758533482,8.109680038614897e-11,-2.4967580340562285e-05,125,9.470410873291257e-07,True,2.9238,2
PAR_087,GateA_converged_v1,GRAIL-CHT-1.0,parallel,0,570.7020416945799,299.61215480901086,284.4494100011706,4.118973463653701,0.0010500771550855609,8.750642959046341e-05,22.222897554247933,0.9728284569128747,1.6076400060279614,5.198875,5.057613543932922,28.056939,26.55295258089301,35.33614472187502,36.323099381785134,0.0006064870644998395,2.7331829921793984,2.8786890880200436e-06,370.3325497699047,264.8174709598574,21.352099161884063,334.3665365180193,34.75438170900844,152.54818989592854,0.5062484540271979,320.8341064528559,335.00857357505873,304.342115200425,30.66645837463375,9.494790018656145,333.55370058058065,334.5860572441225,334.97376830505266,10651067579.516855,10595516202.985374,321.2538085576479,195.5355862785097,4.929693413214605,32.82344757379413,5.234297946886635,2.2376309655343323,284.0723643556077,7.510891464335146e-11,-2.1761416946602136e-05,213,9.454403198105865e-07,True,2.9238,2
PAR_088,GateA_converged_v1,GRAIL-CHT-1.0,parallel,0,761.1395219900372,288.52883770572555,300.889705139258,4.958833775802377,0.003595088206244173,0.00029959068385368106,20.923380280253493,0.8178367762280855,1.176867077337373,5.198875,4.251831170012788,28.056939,18.766079839730995,80.54566395285802,98.48623379880235,0.0009109339359230379,19.789350144355396,7.13585349179624e-05,493.908763795989,288.1045192999049,24.543568348049032,305.78866396252084,17.259826256795293,259.3714988776862,0.6453927107939443,300.2628235374547,307.8897802078686,292.246212267756,15.643567940112632,4.811913957278775,306.91883812520985,307.54293689789426,307.8275759458619,8140943549.648242,8128422264.990101,300.3783904423888,260.7838272842822,0.20144138036116058,1.3011074389551571,-0.09018310996815228,-4.26693716762041,298.8056037861124,7.126885748220957e-11,-1.4304089529667082e-05,83,9.073747264665144e-07,True,2.9238,2
PAR_089,GateA_converged_v1,GRAIL-CHT-1.0,parallel,0,941.2806483603697,317.9837580546498,312.87214774953674,4.657341990965279,0.0037838391604702697,0.00031531993003918916,30.516799712070473,0.6344702687539743,0.6295318082332161,5.198875,3.298531618468318,28.056939,11.294391552163058,152.50475171712176,240.36548161133436,0.0005063709574517708,24.97372679929593,9.47809081705735e-05,610.8036016855823,305.48467829503335,23.39789956566806,336.9789263179912,18.995168263341384,300.43608521443224,0.6045038088690219,331.10807766196655,339.4841202841605,322.2463512458663,17.237769038294175,5.282860378469899,338.41444942576743,339.0775227047957,339.41442293185656,12037650007.412367,12019298013.280766,331.234395715535,322.50430168998747,2.9579118112629637,16.486923093851328,2.62341862950402,2.291951369507508,312.6429845790199,7.966491466504523e-11,-1.1491029076189685e-05,80,8.906507105166384e-07,True,2.9238,2
PAR_090,GateA_converged_v1,GRAIL-CHT-1.0,parallel,0,599.4300317916748,302.25041189361133,283.38803806376586,1.7133627806887644,0.002605820229348092,0.00021715168577900767,27.28329748235987,0.49400816152116134,0.7716873631732212,5.198875,2.568286680728328,28.056939,6.847129407126639,76.90670123295912,155.67900942394604,0.0006915120698130535,40.988014359364286,0.00010712878332842682,388.97434363984024,263.33667612264986,12.210778566617304,317.88599291456785,15.635581020956522,170.30788568604194,0.5380991887163596,312.33314829898256,319.1485765918146,305.0275937570131,14.12098283480151,4.352860640320795,318.3155378998371,318.8793147783499,319.10577937825997,9527477137.86132,9516391831.173838,312.4240650404765,205.37845344183566,3.8162295764900365,27.090335368958232,4.164039990763315,2.294740952815761,281.9924011875575,7.484857178496895e-11,-1.810336831545234e-05,104,9.39035089686513e-07,True,2.9238,2
PAR_091,GateA_converged_v1,GRAIL-CHT-1.0,parallel,0,982.5815729841491,319.70282127600217,304.6887759454855,3.41107781356413,0.001938766633883145,0.00016156388615692875,33.42419824332431,0.6719359633417465,1.0494231994743561,5.198875,3.493311081418323,28.056939,12.66765012843518,91.49420705446819,136.16506936083468,0.0004324654692018525,7.911211227797607,1.5384144796445044e-05,637.6040607804252,293.5781719196401,18.662095691543694,355.7603099527096,36.05748867670741,292.2114938627221,0.5632416430400701,342.21552436310856,357.64743616348017,325.3126052880858,32.334830875394346,9.975918145791946,355.8455304191917,357.0874725167835,357.57695247113156,13784944838.422955,13715095261.409348,342.65041184169723,336.65494409206457,6.072555673615133,32.97233748440043,5.398593401941036,2.243018773041568,305.28702792104986,8.32446289678046e-11,-1.079164727552168e-05,123,9.015184900817985e-07,True,2.9238,2
PAR_092,GateA_converged_v1,GRAIL-CHT-1.0,parallel,0,443.2015252083547,315.43389663494753,298.37674792361594,2.34674717516609,0.0037152018913416945,0.00030960015761180787,30.019483388556928,0.6932035729264499,1.0903687325342892,5.198875,3.603878725197997,28.056939,13.482234384131607,130.62576837194018,188.43781750934485,0.0005804610166181929,18.756243870122834,6.989291143505158e-05,287.59657211837776,284.50279804644424,14.617639265631144,323.42718628690335,7.99328965195582,124.1321426018909,0.5304556540442877,320.93013684155267,324.46063362430414,317.2000936104708,7.260540013833349,2.2283718399544172,324.0113885049787,324.2889595130598,324.43140329045946,10611275631.798296,10608207477.827833,320.9533395432789,151.85099007850346,3.338936335330325,21.13541819381277,3.2445277498810614,2.3277130271452258,297.258802774294,8.304937182401772e-11,-2.29187913691869e-05,83,8.448126322946337e-07,True,2.9238,2
PAR_093,GateA_converged_v1,GRAIL-CHT-1.0,parallel,0,604.0085123416559,312.50178100167483,294.9214320384538,0.23539236546438436,0.0044571787201553355,0.00037143156001294463,22.453050038987403,0.6506103277162673,1.6676524171734244,5.198875,3.382441767505909,28.056939,11.876328284464483,150.66694394011012,231.57785470294036,0.0006037561479548874,22.926731056243117,0.0001024960258642039,391.94535171808684,279.5751578418846,6.594490988764661,321.9731393380061,9.471358336331264,176.46094393962528,0.5533139457311891,319.2704492002324,323.4880830614278,314.86607251015687,8.622010551270932,2.6437004086708766,322.93944062786113,323.2761622705329,323.4520733019102,10394736778.228773,10390462831.77362,319.3032758027621,206.94714570714987,3.593659950015976,23.389733558331578,3.502846607717177,2.3713079717128918,293.0743175823816,7.628045750607271e-11,-1.8530596305279457e-05,74,8.9438100303596e-07,True,2.9238,2
PAR_094,GateA_converged_v1,GRAIL-CHT-1.0,parallel,0,718.5413119211787,293.0911658055025,284.7025441345629,3.147955923560219,0.00346399169049364,0.00028866597420780336,21.100348898067445,0.4141529347669638,0.5470594587262835,5.198875,2.153129338736599,28.056939,4.812400622891073,84.21469048077245,203.3420106709095,0.0008394763814051417,128.7108892991129,0.00044719503611652346,466.2664870948362,265.1710448295948,17.66223250952883,308.46158548186094,15.370419676358438,222.5557652401173,0.5866150270603001,303.48516619538304,310.28109456320095,296.3293589050554,13.951735658145537,4.290434209754929,309.41801887871577,309.9596598223143,310.22752273397913,8493177463.461296,8483007942.274922,303.57608065519895,246.18870518607352,2.49381953108743,18.43709545577313,2.702065694588042,2.383019570607067,282.83591091396613,7.621537179147707e-11,-1.6546450554860782e-05,85,9.974369277188089e-07,True,2.9238,2
PAR_095,GateA_converged_v1,GRAIL-CHT-1.0,parallel,0,780.6350462867874,301.69141932713376,287.6973301068561,3.612136227905847,0.00327364687246849,0.00027280390603904084,22.585423296696675,0.5631531160074799,1.156892563528909,5.198875,2.927762655983387,28.056939,8.898017813930727,97.12258693159707,172.46213182687438,0.0006879091494631091,30.3350415660799,9.960502903610744e-05,506.55954598082025,269.36602969811656,19.42611766604222,318.9754113822582,17.28399205512443,236.51144971641838,0.5738127616308409,313.2426920797153,320.8508633030525,305.19902820067614,15.651835102376367,4.814044368249387,319.8873999056358,320.5156842707241,320.7933287363858,9641366440.148546,9627727528.866537,313.35357031021374,267.4634402778731,3.452064097393291,23.825013188634436,3.67495262478187,2.294788161837821,286.55905416096766,7.068308605084893e-11,-1.4712049940740565e-05,88,9.714220823298092e-07,True,2.9238,2
PAR_096,GateA_converged_v1,GRAIL-CHT-1.0,parallel,0,544.3926230532685,294.9655547888966,292.7471677050869,2.5657500066625345,0.0029977182616669176,0.0002498098551389098,24.117809707756056,0.6089890768827295,1.6449495895598656,5.198875,3.1660580870787007,28.056939,10.405412317078431,74.52028024428816,122.36718698755614,0.0008209861510113327,23.95011186326907,7.201172287009747e-05,353.2601838476273,276.4891737989702,15.44985002531763,308.6179292829131,13.652374494016499,171.07056436376482,0.5951536947264545,303.94725333592515,309.9380450537186,297.589016875481,12.349028178237631,3.7998116522110914,309.1854112692008,309.686095951053,309.8958465470423,8542791859.821646,8534791041.526306,304.0184610643908,186.52137707154722,1.7087904761963228,12.130811869741633,1.611242938368274,2.6127392075535685,290.3609359211232,7.647571464985958e-11,-1.7465303084503776e-05,95,8.153488124662545e-07,True,2.9238,2
PAR_097,GateA_converged_v1,GRAIL-CHT-1.0,parallel,0,541.7312859970295,318.52929317080054,293.19699593611915,4.314126984962071,0.0012869744447284253,0.00010724787039403544,24.281296211934155,0.6107488358733526,0.857788209843899,5.198875,3.1752068541010763,28.056939,10.465634986725457,55.1125438297489,90.23765677905813,0.00047658345690260737,7.80398500460171,1.0073750519524819e-05,351.5332236024744,277.12668842478536,22.093682542855866,344.054735410303,25.525442239502468,137.31547394399834,0.4800667641363117,334.12499310413745,344.7424413971676,322.05928214042433,22.683159256743295,7.016690277794847,343.59664461035663,344.4029096021452,344.7134673455191,12496314406.169664,12463380420.079117,334.3455027111504,185.60954206210647,6.056031387574916,36.350179880384914,5.887896627946635,2.2348036657398507,293.4133666076516,8.448125754512148e-11,-2.1430901606519593e-05,185,9.409022254658339e-07,True,2.9238,2
PAR_098,GateA_converged_v1,GRAIL-CHT-1.0,parallel,0,806.1361160482738,289.5104488831872,293.98315212821035,3.2346296889128157,0.002404683782770515,0.00020039031523087626,34.94278061939582,0.6644120270645906,1.2200746610626572,5.198875,3.4541950772054237,28.056939,12.385548910259706,60.63609721144242,91.2627928776908,0.0008093683752083715,17.83492256393527,4.301639825121672e-05,523.1073686565371,278.2420349742157,17.9915928178687,315.3860289065198,25.87558002333259,260.09041638489424,0.6110574576315758,306.0244072491732,317.24183001100727,293.9424591251821,23.29937088582517,7.180096617031538,315.8883685940362,316.80972845994575,317.17560208850557,8799445858.645914,8770498156.85205,306.2766095649953,276.2006906506516,1.8256164680402078,12.552441028285793,1.732253477537928,2.533945404575579,291.96587184592755,7.035765747787082e-11,-1.3290374645879354e-05,108,9.252790391656163e-07,True,2.9238,2
PAR_099,GateA_converged_v1,GRAIL-CHT-1.0,parallel,0,627.4821056623226,304.5387294240318,311.63690404417014,2.6881111746193764,0.002399604147210973,0.00019996701226758108,36.25760238446246,0.925033666774088,0.7989945421451929,5.198875,4.809134404350138,28.056939,24.007965948935976,77.58859161665697,83.87650569220384,0.0006311916315071504,7.419423458895092,1.7857251055044177e-05,407.17753073902065,303.6773490072921,15.91482246355363,325.1096550499623,20.5709256259305,206.33348789571644,0.6227797055696646,317.66346215659803,326.58010417410486,308.0607342395688,18.519369934536087,5.708521517038056,325.5047262824181,326.2368763332437,326.5275640044652,10202562109.224539,10182843274.713488,317.81713754603146,214.9897362302029,1.1238742084782702,6.665428418582164,0.866979907241002,2.7203603480729526,310.1982877583054,7.654080036445522e-11,-1.590765009184421e-05,110,8.64854200699483e-07,True,2.9238,2
PAR_100,GateA_converged_v1,GRAIL-CHT-1.0,parallel,0,862.6673334001889,315.0828062045532,307.69918393789743,4.2783953494967175,0.0033538612429187932,0.0002794884369098994,33.63780893580489,0.5729566369641569,1.4987588728099475,5.198875,2.9787299359970314,28.056939,9.210512515064922,129.20870666920558,225.51219120843982,0.0005297522482803407,20.391237555608285,6.859516683340499e-05,559.7908713147164,297.939849728901,21.957902328087524,334.3996865746348,19.316880370081606,270.80605018257893,0.5945400117752996,328.0927617990504,336.57276970005387,319.0946856905469,17.478084009506972,5.366772068302376,335.499949581506,336.1974331017662,336.5072897329244,11606011564.785454,11587415958.679142,328.2243143290491,295.5695800541703,3.2103682006101195,18.61937643138842,2.933817597463036,2.299774226774657,307.2393547081765,8.031577181100147e-11,-1.0947632102508126e-05,87,7.949089990688663e-07,True,2.9238,2
PAR_101,GateA_converged_v1,GRAIL-CHT-1.0,parallel,0,533.5809995364458,303.0529767637454,290.0251873411365,2.930369919757814,0.003063093674860407,0.00025525780623836725,35.675600775417024,0.39382567457193196,0.5052310504689841,5.198875,2.047450453890153,28.056939,4.35159369736993,88.80466858902305,225.4923290248893,0.0007039535083501475,115.16049890116544,0.00035380882224466265,346.2444456661964,272.64193270388154,16.835405695079693,315.28517799753274,12.23220123378735,156.61782099652487,0.5559130876773398,311.1469154131249,316.5048695352876,305.4515636510528,11.05330588423476,3.3997171591367765,315.83264561721137,316.28221891900716,316.4664209724923,9379353254.433037,9372641369.039095,311.2026046731863,182.81706731175169,2.9224389645873243,20.238277034058097,3.038569197044529,2.349229405795413,288.4803652542469,7.595502893309459e-11,-2.1267414308433814e-05,93,9.692653293313924e-07,True,2.9238,2
PAR_102,GateA_converged_v1,GRAIL-CHT-1.0,parallel,0,478.81800269670526,296.1490231997349,283.87536729806993,2.4340338931688574,0.004092608016293807,0.0003410506680244839,32.21985657939021,0.4754785095051223,1.8666894770672506,5.198875,2.4719533361034434,28.056939,6.343107522506434,98.38529801902239,206.91849589884032,0.0008489643276559714,52.48470781486908,0.00021544567295483593,310.70835367591087,264.01623982606947,14.949328794041659,304.38863639597974,8.239613196244818,140.95589933570722,0.55754363673989,301.9422223123046,305.5858246201111,298.1014261451621,7.484398474948989,2.290841299623092,305.1166499272745,305.40483815782665,305.55515940064,8314676097.546953,8311805818.619544,301.9682860284746,164.05401074088095,2.4053541296439076,18.093699054374937,2.5990955354892487,2.4213634902915904,281.6775655687756,8.083645752776647e-11,-2.2745152149512664e-05,78,8.875240382621996e-07,True,2.9238,2
PAR_103,GateA_converged_v1,GRAIL-CHT-1.0,parallel,0,555.3822908147997,291.7674451398081,307.8208690161743,3.1283848827793355,0.0029019795047720755,0.00024183162539767296,26.420748303364608,0.3656932840984856,0.5335817704140112,5.198875,1.9011936723675147,28.056939,3.752098727294321,68.9920215099845,188.66089291211622,0.000858449926398619,158.71577052223952,0.00046197584066163194,360.3914561857592,298.1166055670517,17.587862554561475,307.7729321147039,16.005486974895803,194.15094778988404,0.6620847197890761,302.26470073146186,309.26495027293976,294.79117512724133,14.473775145698426,4.45526059995972,308.3929314448702,308.97545140204824,309.2169487073601,8358247640.693142,8347371233.205994,302.36311341831737,190.28668886608085,-0.38756499864433824,-2.6773460189207943,-0.7993096846044964,1.3172157193851917,305.26328592369015,7.654080036445521e-11,-2.0086341189253042e-05,96,9.571400596541935e-07,True,2.9238,2
PAR_104,GateA_converged_v1,GRAIL-CHT-1.0,parallel,0,473.2882605849514,310.9020748240477,306.31455809504865,2.5297826909843812,0.004025205817363333,0.0003354338181136111,25.864301670635193,0.9845670263280123,1.7349276543969347,5.198875,5.118640899001045,28.056939,27.19761750667273,131.3020957931153,133.36024087949858,0.0006256564563484161,10.596944081465573,4.278323065495402e-05,307.120065311399,295.93104960940235,15.31317422574065,319.69248383369523,8.790409009647533,147.90179891741974,0.5918529292444288,317.03454300109007,320.92692994324455,312.9482345876876,7.978695355556965,2.447536047846539,320.4254610424432,320.7394476436468,320.8940989264573,10106053373.762726,10102441311.479656,317.06287761278844,162.15939448441867,1.7614683051559346,10.953985857531695,1.542175707274569,2.51894215746302,304.7662521054992,7.400245749522581e-11,-2.115385505495697e-05,79,8.198007890314329e-07,True,2.9238,2
PAR_105,GateA_converged_v1,GRAIL-CHT-1.0,parallel,0,559.8612633227793,304.32163570035124,291.3383143496365,1.2389559173584728,0.004481481218729105,0.0003734567682274254,34.57206585868706,0.8299076324967585,0.6490161685520685,5.198875,4.314586042896585,28.056939,19.32412354446425,128.91281919293127,155.33393614552017,0.00070948786488576,20.691615171680958,9.300810910437153e-05,363.29789279899467,274.49566007351785,10.408032485962195,313.23278388734946,8.911148186998219,166.9288987320997,0.5646992174798314,310.7252036258684,314.6831394711626,306.5748188364964,8.1083206346662,2.48136707978975,314.16978613560104,314.4850199510597,314.6495147695617,9325498251.388906,9321931883.729103,310.7549185332062,191.82128739786918,2.7880748725810807,19.315354847656486,2.7889955017172756,2.431781335912933,289.0923117174239,7.374211463684333e-11,-1.9057418416693116e-05,74,8.510269253747538e-07,True,2.9238,2
PAR_106,GateA_converged_v1,GRAIL-CHT-1.0,parallel,0,702.4612224890176,305.7048032237939,311.4163153326797,0.0989742108258304,0.0037650226376469234,0.00031375188647057693,21.851943636623794,0.8927905275921258,1.5891685250007326,5.198875,4.6415063541355135,28.056939,22.36348258165086,117.83275508627656,131.98253279419743,0.000652110295164044,12.098649913671242,4.568875708118076e-05,455.83200450168084,303.35497412782246,6.076102001138156,320.48520196358504,14.780398739791167,232.61087984782435,0.6271533498200824,315.84697086733183,322.3947758181836,308.9819277943647,13.412848023818867,4.121817652342332,321.5544490590414,322.0902306123051,322.3398509783201,9962086293.332037,9951919733.368393,315.92760475160736,240.6792983768875,1.0490121114786874,6.382051217865442,0.6373935591076659,3.4489469062692435,308.6991744515187,7.621537179147709e-11,-1.59379676261021e-05,81,9.265129392588278e-07,True,2.9238,2
PAR_107,GateA_converged_v1,GRAIL-CHT-1.0,parallel,0,424.92315227560783,310.5788915202056,305.0096555785968,3.0991009893613937,0.0032456949699765456,0.0002704745808313788,33.32439143613722,0.4845776822072009,1.6938426264555733,5.198875,2.5192587975849614,28.056939,6.588205004080465,106.01702718381908,218.7823151510457,0.0006248151875111105,31.120422715841862,0.00010131133347277007,275.73560797370783,294.04206193527205,17.476583759573295,320.16065576451916,9.581764244313547,129.9958431671069,0.5794088815919856,316.99085545246305,321.1937914863819,312.52642214496507,8.667369341416816,2.662091598223519,320.66342878298315,321.01150486898916,321.1621794369756,10101145646.328362,10096873972.695354,317.0243773798841,145.58840101011774,1.9120993168382057,11.956881819673452,1.7236139370928163,2.464808187998893,303.59933694259604,7.178954319897458e-11,-2.557249985525659e-05,90,9.224106065630622e-07,True,2.9238,2
PAR_108,GateA_converged_v1,GRAIL-CHT-1.0,parallel,0,844.7858084449426,300.51673168130026,299.5217077402432,1.316794942542345,0.00162806305838533,0.00013567192153211082,24.482986329163964,0.852024438230002,1.7415625377164952,5.198875,4.429568551303001,28.056939,20.367812632538413,57.390513588582174,67.35782568373905,0.0005789627304791364,4.953602109643531,8.089043731845805e-06,548.1874246005823,286.1419500671168,10.703820781660912,338.6362563311655,38.11952464986524,259.41493772203614,0.5815866756006465,323.96077222909,340.14234467951576,306.05087059318663,34.09147408632913,10.536570941479084,338.30341830823033,339.5819710146332,340.07821871737144,11084431391.013885,11014624650.230684,324.47284363156416,289.44296018910745,3.7495476529426592,22.76271491628085,3.515800805090283,2.3270634888024313,298.46689157245874,7.797268608555896e-11,-1.4133092907843221e-05,140,9.943215104613046e-07,True,2.9238,2
PAR_109,GateA_converged_v1,GRAIL-CHT-1.0,parallel,0,704.7325014664975,301.025554669013,289.2258830390811,3.784575157598952,0.003806015250363965,0.0003171679375303304,32.92222811405017,0.6561450729905808,0.658020327076907,5.198875,3.411216216343906,28.056939,12.079251730905202,107.33769441489366,163.58835695537493,0.0007236653168534477,32.39491881020247,0.00012366655469000308,457.3058533291205,271.515615085905,20.081385598876018,314.5647991938386,13.53924452482562,215.39778736475327,0.578872627569428,310.38581737158046,316.3608558726873,304.0783939027499,12.282461969937401,3.7648810197809173,315.5961149277751,316.0743448481886,316.31097314221813,9289462730.056261,9281271442.321934,310.4542783182882,241.45749055777563,2.8880168373491473,20.127655385869865,3.0440655449724643,2.332497714599644,287.8431617089136,7.73218289396027e-11,-1.4319360746870059e-05,81,8.333138907801185e-07,True,2.9238,2
PAR_110,GateA_converged_v1,GRAIL-CHT-1.0,parallel,0,631.8048821459976,307.61894920336806,285.0524081380171,4.474742378443782,0.004340424310205533,0.0003617020258504611,33.905036863445105,0.42884884361904035,1.385961564273571,5.198875,2.229531531869938,28.056939,5.159988986112078,134.58566645510555,313.8300789605537,0.0006581924175561358,65.20521206615217,0.00028386989729592177,409.9826106587128,265.6599882968376,22.70402103808637,317.5988074547446,9.979858251376527,181.0643049527222,0.5427701331167827,314.73417149356135,319.1547226570865,310.087449856941,9.067272800145474,2.7753066899339274,318.58280716306626,318.93396492386285,319.11726281926826,9816984964.482327,9812407861.347122,314.7708678596152,216.47081842780037,3.9171737695280466,27.219363275603104,4.270014817856309,2.2592252983504366,284.24891516759504,7.608520036228584e-11,-1.773352620157609e-05,75,8.996470342026441e-07,True,2.9238,2
PAR_111,GateA_converged_v1,GRAIL-CHT-1.0,parallel,0,712.3927885917371,312.25512984604893,312.1469324985675,4.401046633044807,0.001095670021696725,9.130583514139374e-05,32.809634172778885,0.7679993285817746,0.9812080630842871,5.198875,3.992732509380574,28.056939,16.54862705367251,49.82803099628726,64.88030541420154,0.0004487717912129514,3.5250114926023803,3.873871031675882e-06,462.2766672666983,304.4231565845879,22.423977205570264,358.19990391199053,45.9447740659416,210.42250247830808,0.5594209728074159,340.3597080754297,359.1371733149053,318.53889932675355,40.59827398815173,12.554042530907143,357.19426870358836,358.57189383065287,359.0902688231424,13529253990.821295,13420001672.935736,341.05032091067864,244.08208031681673,4.750844153316081,24.850006256810737,4.058686417077497,2.259586274241048,312.5280941331687,8.877691470843274e-11,1.6802259424174254e-05,201,9.415468866791343e-07,True,2.9238,2
PAR_112,GateA_converged_v1,GRAIL-CHT-1.0,parallel,0,461.7067738495987,298.6159238622741,283.5519573014938,2.6023320481287593,0.002936661474460285,0.0002447217895383571,23.674991128118307,0.7621286599894219,1.36231172485425,5.198875,3.9622116372025062,28.056939,16.296595096697363,76.46422039881149,100.32980573105961,0.0007838177929736514,15.458304286484136,4.5532403870212884e-05,299.6047574984215,263.5651906481452,15.588861782889285,309.2750864461843,10.659162583910188,130.84383182054236,0.5367265580115365,305.6027102935418,310.2708019342879,300.63950446213056,9.631297472157314,2.964564746614776,309.69008991642755,310.08099281325656,310.2384348718546,8727179014.159391,8722255538.208807,305.645827271636,158.19131195916657,2.8877760657721265,21.2875244526729,3.172218607535883,2.3488753412726457,281.7610196223029,7.257057177412206e-11,-2.464570033880931e-05,96,9.779602692105982e-07,True,2.9238,2
PAR_113,GateA_converged_v1,GRAIL-CHT-1.0,parallel,0,539.9165391542431,316.62380580909496,310.31439447504147,3.438045586596199,0.0011860848398625174,9.884040332187645e-05,26.11242051829703,0.6282015327542888,0.884203456149755,5.198875,3.2659412435979536,28.056939,11.072310886716373,51.52751235208113,82.02385646237401,0.00046978167919654455,6.5449848544482245,7.786266111324799e-06,350.35562167296234,301.7463045621461,18.764573229065554,347.8129261866645,31.189120377569566,154.63050110665634,0.5424186449432347,335.669909466473,348.5464232242688,320.896060221258,27.650363003010796,8.555678731050635,347.18449137335153,348.14677700343634,348.51282399847804,12744894389.208385,12695495203.625988,335.99596369307034,184.98776824332413,4.126431867261983,22.583235701555882,3.6476412614335634,2.2675470855908997,310.37704269141824,7.914422894828021e-11,-2.2538562433714422e-05,195,9.635091373638716e-07,True,2.9238,2
PAR_114,GateA_converged_v1,GRAIL-CHT-1.0,parallel,0,784.2540376584225,298.2354716602246,308.63477909648185,1.2670324301722138,0.0031916247154852536,0.0002659687262904378,35.04355837149311,0.7718860621165198,1.7926405344733796,5.198875,4.012939151186022,28.056939,16.716551317913986,90.54014481770317,117.29729199856403,0.0007194326305669913,14.109098611797554,4.516644718418431e-05,508.9079348148139,299.2997633167322,10.514723234654411,317.9348091811276,19.699337520902986,262.8086906934719,0.6346715585426023,311.3691856947505,320.0161440072669,302.1942661369755,17.821877870291416,5.478014228374907,318.92619681773795,319.6431411456959,319.9519954085256,9416900968.535486,9399451764.853704,311.51359215246583,268.70338958222175,0.7643130462130273,4.73705453462877,0.3933713961933547,4.082861139920805,306.0637595444013,7.296108606169583e-11,-1.4919158758291307e-05,89,9.90825185454014e-07,True,2.9238,2
PAR_115,GateA_converged_v1,GRAIL-CHT-1.0,parallel,0,612.6121402946657,312.9106795264186,301.8771366201452,3.0023373308494827,0.0038357746913697034,0.0003196478909474753,22.804076373997983,0.43580338754895936,0.9575821288692166,5.198875,2.265687336443596,28.056939,5.3287027091541574,133.17035119870147,305.57438286030015,0.0005878479950618546,62.384110422296956,0.0002400114261799996,397.52830612219054,289.5238935965765,17.108881857228035,324.5289684477873,11.618288921368674,186.28227935471713,0.575906554990931,320.9375924121141,326.09433811531665,315.528140165229,10.566197950087655,3.2441604321994975,325.4341412383292,325.84093027669866,326.0516691216807,10615696277.980564,10609193274.876823,320.9867615276718,209.89494563251662,2.892711041047359,17.977954094790686,2.7420348209062726,2.346269121135703,300.8025681925218,8.135714324453147e-11,-1.6045619738820625e-05,81,8.117400511764572e-07,True,2.9238,2
PAR_116,GateA_converged_v1,GRAIL-CHT-1.0,parallel,0,710.1379205145381,296.98967726126915,303.63214575097,1.6836120320473285,0.002815521440630627,0.00023462678671921892,24.89137934647924,0.5448489990144847,1.066866165983341,5.198875,2.832601839751429,28.056939,8.328995024480514,77.97499061657318,143.11302903669323,0.0007369245158825601,31.375438318690797,8.860403138962657e-05,460.81346758732735,292.05234708953935,12.097725721779849,316.81833811101393,19.82866084974478,233.36112260285904,0.6223746265954083,309.90867124607786,318.59754206425936,300.6626986238667,17.934843440392683,5.522598204869491,317.51475073389054,318.2352707798259,318.53947788991155,9241899154.121332,9224331708.809849,310.05611877753245,243.30951088610885,1.212897247515249,7.832584190234426,0.9029401841032295,3.001922718315683,301.1363008450396,7.270074320331332e-11,-1.3702137237001687e-05,98,8.370179216399265e-07,True,2.9238,2
PAR_117,GateA_converged_v1,GRAIL-CHT-1.0,parallel,0,895.8535012837485,298.1021951464812,307.48343079043104,3.3503598065710705,0.001406641332019554,0.0001172201110016295,32.40209743744876,0.41972497289216515,0.9007774320741916,5.198875,2.1820976684447553,28.056939,4.942764370042532,51.831908062401396,123.49016953946635,0.000553867235458059,24.631766619138432,3.4752317961022734e-05,581.3256079575334,297.6265395507104,18.431367264970067,346.1305574523506,48.02836230586939,282.39528042973967,0.5970167505089023,327.52471454470174,347.6418203783672,304.85834570173125,42.78347467663593,13.219647657190412,345.42730004222466,346.97862988652116,347.584248962316,11619618986.96972,11507376091.25516,328.3204783827624,306.93992100157766,3.269242807445698,18.392221618280743,2.883136610669518,2.319515169739623,306.9257172514836,7.979508609423648e-11,1.288051482678958e-05,157,9.736174888530513e-07,True,2.9238,2
PAR_118,GateA_converged_v1,GRAIL-CHT-1.0,parallel,0,757.8895329228924,309.966876223687,312.42313520199514,3.4743902777469597,0.0025818137888329634,0.00021515114906941362,30.979218610136122,0.7101982137257143,1.80118759760193,5.198875,3.6922317383832737,28.056939,14.151401056204216,93.78509352884376,132.05481472115406,0.0005618373372483091,10.265115997397075,2.6582365121413847e-05,491.79982314039523,304.82729845209616,18.902683055438448,332.6124415705232,22.64556534683618,244.39052538982662,0.6107233619604953,324.5692844601057,334.4149545152632,313.9848403983706,20.43011411689264,6.290627876025916,333.2135441430432,334.0273628712456,334.353575015058,11122613060.410772,11097615464.273344,324.75190494100764,259.6703066181287,2.0098089946511477,11.522666485650275,1.747343535179107,2.382564134862172,311.66408025613674,7.862354323151522e-11,-1.455198284553749e-05,103,9.515823080619157e-07,True,2.9238,2
PAR_119,GateA_converged_v1,GRAIL-CHT-1.0,parallel,0,643.0499099151607,316.1107264634182,293.31987635489685,1.9689405476659152,0.00399752773419087,0.0003331273111825725,26.47366115968025,0.5580622970724971,1.0065446145721526,5.198875,2.9012961246927786,28.056939,8.737871481204712,146.01508733899846,261.6465726227512,0.0005587444855948207,32.841713159572095,0.00013168070129762358,417.2795878933171,277.3009245786977,13.181974081130477,327.1056333180785,10.994906854660314,183.72122046094262,0.5411039665327226,323.78283458523856,328.6675185038955,318.65868083835005,10.008837665545457,3.0712847457905355,328.04209032379475,328.4271293970071,328.6269280008152,10996377440.556824,10990445152.325092,323.8265176300496,220.32362240767145,4.3683201990585285,27.851718850975992,4.382397416257266,2.2756401540368745,292.5893500171489,8.031577181100147e-11,-1.566766313044935e-05,79,8.250748351201764e-07,True,2.9238,2
PAR_120,GateA_converged_v1,GRAIL-CHT-1.0,parallel,0,464.92171199874446,292.32951184129826,310.1534675886741,0.5095729336016643,0.0021438214986916077,0.00017865179155763397,20.81642274758594,0.7430204048728027,1.3266476633818038,5.198875,3.8628702073830925,28.056939,15.489655862124243,52.84694052689451,71.12448080876237,0.0008279198002235857,12.608401446225775,2.7111496574276004e-05,301.6909533679692,301.51160969469436,7.636377147686325,310.48415114167636,18.154639300378108,162.68687921853422,0.6627332763281963,303.7255066574343,311.57700131981494,295.2471625609103,16.329838758904657,5.045001649695643,310.6433178952445,311.2830056768189,311.5346556860648,8523990996.957477,8509911836.917995,303.8510528920198,159.29282337828775,-0.31018148821090535,-2.1591145110465115,-0.9247256672797536,1.000027245005831,306.1436807579785,6.951154318812768e-11,-2.1453389155025112e-05,121,8.659550871925603e-07,True,2.9238,2
PAR_121,GateA_converged_v1,GRAIL-CHT-1.0,parallel,0,564.2159049744023,331.6685536440082,309.5823988324818,4.5194830569460525,0.002541891451594107,0.00021182428763284224,24.071862115184977,0.4556491251185972,1.9507521941848092,5.198875,2.3688628453509475,28.056939,5.825072960751584,122.1903822609578,268.16770959266927,0.00042456039061578916,17.37845582555847,4.430706951343318e-05,366.1236502492244,300.6792576720435,22.874035616395,346.33909253914135,14.67053889513312,155.8760347646781,0.5232389945215813,341.0915916126687,347.4816093894791,334.24461761243674,13.236991777042363,4.078140542508593,346.7027434261226,347.22868656977903,347.44246143002454,13547409170.013937,13535803911.87494,341.16467895802265,193.3132873315905,5.13717761629914,27.76720322946193,4.532908589642729,2.2502603583649594,309.9927632038477,7.615028607688146e-11,-1.9071886843179575e-05,106,9.326988106295175e-07,True,2.9238,2
PAR_122,GateA_converged_v1,GRAIL-CHT-1.0,parallel,0,645.8153765816036,297.000943284548,291.5862381630841,3.7356127412644264,0.0029574406819834363,0.00024645339016528636,22.151216288868017,0.947443712491394,0.924421398598518,5.198875,4.925641430778696,28.056939,25.18529974341577,78.94235884376424,83.32142353467917,0.0007645844135976149,10.41354862414392,3.089012271299485e-05,419.07411857143853,274.84612111970483,19.89532841680482,313.2475442750151,16.24660099046713,200.84213942100828,0.5889962574535441,307.6542502090738,314.7715323219319,300.09773661048314,14.673795711448747,4.519404108139149,313.88880813581073,314.4813059208224,314.7212903104257,8970432906.123114,8958837862.548502,307.75374789053024,221.27113460571957,2.271029760514359,15.846458796651234,2.3115422324480472,2.4079692402632698,289.906467008437,7.061800033625332e-11,-1.6091074157046462e-05,95,8.910790256777545e-07,True,2.9238,2
PAR_123,GateA_converged_v1,GRAIL-CHT-1.0,parallel,0,932.9058275900434,300.237765876956,285.7296924379367,3.531192350238388,0.0010772473818617461,8.977061515514551e-05,22.668895807611236,0.9762060933117818,1.6176464603410299,5.198875,5.07517345336629,28.056939,26.73765505884218,44.66324351637396,45.75185897975067,0.0004922488217358667,2.2631962189488743,2.4453582763310715e-06,605.3691218639722,266.6073623686015,19.118530930905873,358.2424942822541,58.00472840529807,261.1891467666736,0.5302533221479694,335.6592354557663,359.36564093760944,308.13948365545525,51.22615728215419,15.858283337468873,356.9187975214836,358.6534840739417,359.30672143995287,12863320375.629501,12693880457.897432,336.7737800476032,319.6348963441773,7.303778920402011,43.95906869984806,7.182857904400835,2.216978182508563,286.42577383520097,7.738691465419832e-11,1.3782241337407235e-05,220,9.980750519389403e-07,True,2.9238,2
PAR_124,GateA_converged_v1,GRAIL-CHT-1.0,parallel,0,455.57152759946644,303.83703474589026,304.4407115301796,3.8948559550853985,0.002517757742040796,0.0002098131451700663,36.581328331130315,0.6039204037248439,1.94850338909555,5.198875,3.139706688914998,28.056939,10.232922696753905,75.26005988978059,124.6191707145406,0.0006827612700111929,15.824673449291893,3.9962581837735294e-05,295.6235532599869,293.21971694051786,20.500452629324514,317.59541906451244,13.758384318622177,144.7963646992477,0.6019593468629267,312.67037526250374,318.64563867137394,306.2527430871909,12.392895584183066,3.8187764296995663,317.92062259701254,318.41269874549846,318.6090432735684,9566108641.375742,9557557940.217043,312.7402847116958,156.0892361212731,1.3699943566052855,8.738995701842764,1.1839184101720328,2.5988928287384727,302.88283830564257,7.504382892875584e-11,-2.3734240492373527e-05,107,9.373173384119582e-07,True,2.9238,2
PAR_125,GateA_converged_v1,GRAIL-CHT-1.0,parallel,0,574.596967545338,319.2840768735207,292.51888130599525,1.8083479297766956,0.0011322896871040651,9.435747392533876e-05,31.3808957085359,0.357954906778059,1.0500473720874892,5.198875,1.8609628159757814,28.056939,3.5949837197583867,50.913337120378735,142.2339410811493,0.0004538846389951894,22.0811823819348,2.5077527673148195e-05,372.85999441894256,276.1658244135995,12.571722133151443,349.6633435897882,30.379266716267523,143.7841850912844,0.4739296372084835,337.84138676904786,350.32079085889586,323.431178294181,26.889612564714866,8.314115038806724,349.01479314689567,349.9391521212933,350.28893608035196,13074463863.900795,13027209710.954819,338.1473375272727,196.87007705320167,6.762510506232756,39.80333313609255,6.520090049618256,2.218356223290617,293.26228324647565,8.077137181317084e-11,-2.1196733864282763e-05,205,9.522603932055063e-07,True,2.9238,2
PAR_126,GateA_converged_v1,GRAIL-CHT-1.0,parallel,0,509.9099419070453,327.2354444301948,295.8152415940718,1.4899774062118185,0.0028419412491144658,0.0002368284374262055,30.667437869130072,0.9977356128920284,1.1281350029975736,5.198875,5.187102734474045,28.056939,27.930019318601627,124.33504928177523,124.61723093293087,0.000466488585885459,5.475676674061285,1.5608376536437985e-05,330.88413067307505,280.8470704063363,11.36191414360491,338.1144915000164,10.879047069821638,129.23562074651701,0.4800150244504537,334.3440357868935,339.0967213423729,329.26914826733423,9.827573075038686,3.0229688629682485,338.505180248343,338.90055964522514,339.064667527347,12502222718.735756,12496095099.782288,334.38501571319694,174.70682099538362,5.740964831219225,34.187520688184435,5.542747583652381,2.235203546989802,296.0545533777762,7.992525752342771e-11,-1.8805327262124993e-05,99,8.268712008430157e-07,True,2.9238,2
PAR_127,GateA_converged_v1,GRAIL-CHT-1.0,parallel,0,793.2124464706053,332.28405291237516,292.81971464208846,4.238650959707973,0.003582555873325265,0.0002985463227771054,30.421070624914854,0.8701889864461484,1.0866771153584653,5.198875,4.524003766910219,28.056939,21.245524274451228,173.2718244625692,199.11976267386615,0.0004219728616748113,8.172577063391698,2.9366814401862862e-05,514.721109001901,276.5919571263278,21.806873646890296,346.57401697007475,14.289964057699592,213.99340569768776,0.5109482874322557,342.03431937895107,348.3334556527945,335.3714915846026,12.96196406819189,3.977468214266583,347.53286138997055,348.0316828384797,348.2822448169594,13697171186.19112,13686069454.986986,342.1036602985172,271.77274555300374,7.462763853810693,43.23660325352464,7.080006971421772,2.223538490106576,293.61000763065937,7.745200036879396e-11,-1.2592668574968131e-05,84,8.342187811649637e-07,True,2.9238,2
PAR_128,GateA_converged_v1,GRAIL-CHT-1.0,parallel,0,732.5331991543269,304.81550491049643,296.54260002550245,2.0655252134330615,0.0015433295778829249,0.00012861079815691041,35.75655571399654,0.39933896436432453,1.7009730459668493,5.198875,2.0761133583595783,28.056939,4.474285190782076,56.33446527943588,141.06929277264533,0.0005591186774420913,20.320914091818135,3.1456236476951714e-05,475.3459206636368,281.8835383155503,13.548995811045634,338.3234751833232,33.50797027282675,216.1638579585388,0.5588842206827344,325.4011177688401,339.55092781699267,309.63605449096883,29.914873326023837,9.245597768289747,337.96163383562873,339.0697045709641,339.5046514069044,11266051806.790833,11211821160.059795,325.79389059415155,250.98264611040022,4.292015809708778,26.37522759185885,4.151582805554695,2.2851026208809615,295.86128005653785,8.200800039048774e-11,-1.5162506851029632e-05,152,9.269361953556654e-07,True,2.9238,2
PAR_129,GateA_converged_v1,GRAIL-CHT-1.0,parallel,0,923.1016308674249,314.03215355036,303.2761583458621,1.6281181890463596,0.001640921912373569,0.00013674349269779743,32.28901900436539,0.44972860862687314,1.4480277410182665,5.198875,2.338082820175035,28.056939,5.674679243904658,73.29058869179583,162.9662585077013,0.00045694002535590257,14.909704513463629,2.4539278679195158e-05,599.007109981288,291.53888130931284,11.886849118376166,354.02789470979025,39.995741159430224,274.3329321331455,0.5628523770818542,338.69671600079755,355.6466967708389,319.884649954565,35.76204681627388,11.041246397198272,353.7216682911353,355.0599514931073,355.58586838901545,13243422952.885473,13159638008.758411,339.2345382165769,316.27575407012006,5.635233262780751,31.21203222202214,5.095597058422634,2.242685265807859,303.7397336089461,8.448125754512148e-11,-1.2838875711469686e-05,136,9.753239282872528e-07,True,2.9238,2
PAR_130,GateA_converged_v1,GRAIL-CHT-1.0,parallel,0,672.4296377406956,329.36468098198833,306.48399168588895,1.362693012568352,0.0034942712340603485,0.00029118926950502905,35.51235807354141,0.7385535151688397,1.4789881876562316,5.198875,3.839647406173402,28.056939,15.303974274173797,160.65673928471938,217.52890749967096,0.00044389184031073644,10.820773322365778,3.792449042189605e-05,436.3442989374015,296.1766187085316,10.878233447759737,342.55652414639104,13.191843164402712,192.6807704312816,0.5426972297064644,338.31673498291906,344.12202254728913,332.1767646767804,11.945257870508726,3.668365808917337,343.3842778728455,343.86000472614694,344.07564864000625,13109921806.872242,13100682561.955318,338.37636860937494,230.38978983894802,5.052470435282005,28.077133841931957,4.579454527116044,2.2435577322570146,306.8707891904639,8.168257181750959e-11,-1.7100004126575413e-05,85,9.636925710765354e-07,True,2.9238,2
PAR_131,GateA_converged_v1,GRAIL-CHT-1.0,parallel,0,830.7895723760521,293.22766539722437,308.9360625408148,4.768780697743885,0.0036163291701698996,0.000301360764180825,20.021345686582976,0.788776438786889,1.2096714616805726,5.198875,4.100750108198188,28.056939,17.45613720993662,91.66694845346181,116.2141057286681,0.0008051460699792605,18.802170682676905,6.819943661211413e-05,539.1051690418268,299.7381264209471,23.821366651426764,312.1533515778563,18.925686180631942,286.0855159820927,0.6521851582758045,306.10604138809873,314.47417010764116,297.3205475443483,17.153622563292856,5.277345476838046,313.4062172578579,314.091847878355,314.40563360195324,8795512592.177727,8779860267.647905,306.242378162291,284.6475292540846,-0.12132246258157645,-0.9094970540970396,-0.40712649421103964,0.9623460621567649,307.1246637027034,6.495554316643393e-11,-1.4304399050334813e-05,82,9.876983995127375e-07,True,2.9238,2
PAR_132,GateA_converged_v1,GRAIL-CHT-1.0,parallel,0,926.5794371608814,291.25202907804385,286.7030419540362,1.7709791622691065,0.0016660713578903925,0.00013883927982419938,27.167300699707987,0.5520681363988706,1.5016639349242529,5.198875,2.8701332326206788,28.056939,8.55117218677289,50.550097823108935,91.56496180497975,0.0006726530178795139,13.891852374555947,2.3214460731483752e-05,601.263882829756,267.9708347156924,12.429720816622606,331.71097338483963,40.458944306795786,281.7633010105464,0.5759275396671912,316.1868163503822,333.40472249324984,297.1692137899055,36.23550870334435,11.200575389845651,331.44741249335624,332.8084605104239,333.34139240670544,10069959790.119524,9994821237.421278,316.7794016106705,317.4673301341112,4.078069639771808,27.384465792448914,4.241532150589474,2.2935078246921914,285.5166478170602,7.413262892441709e-11,-1.2114394694373806e-05,134,9.224588097822561e-07,True,2.9238,2
PAR_133,GateA_converged_v1,GRAIL-CHT-1.0,parallel,0,809.9949337933795,294.76946839121695,308.21290835269576,4.45307239336638,0.002245329521956139,0.0001871107934963449,20.216095136383753,0.8993579984919039,1.6878583928836937,5.198875,4.6756498144095975,28.056939,22.69370947924353,65.10382995847301,72.38922661236451,0.0007038709564170183,7.6493104854526255,1.72269033656925e-05,525.6113825030603,298.68630690556546,22.62167509479224,323.58045101442207,28.81098262320512,270.4048263330717,0.6322636494837429,312.9499179523278,325.41363348015244,299.51465036224187,25.898983117910575,7.998211582472937,323.9213919954956,324.9382327351473,325.3422719682197,9629343251.52555,9591783512.067812,313.2558333289363,277.52280996161585,0.9203444900271621,5.5162094008443825,0.6814656171355179,2.8458945070668134,306.7718506761115,7.621537179147706e-11,-1.2928473488327507e-05,113,9.042685178428655e-07,True,2.9238,2
PAR_134,GateA_converged_v1,GRAIL-CHT-1.0,parallel,0,881.2739249847968,332.69332127602803,305.87155629588347,1.5469332780786256,0.0014274932510156396,0.00011895777091796997,34.71398964967647,0.4602800573415967,1.4228540122027726,5.198875,2.3929384831117937,28.056939,5.944079440574761,82.7966556331239,179.8832130840646,0.00035186880478713415,9.572715859908373,1.3706105600711712e-05,571.8648188401095,295.2893045160128,11.578346456698778,373.21031671752354,40.51699544149551,241.76174293461506,0.519568406496556,357.5307892101859,374.51382490196454,338.4242589401252,36.089565961839355,11.15523909285468,372.63972142389946,373.95153681039125,374.4645785110923,16435343155.764248,16340065392.544254,358.050837623573,301.9446243475778,8.81162596059497,43.93960636825609,7.4316908797117796,2.206434813654303,308.3191250931578,9.417902901986963e-11,-1.3842140813908005e-05,151,9.731033401294553e-07,True,2.9238,2
PAR_135,GateA_converged_v1,GRAIL-CHT-1.0,parallel,0,451.63881063095863,322.3419577949397,284.9876282481248,0.18913035708911285,0.0016955333980452148,0.00014129444983710122,36.6755709562799,0.6605843763183242,0.9937521323790903,5.198875,3.434295599431928,28.056939,12.243254679868976,70.56311734736713,106.81923441883521,0.0004903973187071463,8.311779028966399,1.4135304855350403e-05,293.0715856901034,265.5694341748984,6.418695356938629,336.6119336718823,14.269975876942624,101.13602247858113,0.4241121281205387,331.14565236862876,337.2212512588226,324.44817851310063,12.773072745721947,3.9466292276192814,336.5253985717556,337.00825260582377,337.1983575689957,12034997028.354574,12024754823.423468,331.21614401046935,154.7417972443746,6.397674410292954,40.56784989594874,6.640287660696053,2.19953281159796,285.71030216777365,8.19429146758921e-11,-2.4040785964747912e-05,148,9.25955021102709e-07,True,2.9238,2
PAR_136,GateA_converged_v1,GRAIL-CHT-1.0,parallel,0,581.9420367705344,331.4027597592156,287.96431818624563,0.3415340704500176,0.0022790504803201633,0.00018992087336001362,24.84929936146778,0.4690982478345903,1.9146470886923663,5.198875,2.4387831532110558,28.056939,6.1740182586273065,109.05442735016062,232.47673137464912,0.00042651090558272324,14.884706738720539,3.402507326209209e-05,377.6262612546571,269.74108115317983,6.997829467710067,345.96961955594907,14.566859796733468,138.7701848529779,0.45162972115887906,340.6236940564605,346.945569352338,333.8161495733342,13.129419779003797,4.049642851813373,346.18733999572135,346.70671372538504,346.9099931923443,13473096726.42179,13461684821.31594,340.69586054615587,199.38666594245896,7.648097199212497,45.39284611770449,7.5755713220751595,2.1801234739336453,289.78442440669295,7.530417178713832e-11,-1.6826356436398776e-05,116,8.511510145581269e-07,True,2.9238,2
PAR_137,GateA_converged_v1,GRAIL-CHT-1.0,parallel,0,502.49678993967154,316.8603209517608,300.4433205887951,0.6414837858008955,0.0036631044567883592,0.00030525870473236327,33.583715460601944,0.501728892024569,0.5908480233263039,5.198875,2.6084257935242317,28.056939,7.062826032159156,133.6778095373171,266.4343466406776,0.0005592544901719595,51.2982418216955,0.00018847624698341002,326.0736844693824,287.46363148832484,8.137638386043403,326.2505951837799,9.390274232019124,143.7817815292559,0.5419218303896799,323.2941239077611,327.4358884685588,318.92162869284687,8.514259775711935,2.6120766757718226,326.906894465343,327.2439591845231,327.4014643371774,10928518313.624928,10924240290.086164,323.32577042905274,172.1669053998339,3.485621373870116,21.612228991866438,3.287313748954862,2.3526395790084482,299.0887692886447,7.673605750824209e-11,-2.337505767147234e-05,83,9.779788001651468e-07,True,2.9238,2
PAR_138,GateA_converged_v1,GRAIL-CHT-1.0,parallel,0,729.9377281305843,309.2858475546416,297.3094322388809,2.8170217868530645,0.0020027691746661463,0.00016689743122217887,21.93922619932155,0.7845903310425664,0.6052606466752714,5.198875,4.078987057298923,28.056939,17.27134627462354,73.90483669038926,94.19544667620903,0.0005530667296664794,8.420668026418564,1.6915400555073132e-05,473.661701348033,282.97763267964046,16.404682790041644,335.11512765784227,25.829280103200688,216.23175945704327,0.5610476506062408,325.41697626814465,336.5162220105755,313.332572603763,23.183649406812492,7.159879345785247,335.21104701013417,336.1086297361804,336.4595316257447,11246550721.19098,11214006962.709671,325.65281493518046,250.09337831176143,4.166654064547012,25.65145369013619,4.0435478196104695,2.281659821460805,296.6877538774666,7.608520036228584e-11,-1.4682346154986313e-05,125,9.246572290066979e-07,True,2.9238,2
PAR_139,GateA_converged_v1,GRAIL-CHT-1.0,parallel,0,637.8288814288446,319.19758799417485,288.7346004194854,4.583090429532864,0.002858853152232645,0.00023823776268605375,25.06002565649796,0.7613734489598922,1.3385005388208067,5.198875,3.9582853894613597,28.056939,16.264313747949544,113.16570771952945,148.63364078971293,0.0005155805212618596,9.961505203405677,2.8564173070951067e-05,413.89162596134724,270.82410933092893,23.11574363222488,333.5575226989134,14.35993470473852,171.60130841335612,0.5095449383344607,328.5755293343048,334.85123780884567,321.88673629031666,12.964501518529005,3.991477773670808,334.07463331376545,334.5983486044996,334.8087074144397,11666083877.80293,11655767204.351309,328.64821184901155,218.53477850759137,5.618408969978594,35.583582590208124,5.731511123029744,2.231101290228324,288.72247967715214,8.70846861289465e-11,-1.491249193019479e-05,98,8.190325502255291e-07,True,2.9238,2
PAR_140,GateA_converged_v1,GRAIL-CHT-1.0,parallel,0,524.7151639764585,329.878256992289,306.1524214482363,3.5916280451402005,0.0018009568744558552,0.00015007973953798793,21.370048370085676,0.6406080190495319,0.7629884733064655,5.198875,3.3304410150361354,28.056939,11.513968303021176,86.63889019349529,135.2447793613966,0.00042423835478152383,9.054073909134166,1.635506183398854e-05,340.4913429104717,295.69611994175403,19.34818657153276,348.23475028790335,18.35649329561437,138.1876766690532,0.49878315430621256,341.25073033527923,349.08242986387074,332.64460970108837,16.437820162782373,5.079985118349197,348.1779217072859,348.80355133277874,349.0477659167472,13579100989.505222,13561082500.518318,341.3640280973025,179.77942905672907,5.642601921747526,30.899949048497092,5.049238390392901,2.244332015069596,306.64327616139536,9.12501718630665e-11,-2.0565735370813075e-05,139,9.263205811294029e-07,True,2.9238,2
PAR_141,GateA_converged_v1,GRAIL-CHT-1.0,parallel,0,662.1996698599111,327.56429756077665,298.0842354353769,0.050517794934661645,0.002108694115273228,0.00017572450960610234,31.80652799035101,0.5992553918722227,0.614995765863469,5.198875,3.1154538754197016,28.056939,10.075443886140778,99.39041729605466,165.85652568854545,0.00043300067073853346,13.951470911915,2.9507908336369886e-05,429.70600116978534,284.0845337763931,5.891967620751714,347.7294091588822,20.165111598105568,177.74217803194807,0.5083556036965566,340.24177338558957,348.93119898188473,330.8006091973467,18.130589784538017,5.588869417589553,347.9008901711721,348.60781349224715,348.88643887918727,13423093837.28352,13401411207.763771,340.3793123432852,226.88476861764667,6.441106011857792,36.636740883231184,6.0647782133241295,2.207744872112966,299.209203098599,7.660588607905083e-11,-1.5215968315202217e-05,122,8.727249110052071e-07,True,2.9238,2
PAR_142,GateA_converged_v1,GRAIL-CHT-1.0,parallel,0,699.8022118984525,316.3438233525139,307.3116900384012,1.3880070988363564,0.0014504387691310536,0.0001208698974275878,28.749698114316992,0.3509522963261502,0.6381146734982046,5.198875,1.8245571195626142,28.056939,3.4557034354012766,63.97126724333324,182.2790958001964,0.00046273669742266616,42.7490230934336,6.219141468123853e-05,454.10655391638903,297.3772213959763,10.974426975578154,350.05979745940857,33.71597410689469,204.41435601169383,0.5532254613586125,337.01130594453673,351.1790455137679,321.1091351677332,30.069910346034703,9.293317246332627,349.60847802712095,350.70714869681416,351.13683727646196,12958414593.099249,12899648686.594015,337.39447589292485,239.76826046785342,4.777425507018309,26.30393626349287,4.272583083583921,2.2545124014636677,307.55131339235265,8.122697181534022e-11,-1.6848741958026636e-05,160,9.733167871672777e-07,True,2.9238,2
PAR_143,GateA_converged_v1,GRAIL-CHT-1.0,parallel,0,431.7950880123859,324.27121871295503,295.28054449588586,2.016884917746256,0.002615881036030273,0.00021799008633585607,28.07000504768562,0.981862103835164,0.7882533659414606,5.198875,5.104578345076039,28.056939,27.048381571172577,108.2529381039347,110.25268994607039,0.0004931712989696788,5.527944906419973,1.4503958123294032e-05,280.19485517685325,280.08595224844737,13.364162687435773,333.9741678267361,9.702949113781074,106.09575922568182,0.4653571647893869,330.52408135670487,334.7488679426744,325.99955748625734,8.74931045641705,2.695235730632797,334.2332763060147,334.5823744348915,334.72218697381345,11939485633.216122,11934725300.619055,330.5570349696554,147.94288353337853,5.1833102610096775,31.593717930496858,5.070130868800011,2.2488071376722716,295.13961700868145,7.615028607688146e-11,-2.3490558655160845e-05,105,8.798751309768704e-07,True,2.9238,2
PAR_144,GateA_converged_v1,GRAIL-CHT-1.0,parallel,0,515.5170261332279,328.20455242367234,302.61322434476426,3.2783695893216693,0.00386839968709734,0.000322366640591445,22.368856436620742,0.6822583075528494,1.1485579392629148,5.198875,3.54697565867882,28.056939,13.059842910935124,168.7995669778765,247.41298875983404,0.0004677130723040463,16.00564055167931,6.21025224693167e-05,334.52260687703443,290.5834878089119,18.157804439422343,336.8045652094188,8.600012785746458,139.06143869615354,0.510892799991572,334.1505256663503,337.9538521926723,330.1525018885536,7.801350304118671,2.3957728559044686,337.46554969792527,337.77398172876497,337.9219173649189,12471035127.927362,12467190473.44672,334.17628417182834,176.62793643107418,4.866349663729191,28.16322930118265,4.536952280943834,2.2560164304167265,302.60815432135064,7.465331464118207e-11,-1.8972613122128735e-05,81,8.075820687736268e-07,True,2.9238,2
PAR_145,GateA_converged_v1,GRAIL-CHT-1.0,parallel,0,877.2300704560305,299.17500443148873,301.09434278926784,0.007206435770659502,0.0036495972822383404,0.000304133106853195,31.152809300082232,0.42769990098601407,0.9136614138011007,5.198875,2.223558322738664,28.056939,5.132377440639268,104.39170493794991,244.07699112692472,0.0007135073495886537,77.76859302815984,0.0002846780799990689,569.2407333294113,288.3984827719268,5.727384455928506,317.81627879422086,18.641274362732133,284.37854297204933,0.6139731678895373,311.9401540449285,320.1629022160219,303.2489705762405,16.913931639781424,5.185499326108713,319.1128717236637,319.78021942979257,320.09472877472035,9484280104.44187,9468586023.056322,312.06933315839467,300.5591071979292,1.9365440043778015,12.683780681018355,1.560277070421866,2.8255155175751554,297.7345203080895,7.660588607905086e-11,-1.2486708015824997e-05,82,9.088284400604607e-07,True,2.9238,2
PAR_146,GateA_converged_v1,GRAIL-CHT-1.0,parallel,0,480.4133949351112,321.8543795061433,304.2278049965136,0.9426185645485928,0.004227786146869637,0.00035231551223913643,26.936690089729414,0.7085932103752396,1.8114825942703567,5.198875,3.683887526589574,28.056939,14.087510777006298,165.52604225754692,233.59812066205328,0.0005212741361831019,15.63080477349947,6.628254752841009e-05,311.7436148671582,292.9121818017305,9.281950545284653,329.5682852686372,7.713905762493937,136.32126958948626,0.5374209491853009,327.30274332125754,330.7322676611201,323.71263786912357,7.019629791996522,2.1517315057031334,330.28815533513756,330.560807042949,330.7031840490075,11479188108.495022,11476212508.9198,327.3239573590254,164.60062864985954,3.5849037588630153,21.37493087610503,3.3195577832599428,2.3211066225197485,303.3631588383271,7.458822892658644e-11,-2.0265933961016726e-05,77,7.890899382800853e-07,True,2.9238,2
PAR_147,GateA_converged_v1,GRAIL-CHT-1.0,parallel,0,690.5596278132505,293.582345160202,290.49415782175817,2.205166025483745,0.0030264634343190352,0.00025220528619325294,20.586813766899862,0.9666892278503977,1.1652403522489978,5.198875,5.025696459440737,28.056939,26.218874586608884,75.86916945292786,78.48351597093537,0.0008141222015950668,10.792527022332727,3.276147281543641e-05,448.1089764054128,273.30349261834124,14.079630896838232,310.77332315646385,17.190977996261836,217.47648115853477,0.5964543224540414,304.8858916334859,312.42605631676145,296.90136809108196,15.524688225679483,4.783793086444035,311.4894508595606,312.11405188805554,312.3700880825653,8653466240.009922,8640707675.132143,304.998375313675,236.601539542058,2.097333866984647,14.957369866654123,2.0703930522794356,2.5168407057687916,288.13387397126775,7.348177177846082e-11,-1.6230830556951376e-05,93,9.579044331076148e-07,True,2.9238,2
PAR_148,GateA_converged_v1,GRAIL-CHT-1.0,parallel,0,446.4428838510253,297.6234876439783,311.29564985328676,0.6293890807289575,0.0027373931489972384,0.00022811609574976987,22.83874422337759,0.6982700929684641,1.6747877925654509,5.198875,3.630218929581424,28.056939,13.68003381810461,71.9628815270169,103.0588052555574,0.0007763331443107211,15.852298122614378,4.352454591444973e-05,289.69991243111724,303.1786783195985,8.09167850677004,311.1739836620485,13.550496018070191,155.04888615528714,0.6577620656484975,306.4028902967126,312.3269082562132,300.08981705873305,12.23709119748014,3.7706623369495142,311.5989642701285,312.09038487599474,312.28808234604145,8821973272.660639,8813967214.22534,306.4724459304911,152.96155376362992,-0.1770156719777871,-1.206409674215469,-0.7038717867440064,0.8079859635639606,307.75405004942985,6.87956003275758e-11,-2.305070724188485e-05,101,8.894618304111646e-07,True,2.9238,2
PAR_149,GateA_converged_v1,GRAIL-CHT-1.0,parallel,0,587.4093169618583,297.3368989051134,305.31976601208487,1.041031681386562,0.002720069440805736,0.000226672453400478,26.316324770730905,0.6922315378278048,1.3594849837051812,5.198875,3.598825236224529,28.056939,13.444450341333827,73.77305928716983,106.57280874354089,0.0007524916667380572,16.605984879505804,4.5305348049373984e-05,381.1740176417685,294.49061503829097,9.655920389268935,314.4423230121335,17.1054241070201,194.48679499150333,0.6270690504885887,308.4181979526554,315.8963844914063,300.44318274014995,15.453201751256358,4.760071021808323,314.9748539951186,315.59660099649835,315.84769148703816,9061080242.900457,9048153948.933455,308.5282914120021,201.25988131485377,0.8477394969949608,5.479640607693114,0.4457400370683936,4.1400990089146195,302.2810871463411,6.716845746268518e-11,-1.6803351868606505e-05,101,8.524972372470074e-07,True,2.9238,2
