case_id,geometry_version,solver,arrangement,f_interdig,G_T_W_m2,T_in_K,T_amb_K,v_wind_m_s,mdot_total_kg_s,mdot_channel_kg_s,bridge_mm,g_ratio,lambda_G,Dh_in_mm,Dh_out_mm,A_in_mm2,A_out_mm2,Re_in,Re_out,mu_Pa_s,dp_channel_Pa,W_pump_W,q_abs_W_m2,T_sky_K,h_wind_W_m2K,T_out_K,dT_fluid_K,Qu_W,eta,T_plate_mean_K,T_plate_max_K,T_plate_min_K,plate_spread_K,plate_std_K,P90_K,P95_K,P99_K,R4_K4,mean_T_pow4_K4,T_R4_K,Q_solar_W,Q_rad_W,Q_conv_W,Q_rear_W,U_L_W_m2K,T_glass_mean_K,lateral_bridge_W,energy_error_pct,outer_iters,residual,converged,nu_cfd,nu_basis,dataset_rev,k_model,outer_cap,plate_nx,plate_ny
ALT_000,GateA_converged_v1,GRAIL-CHT-1.0,alternating,1,833.0998180592153,292.06544238494786,289.5494984747478,3.0065091853244392,0.003751271843434751,0.0003126059869528959,23.829625230697392,0.9381791981459208,1.926904166501923,5.198875,4.877476378760875,28.056939,24.69516240019809,90.2640429731253,96.21194240024705,0.0008481706741537048,14.304296693098399,5.382076772814127e-05,540.6043036373511,271.97144160341844,17.12473490423287,308.5564477962046,16.491005411256765,258.58418104516244,0.5878560485967833,311.27872707772366,316.0075116717386,299.53614833806563,16.47136333367297,3.939189950030448,315.5272464341,315.72203004721445,315.9121355123152,9397504135.72391,9388533652.300282,311.35305499802723,285.4390723205214,2.9926317834602076,20.736093870411146,3.1259641485539578,2.340696829863352,288.0546299363559,213.3170341626657,7.058351613051035e-05,345,9.910368703458516e-07,True,4.48,conjugate_3D_benchmark_H1_type,4,k(T)_cubic_273_373K,3000,110,120
ALT_001,GateA_converged_v1,GRAIL-CHT-1.0,alternating,1,484.5320756111663,326.79041688252545,287.06705190862976,3.33261531333765,0.0028023535364404407,0.00023352946137003672,20.21086700464004,0.6723063356073826,0.5626446050661631,5.198875,3.495236600530832,28.056939,12.681618838501977,120.04628716832521,178.5589110355053,0.0004764240626062337,15.514415912249639,4.360770140170574e-05,314.416255588615,268.4813368312973,18.36393819068307,335.8365220273608,9.046105144835337,105.96460822842093,0.41419455179312764,338.53669568735654,341.7973796918609,330.7514006699416,11.045979021919322,2.759231151660586,341.50670429375083,341.63213887080514,341.7444285379711,13140002968.483688,13134786070.058128,338.5703058382176,166.01178295078873,7.463681386002328,45.17886997509262,7.404416610035976,2.2095686185506263,287.93707593274326,112.94460140971367,0.00012454009781498048,401,9.949174000212224e-07,True,4.48,conjugate_3D_benchmark_H1_type,4,k(T)_cubic_273_373K,3000,110,120
ALT_002,GateA_converged_v1,GRAIL-CHT-1.0,alternating,1,419.95032765710994,290.3043677028324,297.28222061625,3.0624161357873176,0.002287071793785387,0.00019058931614878227,28.382706470356656,0.8240635844809214,1.4522044719395197,5.198875,4.284203567768251,28.056939,19.05292833666524,51.094116328753266,62.00263825629123,0.0009135417552390698,11.970354948480544,2.7459439482717334e-05,272.5087072689922,282.9387837388334,17.337181315991806,303.76583743480825,13.461469731975853,128.69111349843243,0.5803857110063154,308.5578336301051,313.6747472851308,296.66544717029217,17.009300114838652,4.369328189519264,313.29982431915977,313.45531859349796,313.6077803206388,9075393428.14886,9064551209.624609,308.65005970542035,143.8845974380279,1.7499927359388205,11.821189291747137,1.6221082983798238,2.552015374155442,295.31828860519687,149.40156592867814,0.0001345616786879811,604,9.881115943244367e-07,True,4.48,conjugate_3D_benchmark_H1_type,4,k(T)_cubic_273_373K,3000,110,120
ALT_003,GateA_converged_v1,GRAIL-CHT-1.0,alternating,1,882.516114248624,309.9996398235053,296.54320210335237,2.43910756139583,0.002390127427989617,0.0001991772856658014,24.91944925697403,0.6606925390638025,1.5280476574877842,5.198875,3.4348579240253265,28.056939,12.247264379472528,88.45107123966346,133.87629799028477,0.0005514897634942145,11.25955002422005,2.69927375523666e-05,572.6708841487317,281.88439678877205,14.968608733304155,334.73389766058676,24.734257837081486,247.11335732163,0.5303220129850298,343.666509569887,353.24987090953397,321.29209359555244,31.957777313981524,8.157933356428114,352.4873760448296,352.81696673007315,353.1165965203663,13995886154.705101,13949185451.234241,343.95379081421055,302.3702268305304,7.329526074833347,41.14798339818682,6.779153203878518,2.220836515412167,297.58141902279607,289.55330166284574,6.840356072367518e-05,672,9.98441919364268e-07,True,4.48,conjugate_3D_benchmark_H1_type,4,k(T)_cubic_273_373K,3000,110,120
ALT_004,GateA_converged_v1,GRAIL-CHT-1.0,alternating,1,475.1486762466718,302.63575277943465,311.734161120509,4.9430841329226505,0.0014730988373608993,0.0001227582364467416,27.529365867418345,0.7968689795538508,1.9054237368625886,5.198875,4.142822216078026,28.056939,17.81616105081785,46.45531349627546,58.29730443552309,0.000647166440838624,5.488715563565273,8.109749764586435e-06,308.32730205719906,303.81951963093314,24.483719705106072,324.3553436149116,21.719590835476936,133.73953475216726,0.5330848764961289,335.99259793445395,345.56863563599813,313.79926035031355,31.76937528568459,8.38665478977048,345.09620819574417,345.30225103304684,345.49187790327017,12791535441.638376,12744383721.245779,336.3029443626048,162.79681548620113,3.9763747229983797,21.590887926855928,3.4898157300424493,2.268601603847257,311.8111449705866,191.84674256777376,0.00012429858441039926,1070,9.901315252136556e-07,True,4.48,conjugate_3D_benchmark_H1_type,4,k(T)_cubic_273_373K,3000,110,120
ALT_005,GateA_converged_v1,GRAIL-CHT-1.0,alternating,1,602.7356684887246,315.60430496369514,284.3833122762884,3.6742844047716505,0.003590308016397938,0.0002991923346998282,20.987311756247063,0.5130161233668782,1.8617415602498641,5.198875,2.667106698368979,28.056939,7.384180720986087,129.27431535527842,251.98879619389515,0.0005668118998796844,26.29823443118251,9.470287050690755e-05,391.1193944320128,264.72517256773557,19.66228073813227,325.9623307897767,10.35802582608153,155.4479431980883,0.4884545559878711,327.99050297691355,331.19170510527863,320.14874119545254,11.042963909826085,2.6737173305451676,330.87005545958516,331.005270650908,331.1289105858025,11577574299.52498,11572976607.435074,328.02307399955396,206.5110402601028,5.983558663523841,38.806011456795034,6.273325079319257,2.217762931949517,284.52838396000317,137.6721421774933,9.77489513928219e-05,319,9.679356480774004e-07,True,4.48,conjugate_3D_benchmark_H1_type,4,k(T)_cubic_273_373K,3000,110,120
ALT_006,GateA_converged_v1,GRAIL-CHT-1.0,alternating,1,728.7408385376815,324.7919895324646,305.4446873685101,0.2335732121363339,0.0020068750396046104,0.00016723958663371753,20.352289447683003,0.6676807849631763,0.6991053871866466,5.198875,3.4711889409254337,28.056939,12.50771692834246,92.48287110245228,138.51360288517645,0.00044287230720849554,9.79553364525384,1.971756466626589e-05,472.8850313129712,294.6713694499947,6.587578206118069,347.43896967738834,22.64698014492376,189.97957535262313,0.4937417841522621,357.4870312628898,367.0393128094701,335.2171466306222,31.822166178847908,8.217236789730535,366.36123558571387,366.6434941380047,366.92202716025577,16383348311.959894,16332067463.542427,357.76731868391624,249.6832965332488,8.69098090080912,43.52572914314005,7.486805178084751,2.172754358225058,308.73890309148214,247.26614625574186,8.248793356066631e-05,825,9.86335805919225e-07,True,4.48,conjugate_3D_benchmark_H1_type,4,k(T)_cubic_273_373K,3000,110,120
ALT_007,GateA_converged_v1,GRAIL-CHT-1.0,alternating,1,874.7908753666511,320.13997790194884,301.64373464543695,4.08516320030322,0.004235471876394564,0.000352955989699547,30.967642103974345,0.3823835204628353,0.5324706569091636,5.198875,1.9879641249462232,28.056939,4.102405846890012,170.56109125403108,446.04718071423343,0.000506805516469231,120.74889623267875,0.0005129674564686021,567.6579225615474,289.18818225839686,21.223620161152233,334.71704895102954,14.5770710490807,258.0764372786924,0.5587405458530668,336.73804128429424,340.6178874027992,326.8320651792829,13.785822223516334,3.2632836826363443,340.2452479748681,340.38903959664907,340.5425771449419,12865074186.286472,12857860972.125908,336.7852585623128,299.723383112497,5.436952275062173,31.16112279077945,5.0486626274622015,2.247566597157622,301.83807665017383,198.53192680800367,6.944419837711459e-05,303,9.60290094553784e-07,True,4.48,conjugate_3D_benchmark_H1_type,4,k(T)_cubic_273_373K,3000,110,120
ALT_008,GateA_converged_v1,GRAIL-CHT-1.0,alternating,1,551.3601150513252,327.3107326896822,296.25551266708277,2.2553945248509737,0.0038415657189747494,0.00032013047658122914,33.13680713974689,0.8007489895717985,0.6410268919641401,5.198875,4.162993903160085,28.056939,17.990079667096687,165.50431557180568,206.6868865614296,0.0004737164233987527,12.983555097039023,5.0027261957076216e-05,357.78143817761026,281.4742938545409,14.2704991944337,336.04880969862165,8.738077008939456,140.3138098249275,0.4819823644958661,337.5458051429198,340.05729425209313,331.286330502937,8.770963749156124,2.1164406598569667,339.822928121338,339.91651750256796,340.0111833527112,12984732458.88021,12981678837.402018,337.5656532346994,188.90859935777823,6.229464105699306,36.42552267735959,5.940016386274167,2.228988479321592,296.74979590555824,117.12715479227992,-0.00011308986623245506,305,9.950824733095942e-07,True,4.48,conjugate_3D_benchmark_H1_type,4,k(T)_cubic_273_373K,3000,110,120
ALT_009,GateA_converged_v1,GRAIL-CHT-1.0,alternating,1,664.23833401132,292.46794144455544,311.34424210841786,3.090601604823307,0.0018414546183838584,0.0001534545515319882,26.378163573875806,0.9050876313544999,1.7020758506653522,5.198875,4.705437459458126,28.056939,22.983784868228888,49.74553346901537,54.96211830291967,0.0007554860070738726,6.661080758819634,1.2302986887418527e-05,431.0289046082836,303.2496689225302,17.444286098328565,318.9286434031224,26.460701958566972,203.6754400380386,0.5807387495034398,331.0366005694176,342.1941565471523,305.37945831928744,36.81469822786488,9.621969583507681,341.50455272038937,341.79171327725817,342.0737741837513,12069081563.134499,12008922835.034931,331.4504061821737,227.58326163317375,3.2257557352816666,17.848924966931325,2.832940260986897,2.299367301889072,311.0460869321075,269.3142507630338,8.815759727470577e-05,882,9.911855158861727e-07,True,4.48,conjugate_3D_benchmark_H1_type,4,k(T)_cubic_273_373K,3000,110,120
ALT_010,GateA_converged_v1,GRAIL-CHT-1.0,alternating,1,939.2449105405487,314.72828944652827,300.4743681037212,0.28098576792685104,0.002040957418356762,0.0001700797848630635,30.176335304290497,0.4072603995417007,1.8042564112225776,5.198875,2.117295909667359,28.056939,4.653552886336211,85.29855889627966,209.44476554132945,0.0004883281351980291,21.572890505414403,4.4161836421688746e-05,609.4825971641358,287.50819194956523,6.767745918122034,344.7584517619721,30.030162315443818,256.19338106804025,0.5166008688745946,357.6739561363468,370.0440284562531,329.00667536470195,41.037353091551154,10.657933085653676,369.25115324314703,369.5809249338123,369.9028840114417,16452390167.292803,16366253486.134085,358.1436456054841,321.8068113026637,9.426932245547126,47.95756568332337,8.228725684148598,2.172530687143538,303.9622411405784,327.59906709758735,6.420672188605469e-05,831,9.85617930382432e-07,True,4.48,conjugate_3D_benchmark_H1_type,4,k(T)_cubic_273_373K,3000,110,120
ALT_011,GateA_converged_v1,GRAIL-CHT-1.0,alternating,1,434.8821241620741,320.9100904278072,291.0778239157642,1.1652801234327317,0.004072181417403835,0.00033934845145031957,20.339255117031765,0.856707988038188,1.0130279055926943,5.198875,4.453917741312035,28.056939,20.592350447528943,154.94288983201048,180.85846285479462,0.0005363829483017868,12.313950403958122,5.029552658959951e-05,282.19805454363893,274.1275956726007,10.12806446904438,327.0903011673718,6.180210739564643,105.19780639645205,0.4581431579284619,328.04118875237236,329.80340363754976,323.61071515932116,6.192688478228604,1.4681287133892105,329.6181245036406,329.6938506008974,329.7664922234469,11581520768.926203,11580131952.162437,328.0510238867158,149.00057279904135,5.271911841496555,33.21351302135554,5.31754510941695,2.244378595403909,290.8425795237218,84.72130303968476,-0.0001366234209165681,314,9.655852863943437e-07,True,4.48,conjugate_3D_benchmark_H1_type,4,k(T)_cubic_273_373K,3000,110,120
ALT_012,GateA_converged_v1,GRAIL-CHT-1.0,alternating,1,857.3034172462809,311.29728731059436,285.3093332729495,4.527094762474661,0.003587817107497725,0.00029898475895814375,33.30602017031029,0.729045322617176,0.9296834865476368,5.198875,3.790215501621371,28.056939,14.912461789805983,125.91927093978924,172.7180286785954,0.0005815105428009786,17.037279689299904,6.131057526027454e-05,556.3101885750324,266.01923858215486,22.90296009740371,327.3600505968075,16.06276328621317,240.8944738920011,0.5321797682223631,330.42649252617815,335.1995104486922,318.6976086097385,16.5019018389537,4.025011928014637,334.76655354040435,334.9436218676492,335.1149040305086,11931193164.368107,11920636400.85274,330.4996236157376,293.73177956761714,6.290425109527315,40.05612179260288,6.4905489691832505,2.2180176310968767,285.5642697068029,209.98801114250497,7.142717172665794e-05,377,9.939763003785629e-07,True,4.48,conjugate_3D_benchmark_H1_type,4,k(T)_cubic_273_373K,3000,110,120
ALT_013,GateA_converged_v1,GRAIL-CHT-1.0,alternating,1,888.5517730810826,324.1227465461296,290.3728773971053,0.5669463751235433,0.0018944939391162964,0.00015787449492635802,30.411111120150004,0.9722093263379317,1.1786881563015223,5.198875,5.054394761465115,28.056939,26.519165506997766,89.74663692985504,92.31205101468022,0.0004308186881975693,3.5360743483572934,6.719229108553159e-06,576.5874654147259,273.1323554222001,7.854396225469465,351.8639274755712,27.74118092944161,219.6819863832789,0.46825000045572185,364.67765313766785,376.4335544463616,337.3635140309172,39.070040415444396,10.17407309097792,375.7245908010282,376.0187499088128,376.3085248856254,17767937622.854786,17686284429.8971,365.0978329773544,304.4381817389753,12.106600820749499,61.95991015827134,10.689475879485661,2.1603335137575526,295.28353381226293,291.7567369634811,6.848588724707696e-05,893,9.920051979861455e-07,True,4.48,conjugate_3D_benchmark_H1_type,4,k(T)_cubic_273_373K,3000,110,120
ALT_014,GateA_converged_v1,GRAIL-CHT-1.0,alternating,1,646.9750452546116,331.8155890653097,286.7166566650029,4.985774134418909,0.0019166059664500528,0.00015971716387083775,27.705656401626324,0.9898720703305586,0.8577232950183382,5.198875,5.146221159639784,28.056939,27.491499529514897,94.12770659738385,95.09077932257524,0.00041556106970318355,3.3483386929222863,6.4367561851057425e-06,419.82663569103414,267.98992269998433,24.645941710791853,349.18851038866114,17.37292132335142,139.1816466913512,0.407437049567138,357.1950412621846,364.5607584874035,340.05110408004555,24.50965440735797,6.372507400900077,364.0980798658362,364.28857667729966,364.4802112274062,16309630167.715185,16278773659.533817,357.36418738682386,221.66846364486605,11.156184227620527,61.191415128476045,10.139011721226728,2.2166375265527414,288.6616242144681,184.56457642108694,9.287572447294834e-05,827,9.849516118265456e-07,True,4.48,conjugate_3D_benchmark_H1_type,4,k(T)_cubic_273_373K,3000,110,120
ALT_015,GateA_converged_v1,GRAIL-CHT-1.0,alternating,1,641.1758263136524,330.89281848046704,303.7740273078725,4.701725738622171,0.0012767344342036106,0.00010639453618363422,33.86625759785724,0.8650362200405126,1.6170680577232628,5.198875,4.4972151784631205,28.056939,20.994661286680984,65.74332502324894,76.0006615909909,0.0003963404550272357,2.621467131019043,3.3569883192627486e-06,416.0634819257131,292.25707680558617,23.566557806764248,356.8972763763949,26.004457895927885,138.77928898505166,0.40993367448496426,371.9964175258248,383.5212640297126,344.9480668066948,38.573197223017814,10.222777469524047,383.0578849113031,383.28391931885005,383.4508986206106,19235165224.175224,19149393780.082043,372.4122690382923,219.68151845677653,12.426695442218293,58.66085800365609,9.814464647896928,2.2459476861557444,306.29718443077934,206.8600170171111,9.622018048904626e-05,1250,9.964720675270655e-07,True,4.48,conjugate_3D_benchmark_H1_type,4,k(T)_cubic_273_373K,3000,110,120
ALT_016,GateA_converged_v1,GRAIL-CHT-1.0,alternating,1,442.5428206356087,305.832052238647,292.4692619619114,4.167839372881797,0.0017752152251071546,0.00014793460209226288,22.50049661108444,0.813100691887475,1.7758041048522588,5.198875,4.227208859536497,28.056939,18.549360820947523,55.709939305825245,68.51542479505716,0.0006503360452660463,6.522734961115654,1.1614100714454598e-05,287.16913411019084,276.0955592778319,21.53778961695083,320.64432219637047,14.812269957723458,109.91296267591461,0.4703917456338346,327.63794303681067,333.97017259532186,312.9292086329386,21.040963962383273,5.472706966130187,333.5671326938925,333.73489080350805,333.90137768190596,11542453876.143282,11523297194.13694,327.77402706635894,151.62530281018078,5.058763321819037,31.59401452787368,5.05936212466407,2.24633514192463,292.2531465044167,147.66289789610963,0.00013200956943172155,843,9.933663704941864e-07,True,4.48,conjugate_3D_benchmark_H1_type,4,k(T)_cubic_273_373K,3000,110,120
ALT_017,GateA_converged_v1,GRAIL-CHT-1.0,alternating,1,931.5965195246023,328.1698452762267,288.0415165537854,4.402313844891903,0.003951260399433582,0.00032927169995279853,21.965495043440868,0.6061610860236604,0.573954648379831,5.198875,3.1513557161012575,28.056939,10.308996510501675,181.19193096544524,298.9171280427143,0.0004450576758311972,26.775937104222475,0.00010611705109091131,604.519502695151,269.84955796102264,22.428792610589227,343.39862374433136,15.228778468104679,251.52259364377375,0.5113464236758272,345.9446470022934,350.36969204920763,334.84630198954414,15.523390059663484,3.7017515743459413,349.91995905785103,350.10262496336924,350.27978359701575,14332543605.635738,14322751587.560192,346.0037597378952,319.1862974230397,8.731323262189925,50.60223272279766,8.329937209381216,2.2131956102331922,289.27094675437655,208.8766087268805,6.597554433682409e-05,341,9.771756026566436e-07,True,4.48,conjugate_3D_benchmark_H1_type,4,k(T)_cubic_273_373K,3000,110,120
ALT_018,GateA_converged_v1,GRAIL-CHT-1.0,alternating,1,854.4474224561814,297.9633716660752,303.11988818633796,0.5544396679637325,0.0033314333993990416,0.00027761944994992015,24.06222780866954,0.932491986717556,1.1102894745920222,5.198875,4.8479092774462345,28.056939,24.396667360570778,93.64760413795504,100.42724813925946,0.0007260289889075047,11.376842107145778,3.801523748789851e-05,554.4569135637731,291.31357696085917,7.806870738262184,317.3054704498171,19.342098783741903,269.34630011300743,0.5970239420109061,321.4390208939092,327.53919375416825,306.6282269729219,20.910966781246373,5.099189097968888,326.9453791105693,327.1955265409123,327.4219289767203,10691660584.929277,10675651453.091345,321.55946011014566,292.7532503616722,2.901916104864924,17.869443543438997,2.635388173357766,2.4199478149750946,301.4255267754634,247.09083591047923,6.914594554741587e-05,423,9.884972200779885e-07,True,4.48,conjugate_3D_benchmark_H1_type,4,k(T)_cubic_273_373K,3000,110,120
ALT_019,GateA_converged_v1,GRAIL-CHT-1.0,alternating,1,739.0229220561592,306.3072583328939,286.91081370228204,1.997329379786492,0.001520964024683455,0.0001267470020569546,31.994648889612314,0.8170667829732507,1.6491924824416198,5.198875,4.247828071330059,28.056939,18.730759949272183,54.50635732408952,66.70979467032618,0.0005694967892274224,4.921438088653464,7.5078538440810666e-06,479.557147282696,268.2621824514243,13.289851643188669,334.7188212798007,28.41156294690677,180.63019423200802,0.4629120834832881,349.6217859181302,362.02463083403836,320.7943141005076,41.23031673353074,10.854687933333853,361.4176166342865,361.68157905271573,361.9261712515894,15026812171.9331,14941491347.967445,350.11983448804585,253.20617376526351,9.570260709928398,53.983919752201984,9.021592733432685,2.1918733171391436,289.16064968716853,256.0544869434019,8.148999266586703e-05,1086,9.92879790828738e-07,True,4.48,conjugate_3D_benchmark_H1_type,4,k(T)_cubic_273_373K,3000,110,120
ALT_020,GateA_converged_v1,GRAIL-CHT-1.0,alternating,1,740.7045886655048,295.68314810912653,287.9219982084813,2.684940974452723,0.0038491279832270357,0.00032076066526891966,25.751871110368008,0.6300501947959543,1.2157414675819438,5.198875,3.275552206469817,28.056939,11.137573633323488,97.49916898810642,154.74825623961937,0.0008057140456083564,31.87698425869707,0.0001230677955175914,480.6483925171667,269.68162057205126,15.902775702920348,309.6324576820792,13.949309572952643,224.43539330410593,0.5738685020687567,311.84517230839396,315.78342136229116,302.0741312160774,13.709290146213789,3.294130789460028,315.3961273080497,315.5511217100445,315.70613507280905,9463360938.76993,9457059041.90447,311.89711036891725,253.78235124906405,3.2498743004532074,22.655300730850467,3.441584877325094,2.3233271434680463,286.47159384041913,182.43881303512848,7.803392488637104e-05,323,9.666389928497665e-07,True,4.48,conjugate_3D_benchmark_H1_type,4,k(T)_cubic_273_373K,3000,110,120
ALT_021,GateA_converged_v1,GRAIL-CHT-1.0,alternating,1,575.8091286642341,332.27796013766084,294.47440566283205,1.4149459569252847,0.004332089091958844,0.0003610074243299037,32.09088448750022,0.6764081104688351,0.91528275687836,5.198875,3.5165612153136654,28.056939,12.836833276339465,199.94311887586775,295.59538950129127,0.000442191524636235,18.66803185118825,8.111492191662275e-05,373.64657425412213,278.9397508211588,11.076794636316082,340.1605049338036,7.882544796142781,142.73816485207286,0.4694913991014466,341.20806406319673,343.29236436090906,335.85870947075375,7.43365489015531,1.751028961003378,343.0868122626289,343.16583635711737,343.2516621525017,13556438382.665781,13554301652.532875,341.22151046706125,197.28539120617648,7.058737512871809,40.765603435256345,6.723098337246099,2.2105939136440442,295.55123302628675,108.21156564608395,-0.00010793058184479505,283,9.74824388322304e-07,True,4.48,conjugate_3D_benchmark_H1_type,4,k(T)_cubic_273_373K,3000,110,120
ALT_022,GateA_converged_v1,GRAIL-CHT-1.0,alternating,1,481.30889358517777,293.4261382564862,285.901627169421,3.64468997088623,0.001590809109006416,0.00013256742575053467,21.690379866721738,0.5764008796456099,0.8464371531420695,5.198875,2.9966361231675704,28.056939,9.32158057157931,40.31408839029858,69.94105979693335,0.0008053426927397989,18.8807589221013,3.0126061462620772e-05,312.3247102096769,266.84804068226003,19.549821889367674,311.93222636717667,18.506088110690484,123.05775179118815,0.4842294147338494,321.24463793701557,329.2622384526926,302.6522019755469,26.610036477145684,6.980278607096591,328.8258622494058,329.0099686960235,329.18691614366185,10679750621.467093,10649851435.582033,321.4698724768639,164.9074469907094,4.811594034246572,31.953460780327397,5.084441172767932,2.2426155735267037,285.45726728742017,170.8382654753406,0.00012080241552075264,958,9.990005196414131e-07,True,4.48,conjugate_3D_benchmark_H1_type,4,k(T)_cubic_273_373K,3000,110,120
ALT_023,GateA_converged_v1,GRAIL-CHT-1.0,alternating,1,840.5578545131132,314.36622555450464,305.38920059074565,2.218798755709883,0.0016515560946089598,0.00013762967455074665,22.23381372332959,0.7580689848174975,1.93852390057473,5.198875,3.9411058934430683,28.056939,16.123441455386054,69.70299070082314,91.94808400927242,0.0004835722976560861,4.963070216907065,8.22145322437821e-06,545.4438756985406,294.59107853532447,14.131435271697555,346.35959938297486,31.993373828470226,220.86639941008346,0.49765470918430843,362.76259136299143,376.8975354316526,329.9199297863504,46.97760564530222,12.280502581310333,376.0606488836329,376.41643894150747,376.75466766643905,17435111056.07384,17317690843.542995,363.37594943270045,287.99436636882945,10.03769281814552,48.83633717134067,8.253728924848025,2.2159453946677474,308.0666662006256,310.16319282308444,7.22390560606491e-05,1031,9.943582881533075e-07,True,4.48,conjugate_3D_benchmark_H1_type,4,k(T)_cubic_273_373K,3000,110,120
ALT_024,GateA_converged_v1,GRAIL-CHT-1.0,alternating,1,663.4160035645798,310.5827117804662,298.916339551277,4.290005907723083,0.0031277797126653926,0.0002606483093887827,34.931395342996524,0.783806408221136,1.2722145457524183,5.198875,4.074911540540659,28.056939,17.236850212094293,107.02191554871173,136.54126124281132,0.0005964622129476439,12.06154819140672,3.7839383888082145e-05,430.49528862508066,285.27489932392865,22.002022449347713,325.235603757522,14.652891977055788,191.57365631723863,0.5469100723990982,328.80785450832497,333.5710828300937,317.39614316187414,16.174939668219565,4.04108574948231,333.17096111926304,333.3397399504257,333.49709324657306,11699306030.935162,11688767854.604187,328.8819398252413,227.3015123940426,4.464615425384378,26.962846466330976,4.3001896573953635,2.263732506769495,298.60989295128473,185.4699619169476,8.99807885505212e-05,440,9.825061511037347e-07,True,4.48,conjugate_3D_benchmark_H1_type,4,k(T)_cubic_273_373K,3000,110,120
ALT_025,GateA_converged_v1,GRAIL-CHT-1.0,alternating,1,421.5005918573323,298.6573392290255,310.43000087410496,1.8860925711040535,0.004410445175473992,0.000367537097956166,21.54457777508085,0.8089643779785041,1.6980640840407666,5.198875,4.205704680562996,28.056939,18.36111642743867,111.56661385554271,137.91288824649246,0.0008068033129963688,20.446923909016537,9.045139108104894e-05,273.51468456036594,301.91494185263116,12.867151770195402,306.53302290485743,7.875683675831908,145.19343307942225,0.6524013677862106,307.45383599399025,309.4931681110984,302.22668460920517,7.2664835018932195,1.6965219403396457,309.27452051674015,309.36366328026503,309.4496325520457,8937144772.995052,8935516555.7925,307.4678409879425,144.41575344787321,-0.0453046837102361,-0.3040258435930191,-0.42815071282143313,0.4948912944628907,307.7943401298808,105.74132839375335,-0.00013737519599470432,262,9.652777634983067e-07,True,4.48,conjugate_3D_benchmark_H1_type,4,k(T)_cubic_273_373K,3000,110,120
ALT_026,GateA_converged_v1,GRAIL-CHT-1.0,alternating,1,408.50907704273624,296.4790712363447,312.56910287978417,1.2345751946256387,0.0018717639114603098,0.0001559803259550258,30.58581891513459,0.6131362993740954,1.628735291461313,5.198875,3.1876189784085005,28.056939,10.547616831912851,49.55392832625061,80.82041199784858,0.0007708901176684681,13.913580467545762,2.6121301703461604e-05,265.08439965657084,305.04095162594473,10.391385739577427,312.9862986435499,16.50722740720522,129.15210401333465,0.5987780231757813,320.27650215440343,327.082531922335,304.5431665178179,22.539365404517127,5.88164685980765,326.68118646060066,326.84736126267325,327.0093548390357,10543180415.908142,10522048690.440815,320.4371862603797,139.9645630186694,1.4158009903762876,8.287675753183162,1.1087855096591472,2.656945790130986,310.99443640128067,167.29720029169883,0.00014057280779030976,803,9.8455120678409e-07,True,4.48,conjugate_3D_benchmark_H1_type,4,k(T)_cubic_273_373K,3000,110,120
ALT_027,GateA_converged_v1,GRAIL-CHT-1.0,alternating,1,533.7717249623478,328.4800653141074,305.64624468197803,1.6442984620085008,0.0032209435954548213,0.0002684119662879018,29.379524285696817,0.5079446953905744,1.335486918080236,5.198875,2.6407409782486724,28.056939,7.2389094870090265,143.15421995086274,281.83032769106296,0.0004591963864662897,23.37409228120477,7.551317234976579e-05,346.3682087301421,294.9630898616225,11.948334155632303,338.931044726116,10.450979412008621,140.70722354995854,0.4992601541640325,341.42882151697546,344.8576845632358,333.1607816320504,11.696902931185434,2.8941209097785734,344.54945308824813,344.67702306495653,344.79995442972984,13595250663.534313,13589413580.729198,341.46547923143373,182.88241420951505,5.70268895235705,31.32461431558115,5.147677093045104,2.2322946557307257,306.34574896110695,135.33561027693537,0.00011499114013223249,384,9.931612225955178e-07,True,4.48,conjugate_3D_benchmark_H1_type,4,k(T)_cubic_273_373K,3000,110,120
ALT_028,GateA_converged_v1,GRAIL-CHT-1.0,alternating,1,774.0704827830687,292.8302858882695,287.7378441888248,0.8734692354637669,0.0043438929660902705,0.00036199108050752256,28.640103531612404,0.5047817753499757,1.6718012767768196,5.198875,2.6242973523226047,28.056939,7.14903826175152,102.47847871333926,203.01540926727952,0.0008650992649408608,53.24168750637376,0.000231972108186272,502.2997547713127,269.4229306516038,9.019183094762314,306.021194661338,13.190908773068486,239.51356459310327,0.5860243807964098,307.58048598421004,310.9510998094959,299.03181643854566,11.919283370950211,2.8146864380743586,310.61291160957774,310.743198387588,310.8834723579152,8954727321.97809,8950248946.91126,307.61895425480117,265.2142705192531,2.7940482029559512,20.051892473291403,2.8545600029481886,2.4530795802052503,285.12268358525006,174.56173450102364,7.738910650767508e-05,267,9.929350426318706e-07,True,4.48,conjugate_3D_benchmark_H1_type,4,k(T)_cubic_273_373K,3000,110,120
ALT_029,GateA_converged_v1,GRAIL-CHT-1.0,alternating,1,524.0092100598043,326.54134128328894,294.71308538018474,4.844737563251959,0.001014528745999696,8.454406216664134e-05,36.72028606042984,0.9117852116737594,1.3510623911215758,5.198875,4.740257342340416,28.056939,23.32519998938327,48.14193968218798,52.79964959490194,0.0004300909157746077,2.107181804649942,2.14422920146929e-06,340.0332444722774,279.27895220061794,24.110002740357444,349.67778681353155,23.13644553024261,98.11542231547296,0.3546209873965129,363.81091841937854,373.7881068676008,340.23916767550077,33.54893919210002,8.94189508972968,373.44709121512074,373.65264799065153,373.74530171718595,17581573778.093758,17518741910.69437,364.1366872360904,179.53755308136246,11.692271553945877,59.789241510446914,9.940405744256642,2.2317426497084556,296.8479136449513,149.0008358982187,0.00011805732919928732,1457,9.932459192896204e-07,True,4.48,conjugate_3D_benchmark_H1_type,4,k(T)_cubic_273_373K,3000,110,120
ALT_030,GateA_converged_v1,GRAIL-CHT-1.0,alternating,1,850.1571477206317,305.2806660151805,306.4101430036952,1.9029389276206157,0.002573002238258382,0.0002144168531881985,30.026066320708033,0.6171630365983197,1.1913618613072217,5.198875,3.20855348189509,28.056939,10.686613492691576,86.83345681858921,140.6977600233449,0.0006047453957602698,16.866901551923778,4.352916293438682e-05,551.6729242559518,296.06957754500706,12.93116792495834,329.0140806985449,23.7334146833644,255.25641964556976,0.5686480317419295,336.6727702037121,345.3869283618178,316.23900487350454,29.147923488313268,7.408498821985163,344.69144903599386,344.98443779984325,345.2620612101931,12884884252.764929,12847894738.468985,336.91483203406494,291.28330400714253,4.821499299763142,26.851604128653307,4.353577818926854,2.254686451454015,306.5993983052934,282.3988274852262,6.973081761664264e-05,607,9.812363259698031e-07,True,4.48,conjugate_3D_benchmark_H1_type,4,k(T)_cubic_273_373K,3000,110,120
ALT_031,GateA_converged_v1,GRAIL-CHT-1.0,alternating,1,542.6066359886486,322.4070601926028,306.85082459930993,4.480982479310116,0.0013349104657197817,0.00011124253880998181,23.676514265123775,0.6881033543242737,1.4122110122696674,5.198875,3.5773633262126086,28.056939,13.284574166740319,59.29848058806566,86.17670618143917,0.0004594392237195687,4.972286181820599,6.657529451019228e-06,352.1012443394859,296.70852170471807,22.72773342137844,344.93452800809627,22.52746781549348,125.70159767182338,0.4387546924818059,357.77040823691044,367.8436297261127,334.0995754855792,33.7440542405335,8.881322496282822,367.372541296231,367.5793568964356,367.7683872359184,16443859202.386045,16383914242.67364,358.09721002506336,185.90945701124858,8.809834379443378,44.072531009231454,7.3252850259320725,2.2394141601640296,308.40987062452757,185.99098881868423,0.00011237987655378076,1188,9.970385121960135e-07,True,4.48,conjugate_3D_benchmark_H1_type,4,k(T)_cubic_273_373K,3000,110,120
ALT_032,GateA_converged_v1,GRAIL-CHT-1.0,alternating,1,412.81067601091894,329.7280985667402,307.2950056532993,1.3739993882014443,0.0034573680040505886,0.00028811400033754907,24.32794892888765,0.4488959135365547,0.9705208258507926,5.198875,2.333753742487356,28.056939,5.653684791202711,152.81706445571618,340.42872712244446,0.0004617354858526651,40.67178123444073,0.0001410404364169514,267.87573733821733,297.35300418149967,10.921197675165487,336.95912876141693,7.231030194676748,104.5013895632482,0.4794432651979373,338.4786239312789,340.7661295944325,332.8916348379309,7.874494756501633,1.9221165454988678,340.5500899800756,340.64115523488084,340.72416162940584,13128309286.583197,13125775952.550024,338.4949547250938,141.43838931457876,4.961168937982448,27.489969321358384,4.4860714818843705,2.2433714490526113,307.6902931143821,95.50872753229004,-0.0001484673967637544,369,9.919511967382277e-07,True,4.48,conjugate_3D_benchmark_H1_type,4,k(T)_cubic_273_373K,3000,110,120
ALT_033,GateA_converged_v1,GRAIL-CHT-1.0,alternating,1,829.0544753828651,291.82627592162214,298.6826178963398,2.823196513764824,0.002151273215328523,0.00017927276794404358,26.562236360125908,0.6200758348768931,0.7400631040593887,5.198875,3.223696756045608,28.056939,10.787725854152129,57.92155513685135,93.41043769001388,0.0007580098573690032,21.20638139153082,4.575799426443476e-05,537.9792524572688,284.94038154500583,16.42814675230633,319.2496514302028,27.423375508580648,246.59982399901403,0.5633467221735556,330.0001046599706,340.9193606596624,304.8453382354855,36.07402242417692,9.341631293007,340.1664786341366,340.4777715614544,340.78482113864465,11915594918.046368,11859225044.66861,330.39155094075846,284.0530452974379,4.746548464652321,28.201141542671664,4.5053297857299786,2.2650007576403377,298.4152722041808,301.35726811293574,7.09393450397193e-05,748,9.928056670105434e-07,True,4.48,conjugate_3D_benchmark_H1_type,4,k(T)_cubic_273_373K,3000,110,120
ALT_034,GateA_converged_v1,GRAIL-CHT-1.0,alternating,1,648.1786574243745,315.06896520412084,283.65089960658884,0.48103562906764297,0.0028663792839233333,0.00023886494032694444,22.467043912510267,0.8369267388620002,1.2616291811870377,5.198875,4.351077499501182,28.056939,19.65238096986744,105.34748682328775,125.87420371648368,0.0005553016628350244,9.081454361254783,2.610922030992569e-05,420.60766805327853,263.70315489907034,7.527935390457044,328.86334325196583,13.794378047844987,165.27686338856958,0.48292914136080334,332.7735527633648,337.65602742641306,321.1462678483322,16.50975957808089,4.110696073143551,337.20823045988084,337.40175266557463,337.5744269803142,12274125522.520931,12262957226.611874,332.849293973857,222.08084873213107,6.796308756566702,42.94069570064044,7.066778828444142,2.190095580374551,284.68065279378095,172.14033052296358,9.098394181908871e-05,493,9.797684015211416e-07,True,4.48,conjugate_3D_benchmark_H1_type,4,k(T)_cubic_273_373K,3000,110,120
ALT_035,GateA_converged_v1,GRAIL-CHT-1.0,alternating,1,777.928354023067,327.009682742087,304.33671808611285,3.5831041509768413,0.001289013111125129,0.00010741775926042742,27.720357440741786,0.4964095834602711,0.7597024038798685,5.198875,2.580771373212017,28.056939,6.913860336712068,66.0373675259175,133.03000128562715,0.0003983704162000908,11.63098816994071,1.5037609073615692e-05,504.8031544240463,293.06948904923297,19.315795773711997,360.0373181007649,33.027635358677855,177.95536992840584,0.433249005165419,379.18422237259324,393.89285803714097,344.5999670948394,49.29289094230154,13.034861612914396,393.2689128247922,393.5559900253263,393.79575379802816,20817349331.225483,20672882358.613342,379.84495055925385,266.53606553589646,14.099845417173382,63.7130863408246,10.767552741206538,2.241443726853617,307.8265734536206,265.22114065147684,7.920439797203638e-05,1270,9.942066299117869e-07,True,4.48,conjugate_3D_benchmark_H1_type,4,k(T)_cubic_273_373K,3000,110,120
ALT_036,GateA_converged_v1,GRAIL-CHT-1.0,alternating,1,721.7222206335316,299.7673309231766,295.2715434436647,2.7956692328925214,0.0034287722670498116,0.00028573102225415095,32.868052273629424,0.7563880390076596,0.7762977237580619,5.198875,3.932366866295947,28.056939,16.052016339349656,95.95630813187559,126.86121829446837,0.0007292637187047774,19.665188796142683,6.763034500552929e-05,468.330601024643,280.0731455340344,16.32354308499158,315.06419966752975,15.296868744353162,219.23882357155784,0.575325288278661,318.1150185055923,322.72067136625355,306.8643561109335,15.856315255320055,3.8844337678380465,322.3082526979879,322.47747119872366,322.6406376176562,10249979754.58481,10240866203.797047,318.1857691216794,247.27855734101152,3.299206555761802,21.454067561464846,3.286259506800558,2.3247582181596456,294.0868021868047,194.5642686368756,8.093925677085793e-05,386,9.713844519865233e-07,True,4.48,conjugate_3D_benchmark_H1_type,4,k(T)_cubic_273_373K,3000,110,120
ALT_037,GateA_converged_v1,GRAIL-CHT-1.0,alternating,1,897.5503011312926,307.73504501989765,297.14675672344185,1.0470198756190778,0.001815191805281359,0.00015126598377344659,23.04639837726351,0.7831511504405185,1.12796701009407,5.198875,4.07150493724645,28.056939,17.208042437640287,68.6218553044858,87.6227472383669,0.0005398580275014971,6.521970189304399,1.187424959068672e-05,582.4266732562037,282.74541383738153,9.678675527352496,339.50057316460646,31.76552814470881,241.02100026300698,0.5085833814432787,354.5984956941913,368.2737265523161,322.8831758040413,45.39055074827479,11.812501185151236,367.40294327902984,367.762470587598,368.1235676319081,15914410209.678883,15810571025.01443,355.1792918888348,307.52128347927555,9.328869508160544,48.906207983127004,8.265000087027827,2.1922313988710034,299.82431632780737,325.2441831551578,6.686950277447875e-05,940,9.89275804386125e-07,True,4.48,conjugate_3D_benchmark_H1_type,4,k(T)_cubic_273_373K,3000,110,120
ALT_038,GateA_converged_v1,GRAIL-CHT-1.0,alternating,1,509.2857061209411,326.3963026081709,306.3473805418597,0.3606541378373432,0.0027766647716522073,0.00023138873097101726,31.59571397665398,0.4337701938054675,0.8227371734645809,5.198875,2.2551170163203995,28.056939,5.279097716520414,120.49461195027193,277.78444363171263,0.00047030036950322293,40.0921737451218,0.00011165749895390093,330.4790597018215,295.9786156215591,7.070485723781904,337.89756836305247,11.501265754881558,133.48896650513632,0.496420789513178,341.31305014850005,345.36954412216596,331.6209964357795,13.748547686386473,3.456596590955433,345.04716364153137,345.1809711472735,345.311004807837,13579307015.22989,13570991410.16912,341.36532290634716,174.49294352256175,5.559271021609633,30.41434360671132,5.030156919862843,2.2210084421417546,307.2494663883445,141.60409429819617,0.0001177521781021953,491,9.799078384276072e-07,True,4.48,conjugate_3D_benchmark_H1_type,4,k(T)_cubic_273_373K,3000,110,120
ALT_039,GateA_converged_v1,GRAIL-CHT-1.0,alternating,1,911.2767113616077,304.4841084243859,290.4213121530768,3.9748200956011197,0.00254499635520968,0.00021208302960080668,33.702028953511395,0.7163572621824095,0.897854825543216,5.198875,3.7242518614285745,28.056939,14.397915615493655,85.04475756158185,118.71835751687611,0.0006107438666905065,13.34686081274906,3.406992188760007e-05,591.3338369395267,273.2006967773528,20.804316363284254,328.7282661865302,24.24415776214431,257.91140532430444,0.5360266147481291,336.6790481342148,345.55803921291135,315.884762181932,29.673277030979364,7.578944800924584,344.9111471181975,345.1777427658669,345.4370720957754,12887559832.200418,12848853063.032038,336.9323209806449,312.2242659040701,6.8162820858952715,40.84174261445674,6.654632196676712,2.2237419118717887,290.936942420933,287.2394873262436,6.523603676872937e-05,615,9.833680678639212e-07,True,4.48,conjugate_3D_benchmark_H1_type,4,k(T)_cubic_273_373K,3000,110,120
ALT_040,GateA_converged_v1,GRAIL-CHT-1.0,alternating,1,978.1818278723043,307.36132531735495,291.6226272516569,3.7136140900761077,0.0029165425852604376,0.0002430452154383698,36.99179327542463,0.3578468699139378,1.769066633281616,5.198875,1.8604011458238239,28.056939,3.592813993075868,101.62786845111451,283.9982042474089,0.0005856997010663436,50.57216212343188,0.00014793968351222065,634.7490353791333,274.8975726830812,19.811733542289208,330.4886970336224,23.12737171626742,281.9492115917823,0.5459053763913714,336.9006985465031,344.7937502827302,318.29462737640824,26.49912290632193,6.718580709444841,344.18534226403784,344.4369066237598,344.68048605490685,12913209257.638819,12882722318.943876,337.0998406285239,335.1474906801824,6.7064833461362365,39.97789251569593,6.513697755656889,2.225234281716668,292.12609127987093,289.5373320506917,6.130760837320349e-05,523,9.821600883697101e-07,True,4.48,conjugate_3D_benchmark_H1_type,4,k(T)_cubic_273_373K,3000,110,120
ALT_041,GateA_converged_v1,GRAIL-CHT-1.0,alternating,1,923.1339815959126,310.84368599832607,308.9976325984736,3.142215523225316,0.0030071379514563608,0.00025059482928803004,23.942064644954225,0.7007078303881513,0.5915372220969815,5.198875,3.6428924217092007,28.056939,13.775717542827623,110.59019309290656,157.82639824596515,0.0005549530369376406,17.118292544779028,5.163196306473169e-05,599.0281025954587,299.82773628898383,17.6404189882562,333.16152593829275,22.31783993996669,280.53160213804995,0.5755500968728914,339.0742005172519,346.7170608935549,320.78397268151616,25.93308821203874,6.437448494872723,346.02930434257746,346.32555775862016,346.58800655232466,13246760469.014986,13218402917.892897,339.25590908429376,316.2868381704022,4.872411981577363,26.555808634278275,4.326811353660888,2.251528506980793,309.3321148937833,283.1396827146405,6.451828248217901e-05,504,9.776057936505822e-07,True,4.48,conjugate_3D_benchmark_H1_type,4,k(T)_cubic_273_373K,3000,110,120
ALT_042,GateA_converged_v1,GRAIL-CHT-1.0,alternating,1,945.0807838995427,316.9883043035671,290.75384461665925,2.2984434467965404,0.0032735088278597196,0.0002727924023216433,25.20515222680213,0.5355046623692137,1.468434836621316,5.198875,2.784021801574746,28.056939,8.045754941931678,130.23281963993458,243.1964253378304,0.0005129943359632419,22.465316791655,7.376169793194366e-05,613.2695362379004,273.6700533496607,14.434085097826852,336.38010055049256,19.39179624692548,265.3431237258963,0.5317469188843729,340.8512311284991,347.1823399598605,325.5908855766336,21.591454383226903,5.320064308613466,346.5929647965458,346.84319307743544,347.07134757688584,13517288087.826454,13497690571.167038,340.9748856855617,323.8063151336114,7.464069630633663,43.79190947943945,7.207003848761336,2.210209933332994,291.80498519074774,252.2574906314147,6.437455692163141e-05,446,9.89127954653668e-07,True,4.48,conjugate_3D_benchmark_H1_type,4,k(T)_cubic_273_373K,3000,110,120
ALT_043,GateA_converged_v1,GRAIL-CHT-1.0,alternating,1,623.6177753792288,301.6694788206025,297.46236950498917,1.572673311399337,0.0041054448502160995,0.00034212040418467494,34.257158420830166,0.38722830010723774,1.1852093849312113,5.198875,2.0131515287200155,28.056939,4.20701894073423,114.52324906440354,295.75123779095657,0.0007316208251823671,97.29708275339544,0.00040064975660077936,404.6699397680091,283.1960081459901,11.67615858331748,312.8453223687234,11.175843548120895,191.78596304727668,0.5824577248442886,314.41689466876767,317.38096248028637,306.95310792428,10.427854556006366,2.49725385751783,317.10355323017444,317.21013515845715,317.3254787346536,9776586798.296581,9772900931.96666,314.4465361944648,213.66572819750883,2.5613488882872084,16.879133094047315,2.4390759003045885,2.444123250157233,295.5125325893894,147.976447188646,9.70055398124733e-05,267,9.917367833622848e-07,True,4.48,conjugate_3D_benchmark_H1_type,4,k(T)_cubic_273_373K,3000,110,120
ALT_044,GateA_converged_v1,GRAIL-CHT-1.0,alternating,1,425.17913013078527,321.2444889961351,304.16353842488115,0.8537803208435086,0.0033436026777931872,0.0002786335564827656,29.287591639481306,0.5218412470951989,1.5991287240233685,5.198875,2.712987413492052,28.056939,7.640417571709593,130.0041291832704,249.12582113225307,0.0005249005343356702,23.734612249645444,7.959790679468154e-05,275.9017137957774,292.8193723975928,8.944365219205332,329.34196843217575,8.097479436040658,113.17247140951298,0.5041211732241532,331.12408352567815,333.7000485762377,324.883945961428,8.816102614809665,2.1698218725039884,333.46481446872565,333.56090617128257,333.65546989307234,12024710737.5444,12021622247.678469,331.1453488516866,145.67610488417048,4.183202253487015,24.442093795324567,3.878540695136389,2.2833333544877488,303.7493250881199,105.05283695274828,-0.00013953509440011927,363,9.694632581158658e-07,True,4.48,conjugate_3D_benchmark_H1_type,4,k(T)_cubic_273_373K,3000,110,120
ALT_045,GateA_converged_v1,GRAIL-CHT-1.0,alternating,1,863.0301908295787,301.98425961745545,297.7903279079319,3.533268021844867,0.0011641790969613825,9.701492474678188e-05,33.76032114302455,0.4896082080568295,0.5237902606726941,5.198875,2.54541187266145,28.056939,6.725702727668915,43.949329067485415,89.76428161184779,0.0005406136969332659,17.889375524032946,2.0889104355839253e-05,560.0263320406493,283.66448137961993,19.126418483010493,345.08612599112416,43.10186637366871,209.7452600259959,0.4602907463450934,370.7214651008616,389.70740382424424,326.3104181036194,63.396985720624855,16.893347362188056,388.981047538842,389.3870582182433,389.60776059555906,19119140520.426083,18888215591.54072,371.84940532879904,295.69390331746285,13.020935938651265,62.43563066326837,10.491864407333187,2.2319893484553384,300.7945463345767,316.00482176744543,7.179120427008285e-05,1406,9.99810424673342e-07,True,4.48,conjugate_3D_benchmark_H1_type,4,k(T)_cubic_273_373K,3000,110,120
ALT_046,GateA_converged_v1,GRAIL-CHT-1.0,alternating,1,557.5515560772545,300.1845732762989,310.0564934816611,2.4742335106668594,0.004464986127505153,0.0003720821772920961,31.298542106128934,0.593770270286919,1.9987451679949064,5.198875,3.086937413937906,28.056939,9.891842340824622,119.38349535422891,201.06007546747153,0.0007633001026311234,32.02225242997186,0.00014340914029216902,361.79910759942294,301.37021259671485,15.102087340534066,310.22466606425826,10.040092787959338,187.38469757149045,0.6365245629462306,311.34986963772997,313.85056449957955,304.89633925460174,8.954225244977806,2.0948215850679595,313.59884076616527,313.6957199783271,313.79979810579374,9399663990.6885,9397119569.371155,311.3709432447524,191.0299288124953,0.4758279996661083,2.983538585354196,0.18606493439496563,5.337849329418249,308.0083536143021,133.3858882110493,-0.00010484137833801686,224,9.55839595917496e-07,True,4.48,conjugate_3D_benchmark_H1_type,4,k(T)_cubic_273_373K,3000,110,120
ALT_047,GateA_converged_v1,GRAIL-CHT-1.0,alternating,1,588.3968017441084,309.8345946600553,291.44483805960346,0.7202051941766018,0.0017598300760551546,0.00014665250633792956,26.24918412926116,0.7062301066083121,0.9043748749366921,5.198875,3.6716020454932887,28.056939,13.993705927939248,62.236508525548544,88.124972219665,0.0005770919443482112,8.991846625501502,1.5871737342861177e-05,381.81480342936413,274.6462219836867,8.436779737871086,329.68460379696734,19.850009136912036,146.018448112469,0.4700061086368226,339.25535910984814,347.7994124877648,319.5031668898604,28.29624559790443,7.409956201919128,347.30979967190115,347.51521090684906,347.7140353389079,13284251702.107027,13246674570.885174,339.49569686911315,201.59821621070427,7.086006054421814,41.61554271316354,6.8780156653274505,2.2017060260991457,292.64660952561013,198.48913720777352,0.00010102535938854239,910,9.932876423590642e-07,True,4.48,conjugate_3D_benchmark_H1_type,4,k(T)_cubic_273_373K,3000,110,120
ALT_048,GateA_converged_v1,GRAIL-CHT-1.0,alternating,1,445.1665721547005,303.2963651146308,292.68545440730384,4.827817380207294,0.0030704416866582634,0.0002558701405548553,34.495692274508535,0.6411486573233709,1.449668791998859,5.198875,3.3332517258420404,28.056939,11.533410827928959,87.23945872993592,136.06744353819283,0.0007183025173084196,20.392877983118645,6.280355333029386e-05,288.8717048371902,276.40174942064016,24.045706044787714,313.0296721573411,9.733307042710294,124.92160607666537,0.5314728591538455,315.3974719277532,318.5473184543082,307.84665637525364,10.700662079054553,2.674671043983866,318.28609981049283,318.3960304905478,318.49922909087246,9899642533.083138,9895388091.439796,315.43136710796614,152.52426015403643,3.1687153356311213,21.166392647692255,3.267348041086504,2.301766185559923,291.6914469620884,120.71487970048376,0.00012985013726793588,360,9.737256618791434e-07,True,4.48,conjugate_3D_benchmark_H1_type,4,k(T)_cubic_273_373K,3000,110,120
ALT_049,GateA_converged_v1,GRAIL-CHT-1.0,alternating,1,505.0827965899125,323.81834502149036,299.335071835944,4.3036154145363215,0.002227814446337938,0.00018565120386149483,24.8563718704958,0.5621516797847197,0.9933728823728836,5.198875,2.9225563142407847,28.056939,8.866399860620552,94.07567850354823,167.3492793609996,0.0004833048502927986,15.657969132503498,3.498801387533079e-05,327.7517622867703,285.87454353133757,22.05373857523802,336.9777636591771,13.15941863768677,122.54398551614969,0.459510565844542,342.12052415227504,347.37696169024633,329.8347045186671,17.54225717157925,4.505173227136702,346.996069829584,347.1535607624314,347.3107354442877,13714047792.802969,13699872170.702717,342.20899013424764,173.05293048741473,6.694146374843168,37.65948331624367,6.1551098966393605,2.235827260166245,299.9424985175552,149.43979846846395,0.0001186824968837281,660,9.931559930009826e-07,True,4.48,conjugate_3D_benchmark_H1_type,4,k(T)_cubic_273_373K,3000,110,120
ALT_050,GateA_converged_v1,GRAIL-CHT-1.0,alternating,1,813.60303068945,320.6877453785677,284.6842950955919,2.184816863883737,0.003037252345544624,0.00025310436212871865,24.596733812822805,0.5173767316928177,1.3720216647113257,5.198875,2.689776955979498,28.056939,7.510244466422677,125.56817898515459,242.70163556506483,0.0004936518593202745,22.410634460866564,6.827156678175541e-05,527.9527018355989,265.1455495928042,14.0023040827582,337.43557402710525,16.747828648537563,212.6256561143997,0.4949589555191587,341.8033545571704,347.53637687115076,328.08102354306146,19.455353328089302,4.832979555056071,347.0207297559625,347.24293456281407,347.4396138463124,13665414505.819706,13649139824.58362,341.90519714846107,278.75902656919624,8.283426944135782,49.63259558958312,8.217140853843429,2.1928336485053417,286.2156325612031,213.53508191411896,7.428180416328364e-05,479,9.869233394965704e-07,True,4.48,conjugate_3D_benchmark_H1_type,4,k(T)_cubic_273_373K,3000,110,120
ALT_051,GateA_converged_v1,GRAIL-CHT-1.0,alternating,1,992.1226315517079,289.4104568102605,294.83928731718356,4.249013025426163,0.0041995516635108514,0.00034996263862590427,32.748052710190095,0.8961414622365942,1.8506267088702892,5.198875,4.658927444485275,28.056939,22.531672544925772,97.12334943428844,108.37948418532885,0.0008824676103014627,17.8737405586246,7.528755957485789e-05,643.795320472324,279.45836051035474,21.846249496619418,307.6798856734661,18.269428863205633,320.70385536276984,0.61221631897441,309.97350597036154,314.64902850523225,298.0944101424915,16.55461836274077,3.916393873176253,314.19209629964564,314.366649911112,314.5576966693443,9240845466.56979,9232053270.16402,310.04728086889185,339.9239292093871,2.1878552617721896,14.854806100769435,2.1772068300543332,2.405254995102688,293.3363581036303,237.7425151159694,6.050001298025964e-05,301,9.925759627549269e-07,True,4.48,conjugate_3D_benchmark_H1_type,4,k(T)_cubic_273_373K,3000,110,120
ALT_052,GateA_converged_v1,GRAIL-CHT-1.0,alternating,1,904.6212533037924,289.75481160261467,289.04974368376395,2.934315161800085,0.0032055742948291256,0.00026713119123576045,22.827932107674986,0.8603523291488546,1.65218165234625,5.198875,4.472864215203751,28.056939,20.767918244463594,76.83579759386285,89.30736279853673,0.0008514550783712527,14.225282688684057,4.573741276180879e-05,587.015063617604,271.26762222216706,16.850397614840322,310.51930077961975,20.76448917700509,278.2296312994521,0.5825090416069447,315.1724167030925,321.8394783133086,299.1285025123837,22.71097580092487,5.569822320583729,321.19411268956753,321.46917339556353,321.71481150232717,9885524983.885447,9867174469.416862,315.31885038759845,309.94395359009496,3.5930124851352545,24.36310867237406,3.758004520769571,2.299343726956878,287.8861203538903,260.6133617132916,6.343481191335936e-05,441,9.749049354468298e-07,True,4.48,conjugate_3D_benchmark_H1_type,4,k(T)_cubic_273_373K,3000,110,120
ALT_053,GateA_converged_v1,GRAIL-CHT-1.0,alternating,1,757.9965837759712,313.56765729185474,307.87759054425794,2.5447388010128065,0.0038208860368233173,0.00031840716973527644,32.316199110187256,0.9255393370406811,0.9640894742765107,5.198875,4.811763320857371,28.056939,24.034221064136116,137.71315491847724,148.79233049002673,0.0005662499200505567,10.437128122172268,3.999907432953259e-05,491.86928918831404,298.19900937752493,15.370007443848664,328.11265304786315,14.544995756008404,232.30254357330935,0.5804339333485006,330.5333474776997,334.67303083307127,320.201657976647,14.471372856424239,3.4773378232695387,334.2798557094383,334.4347734255767,334.59530227151794,11943953140.790396,11936063699.428303,330.58795252616363,259.70698469142985,3.5771669452591768,20.56780984675724,3.259254399974073,2.2909122284009324,307.4977257809891,191.8100496707762,8.083191534635955e-05,340,9.888631780086143e-07,True,4.48,conjugate_3D_benchmark_H1_type,4,k(T)_cubic_273_373K,3000,110,120
ALT_054,GateA_converged_v1,GRAIL-CHT-1.0,alternating,1,682.4552492307023,325.81844378980793,304.55202246175054,1.3541067919116747,0.0012400006871916907,0.00010333339059930756,21.74136584354759,0.8829246737401965,1.2993397534505677,5.198875,4.590215013191065,28.056939,21.871954563895216,61.06919695327408,69.16693889024094,0.0004143994914237353,2.6408161964334047,3.284467300225044e-06,442.8499884125473,293.38054403324475,10.845605809264363,355.58047583430624,29.762032044498312,154.26264998332795,0.42810735230808317,373.1118240951556,386.4977800473845,341.4996835665343,44.998096480850165,11.844535388655295,385.8862879811607,386.15874429413395,386.403789044878,19495710942.742455,19380101579.631077,373.6670206275135,233.82479388182497,12.37394807956637,57.32498051564967,9.863004612535777,2.19787506681201,308.908752656414,232.09134335997823,9.010624652785258e-05,1310,9.955019208973681e-07,True,4.48,conjugate_3D_benchmark_H1_type,4,k(T)_cubic_273_373K,3000,110,120
ALT_055,GateA_converged_v1,GRAIL-CHT-1.0,alternating,1,940.3440115406308,332.9786828301657,288.3488469749876,0.20347150900025573,0.002375431832665235,0.0001979526527221029,35.98761971073191,0.4164481305175868,0.8184543210885478,5.198875,2.1650617745446192,28.056939,4.865888147941294,123.85219918956552,297.40126107814325,0.00039143382039321116,31.84383590906203,7.58704729112881e-05,610.1958114967961,270.28155347870336,6.473191734200972,356.63481003958077,23.656127209415047,234.88890361323894,0.47308787240904815,365.53276991136795,374.716488917634,344.1421373655221,30.57435155211192,7.903433513000906,374.12244147760504,374.3642852707444,374.6016928261126,17902388540.23932,17852756012.696392,365.78656030370075,322.18338847030833,12.411279197715578,63.779324178318454,11.103669640202211,2.142032400720614,294.1009356621203,280.0665817134172,6.575163113383969e-05,691,9.9783505902451e-07,True,4.48,conjugate_3D_benchmark_H1_type,4,k(T)_cubic_273_373K,3000,110,120
ALT_056,GateA_converged_v1,GRAIL-CHT-1.0,alternating,1,677.9394753174302,311.53058807732316,305.07826983900713,0.8071805352617755,0.0017319537560844397,0.0001443294796737033,20.85060684532825,0.7618515373640897,1.1060519496225985,5.198875,3.9607709113137326,28.056939,16.284745826673184,65.95400474079715,86.57067880835376,0.0005359380822830412,6.572586102300425,1.1417668191642536e-05,439.9196711098076,294.14128803937143,8.767286033994747,336.5682953519351,25.037707274611932,181.26215184046856,0.5063866945351501,348.9132073927971,359.86101443852533,323.51952843097564,36.34148600754969,9.475681243130907,359.1766768577649,359.4645716469696,359.74402311013023,14885582830.934877,14820731394.032787,349.29426969186443,232.27758634597842,7.167149078495482,37.54199131885717,6.306088713544249,2.2041811053194125,306.8667709367186,249.5378615203106,8.84263592476657e-05,959,9.931422368936182e-07,True,4.48,conjugate_3D_benchmark_H1_type,4,k(T)_cubic_273_373K,3000,110,120
ALT_057,GateA_converged_v1,GRAIL-CHT-1.0,alternating,1,633.8700490007586,315.40324526932875,288.52614251986074,0.7344947086683111,0.004257045613849879,0.0003547538011541566,31.531133416626087,0.5672023291729881,1.6340532253338138,5.198875,2.9488140090792183,28.056939,9.026435830798437,151.84747864902184,267.71307316460377,0.0005721635871983793,27.404553763822513,0.00011701347582727564,411.3227118869352,270.5308716972988,8.491079892939583,325.0900239073728,9.686778638044075,172.37090458609657,0.5150267741459198,326.3772142938675,328.92777515879766,319.85174895275355,9.076026206044105,2.142892533932932,328.67633871534537,328.7730267866667,328.87807068941464,11349880859.578802,11346954807.969795,326.39825307152466,217.17839187630182,5.2985432264459975,34.06390592461529,5.445250520015396,2.242014858364873,288.2261784646691,130.41671898761177,-9.779097708584376e-05,250,9.934686886481359e-07,True,4.48,conjugate_3D_benchmark_H1_type,4,k(T)_cubic_273_373K,3000,110,120
ALT_058,GateA_converged_v1,GRAIL-CHT-1.0,alternating,1,562.337144877923,323.31638293466455,284.4093689770492,0.17557027937310882,0.004097883779426829,0.00034149031495223574,28.831023649637554,0.8932065063084175,1.5082713588898202,5.198875,4.643668975484174,28.056939,22.38432711282362,164.71886676320304,184.4129723640043,0.0005077334644453958,10.301780214888026,4.234252561866587e-05,364.90450967129834,264.7615566784233,6.367167061617813,331.315526840054,7.999143905389474,137.01856940744136,0.4614755910501125,332.5252515421105,334.75770078994805,326.922737115308,7.834963674640051,1.8696661070065161,334.5337209538229,334.62304281893927,334.7134294634683,12228711053.664026,12226397819.07195,332.54097887154626,192.66958110644552,6.66184721617854,42.067432984880696,6.921944935211147,2.190537463940456,285.4103920013307,109.25596874300518,-0.00011077891227168571,297,9.987934390665032e-07,True,4.48,conjugate_3D_benchmark_H1_type,4,k(T)_cubic_273_373K,3000,110,120
ALT_059,GateA_converged_v1,GRAIL-CHT-1.0,alternating,1,866.4153144402918,321.8615883547729,297.8475357131905,4.219494113433405,0.003937573230343683,0.00032813110252864026,23.207920976211668,0.7897338902079141,0.7987063061793274,5.198875,4.1057277784546695,28.056939,17.498540979333807,163.6411731443542,207.21052391619185,0.0004910837421305034,13.640124834586741,5.3870602213856376e-05,562.2229624475063,283.7462264880199,21.734077631046937,336.9163632230949,15.054774868322,247.7873841732862,0.5416504999223699,339.40935000693185,343.7647553012664,328.49252977127355,15.272225529992852,3.6372721942213806,343.31822791635307,343.49950083517643,343.6756782749961,13279842045.00886,13270742065.010464,339.46751978332594,296.85372417228336,6.385848641592018,36.7012012761803,5.979077481531029,2.235914765023112,298.3045850994416,204.85328514170354,7.161766099363961e-05,338,9.949433774636418e-07,True,4.48,conjugate_3D_benchmark_H1_type,4,k(T)_cubic_273_373K,3000,110,120
ALT_060,GateA_converged_v1,GRAIL-CHT-1.0,alternating,1,704.0813911518162,316.47674272813026,301.47067969121514,4.92479675835873,0.0029392442569768805,0.00024493702141474,22.683773826630386,0.6026525476077063,1.3273039890729785,5.198875,3.1331152634440143,28.056939,10.19000228857883,112.91564278248208,187.36441624732657,0.0005312525947170093,17.018947388763415,5.017336346260235e-05,456.8833432881515,288.93935427014634,24.414227681763172,332.6677259131318,16.190983185001528,198.9230831467384,0.5350919201530974,337.11605026164136,342.7519790784455,323.6272784045382,19.12470067390734,4.7552792604266365,342.2413659973897,342.46383754541864,342.65783332679484,12931019506.475258,12915693192.158817,337.2160148726154,241.234405256144,5.537092602707679,31.64608773749727,5.1279386167354675,2.248120259946112,301.6729325581378,204.07966007732745,8.42137194105021e-05,493,9.768411928234855e-07,True,4.48,conjugate_3D_benchmark_H1_type,4,k(T)_cubic_273_373K,3000,110,120
ALT_061,GateA_converged_v1,GRAIL-CHT-1.0,alternating,1,878.4982171724637,323.6474617044083,284.90120691856634,3.278138147711482,0.004174590402578809,0.0003478825335482341,22.85467638550525,0.9858657313038334,1.075988089753513,5.198875,5.125392703832217,28.056939,27.2694155173422,176.45403739539861,178.98384312641997,0.00048283836163339427,8.520973034481573,3.567860807460342e-05,570.0636426107318,265.44864407057463,18.15692496130363,337.2713930468174,13.62393134240915,237.73471205458998,0.5125282301838001,339.27608916394695,343.0876888942041,329.6367687595363,13.450920134667797,3.1724997249388394,342.68328604124264,342.8465785140728,343.00711043594583,13256833979.010603,13249912597.268557,339.3203875593646,300.9936032984664,7.826118728945624,47.61020118509015,7.8223638577590595,2.203379597275057,285.9534169117562,188.12982320902933,6.892906670066614e-05,307,9.672809255789616e-07,True,4.48,conjugate_3D_benchmark_H1_type,4,k(T)_cubic_273_373K,3000,110,120
ALT_062,GateA_converged_v1,GRAIL-CHT-1.0,alternating,1,807.5823423459337,297.20401060336997,304.791563530537,4.136068769747092,0.0024771274095797997,0.00020642728413164998,24.43981940587149,0.9651560871735122,1.5746752833013855,5.198875,5.017725852704194,28.056939,26.13577580746239,71.78691051800509,74.37855023868228,0.0007042430647411789,7.585197414570564,1.884603853832154e-05,524.0458350246728,293.72674353710653,21.417061325038947,321.09289625336214,23.888885649992176,247.35490012867706,0.5800958801015627,329.1106625957764,338.0848743059097,308.1089215558377,29.975952750071997,7.597899531513955,337.33449086266944,337.65930808077877,337.9503518721324,11769044812.454782,11731885386.754488,329.3709588670074,276.69620089302725,3.789786771735622,22.052769295821292,3.4985425940366373,2.2850618453401945,304.4119098044837,279.3369951601862,7.30413919627605e-05,627,9.942506267179851e-07,True,4.48,conjugate_3D_benchmark_H1_type,4,k(T)_cubic_273_373K,3000,110,120
ALT_063,GateA_converged_v1,GRAIL-CHT-1.0,alternating,1,803.7772489893591,317.87736814793766,298.31415320241445,2.8476205909392056,0.004274621709469486,0.0003562184757891238,35.38701490861975,0.8399625099545129,0.6214219584771916,5.198875,4.366860093939769,28.056939,19.795209079889638,163.84662142041188,195.06420760289026,0.0005324510571490726,14.470601264801747,6.204247373680857e-05,521.5766833099381,284.41327646288954,16.52095824556898,330.99821755529206,13.120849407354399,234.44227108363205,0.5524160498050964,332.79096556651103,336.2652649866153,324.0230701419022,12.242194844713083,2.925528362356365,335.93679226238953,336.0617206595027,336.19858201495833,12271188801.254948,12265524127.96601,332.8293827118836,275.3924887876473,5.186179227564631,30.80399886044559,4.9598299772053585,2.2495475997309806,298.29097408555117,179.344798637923,7.612364469792924e-05,289,9.700235068521579e-07,True,4.48,conjugate_3D_benchmark_H1_type,4,k(T)_cubic_273_373K,3000,110,120
ALT_064,GateA_converged_v1,GRAIL-CHT-1.0,alternating,1,948.2689122006215,331.2788464917761,308.00678466228857,1.7572985008909228,0.0013705039669492406,0.00011420866391243672,34.07600369999834,0.7466580612285383,0.7369690454449611,5.198875,3.8817819280695174,28.056939,15.641694684580447,77.48011615207446,103.76920865836502,0.0003610019359431656,4.067678936004846,5.59154475232749e-06,615.3383350093685,298.3867281358114,12.377734303385505,370.5901528935983,39.31130640182221,225.20293972515546,0.44978878215739027,392.9595191805728,410.41487652993123,352.1161295241882,58.29874700574305,15.447085873557748,409.68565592166095,410.0261756427073,410.30033653183415,24062157280.16115,23844666626.35685,393.8525306315636,324.8986408849466,17.064384252058215,70.40981663270523,12.22128991681784,2.22261963553744,314.1016382603312,332.5656466568142,6.474579557515441e-05,1230,9.908955576065637e-07,True,4.48,conjugate_3D_benchmark_H1_type,4,k(T)_cubic_273_373K,3000,110,120
ALT_065,GateA_converged_v1,GRAIL-CHT-1.0,alternating,1,963.4240487094532,300.9633121512385,309.2254595924308,4.113453040920692,0.0023399517880437794,0.00019499598233698161,26.873088552622875,0.9554797785356102,0.5122552021293847,5.198875,4.9674199336343206,28.056939,25.614346983504657,77.13029014148026,80.72414704546848,0.000619157932511792,6.722517824729898,1.5777700706251656e-05,625.172609175905,300.15939631307253,21.33112155549863,330.7594898161689,29.79617766493044,291.4363682724027,0.572917833468149,341.74757235145796,353.34866598693503,314.8358193734032,38.51284661353185,9.880974101668478,352.44657989798907,352.83370239031666,353.19220537918426,13707843669.525957,13640231863.320494,342.17028042820357,330.09113764487785,5.368409583946457,28.607528699603233,4.678627132949635,2.2510773214711217,309.7075927079401,344.8561146201049,6.178777693399791e-05,700,9.880999414235703e-07,True,4.48,conjugate_3D_benchmark_H1_type,4,k(T)_cubic_273_373K,3000,110,120
ALT_066,GateA_converged_v1,GRAIL-CHT-1.0,alternating,1,431.7773274232726,290.61811713720545,309.8972067396232,1.704638787195056,0.0037004467696886145,0.0003083705641407179,28.992609655636734,0.9588171964075473,1.5541203962516423,5.198875,4.984770751973288,28.056939,25.793597406115058,79.91384215464419,83.34627544652072,0.0009450431682042776,15.37342226774754,5.705970989944373e-05,280.1833302062535,301.1380059774616,12.177627391341211,300.54878501877386,9.93066788156841,153.60625495177726,0.6737753905347568,302.20570337227764,305.03012800607974,295.2286772641254,9.80145074195434,2.3687747813752122,304.7616697567954,304.8682658902518,304.9763668964685,8343920108.40995,8340856033.886753,302.2334539190396,147.93679834890187,-0.5939655173266565,-3.9691883620059647,-1.106498726398018,1.3960349088582962,306.6511315550246,126.86403578382019,0.00013249094034803067,220,9.78933485384914e-07,True,4.48,conjugate_3D_benchmark_H1_type,4,k(T)_cubic_273_373K,3000,110,120
ALT_067,GateA_converged_v1,GRAIL-CHT-1.0,alternating,1,448.268413193491,332.6775322385884,308.3979160226597,2.0415495746556016,0.0018245911123538512,0.00015204925936282093,32.65295780781436,0.720817099169812,1.220333952251119,5.198875,3.747437996446456,28.056939,14.57774834409756,88.17540475991015,122.32701591217047,0.00042231605313540314,5.957369749474343,1.0902471311832073e-05,290.8845112001486,298.95528111706636,13.457888383691285,346.0672345422299,13.389702303641513,102.12045900880464,0.4314601576900858,352.3819568022418,358.0456099891732,339.16932553820857,18.876284450964647,4.926791757400468,357.7368489846475,357.8657334716933,357.98956911329435,15436924376.22626,15418944727.030592,352.484637878931,153.58702191367848,7.37435604773155,37.764460019409235,6.327538685228759,2.21613451671428,310.0863589204472,136.8606302100941,0.0001355274043990456,830,9.971234931072104e-07,True,4.48,conjugate_3D_benchmark_H1_type,4,k(T)_cubic_273_373K,3000,110,120
ALT_068,GateA_converged_v1,GRAIL-CHT-1.0,alternating,1,969.3078098836351,308.9591787324391,299.57770915054334,2.9939404665584224,0.0016756596166923555,0.00013963830139102963,30.8182535358784,0.6624711618185593,1.5372944290167307,5.198875,3.4441047613994624,28.056939,12.313293834097784,67.30987428731966,101.6042330092473,0.0005080734734185684,7.2186654692009045,1.2132423483602337e-05,628.9906229881599,286.2222035245213,17.076973772922006,345.59041654544734,36.63123781300823,256.57461111513567,0.5013234790029931,363.92592139912824,379.78619043200047,327.1716641183495,52.61452631365097,13.816653500625074,378.94657954462355,379.3010416110484,379.64040921561025,17690272700.067646,17540903565.70312,364.6982101692609,332.10704893774846,11.139138569549026,55.13596517934592,9.257125882741606,2.2231209619296006,302.17451251226214,355.12297669496286,6.268791249757264e-05,1023,9.911480560731434e-07,True,4.48,conjugate_3D_benchmark_H1_type,4,k(T)_cubic_273_373K,3000,110,120
ALT_069,GateA_converged_v1,GRAIL-CHT-1.0,alternating,1,516.731903831309,300.7075560738815,300.9319502190371,0.01785256976537215,0.0015423489408754132,0.00012852907840628442,26.080567916901778,0.7102569019115562,0.9451511776777121,5.198875,3.692536850925442,28.056939,14.153739993009825,46.756015301706285,65.8297232675516,0.0006732318355262643,8.952711294126473,1.3849754044593095e-05,335.3109495194631,288.16519647856063,5.767839765108414,322.16681262615026,21.459256552268755,138.34822555222775,0.5070775628758472,333.3724865385447,342.8151274659764,311.5663264976691,31.248800968307307,8.239592947385542,342.3311748332143,342.5391468304728,342.7332220180341,12396293309.40184,12351480509.254158,333.6744558405776,177.04418134627653,5.004394539900322,29.024467230292895,4.66689155641518,2.2591425228816537,300.86554233558616,196.06160194041954,0.00011435983879776914,1039,9.952252071343537e-07,True,4.48,conjugate_3D_benchmark_H1_type,4,k(T)_cubic_273_373K,3000,110,120
ALT_070,GateA_converged_v1,GRAIL-CHT-1.0,alternating,1,845.5913062004126,300.3883463484109,304.8056576744347,3.452040339656957,0.0015600404004720023,0.00013000336670600018,24.730317067437074,0.5854662224389796,1.396641218457709,5.198875,3.0437657071824504,28.056939,9.617096554026737,53.58108722743801,91.51866525147403,0.0005942152874649097,10.503343321353034,1.6434944755605334e-05,548.7101177325911,293.7471175008741,18.817753290696437,335.84919308506227,35.460846736651376,231.23907781442958,0.5179249073158829,354.3898319358558,370.04282739084385,318.1972940278696,51.845533362974265,13.651214419360533,369.2219546745297,369.5724503255723,369.9025825145622,15911625160.71815,15773388890.032188,355.16375162331946,289.7189421628081,8.459438602622164,42.88704455053062,7.133173197672876,2.2337231685594623,306.35702040576706,328.1151554263586,7.17928732321156e-05,1087,9.998046266446181e-07,True,4.48,conjugate_3D_benchmark_H1_type,4,k(T)_cubic_273_373K,3000,110,120
ALT_071,GateA_converged_v1,GRAIL-CHT-1.0,alternating,1,839.0997367755554,319.66709918860795,303.48380808996086,2.641896115961422,0.0037796218176947274,0.00031496848480789397,33.52342791924864,0.6463497701759189,0.931386884242832,5.198875,3.3602916614233305,28.056939,11.721292004979587,152.30589670834547,235.6400570342772,0.0005064669687978988,20.607305568272164,7.812218829462739e-05,544.4976928918152,291.83835260139887,15.739205240653401,335.2722283131635,15.60512912455556,246.54261359973492,0.5564735009638236,338.03479368276516,342.55478771564475,326.8337784071046,15.721009308540147,3.8100920302001047,342.1378905492781,342.3069077413371,342.47346372671973,13066969999.8036,13057066524.635563,338.09887330227303,287.4947818468784,5.417362366629767,30.564097460042,4.970500528744914,2.244825245351385,303.80348797561317,208.42242839441536,7.231147831207798e-05,357,9.698897542875784e-07,True,4.48,conjugate_3D_benchmark_H1_type,4,k(T)_cubic_273_373K,3000,110,120
ALT_072,GateA_converged_v1,GRAIL-CHT-1.0,alternating,1,787.7986819744215,322.01898520006836,296.8382842064268,3.5651232880144597,0.0016272956035373563,0.00013560796696144637,27.32382566597441,0.3599891967744044,0.5873943912200745,5.198875,1.871538835380532,28.056939,3.6359610617566087,74.88352814177381,208.0160427389195,0.00044350615374787823,45.21582679342051,7.380091890796368e-05,511.2080793239759,282.3052447237944,19.247468494454946,350.0192577684172,28.000272568348862,190.46053147398487,0.45788437046525265,364.48625129867594,376.7139448907677,336.0066813897411,40.7072635010266,10.710725057380017,376.09771121154023,376.3600752554873,376.6093429419331,17739516848.887665,17649182916.448547,364.9517469050257,269.9178658830593,11.564714220734249,58.16058377352756,9.731828207834681,2.2245661213964913,299.3473174282788,267.82330323171334,7.713716067699701e-05,1028,9.892980870063184e-07,True,4.48,conjugate_3D_benchmark_H1_type,4,k(T)_cubic_273_373K,3000,110,120
ALT_073,GateA_converged_v1,GRAIL-CHT-1.0,alternating,1,611.6248231830864,308.50693112332186,300.7908575274762,4.022694128037421,0.002684350804184307,0.00022369590034869227,28.49264688113984,0.7726025503625662,1.6677555828916009,5.198875,4.0166640840161865,28.056939,16.747599349299136,89.26548021949878,115.53868179390344,0.0006137269893656199,10.27745982315622,2.7671321505778644e-05,396.88762913726697,287.96255978379355,20.9862376865422,324.17355098930517,15.666619865983307,175.7886611989069,0.5443419852055508,328.9575712641378,334.60390789884445,315.6612466738679,18.942661224976575,4.790563119918006,334.1351706666041,334.33768008690964,334.5184166326663,11724881457.079205,11710071482.131863,329.0615318702656,209.55666818447696,4.259801366819327,25.455941978602112,4.0520599664236645,2.2705722535728023,300.44731889786834,189.53648553029467,9.719267189618665e-05,538,9.934658464771928e-07,True,4.48,conjugate_3D_benchmark_H1_type,4,k(T)_cubic_273_373K,3000,110,120
ALT_074,GateA_converged_v1,GRAIL-CHT-1.0,alternating,1,598.691251494639,297.37144475680077,299.807624560191,3.9000123636439845,0.0028708031201714196,0.0002392335933476183,28.088002590417776,0.4297578798350955,0.7669906843326609,5.198875,2.234257497527682,28.056939,5.1818875562590065,76.483580565144,177.96900104424356,0.0007660457288507323,72.15455873929228,0.0002077648268438839,388.49494393363165,286.5517650256159,20.52004698184714,312.69465383968947,15.323209082888695,183.8778507450989,0.5816913214108814,316.8131319012728,322.02122330223796,304.4509222032556,17.570301098982384,4.412115662475104,321.5831322133604,321.76678538946317,321.94006907037664,10085904203.586176,10074249424.136236,316.90472151317266,205.1253303969575,2.5435041108755176,16.257366176276044,2.4464101900475432,2.3663768405994974,298.60513893499024,186.2277457601225,9.709900728600512e-05,481,9.844267765402037e-07,True,4.48,conjugate_3D_benchmark_H1_type,4,k(T)_cubic_273_373K,3000,110,120
ALT_075,GateA_converged_v1,GRAIL-CHT-1.0,alternating,1,458.20550213520517,330.0362748763086,306.7993051417779,2.1649676864770475,0.0010492227592721706,8.743522993934754e-05,26.986913489626797,0.5368467483113791,1.2317080822931172,5.198875,2.790999138627321,28.056939,8.086134144936567,51.457847025617205,95.85202329617331,0.00041613628719788814,6.355299785779911,6.6881897464772646e-06,297.3327577740496,296.6337999545594,13.92687720861278,350.77300328432335,20.736728408014756,90.94613012587567,0.37591529950879665,363.3220735369171,372.37159517014356,341.8090514468611,30.562543723282488,8.083947648890774,372.0216080135177,372.21514816203427,372.3242308450789,17476037112.42161,17424773296.039303,363.5890033062958,156.99169610469818,9.88208342858185,48.03191240553934,8.131358494522262,2.2130249942441313,309.52709138824724,137.83322282740872,0.000134816161816654,1415,9.945941883415799e-07,True,4.48,conjugate_3D_benchmark_H1_type,4,k(T)_cubic_273_373K,3000,110,120
ALT_076,GateA_converged_v1,GRAIL-CHT-1.0,alternating,1,793.1198994196101,329.5966579468162,312.65952270772414,4.663431157591021,0.0029941709785816363,0.0002495142482151364,34.80971918769022,0.8466051230903913,1.6816278564703337,5.198875,4.401394209306559,28.056939,20.10953703661005,143.04007555445622,168.95725250552726,0.00042720700254245093,6.827732032272958,2.050491183607212e-05,514.6610545726809,305.1733243303434,23.42103839884588,347.55020022802245,17.95354228120624,224.69997659150695,0.5365747824450469,352.42628949914285,358.5432520467675,337.83681891933225,20.706433127435275,5.201633390240193,358.0423783554616,358.25322212442734,358.45063310912377,15446743511.914986,15426705537.685266,352.54067671693235,271.7410368143755,6.846593772017852,34.47341373553812,5.720842169098294,2.240386238993702,313.8166113991072,228.6496559716631,7.748046329005108e-05,497,9.87814985364821e-07,True,4.48,conjugate_3D_benchmark_H1_type,4,k(T)_cubic_273_373K,3000,110,120
ALT_077,GateA_converged_v1,GRAIL-CHT-1.0,alternating,1,902.3377616140087,291.2585884885454,294.16033022768835,1.8431012020880426,0.002106673464000436,0.00017555612200003635,32.13565505448048,0.6351473491026028,1.0473639667056829,5.198875,3.3020516745657944,28.056939,11.31851022671543,57.50781474434618,90.54247778188595,0.0007476354002513834,16.872421317450186,3.565163717443088e-05,585.5332898756615,278.49360970725,12.703784567934562,321.14634709081747,29.887758602272072,263.18846641368367,0.5524128832642129,333.0567994453961,344.89467169393623,305.66702056362453,39.2276511303117,10.162832256104242,344.1452423172239,344.4524097929303,344.7574514135787,12372665516.09706,12304761981.418444,333.5153431053749,309.16157705434927,5.797624746966099,34.57964285934319,5.595641267414136,2.238513856282149,294.32814640697967,323.4663770885303,6.526261901174181e-05,775,9.883188454296032e-07,True,4.48,conjugate_3D_benchmark_H1_type,4,k(T)_cubic_273_373K,3000,110,120
ALT_078,GateA_converged_v1,GRAIL-CHT-1.0,alternating,1,714.8181029033261,312.4100249407437,303.2128840557551,3.257152820822901,0.0022087483376648127,0.00018406236147206772,22.077358723763986,0.46898544927701424,0.8303494114967831,5.198875,2.4381967276100376,28.056939,6.171049427994423,82.86503750217977,176.68999673641076,0.000543994365525472,30.00553495240483,6.647409774008786e-05,463.85047070068856,291.44764785900594,18.07718071912702,333.92577424833036,21.515749307586646,198.64561965999349,0.5263195811346775,342.3607276662759,350.97659530431025,322.24365451502797,28.73294078928228,7.375886854385486,350.3463569077791,350.6067673599275,350.867031462316,13776307371.857641,13738387541.723972,342.5967241557872,244.91304852996356,6.255155384088015,34.380266321722196,5.631803956580675,2.2383788763674235,303.8553731963535,242.7958202360531,8.297131590612713e-05,720,9.840392749538296e-07,True,4.48,conjugate_3D_benchmark_H1_type,4,k(T)_cubic_273_373K,3000,110,120
ALT_079,GateA_converged_v1,GRAIL-CHT-1.0,alternating,1,782.8822847730177,290.7940573537935,293.98202861883925,0.03870524549779805,0.004015846669850334,0.0003346538891541945,26.175682696446827,0.9285574877424297,1.6028161114264592,5.198875,4.827454309086924,28.056939,24.191226113289844,92.1376288801517,99.22662850327424,0.0008895279279461809,16.5035225167872,6.647504106302897e-05,508.0177947652045,278.24043994793885,5.847079932891633,305.5957137791145,14.80165642532097,248.46414353507703,0.6010814634270709,307.7213296184684,311.74466420467166,297.65546075836767,14.089203446303998,3.3573561823802662,311.3390960821743,311.5007603934863,311.66235112879355,8973026556.119516,8966653780.895147,307.7759909356726,268.233395636028,2.229320118483456,15.563202292300032,1.976534148347558,2.7251579497181644,290.29078922229075,194.02584086445498,7.289987864681081e-05,309,9.596699328540126e-07,True,4.48,conjugate_3D_benchmark_H1_type,4,k(T)_cubic_273_373K,3000,110,120
ALT_080,GateA_converged_v1,GRAIL-CHT-1.0,alternating,1,817.7127149495946,328.71827584869766,306.0663986186383,1.8121349404397893,0.0038823962537956488,0.0003235330211496374,28.5345388923311,0.42728891638625577,1.4357199719550677,5.198875,2.2214216651775955,28.056939,5.1225185903680295,178.39514301511923,417.50472847242224,0.00044415681503155794,38.81048367155145,0.00015113106962329846,530.6195047197964,295.571501475876,12.5861127736712,343.1226212023933,14.404345353695646,233.75971351738897,0.541420870744147,345.5993966667875,349.80875750329307,335.1879869581589,14.620770545134178,3.5272473858524207,349.4008882652804,349.5647506208008,349.72858722882097,14274536754.439714,14265661099.331089,345.65313945547143,280.1670984920525,6.3996156109517255,34.32034184769187,5.687212226505082,2.223276222718483,307.1611566599227,196.0798684245167,7.684325390352738e-05,343,9.959509270629496e-07,True,4.48,conjugate_3D_benchmark_H1_type,4,k(T)_cubic_273_373K,3000,110,120
ALT_081,GateA_converged_v1,GRAIL-CHT-1.0,alternating,1,869.5122304910899,330.4186489395952,310.2453012018009,1.313973845299512,0.001951890022557539,0.0001626575018797949,36.287418770556584,0.7926667085063208,1.8176757284783696,5.198875,4.120975134185799,28.056939,17.628750243241818,101.14865271386552,127.60552654528314,0.00039383538959030434,4.506816689862426,8.823280371552923e-06,564.2325729512816,301.645531863483,10.693100612138146,358.2975040805498,27.878855140954613,227.46079941401717,0.49544670388804635,371.02060734338073,382.6877954474743,344.0495027456975,38.63829270177678,10.137102093060856,382.0492926362077,382.31735294792816,382.57067026807465,19033184035.62188,18949254472.098694,371.4307555352416,297.91479851827665,11.049058456181493,50.66160236675409,8.743128050571997,2.1955562684173286,314.28041403331287,299.74113929889666,7.05674081792374e-05,866,9.937967320183816e-07,True,4.48,conjugate_3D_benchmark_H1_type,4,k(T)_cubic_273_373K,3000,110,120
ALT_082,GateA_converged_v1,GRAIL-CHT-1.0,alternating,1,406.7253863748329,308.00612877747545,299.16730201486916,2.504706911099875,0.0014312183724453187,0.00011926819770377655,30.72723611260912,0.5567560541055047,1.545179675653558,5.198875,2.8945051307877554,28.056939,8.697014303627794,47.51622424151632,85.34478231737747,0.0006147286813585397,10.565137235182146,1.5166518072616674e-05,263.92695029633364,285.6342389129517,15.217886262179526,324.4966883531414,16.49055957566594,98.65465387697617,0.45939088542869094,333.4085367035233,340.63647061243347,316.5794606011043,24.05701001132917,6.35153222671444,340.30393720837645,340.4472275372116,340.5833648307402,12383518110.50886,12356824023.305532,333.58845420649186,139.35342975646418,5.207398086295368,30.56523427312681,4.925939801852699,2.25111669085968,299.1759577836978,141.86380456756447,0.00014618815876440842,1058,9.973838359655929e-07,True,4.48,conjugate_3D_benchmark_H1_type,4,k(T)_cubic_273_373K,3000,110,120
ALT_083,GateA_converged_v1,GRAIL-CHT-1.0,alternating,1,762.2330277669787,325.64237690952456,290.0636947950302,0.5042379016290078,0.003768291839555993,0.0003140243199629994,33.02682852923413,0.5498485767832646,0.804662293443466,5.198875,2.858594019624095,28.056939,8.482551371666649,163.33400853728014,297.0527076614804,0.00047085523821652897,30.093130192023168,0.00011374091968836205,494.61834734918676,272.6962336521644,7.6161040261902295,338.4989601651934,12.856583255668852,202.50995546568026,0.503181531565195,340.81054210565003,344.5605723927741,331.50169510215187,13.058877290622206,3.1626772171368693,344.21606746430285,344.3548071658559,344.4929863456756,13498188941.739685,13491246592.616472,340.8543773680424,261.15848740037063,7.4590164400992665,43.88886814822473,7.300435199223519,2.188840704683097,291.65570399250447,172.28358655569787,8.123310291539574e-05,343,9.866904520094977e-07,True,4.48,conjugate_3D_benchmark_H1_type,4,k(T)_cubic_273_373K,3000,110,120
ALT_084,GateA_converged_v1,GRAIL-CHT-1.0,alternating,1,578.870251913161,295.1917615729956,299.78883041670207,4.687112851971675,0.0019742711487100305,0.00016452259572583588,31.43020341174597,0.7011456751751051,1.4094414740924777,5.198875,3.6451687220259745,28.056939,13.79293873064394,53.02348121393394,75.62405801147072,0.0007599028239053543,11.729505743980985,2.3226905495456608e-05,375.63295855821355,286.52482069458705,23.511028837492365,315.64476782052947,20.453006247533892,168.78748098056928,0.5522364612387303,324.2391393322046,332.4927832574161,305.0987283699768,27.394054887439268,7.117160991883949,331.9868820241237,332.1933850727409,332.40190323072466,11084198131.628506,11052531255.829449,324.47113657662624,198.33420211873675,3.6587529531869296,22.370351619328112,3.5174184269230198,2.2887113336157614,299.18469936194765,212.95364059966718,9.990144275913782e-05,781,9.84023188266292e-07,True,4.48,conjugate_3D_benchmark_H1_type,4,k(T)_cubic_273_373K,3000,110,120
ALT_085,GateA_converged_v1,GRAIL-CHT-1.0,alternating,1,604.6497254265487,295.40155465562555,302.17807467165505,0.12650212669628474,0.0038978894485139316,0.0003248241207094943,29.45338146109527,0.4980388218075956,1.2546231725153825,5.198875,2.589241579724964,28.056939,6.95931800624476,96.0523638244677,192.86119800029377,0.0008282109295349453,55.22370486375887,0.00021590360731824792,392.3614393773654,289.95693633145754,6.180708081445882,307.38000611551337,11.978451459887822,195.1670405400381,0.6113201262376943,309.20739475692005,312.5210798791685,300.96595290557156,11.555126973596941,2.775895284657204,312.2010153799033,312.32760547262586,312.45795682539114,9145524365.223106,9141121605.194433,309.2446199520671,207.16683999124893,1.4356420785745139,9.552720487256376,1.0112371210563496,3.2331566388136292,298.50849891150034,155.6984343523822,9.642678509854567e-05,298,9.743573059495247e-07,True,4.48,conjugate_3D_benchmark_H1_type,4,k(T)_cubic_273_373K,3000,110,120
ALT_086,GateA_converged_v1,GRAIL-CHT-1.0,alternating,1,913.0524835170876,288.8562826344793,294.27410301321936,3.8511523341626774,0.0028312233930489457,0.0002359352827540788,31.786439669856904,0.5974666402653156,1.0268515248593761,5.198875,3.1061543794093427,28.056939,10.015384123503418,68.86373033636521,115.25954035824503,0.0008390794607155536,29.508079193758316,8.379535014775268e-05,592.4861479216227,278.6551953494347,20.334378869818174,312.7393248172262,23.883042182746863,282.6441918903649,0.5862871840918761,319.17005750491865,327.2207098042927,300.04695774556296,27.173752058729747,6.815890067312584,326.55759202625546,326.83655929854154,327.09940044416095,10405545347.305408,10377400247.536436,319.3862472784565,312.8326861026168,3.5709262791381278,23.035838388686926,3.5815289445859406,2.296565028320502,293.37028287932736,286.44439109292637,6.412368330207492e-05,522,9.894525305753632e-07,True,4.48,conjugate_3D_benchmark_H1_type,4,k(T)_cubic_273_373K,3000,110,120
ALT_087,GateA_converged_v1,GRAIL-CHT-1.0,alternating,1,895.1566764974949,319.8816216412551,292.9842523597807,4.629535554775596,0.004008421334950344,0.000334035111245862,36.783449293720686,0.5660411098661491,1.9490025548925127,5.198875,2.9427769750553763,28.056939,8.989514465752567,161.5287920698588,285.36583165850845,0.0005064573948274165,21.10745940336958,8.486217713045626e-05,580.8734334759598,276.82511869074943,23.292235108147263,335.0600346099688,15.178412968713701,254.31736288532218,0.5380752719355268,337.4916451955769,341.72210615485153,326.99278118788163,14.729324966969898,3.5705996578716968,341.33263953007446,341.48534759462416,341.64494141084685,12982021109.530457,12973349089.771753,337.5480300357928,306.7011728753068,6.633467905845887,39.34730395780171,6.402828047529135,2.229107458859606,293.42328713944175,206.5097567857764,6.849625187428222e-05,330,9.73331339082506e-07,True,4.48,conjugate_3D_benchmark_H1_type,4,k(T)_cubic_273_373K,3000,110,120
ALT_088,GateA_converged_v1,GRAIL-CHT-1.0,alternating,1,654.5634611246254,294.7668693177051,288.70547122825917,4.898255941294296,0.0026314718663920248,0.0002192893221993354,29.7128034802204,0.6948444229369339,0.5444145594097068,5.198875,3.6124092992962527,28.056939,13.546136267097536,67.74027928259882,97.48985103208798,0.0007928138811174974,22.417155239834422,5.916761618672703e-05,424.75081186799724,270.7831269463156,24.313372576918322,312.0525020719339,17.2856327542288,190.13422327354706,0.5501417616179426,317.23835102780095,323.3673658389741,302.80398094844867,20.563384890525413,5.206389711833102,322.87285900112016,323.0801239035675,323.2784941340365,10144700717.844925,10128444091.941448,317.3655700743777,224.26842866630255,3.8927127507777417,26.136555312321967,4.104736571097231,2.2657410232806687,287.9658224933774,202.9065515913723,8.951708439294549e-05,543,9.975251487048808e-07,True,4.48,conjugate_3D_benchmark_H1_type,4,k(T)_cubic_273_373K,3000,110,120
ALT_089,GateA_converged_v1,GRAIL-CHT-1.0,alternating,1,495.30543888896716,313.25106482325407,302.57859437451157,1.2211047682777543,0.0024194331491037683,0.0002016194290919807,24.134653631723772,0.4821609180897274,1.2829272127705251,5.198875,2.5066943430337316,28.056939,6.522653356502587,85.8311931808331,178.01358418033462,0.0005752915219034434,25.336761214526963,6.14850551387695e-05,321.40716643312294,290.5336092403303,10.340198119455465,326.62240224687054,13.371337423616467,135.22741830409672,0.5170799966205554,331.2827027481796,336.39711593271966,319.28489775616003,17.112218176559622,4.356077744785195,335.99079863116606,336.16489673368267,336.32559950988883,12057100487.211918,12044673799.396393,331.3681171605778,169.70298387668893,4.420792219195186,25.925202464147,4.129369492665989,2.274748649784632,302.246886060635,155.85091431852265,0.0001186759239226391,595,9.8520786195877e-07,True,4.48,conjugate_3D_benchmark_H1_type,4,k(T)_cubic_273_373K,3000,110,120
ALT_090,GateA_converged_v1,GRAIL-CHT-1.0,alternating,1,466.9548490837265,292.7888096361195,289.6194291312243,1.5203336111852186,0.0010846525234287125,9.038771028572604e-05,27.093979967397015,0.4753005967006304,0.8857574582201261,5.198875,2.4710283896719902,28.056939,6.338361529182985,28.872175040887157,60.74508477647124,0.0007667091143353483,19.356138632154725,2.1057858185759887e-05,303.01027025437367,272.0699754803304,11.47726772250383,317.194671959737,24.405862323617498,110.65245905109961,0.44879938958630833,331.5923487700996,342.216817130049,306.67965201701264,35.53716511303634,9.44526329146677,341.80086162126196,342.02339474275385,342.1584679577878,12147922223.325047,12089769031.405956,331.9903809387724,159.9894226943093,6.05779661215889,37.24074281330073,6.038219045810565,2.22622633415011,289.8833058752413,165.72012000655508,0.00012824093996749447,1383,9.991156275646063e-07,True,4.48,conjugate_3D_benchmark_H1_type,4,k(T)_cubic_273_373K,3000,110,120
ALT_091,GateA_converged_v1,GRAIL-CHT-1.0,alternating,1,686.7090542798117,291.4183576368946,310.861797427058,0.9641943766697656,0.0011900940314717367,9.917450262264473e-05,29.149383214308294,0.9745762912589006,1.4792109840844185,5.198875,5.066700316218617,28.056939,26.64845113182148,35.30000456985324,36.220873508275865,0.0006880595270515158,3.511597137111137,4.191705911543833e-06,445.6103122855497,302.5450894888515,9.363938631345109,329.22624565829614,37.80788802140154,188.07885704511486,0.5187203435061958,351.3931862014362,368.16813419599345,312.2691728272141,55.89896136877934,14.846852558547718,367.4826473495826,367.80940740764856,368.06628795144394,15407087806.556898,15246611834.422054,352.3141932440672,235.28224488677026,6.941659143192282,34.43067973618592,5.830840593322166,2.205706699525309,312.83136950472937,281.9123608906313,8.856127461774399e-05,1378,9.96872927316872e-07,True,4.48,conjugate_3D_benchmark_H1_type,4,k(T)_cubic_273_373K,3000,110,120
ALT_092,GateA_converged_v1,GRAIL-CHT-1.0,alternating,1,953.4980033383824,294.0825931162371,284.0843926688483,4.454856961952879,0.0021801860010933825,0.00018168216675778189,28.85439543518953,0.9977812091820023,1.5165241446490125,5.198875,5.187339783886083,28.056939,27.93257216795935,62.67844792136928,62.81782754032232,0.0007098961324045833,6.387825663243112,1.3968553749676715e-05,618.7315288522997,264.30789730836125,22.628456455420938,323.4143960970534,29.331802980816292,267.3059265066282,0.5309515307550224,334.9237940801566,346.5800573865525,308.00590917635645,38.57414821019603,9.966904221036957,345.7600706602079,346.09961908843684,346.43471123739926,12649052032.282082,12582994574.245964,335.36249713187766,326.69024723401424,7.239184693783367,44.83118313870611,7.31375002074065,2.2122664957835454,284.7135780827541,326.33080200779114,6.20998507318802e-05,748,9.930009809977491e-07,True,4.48,conjugate_3D_benchmark_H1_type,4,k(T)_cubic_273_373K,3000,110,120
ALT_093,GateA_converged_v1,GRAIL-CHT-1.0,alternating,1,585.6455261877147,298.9078502584365,312.2178164209703,3.205340735479715,0.0016928207556923926,0.00014106839630769938,25.0414514878917,0.464745532837856,0.5026134079014769,5.198875,2.416153932032409,28.056939,6.059973652290455,51.01484238144623,109.76940879869561,0.0006772264678337832,38.48801442369819,6.534935773502956e-05,380.02948146189135,304.5268574230393,17.880294794822916,323.3581332060559,24.450282947619428,173.0099761872585,0.559502966886045,335.26540956159334,345.7714938799325,311.03503477688133,34.736459103051175,9.128491494637217,345.2042298642735,345.44050972346895,345.6724098470083,12689987271.740028,12634410770.323606,335.63349600170903,200.65556621187864,3.7900973120665653,20.539667066281925,3.315623908442788,2.2717804716900933,312.2613073338662,236.34970719273215,0.0001005393633801968,953,9.878821742859145e-07,True,4.48,conjugate_3D_benchmark_H1_type,4,k(T)_cubic_273_373K,3000,110,120
ALT_094,GateA_converged_v1,GRAIL-CHT-1.0,alternating,1,886.9076774957017,294.5654070126553,309.5619253747827,2.356523012856888,0.002453141236248825,0.00020442843635406875,35.513701705825454,0.40201248658065675,1.344482685142399,5.198875,2.0900126661720115,28.056939,4.534395244056858,69.63713711238046,173.22132878180886,0.0007189540616995014,47.885165271988754,0.00011782254115677613,575.5206002807032,300.64943115909546,14.654787448856176,321.67078447747826,27.105377464822936,277.94207418513554,0.5935290187348782,330.93848839447355,341.0008291420101,307.62564956577626,33.37517957623385,8.605469496380767,340.32307493524485,340.5997040469089,340.8692969191896,12042845613.540476,11994692410.483562,331.27013119918325,303.8748769482113,3.455600141885807,19.401770262758504,3.0752297212109294,2.2976171007007746,309.2088125879921,315.9427711522848,6.668442700748463e-05,647,9.881408118417312e-07,True,4.48,conjugate_3D_benchmark_H1_type,4,k(T)_cubic_273_373K,3000,110,120
ALT_095,GateA_converged_v1,GRAIL-CHT-1.0,alternating,1,567.387269522867,306.76362210339795,283.33071271090296,3.4279689563034936,0.00308800234880566,0.00025733352906713835,36.14293580270677,0.6402701473724689,1.7947981313266388,5.198875,3.3286844624210445,28.056939,11.501826032672739,95.67068685807675,149.422376243354,0.0006587463579357274,17.370653197518163,5.380202394606282e-05,368.18157090427496,263.2567762905773,18.726282033953275,318.36630185823424,11.602679754836288,149.76564776186473,0.4999179139030986,321.2277997214736,325.004194598549,312.2130840967413,12.791110501807736,3.2096027791710164,324.6959160852463,324.8257625941697,324.94723683370654,10653969725.289694,10647618739.696215,321.2756897007249,194.3998694374572,5.04982319297079,34.13232786840615,5.4518702662758045,2.2306334712651896,283.00013239749467,145.64602613399003,0.00010305970899276863,414,9.742230986375944e-07,True,4.48,conjugate_3D_benchmark_H1_type,4,k(T)_cubic_273_373K,3000,110,120
ALT_096,GateA_converged_v1,GRAIL-CHT-1.0,alternating,1,752.1003822141879,302.26544068469707,298.1784587921558,3.3565903296601918,0.00396559586286261,0.0003304663219052175,28.27305500541182,0.901565209410934,1.5639657442193626,5.198875,4.68712482807627,28.056939,22.805236299084388,115.2315687532303,127.81279440509965,0.0007023546717473875,13.527615271135168,5.380647457734272e-05,488.0432027214619,284.2192415721634,18.455043252708727,316.3009592526783,14.035518567981228,232.65543245120801,0.5858729754080375,318.4634629306303,322.37531069286706,308.71331935837713,13.661991334489926,3.273138431001277,321.98881596200465,322.14148765193426,322.29865876686154,10292298269.659399,10285808940.70969,318.51368079451447,257.6868110369319,2.9861322680020375,19.126847732564663,2.9181981951009335,2.3370916596558624,297.0416960093744,186.6391743405241,7.77649641557888e-05,317,9.626475616641983e-07,True,4.48,conjugate_3D_benchmark_H1_type,4,k(T)_cubic_273_373K,3000,110,120
ALT_097,GateA_converged_v1,GRAIL-CHT-1.0,alternating,1,744.2641944266941,293.33694594149074,309.0569154525399,0.3978800420406315,0.001506301923060609,0.00012552516025505077,36.51318576131675,0.7425947356606241,0.6093248493943755,5.198875,3.860657206357627,28.056939,15.471913197462552,44.60422765827476,60.06537013569606,0.0006892162426311174,9.081358685374894,1.3720429339802777e-05,482.9582456128427,299.91402576780075,7.2119441597544,327.13694139879385,33.79999545730311,212.81633229532173,0.5415566655309596,345.18334884977054,360.02432102181035,311.27153563551565,48.752785386294704,13.009103097343116,359.36601628426143,359.6685758963563,359.91822281620057,14316258981.236723,14197090514.589764,345.90543553685063,255.00195368358095,5.984453835362511,31.003817166129238,5.197144255705393,2.2115941899529195,310.45956402707424,304.78958071930083,8.08350913021734e-05,1125,9.964246601157356e-07,True,4.48,conjugate_3D_benchmark_H1_type,4,k(T)_cubic_273_373K,3000,110,120
ALT_098,GateA_converged_v1,GRAIL-CHT-1.0,alternating,1,932.2672438749544,309.3275172585491,287.4491626962222,2.307020924983441,0.002092715120179394,0.00017439292668161617,36.371078721665135,0.7339319175051557,0.8604514965177116,5.198875,3.815620297619617,28.056939,15.11304020429199,78.91910807781947,107.52919473251424,0.0005411871061020664,9.30760699361345,1.9536780228909063e-05,604.954740421165,269.0175725941896,14.466679514937077,337.61774135586205,28.290224097312944,247.4701272367488,0.5027457801142468,349.48748401692484,360.9307619896658,323.1384136287736,37.79234836089222,9.88547857328598,360.26783775603366,360.53929145718854,360.8060568180593,14989346617.542595,14918546384.883303,349.90139634235516,319.4161029423751,9.483606151721064,53.537338866424605,8.924825258565697,2.1964056203245588,289.52651131423363,312.2226458996194,6.431388808567793e-05,796,9.849487128121837e-07,True,4.48,conjugate_3D_benchmark_H1_type,4,k(T)_cubic_273_373K,3000,110,120
ALT_099,GateA_converged_v1,GRAIL-CHT-1.0,alternating,1,595.7384664876089,303.86870153059033,292.1341328818157,2.0942155651791197,0.0010992869629498545,9.160724691248787e-05,23.111367414994145,0.5910582754218352,0.952398619219654,5.198875,3.072838091633694,28.056939,9.801688411548612,38.10196656365881,64.46397613918127,0.0005888208541825782,8.520848069057584,9.39504232255912e-06,386.5788610730748,275.6211446034767,13.658019147680655,333.3859091051834,29.517207574593044,135.63214454223757,0.4311943513527822,351.0024352696486,363.985895638974,320.3293745275509,43.6565211114231,11.547630900538476,363.4725597259212,363.726709267637,363.91324477931437,15276112786.35035,15178907644.212896,351.56304230223003,204.1136386465835,9.274154436372791,50.738344609844496,8.468786725608714,2.2032196305843517,294.1762918611912,204.58467033587337,0.00010206692766891904,1418,9.930599844665267e-07,True,4.48,conjugate_3D_benchmark_H1_type,4,k(T)_cubic_273_373K,3000,110,120
ALT_100,GateA_converged_v1,GRAIL-CHT-1.0,alternating,1,690.3159902301778,331.6022235322919,295.8993037493724,0.6908206850886045,0.003652051875380365,0.0003043376562816971,35.27163002446471,0.45907943001485263,0.6522465490080417,5.198875,2.386696571718467,28.056939,5.913109963382606,171.66990144700412,373.9437888590436,0.0004341724648027002,47.92092138662577,0.0001755362997191391,447.95087827229395,280.9667918601548,8.325118603336698,343.32177235544015,11.719548823148273,178.90567307923587,0.49084260952875536,345.61667967656825,349.13695634237934,336.98834413480654,12.148612207572796,2.9789886052726455,348.8227946048655,348.9514738266399,349.0758401797625,14274851316.605692,14268514947.550423,345.6550436941798,236.51806372777122,7.650781124215983,42.80906411055081,7.152335572893252,2.194692985970727,297.67120500580006,157.5817039064411,8.872086638879859e-05,349,9.730387660056294e-07,True,4.48,conjugate_3D_benchmark_H1_type,4,k(T)_cubic_273_373K,3000,110,120
ALT_101,GateA_converged_v1,GRAIL-CHT-1.0,alternating,1,824.1105658094325,325.1719441653927,295.77900429741374,4.596162574095141,0.004439273543789526,0.0003699394619824605,34.36942190537758,0.3525120292009156,1.3030624487371603,5.198875,1.8326659758119102,28.056939,3.4864879699808333,190.42525414711224,540.1950525738757,0.0004757807426014496,80.89501697299137,0.00036019569575988493,534.7711149277013,280.79546643790786,23.165417781561533,337.6284261148298,12.45648194943709,231.14451460534048,0.5312074860659957,339.2193887010257,342.44569369475494,330.9788628627681,11.46683083198684,2.7164254055934642,342.1349799202602,342.25408633586443,342.3824369465976,13246133312.797491,13241057415.41691,339.2518935698823,282.3591486818263,6.602416535475908,38.36267042338666,6.249328345990912,2.2328856973830624,296.25380462897886,172.45420909583123,7.747991640010847e-05,271,9.996914513976662e-07,True,4.48,conjugate_3D_benchmark_H1_type,4,k(T)_cubic_273_373K,3000,110,120
ALT_102,GateA_converged_v1,GRAIL-CHT-1.0,alternating,1,400.05312036349414,304.69414116100955,292.37514189177887,3.738868662592456,0.0031753839608944004,0.00026461533007453335,25.62454189962877,0.5465703673121804,1.785178412845015,5.198875,2.8415510183601125,28.056939,8.381706569262615,91.42377171801762,167.26807230257293,0.0007088536983407033,26.148579497450083,8.328162481080758e-05,259.59727017571385,275.9622937726567,19.907700917851333,312.94959005870743,8.255448897697875,109.57543968248473,0.5187542135262527,314.8467005279279,317.5210390994782,308.40792840158,9.11311069789815,2.2523746323029923,317.2769890840715,317.3804794858716,317.4749754330388,9829456662.815212,9826448575.073105,314.87079310296474,137.0673586527769,3.143414522773778,21.11594554477219,3.2327556556291968,2.3170635021758783,291.1971755195857,103.84360101706848,-0.0001435446665966221,365,9.713832014313084e-07,True,4.48,conjugate_3D_benchmark_H1_type,4,k(T)_cubic_273_373K,3000,110,120
ALT_103,GateA_converged_v1,GRAIL-CHT-1.0,alternating,1,521.6209208565308,305.51523868580455,298.4611634569098,4.342836584555979,0.0026540595860295763,0.00022117163216913135,23.320563790631237,0.9472111647374385,1.3647276077367683,5.198875,4.92443244407435,28.056939,25.172937919607087,81.69944695698891,86.25262243360015,0.0006629962153721532,7.941742794275387,2.1141282440248652e-05,338.48346689024874,284.62354214346504,22.20277902131272,318.944749166978,13.429510481173452,148.98657389805604,0.5409513502837453,323.0561053046848,327.9318345463998,311.5179787200704,16.41385582632938,4.118140269011805,327.5018460430487,327.68902441625187,327.8542943050829,10902667275.778557,10892104817.82195,323.13439656278535,178.71927051805133,3.6212578358877323,22.573012073877404,3.5382253027327817,2.28957343201655,297.7746888309176,160.88184325087468,0.00011269489674674213,523,9.955641644410207e-07,True,4.48,conjugate_3D_benchmark_H1_type,4,k(T)_cubic_273_373K,3000,110,120
ALT_104,GateA_converged_v1,GRAIL-CHT-1.0,alternating,1,983.1650887015024,321.5094214115607,311.5456317270946,2.7570508807523315,0.0031174745236878867,0.00025978954364065725,32.56174526949035,0.40127568810032915,0.6167587187095118,5.198875,2.086182142972599,28.056939,4.517789421876189,136.4784698401733,340.11148416758846,0.0004661849677389716,65.39780844022641,0.00020448947012780995,637.9827082140258,303.5439470961433,16.176793346858858,343.9252542653526,22.41583285379187,292.10169320857796,0.5626958383304518,349.59820837785605,357.0141799985572,331.7400280467141,25.274151951843123,6.290049876021793,356.3917689574445,356.6526846968356,356.8979337563899,14966254524.240673,14937461301.852108,349.76655677948213,336.8548699370057,6.423075199426255,32.85565356267676,5.47423898674852,2.2274392924244926,312.80039608247796,287.7822474272827,6.203846072421887e-05,487,9.80736558631179e-07,True,4.48,conjugate_3D_benchmark_H1_type,4,k(T)_cubic_273_373K,3000,110,120
ALT_105,GateA_converged_v1,GRAIL-CHT-1.0,alternating,1,615.1602152306772,329.1717686974042,293.1093657930649,2.7050780872034452,0.002608437334417308,0.000217369777868109,33.165667471141056,0.4877578115594764,0.6852225067929573,5.198875,2.535791892571273,28.056939,6.67496134219149,119.89898783491675,245.81664300069642,0.0004440014493588718,28.99968435236206,7.587147377233562e-05,399.18176978469296,277.00245708684656,15.97929673137309,342.71620650731955,13.544437809915337,147.67863613458002,0.45466917348294533,347.1480845218911,352.11120078177123,335.4116674442575,16.699533337513742,4.246726939395339,351.74866333837394,351.89774877005965,352.04291610475974,14536065856.319427,14523092152.584665,347.22558675759575,210.76797444631788,8.348482985190806,46.966642306534894,7.7740034157019124,2.211143897873939,294.5461880341796,164.1823477449554,9.944789325815267e-05,556,9.967479854822159e-07,True,4.48,conjugate_3D_benchmark_H1_type,4,k(T)_cubic_273_373K,3000,110,120
ALT_106,GateA_converged_v1,GRAIL-CHT-1.0,alternating,1,624.1820808313238,304.0054009187005,285.57626017315744,1.0005554785615667,0.0022542180438299454,0.00018785150365249544,30.440041364253183,0.8856975812869429,1.1681824591254002,5.198875,4.604631012913155,28.056939,22.009552133571965,70.04447932014583,79.08396816255191,0.0006568126484462725,7.659871080904187,1.7318976533586165e-05,405.0361215260118,266.3926453798722,9.502110818533954,321.4316484531175,17.426247534416973,164.20110760641873,0.49823113443129685,327.9350527219584,334.71020795547474,312.156841320073,22.553366635401744,5.797599177980519,334.22740537043563,334.42714712234874,334.6242560474497,11586683245.6025,11565152456.667986,328.08757506116075,213.85907216573423,5.863522146996935,37.70050978344304,6.093730675071102,2.2202987772463345,285.711078092912,195.3168244804097,9.44331247620967e-05,671,9.939552114701655e-07,True,4.48,conjugate_3D_benchmark_H1_type,4,k(T)_cubic_273_373K,3000,110,120
ALT_107,GateA_converged_v1,GRAIL-CHT-1.0,alternating,1,479.83770536428483,301.4274661775026,290.98388217733736,4.5537636302594215,0.004361603921306915,0.0003634669934422429,23.43958517997594,0.7366945559267061,1.1450334408875098,5.198875,3.829982909443454,28.056939,15.22703019416404,116.82416232179285,158.57883213869675,0.0007619615314862197,25.014486198949985,0.00010943157582228481,311.3700458748219,273.99489948514815,23.0043017949858,309.14977164715236,7.722305469649768,140.7892460790488,0.5557010139286667,310.0833601204124,312.083257226697,304.9378137643946,7.14544346230241,1.6697513700461486,311.8735711537551,311.9572425550093,312.0415826123559,9246751951.982584,9245147532.848476,310.0968123476763,164.40338422190598,2.6290711880655566,18.23762372899665,2.7476485427546606,2.34162141059461,289.65751001783786,103.40373595794769,-0.0001248860907974142,267,9.923575134962448e-07,True,4.48,conjugate_3D_benchmark_H1_type,4,k(T)_cubic_273_373K,3000,110,120
ALT_108,GateA_converged_v1,GRAIL-CHT-1.0,alternating,1,674.6621779799772,309.00295320588293,301.36535952259914,1.4731536446593185,0.0034195854821093643,0.00028496545684244704,27.47710876051156,0.7683078744158002,1.9125768919058006,5.198875,3.994336600603443,28.056939,16.5619266372084,113.08210854636219,147.18332625751975,0.0006171618381267309,12.873514139671059,4.415454569282726e-05,437.793009926453,288.78795405650146,11.29798384970541,323.0702512184145,14.06729801253158,201.07609127474424,0.5644690674447347,326.02312161189883,330.42055641703564,315.3628975629489,15.057658854086753,3.6930627577923585,330.00570321821795,330.18120679929535,330.3403421352286,11306448160.932121,11297792800.156427,326.0855461371533,231.1547092411672,3.75302617805933,22.778124470986846,3.547262614935523,2.310310208832078,300.51198249773773,183.00142788099447,8.855646590031901e-05,390,9.859435863290855e-07,True,4.48,conjugate_3D_benchmark_H1_type,4,k(T)_cubic_273_373K,3000,110,120
ALT_109,GateA_converged_v1,GRAIL-CHT-1.0,alternating,1,669.1468958966466,306.2676291218688,289.85543697389545,2.3914126621628244,0.004051113687223751,0.0003375928072686459,35.84100874601778,0.4768526762579901,0.9806899898918333,5.198875,2.4790974572807585,28.056939,6.379824568293146,124.12242498150982,260.29512082334685,0.0006661065071843079,58.81458769221611,0.0002389815257857154,434.2141047756052,272.4026036858944,14.787368116218733,317.7064095672435,11.438780445374675,193.70036411455183,0.548245463689063,319.40650312861175,322.5007068110006,311.6797725094625,10.820934301538102,2.61037698253379,322.2149724428747,322.32597744052845,322.44322346528645,10412341196.67903,10408185325.967043,319.4383822069174,229.26504732151957,4.101329486585024,27.211931136959514,4.251212734654482,2.279354464099459,288.9295706803683,152.66520946041388,9.153107775309972e-05,282,9.963328011508565e-07,True,4.48,conjugate_3D_benchmark_H1_type,4,k(T)_cubic_273_373K,3000,110,120
ALT_110,GateA_converged_v1,GRAIL-CHT-1.0,alternating,1,790.4050892565067,317.25988754299954,285.7372374692516,1.0850208740335952,0.002713781989708252,0.00022614849914235434,21.382292134067207,0.5739429259586738,0.5556756764564335,5.198875,2.9838575291934,28.056939,9.242249806673392,107.4275171753965,187.17456443244274,0.0005155596430845504,25.009337007406735,6.80741106772763e-05,512.899395254172,266.6179225635888,9.823079321327661,335.50015387581294,18.240266332813405,206.910444172948,0.49579114123020296,341.14399332594314,347.79582911920414,325.3521436933159,22.443685425888248,5.635422051435634,347.2234132508886,347.47133432645796,347.6920692833654,13566144952.561697,13544123821.2906,341.28257373102826,270.8108806942028,8.021912425615898,47.90751141453982,7.970809068297059,2.184274320816636,287.48833831947815,224.62205502630547,7.518634462413552e-05,559,9.787847261577554e-07,True,4.48,conjugate_3D_benchmark_H1_type,4,k(T)_cubic_273_373K,3000,110,120
ALT_111,GateA_converged_v1,GRAIL-CHT-1.0,alternating,1,985.5464013389994,302.891402363758,300.36480374510984,0.9819696977569864,0.0019967121552103926,0.00016639267960086605,20.785491715277725,0.9436105759726071,1.873057785166725,5.198875,4.905713433159588,28.056939,24.98192427237786,70.40700062930178,74.61446747428748,0.0005787874628224269,5.160810045958512,1.03356591268779e-05,639.527958653686,287.3509516876711,9.431484851476547,336.2958127629683,33.40441039921029,278.80178773767165,0.5357776033474421,351.0328966823743,365.13211495406983,318.4316865985193,46.700428355550514,12.073731989874616,364.10012760028945,364.5368298448279,364.9562505614762,15290449584.710018,15184177478.460527,351.6454997245151,337.67076216914626,8.238501482132744,43.34116097130623,7.289105604779607,2.200482854064177,302.4914819440105,362.3330513630664,6.111670868441114e-05,857,9.976401997846551e-07,True,4.48,conjugate_3D_benchmark_H1_type,4,k(T)_cubic_273_373K,3000,110,120
ALT_112,GateA_converged_v1,GRAIL-CHT-1.0,alternating,1,656.3288353018759,296.3540637673613,301.08724762328643,4.034770102692552,0.004396840465230032,0.0003664033721025027,27.244101573754833,0.921701674820073,1.0090896923678332,5.198875,4.791811794680208,28.056939,23.83532298138883,110.18128211981418,119.54115429086409,0.0008144274131273644,17.361731537805642,7.656646316136839e-05,425.89637552923426,288.38828884219174,21.0321263902317,307.96705203329657,11.612988265935257,213.43270913100577,0.6158934272520522,309.34252883739276,312.3080429494506,301.77579620831284,10.532246741137783,2.4773161293235675,312.0029837390722,312.1226244818766,312.247134868806,9160622634.668262,9157112000.071898,309.3721733500334,224.8732862794357,1.3446299561176387,8.908144487842096,1.1876037379437059,2.624714917499018,299.3655479157259,155.3935844581184,8.847939645153205e-05,248,9.609078688299633e-07,True,4.48,conjugate_3D_benchmark_H1_type,4,k(T)_cubic_273_373K,3000,110,120
ALT_113,GateA_converged_v1,GRAIL-CHT-1.0,alternating,1,546.385655027363,288.26974480816324,303.99312280180527,1.679393284605857,0.004487108910831986,0.0003739257425693322,34.001141648218905,0.4206930978683639,1.987974838153841,5.198875,2.1871308291803904,28.056939,4.965592329598487,91.76387402762819,218.1254565206615,0.0009979628344457432,84.6220142133238,0.00038085074626796004,354.553476246841,292.57331723686406,12.081694481502257,298.3418740777899,10.072129269626657,188.91401736659657,0.6548336257840258,299.4092743224803,301.83462311022066,293.15801164979894,8.676611460421725,2.03962953077828,301.5996180354322,301.6864077921196,301.78584287511103,8038620406.516195,8036389816.270419,299.4300482619875,187.20423545833205,-0.1298583979238334,-0.920292901004997,-0.6594318772462546,0.7064420487965013,300.4399878148584,131.50717746424363,-0.00010615790232831751,217,9.703543923933466e-07,True,4.48,conjugate_3D_benchmark_H1_type,4,k(T)_cubic_273_373K,3000,110,120
ALT_114,GateA_converged_v1,GRAIL-CHT-1.0,alternating,1,798.2994103141381,324.58648454345416,293.20174600575314,0.7709888923291892,0.0010352477143172156,8.627064285976797e-05,26.645068039467766,0.6238173869895149,1.9617901170751346,5.198875,3.2431486177851148,28.056939,10.918305410197558,53.24760867165159,85.35768605075218,0.0003967926956091164,3.553799727250888,3.690133445112965e-06,518.0220754487164,277.13342302515963,8.629757790850919,363.03749759514284,38.451013051688676,166.3904317072581,0.39475588897272346,386.46140041904283,403.24275966771677,346.487381002634,56.75537866508279,15.008446563917765,402.59672760024233,402.9501773557084,403.15541814510004,22504661689.975292,22306143571.76379,387.31839378191523,273.51565583692224,17.0730620542611,76.63562716281164,13.4163223890309,2.175524704012261,300.63071018193864,252.90933581696714,7.770069315041725e-05,1522,9.927370001605595e-07,True,4.48,conjugate_3D_benchmark_H1_type,4,k(T)_cubic_273_373K,3000,110,120
ALT_115,GateA_converged_v1,GRAIL-CHT-1.0,alternating,1,820.3977875911369,304.99374429454565,296.65541476362637,2.1105470053374282,0.003534725916168764,0.0002945604930140637,35.896441513363094,0.5267399468171658,1.8304706900035486,5.198875,2.7384551410090934,28.056939,7.7845372126690116,111.1608571691923,211.03555528849387,0.0006489681068213638,28.34744232213277,0.00010050194486774518,532.3618671524018,282.0444105234577,13.720078620282226,321.7042781774579,16.710533882912273,246.90071704979536,0.5699856843660058,324.9902727436443,329.9836907683054,312.852960408063,17.13073036024241,4.22079910657055,329.5484790861423,329.7261130772904,329.8977627044432,11166531673.621408,11155305011.07558,325.0720091902574,281.0870658564682,4.16508830313693,25.944808685792555,4.076249176548022,2.2850607822199382,295.9324973979784,217.67942540300547,7.209196720535903e-05,386,9.68473671036918e-07,True,4.48,conjugate_3D_benchmark_H1_type,4,k(T)_cubic_273_373K,3000,110,120
ALT_116,GateA_converged_v1,GRAIL-CHT-1.0,alternating,1,926.9084279233429,330.96256115011613,295.53544628804866,0.4074848306730378,0.0037186929138691414,0.0003098910761557618,25.53679671928863,0.8183152282757173,0.7098117770599105,5.198875,4.25431858240192,28.056939,18.78804338048491,179.12684492161833,218.89711780026244,0.0004236909004457985,10.45108450305137,3.898131783725649e-05,601.4773672384525,280.4487080318603,7.248442356557543,347.32986981435516,16.367308664239033,254.41567805004541,0.5198440974091917,350.4537697248176,355.43067692928275,338.19165211076654,17.239024818516214,4.168230538151636,354.9369107044254,355.14139512084904,355.33415260158074,15096958687.085676,15084222980.274628,350.5277189103929,317.58004990190295,8.568750229534714,46.69486354302588,7.900543240569507,2.178316537310298,298.15626115337136,222.63895533196015,6.764868495396213e-05,377,9.98640359739511e-07,True,4.48,conjugate_3D_benchmark_H1_type,4,k(T)_cubic_273_373K,3000,110,120
ALT_117,GateA_converged_v1,GRAIL-CHT-1.0,alternating,1,998.9176257812499,296.8310898993229,307.16895772303246,3.6250340604616267,0.0041400787180890745,0.0003450065598407562,31.1220898225412,0.9483121375034237,1.2095141920516117,5.198875,4.930156263863113,28.056939,25.231490493644007,113.24777326170492,119.42035621293105,0.000746102378278165,14.000168074176148,5.813620651310609e-05,648.2046397928334,297.1700681447704,19.47512942975418,315.7727076987239,18.941617799401,327.7947169226551,0.6214960187728041,318.32252944404627,323.3376845020932,305.64682845414535,17.690856047947875,4.193647749851837,322.83871098482257,323.032234389916,323.238004763096,10278242435.187935,10267613410.039215,318.4048792894033,342.25204981061603,1.8058906138182038,11.046687715728503,1.6045514530340694,2.454936676133741,305.95041393358804,249.9041904989644,5.934380240587087e-05,316,9.688936302154616e-07,True,4.48,conjugate_3D_benchmark_H1_type,4,k(T)_cubic_273_373K,3000,110,120
ALT_118,GateA_converged_v1,GRAIL-CHT-1.0,alternating,1,462.62582989594335,303.5960643373923,311.8556773182949,1.949591204220835,0.0036238781016049676,0.00030198984180041395,30.278033631351096,0.37594717048015713,1.38917464055387,5.198875,1.954502345930027,28.056939,3.9654632459387886,103.92279697260818,276.429256908301,0.0007116758863297896,80.53782243365013,0.00029273746345862987,300.2011394002869,303.9971834629651,13.108446576039173,313.65118226677197,10.055117929379662,152.31302059453796,0.6235527963900815,315.4775885777588,318.41707585413803,308.21880112094175,10.198274733196286,2.4772458412738017,318.146473090893,318.25537825157613,318.3638344085231,9909098295.904427,9905446351.747084,315.5066621612463,158.50620160335149,0.7996773854173581,4.872251585780723,0.5210477073621284,3.2384861599633448,310.02074386860096,129.8786302206764,0.00012890994248133649,279,9.909281857289898e-07,True,4.48,conjugate_3D_benchmark_H1_type,4,k(T)_cubic_273_373K,3000,110,120
ALT_119,GateA_converged_v1,GRAIL-CHT-1.0,alternating,1,697.6727486673167,299.3149137185423,311.0549585238321,3.375888758008813,0.0011374971698802415,9.479143082335345e-05,31.026841181107756,0.8745166423487433,1.1390358739029218,5.198875,4.546502708990823,28.056939,21.457367788708385,39.258580774953195,44.891748051259505,0.0005913372351027949,3.5784241137460935,4.082695388181938e-06,452.72473031946237,302.82712326930675,18.52837728043349,337.4633798647225,38.148466146180226,181.38596811598825,0.49239995567967676,359.9158579864257,376.63960435704064,320.5715668714809,56.06803748555973,14.857857793024031,375.97809938727084,376.31722496221556,376.54474546148987,16949106821.589848,16780462585.31441,360.81676151019695,239.03865760867615,8.751933325503844,41.87142314601388,7.029122974261916,2.2347255371414203,313.020526364788,271.6702567250666,8.78715226900732e-05,1411,9.942681344909943e-07,True,4.48,conjugate_3D_benchmark_H1_type,4,k(T)_cubic_273_373K,3000,110,120
ALT_120,GateA_converged_v1,GRAIL-CHT-1.0,alternating,1,538.1740661057468,327.77228840410015,291.92996825938684,1.5418814112848336,0.0013769774666337867,0.00011474812221948222,20.658488056125016,0.8876670025988689,0.872528641505915,5.198875,4.614869788136195,28.056939,22.107541049292593,64.49561815841977,72.65744695881743,0.0004357286542484435,3.196071007827035,4.414160240260144e-06,349.2249187144818,275.3322588776184,11.559149362882367,346.6633186964343,18.891030292334165,108.73234628228896,0.38265031146822787,357.3906619811601,365.91723059913187,337.3706796611669,28.54655093796498,7.496403538582064,365.4889920009675,365.67530917398074,365.84734254973597,16357148298.467762,16314463767.08062,357.62419874759763,184.39075708124642,10.470547468022515,55.77048739500834,9.41716733035384,2.188984511897004,294.9285982493173,160.87436198644636,0.00011313233703394014,1147,9.97587960682722e-07,True,4.48,conjugate_3D_benchmark_H1_type,4,k(T)_cubic_273_373K,3000,110,120
ALT_121,GateA_converged_v1,GRAIL-CHT-1.0,alternating,1,553.3646629963365,298.36121755614164,312.8319080192398,1.4379459409532733,0.003493041672257852,0.00029108680602148764,35.56553147598944,0.5299127333574625,1.0693598196642116,5.198875,2.754950061633778,28.056939,7.878599037808295,92.49832598855534,174.55388437733365,0.0007707071549617247,43.40722921542374,0.000152079499023795,359.0822033709637,305.4257457922826,11.164194575622439,311.12673232508894,12.765514768947298,186.38818573306,0.6379300145645042,313.6103018847189,317.39933333312206,304.39565045193183,13.00368288119023,3.204741866630607,317.07274631660147,317.2047253181463,317.3347281920547,9679036093.02064,9673002100.886282,313.65919775945883,189.59540337986886,0.4381992094505904,2.6568375927534444,0.11197964554567233,7.803601898236872,310.63468580540575,163.50488135379427,0.00010612021998580867,358,9.813115866563749e-07,True,4.48,conjugate_3D_benchmark_H1_type,4,k(T)_cubic_273_373K,3000,110,120
ALT_122,GateA_converged_v1,GRAIL-CHT-1.0,alternating,1,764.4003052189355,318.0538907868739,308.58086155248674,2.904577632808949,0.0017001527562989557,0.0001416793963582463,29.90937504750812,0.4127477028105749,0.7252653026004119,5.198875,2.145823713449327,28.056939,4.779798818882747,73.831510604707,178.87806546700764,0.00046996518507326415,30.18220103921365,5.146875856367933e-05,496.0247088587037,299.2213366239117,16.737395004674006,346.3322686737317,28.278377886857754,200.96420961145944,0.4979250148860463,360.434733203359,372.61810776355503,332.06633258724577,40.55177517630926,10.641735058336321,371.9910315054706,372.25478032739926,372.5092909352658,16964642110.255156,16877438728.616184,360.89941286983566,261.90104627739555,9.10121355287566,44.375724187829455,7.4596915843642115,2.2256906153646026,310.73462402670924,277.3420197227226,7.916763592109136e-05,986,9.8804207482317e-07,True,4.48,conjugate_3D_benchmark_H1_type,4,k(T)_cubic_273_373K,3000,110,120
ALT_123,GateA_converged_v1,GRAIL-CHT-1.0,alternating,1,568.0148604829012,297.6532278659657,307.51520350418144,2.884283980765398,0.002769768690989766,0.0002308140575824805,20.07801571094827,0.9673640005896861,1.7121773720182283,5.198875,5.029204518565705,28.056939,26.255490193702318,74.46587424293561,76.97813253081847,0.000759111736886816,9.085392434396384,2.524015597808064e-05,368.58881907137794,297.672672022482,16.660279126908513,313.2832332663949,15.63000540042924,180.95846832009926,0.6033721926341867,317.83133408248193,323.40458221774685,304.634878678028,18.769703539718876,4.688800676841484,322.89285546291615,323.1182543298492,323.31327353818125,10217627228.22742,10204385179.573872,317.93439495687375,194.61489646968755,1.7111577976277987,10.460995511456433,1.4840772734634573,2.507184942716105,306.1151845766127,190.75293943166722,0.00010151691581094777,511,9.86237807865109e-07,True,4.48,conjugate_3D_benchmark_H1_type,4,k(T)_cubic_273_373K,3000,110,120
ALT_124,GateA_converged_v1,GRAIL-CHT-1.0,alternating,1,990.0515585313489,289.88197728307114,301.8344692729305,0.142426650521995,0.0033821752032368955,0.0002818479336030746,21.334440660972355,0.6538059183198034,1.0565045477830783,5.198875,3.3990552436048684,28.056939,11.99328027624044,82.90890804498314,126.80966280948985,0.0008325578171739353,28.17069334530412,9.556491523618679e-05,642.4513866919019,289.46251375780264,6.241221271983581,312.4223530781991,22.540375795127943,318.6643903591575,0.6095955681764416,317.09307758834956,324.1241638942671,300.05647298379625,24.067690910470844,5.870474132155595,323.43309070788735,323.7254699800291,323.9887066795742,10130529964.468319,10109904296.651087,317.2546829455569,339.21433217332424,2.502783293622078,15.85185948199378,2.19510151153249,2.5507139013250066,299.3392457055546,288.4850323440475,5.8230740762057634e-05,422,9.716025033412734e-07,True,4.48,conjugate_3D_benchmark_H1_type,4,k(T)_cubic_273_373K,3000,110,120
ALT_125,GateA_converged_v1,GRAIL-CHT-1.0,alternating,1,732.0187656714647,318.77005711253054,288.9153375708755,0.4479301097759308,0.0013987863318884555,0.0001165655276573713,27.92217607385199,0.3774292475444692,0.6311385765822997,5.198875,1.962207479327752,28.056939,3.9967905553359175,61.496182218894496,162.93433171643366,0.00046421879736217663,34.08731719885709,4.782434642779094e-05,475.0121011755731,271.07843789295214,7.402134417148537,347.21562328766794,28.4455661751374,166.319145124793,0.4303146253760687,363.174054209275,375.83834646181947,333.61410552325276,42.22424093856671,11.17176353333157,375.27496671333245,375.52461475605645,375.74891349436035,17493905166.80716,17396394866.299873,363.6819039256326,250.8063894207026,11.948738295075811,61.85544704636797,10.682849822725569,2.154813973376167,293.8969319168549,244.10473892358712,8.338373704163496e-05,1192,9.928496069733228e-07,True,4.48,conjugate_3D_benchmark_H1_type,4,k(T)_cubic_273_373K,3000,110,120
ALT_126,GateA_converged_v1,GRAIL-CHT-1.0,alternating,1,638.0006636752368,288.5212444622331,286.1964462863453,1.2805536217400584,0.00296284409540995,0.00024690367461749585,25.890943076644575,0.6798850082572961,1.8988811157333934,5.198875,3.5346371723036505,28.056939,12.969141174417393,64.97883558893638,95.5732731267193,0.0009305856944839982,20.7100332090214,6.154523531503815e-05,414.00309666350677,267.2609039235616,10.566103762612222,303.959228216555,15.43798375432192,191.19461706818467,0.5675715368204045,307.82633617118046,312.9579191285866,295.6280504101686,17.32986871841797,4.320798323428092,312.502930404857,312.6950392647027,312.8729757211154,8989450751.683517,8978899138.83671,307.9167323846926,218.59363503833157,2.9645504152882918,21.322601467446674,3.111673292806385,2.3990912466593928,283.94535979822615,187.96223064919323,8.819772154897035e-05,456,9.727660881253541e-07,True,4.48,conjugate_3D_benchmark_H1_type,4,k(T)_cubic_273_373K,3000,110,120
ALT_127,GateA_converged_v1,GRAIL-CHT-1.0,alternating,1,582.0602776758244,322.7069301518482,296.1891486028719,3.9640469251467163,0.0031652145240998455,0.00026376787700832044,21.165481979174768,0.44337284925084747,1.483245879548506,5.198875,2.3050400216490003,28.056939,5.515418575887135,129.53071134480902,292.1484966065757,0.0004987120896458442,31.952038468399447,0.00010143937435784845,377.7029886057861,281.37971975636634,20.76337831555752,334.1429216820086,11.43599153016038,151.30499192296014,0.49232441328383447,336.96105880252594,340.80673772191295,327.6936562725406,13.113081449372373,3.2355740039394534,340.446732909673,340.60077027265726,340.7386683961938,12899059649.064922,12891957246.898285,337.00745863615066,199.42717798385507,6.155004706896537,36.10153281031018,5.865441975916485,2.2353748808164373,296.52791309154475,147.98220745035303,0.00010358055197229175,412,9.88040824267955e-07,True,4.48,conjugate_3D_benchmark_H1_type,4,k(T)_cubic_273_373K,3000,110,120
ALT_128,GateA_converged_v1,GRAIL-CHT-1.0,alternating,1,702.2304908098218,293.7252403344399,312.0126028896009,3.185308584074141,0.004301124639441072,0.000358427053286756,35.179191223854886,0.581758393642783,0.6693963518673411,5.198875,3.0244891687496236,28.056939,9.49566979628344,103.84198561157329,178.49675526183358,0.0008453343971684011,57.98874596318891,0.000250167326050713,455.68228109992896,304.22666909973435,17.804172619481736,307.19867339444994,13.473433060010052,242.23482433328508,0.6533155173306819,308.8610103368432,312.2718961725349,300.2166042613899,12.055291911145048,2.871182322237446,311.9514848397053,312.0719315619299,312.20618659653917,9104928282.36333,9100229626.939434,308.9008706100618,240.6002444207625,-0.15647428469875463,-1.0249256003176053,-0.45338771618523843,0.982295533780099,310.008910797422,178.1302730766704,8.632105903120117e-05,273,9.988146416617383e-07,True,4.48,conjugate_3D_benchmark_H1_type,4,k(T)_cubic_273_373K,3000,110,120
ALT_129,GateA_converged_v1,GRAIL-CHT-1.0,alternating,1,718.4347887804221,299.4999013954464,283.45323379517157,0.6292834257148079,0.0032954829772077897,0.0002746235814339825,20.542807910461825,0.9161083411780967,1.243759860998746,5.198875,4.762732752242278,28.056939,23.546912109294528,91.34521667731619,99.71005892146785,0.0007362965395558978,11.701495503623882,3.867811358080842e-05,466.1973634831372,263.4275554769061,8.09127701771627,314.3913785438724,14.89147714842602,205.13186749312803,0.5407690869996719,317.6912333441385,322.48133996224954,306.10060328109864,16.380736681150893,4.0031107847343055,322.00825533922944,322.21009077551884,322.39142795349267,10196055810.669718,10186404612.666857,317.76645645617975,246.15220791909647,4.570517611906885,31.52415141777468,4.9254743950560504,2.2691173464861634,282.3846823899945,191.2675841540571,8.003228266569605e-05,410,9.710605013424356e-07,True,4.48,conjugate_3D_benchmark_H1_type,4,k(T)_cubic_273_373K,3000,110,120
ALT_130,GateA_converged_v1,GRAIL-CHT-1.0,alternating,1,749.3655015026209,319.3738146169125,291.29249176186823,3.1145349992586473,0.0026690497593455965,0.00022242081327879972,21.825834812929543,0.9940738727346405,1.9738209509226392,5.198875,5.168065805113304,28.056939,27.72538634882122,108.81205953479137,109.46073779753974,0.0005006095578068176,5.539435583416517,1.482951776412065e-05,486.2685194835611,274.4309023351981,17.53523299718286,337.0040338057467,17.63021918883419,196.69379694364227,0.49712207171012546,342.64985553412805,349.2042081169284,327.15145527587555,22.052752841052836,5.536123159968432,348.61979892565876,348.876495840576,349.1010497805385,13806298478.059135,13784855316.855621,342.78303092398295,256.7497782873203,7.745121784579104,44.92239054969735,7.388264022144883,2.214724054234222,292.3374886790901,217.1181146203171,7.983931204870588e-05,568,9.878658602247015e-07,True,4.48,conjugate_3D_benchmark_H1_type,4,k(T)_cubic_273_373K,3000,110,120
ALT_131,GateA_converged_v1,GRAIL-CHT-1.0,alternating,1,631.5229087409299,307.0110890498341,293.64447458298355,1.799473540644538,0.002738064028969248,0.000228172002414104,27.93861119125312,0.8673510827704496,1.1530177814433924,5.198875,4.509249860438222,28.056939,21.107176312098684,88.36563507239573,101.87989249998124,0.0006323822825789047,9.346581150341942,2.5668543271407507e-05,409.7996361423506,277.76135853093507,12.537999454449244,322.4355148545807,15.42442580474659,176.53421363735345,0.5294267190599341,327.03302460657613,332.5350204900229,314.05157396684825,18.48344652317462,4.661851071743621,332.0712179932106,332.2706332708235,332.44919724337154,11452293402.610966,11438430665.67233,327.13206603027953,216.37420788316112,4.836967866125787,30.199552541496068,4.803272691035931,2.2598925231295532,293.2100034420005,188.0231596287084,9.29626279641684e-05,525,9.83478003035998e-07,True,4.48,conjugate_3D_benchmark_H1_type,4,k(T)_cubic_273_373K,3000,110,120
ALT_132,GateA_converged_v1,GRAIL-CHT-1.0,alternating,1,919.1880732499704,316.1658331301952,285.10774508255736,2.4175786571285736,0.0014591616150100805,0.00012159680125084004,29.825649629434913,0.7232762346155106,1.0814551855327434,5.198875,3.760222734236713,28.056939,14.677384737988243,64.98236326492709,89.84446073977715,0.0004582762935338421,5.319528949965115,7.785408679763265e-06,596.4675750484186,265.7373505207289,14.886798897088578,351.5092512239664,35.34341809377116,215.56995272735756,0.44417071707257216,370.79903189761296,386.4703952905009,334.29112474063265,52.17927054986825,13.767345145912904,385.7227403256015,386.04662640269385,386.3517067478768,19058008649.866547,18904028630.7101,371.5518088332529,314.93487962556503,14.345478452101542,72.69170031704347,12.327537959199958,2.1961526827644606,289.38547734464385,312.17521193601976,6.673438735912952e-05,1158,9.95844231965748e-07,True,4.48,conjugate_3D_benchmark_H1_type,4,k(T)_cubic_273_373K,3000,110,120
ALT_133,GateA_converged_v1,GRAIL-CHT-1.0,alternating,1,958.317871817031,314.4999628011986,287.25411875586633,4.7631336443541965,0.0041679494875427785,0.0003473291239618982,25.906323933810665,0.3713315751992302,1.580296498337195,5.198875,1.930506443013898,28.056939,3.8686910405110773,154.32720552897533,415.6048551652907,0.0005511876165227175,67.51388253807426,0.0002822411756535506,621.859175247174,268.7438128177971,23.799907848545946,330.29747165433645,15.797508853137856,275.2246551227537,0.5439310189760181,332.54961071712063,336.89463660156554,321.65629654867564,15.238340052889896,3.627805936578605,336.4572803677797,336.6315718204891,336.80808821867754,12238670771.480593,12229980797.38999,332.6086680012927,328.3416445305079,6.432667977072746,40.167912167093654,6.516203890579154,2.2209794920178934,287.56218444656184,215.51206541020144,6.254857160615288e-05,314,9.593023833076586e-07,True,4.48,conjugate_3D_benchmark_H1_type,4,k(T)_cubic_273_373K,3000,110,120
ALT_134,GateA_converged_v1,GRAIL-CHT-1.0,alternating,1,497.41933117026616,316.5382378731803,302.34854325094864,4.392739141424456,0.0023209637358487002,0.00019341364465405835,34.53023324150283,0.8318074706893694,1.4972557147583694,5.198875,4.324463064180196,28.056939,19.412699015219125,87.29087234069861,104.94119783314206,0.0005426490140289956,7.058830165395411,1.6432586591171146e-05,322.7788859317038,290.20233228279164,22.392408737412932,330.088992511477,13.550754638296667,131.46438625507716,0.5005546918387208,335.09394174528103,340.2976244818795,322.94862152780473,17.349002954074763,4.472481093397471,339.9535060340231,340.09479431481446,340.23257056442276,12621985980.262043,12608583669.027403,335.18295341326245,170.42725177193964,5.0718791799130445,29.180034988537805,4.710748991309214,2.253547346993528,302.4127641137837,155.22759226753118,0.00011873517897843946,627,9.814657460083254e-07,True,4.48,conjugate_3D_benchmark_H1_type,4,k(T)_cubic_273_373K,3000,110,120
ALT_135,GateA_converged_v1,GRAIL-CHT-1.0,alternating,1,512.7672286370617,289.05795109154644,310.75060399723264,2.630155125721741,0.0032626303643355213,0.00027188586369462675,32.39109545207486,0.541485984682083,0.7104133859549984,5.198875,2.815117948614064,28.056939,8.226492922449738,70.5713980898479,130.32913147564062,0.0009435363789204643,57.58741993945123,0.00018845182035927226,332.7382440331898,302.382776116911,15.694589477742614,302.2444001693231,13.186449077776672,179.8340882842785,0.6642290012957205,305.00106136673384,309.01484651200974,295.24545562947225,13.769390882537493,3.3917514673906357,308.6693584942791,308.8109903464689,308.94804585070403,8660161655.251116,8653771080.670063,305.057354527147,175.68579284952423,-0.4362340219266349,-2.885128136338414,-0.8271284941546599,1.3664774133344284,308.23235924387296,162.62475797964368,0.00011111750260606457,383,9.767013580130879e-07,True,4.48,conjugate_3D_benchmark_H1_type,4,k(T)_cubic_273_373K,3000,110,120
ALT_136,GateA_converged_v1,GRAIL-CHT-1.0,alternating,1,724.0185454566672,295.816667802404,286.20166899726655,1.6060203007114353,0.0013265930080306034,0.00011054941733588361,21.100425425378255,0.8702470184499866,1.3129929180411435,5.198875,4.524305468044175,28.056939,21.2483580530362,40.59719657056564,46.65019897784203,0.0006669006742665836,4.663212884410357,6.2048000074393196e-06,469.82070227664946,267.26821969998633,11.802877142703455,328.0338734819173,32.217205679513256,178.64952073359524,0.46732416890279643,346.26603842249153,360.72116337801805,312.597415393092,48.12374798492607,12.694430984883143,360.01689095155484,360.3257859728482,360.6075917305957,14490228367.399437,14376050613.709255,346.95153041002607,248.06533080207092,9.028187573905196,51.74656445413368,8.640852782184806,2.188807416259802,288.3107047359635,263.8350081026539,8.27436269817073e-05,1242,9.922735557665874e-07,True,4.48,conjugate_3D_benchmark_H1_type,4,k(T)_cubic_273_373K,3000,110,120
ALT_137,GateA_converged_v1,GRAIL-CHT-1.0,alternating,1,771.9648122737694,308.10699978601343,302.7461673178407,1.1012360377775834,0.0036785720384008656,0.0003065476698667388,29.551733683682187,0.36432712210315144,1.7557206517172095,5.198875,1.8940911669240215,28.056939,3.7241168087679415,121.0529525684193,332.26445472853305,0.000620188024169563,65.08958012357989,0.0002401571809767841,500.93337043813483,290.7749960057934,9.884696943554816,323.43568919810303,15.328689412089602,235.7005369127728,0.5782679792320049,326.2263652062529,330.7535838974948,315.11509438068583,15.638489516808988,3.796971025589554,330.32500893907553,330.4969237188838,330.6696777333605,11335150539.748594,11325991439.403149,326.2922983819472,264.4928195913352,3.6176698740460504,21.79655179523749,3.37785837413837,2.3224181783101483,301.8145719628897,201.7738673243514,7.66127189411005e-05,362,9.65401795838261e-07,True,4.48,conjugate_3D_benchmark_H1_type,4,k(T)_cubic_273_373K,3000,110,120
ALT_138,GateA_converged_v1,GRAIL-CHT-1.0,alternating,1,964.3669342866937,310.29552170572555,300.084705948921,4.789034712805184,0.0011537595141245286,9.614662617704405e-05,23.555094704368358,0.8514957227729875,1.4263689926189884,5.198875,4.426819825731416,28.056939,20.3425423805328,51.46532219711221,60.4410812887114,0.0004575305484313319,2.8606825982306043,3.3104711781334367e-06,625.7844542271754,286.9491023340601,23.898331908659696,357.5941705758296,47.298648870104046,228.10789246151293,0.447985624808778,385.783715334421,406.718864831216,336.1147219757959,70.60414285542015,18.616466558419813,405.8376617386664,406.2467542690492,406.58840587396594,22453305713.6354,22150093570.48415,387.09723783687923,330.41419183194864,16.620130365624203,73.35730939678758,12.328648927232226,2.260958814053795,303.6246891404206,343.9049957535151,6.376263396081695e-05,1414,9.904230182655738e-07,True,4.48,conjugate_3D_benchmark_H1_type,4,k(T)_cubic_273_373K,3000,110,120
ALT_139,GateA_converged_v1,GRAIL-CHT-1.0,alternating,1,489.37594650724657,318.91704476479686,289.375923519637,2.591480801150773,0.0024320084678531133,0.00020266737232109278,35.03310659277919,0.3935720018990992,0.7857746436346298,5.198875,2.046131641373179,28.056939,4.345989568652739,93.4392174219993,237.41327373676978,0.0005311967232234209,52.66963947660333,0.00012847844453948838,317.5594773201778,271.7269219850008,15.547627044372938,330.2399833829717,11.322938618174817,115.10667726959753,0.44547565556152796,334.2372155318934,338.5000769042022,324.2640852483161,14.235991655886096,3.6624434739646383,338.2175734142107,338.3330383167922,338.4448668706198,12489083188.256565,12480133140.1925,334.29712344638165,167.67140402505387,6.469768974354601,39.64101183346326,6.453739939434301,2.2191604893283037,289.8399093007462,132.81196228595073,0.00012286424473206752,569,9.975158263841877e-07,True,4.48,conjugate_3D_benchmark_H1_type,4,k(T)_cubic_273_373K,3000,110,120
ALT_140,GateA_converged_v1,GRAIL-CHT-1.0,alternating,1,453.78172839484415,325.3824531857089,307.607754746523,3.817607752704287,0.0022634074713965835,0.00018861728928304863,33.441531442239665,0.6507444036450125,1.8245514457951626,5.198875,3.3831388114999648,28.056939,11.881223668839363,97.14590265768594,149.28426908251978,0.00047550791924671327,8.865596387184702,2.012683761398236e-05,294.4621400275131,297.8070656138325,20.20690946027629,337.4915853717712,12.109132186062254,114.56502309541979,0.47815766222123923,342.1289040863253,346.8526968006903,331.0708960349903,15.781800765699984,4.065141255695865,346.5422842749762,346.66906699203093,346.7949199323908,13712763211.73158,13701214484.130682,342.2009762597185,155.47600993452693,5.595018958271755,30.349554432777,4.966208289065553,2.2445060810934434,308.13788317617235,137.7513039508265,0.00013195540129708544,635,9.874934789877443e-07,True,4.48,conjugate_3D_benchmark_H1_type,4,k(T)_cubic_273_373K,3000,110,120
ALT_141,GateA_converged_v1,GRAIL-CHT-1.0,alternating,1,974.350433603194,312.77803776697374,293.49422895164815,0.3018476422721085,0.002905525428927119,0.00024212711907725993,22.32385431359204,0.4404149576507096,1.9544694929816675,5.198875,2.289662312956333,28.056939,5.442073570034489,110.94009887476992,251.89902601526953,0.0005345097470031008,26.862224252828284,7.828372682460919e-05,632.2628168181477,277.5482074470048,6.847021040634012,335.63798559901943,22.85994783204569,277.6362676712166,0.5396685282771302,342.02840914763595,350.0987180375102,322.86969323475194,27.22902480275826,6.797644113833915,349.36920117209326,349.6876778855515,349.963678958268,13717285818.139082,13685123517.867283,342.22918809657784,333.83476727998203,7.306315740893552,41.90985408683355,6.982121180838306,2.193022563882251,295.09003548016227,287.879095096426,6.248606210490806e-05,531,9.99710323412728e-07,True,4.48,conjugate_3D_benchmark_H1_type,4,k(T)_cubic_273_373K,3000,110,120
ALT_142,GateA_converged_v1,GRAIL-CHT-1.0,alternating,1,471.04717476625217,313.9931694724667,302.8139785172258,3.8746762260977627,0.002133371264964219,0.00017778093874701827,35.708188009970776,0.39204500301452183,1.7400214796517917,5.198875,2.038192965047122,28.056939,4.312331446436185,77.07972404435928,196.60937762674186,0.0005648664581714424,29.157821649455474,6.239163375717144e-05,305.6658090360443,290.8726961955094,20.423769659171498,327.96776802831295,13.974598555846228,124.61836925353279,0.5010530821140612,333.6466093717009,339.2076087189605,320.7619970100545,18.44561170890603,4.804883516786636,338.8780086169895,339.0125454464288,339.1456138030954,12407484816.610554,12392155746.210127,333.7497415808585,161.39154717103142,4.769136806580134,27.568258562669012,4.435578474400512,2.2588461758910943,302.7705958428774,154.44728886391292,0.0001264464295370442,694,9.945086389961943e-07,True,4.48,conjugate_3D_benchmark_H1_type,4,k(T)_cubic_273_373K,3000,110,120
ALT_143,GateA_converged_v1,GRAIL-CHT-1.0,alternating,1,711.9071899008263,312.90351530616294,295.0943705973755,2.02917270821585,0.0020621752372287127,0.00017184793643572606,24.2363046799546,0.8276627239019959,1.8821592418155604,5.198875,4.302915043725989,28.056939,19.219721038790347,78.13504359726437,94.40444922890644,0.0005386407494828532,6.037762197803436,1.2488388859163344e-05,461.96155887697546,279.8211034065405,13.41085629122023,334.59907045073203,21.695555144569084,187.01335289211235,0.49752546576247203,343.76398750484725,352.69759392899766,322.97020144462005,29.727392484377617,7.661263780335049,352.0564648824421,352.3208948391371,352.58713391363904,14006253036.244095,13965018433.26653,344.0174655639676,243.91570308704306,7.504111192012663,42.39642793043067,7.00160508945893,2.2143096553811046,296.2806588289343,237.18833263607013,8.444844912981965e-05,780,9.989755653805332e-07,True,4.48,conjugate_3D_benchmark_H1_type,4,k(T)_cubic_273_373K,3000,110,120
ALT_144,GateA_converged_v1,GRAIL-CHT-1.0,alternating,1,529.8267869891883,329.03542968101715,283.97069399151707,0.653459944984853,0.0012278362490962065,0.00010231968742468387,36.64988721894629,0.4572414698778825,1.0382546763506768,5.198875,2.3771412467113766,28.056939,5.865857552896192,58.528601593959316,128.00370362205072,0.0004281459104359512,12.291199300494016,1.5136991019069698e-05,343.80831086479316,264.14923784636187,8.183147790942442,347.80822694944635,18.7727972684292,96.34866970940658,0.3444116937787519,358.95277156854485,367.312935451147,339.4760585449528,27.836876906194163,7.427969062864529,366.9879214761412,367.16534442841356,367.26699056143786,16643857917.974823,16601573172.709085,359.1811196679124,181.5307881366108,11.562876881382348,62.83211957229624,10.786912438197659,2.1515777497997646,288.5817914956183,145.33857167686472,0.00011542688164423928,1266,9.93431854112714e-07,True,4.48,conjugate_3D_benchmark_H1_type,4,k(T)_cubic_273_373K,3000,110,120
ALT_145,GateA_converged_v1,GRAIL-CHT-1.0,alternating,1,439.9395751869142,312.1504383601457,309.6480605568326,1.1797494858631703,0.002493957539642099,0.00020782979497017493,25.41775583746568,0.7786169994721285,1.7315074200876397,5.198875,4.047932453130662,28.056939,17.009363043981526,85.88294554486497,110.30191429559103,0.0005926545475402448,9.021306130738724,2.256645380358609e-05,285.4798699158149,300.77492282665366,10.183048046280046,324.37981728810536,12.229378927959658,127.48812645095533,0.5488362460740338,328.5253630568717,333.131680109939,317.7079320246885,15.423748085250509,3.9168998276883595,332.75658524210246,332.9178625707149,333.0650222519149,11658535998.913828,11648650514.271254,328.59504064344577,150.73337131555027,3.0367889469792737,17.49256645871943,2.7156864109040986,2.3321703389948096,308.9339653120526,144.55242372344975,0.0001347067277545755,561,9.962982403521892e-07,True,4.48,conjugate_3D_benchmark_H1_type,4,k(T)_cubic_273_373K,3000,110,120
ALT_146,GateA_converged_v1,GRAIL-CHT-1.0,alternating,1,695.9124307239379,311.97989116895155,286.42594566246316,0.915098673176701,0.003547362628140649,0.0002956135523450541,31.857063499127044,0.9801237834041139,1.0954443634635185,5.198875,5.095541034445063,28.056939,26.952691692997835,122.4569974795903,124.94033871342167,0.0005912095988878309,8.963639056956291,3.189295707401067e-05,451.58244768377824,267.5824409630211,9.177374958071464,324.82248287201475,12.842591703063192,190.42963879772697,0.5182580146146809,327.26071899154,331.1010585145082,317.7954906101918,13.305567904316433,3.228494863340186,330.74292949007446,330.8859518672378,331.03189395187326,11476988663.361748,11470319649.516869,327.3082771817383,238.43553237703492,5.655315262921085,36.475889000628754,5.874485457966975,2.2265399212188806,286.40830026878706,165.89390311295838,8.549807535124228e-05,360,9.724641358843655e-07,True,4.48,conjugate_3D_benchmark_H1_type,4,k(T)_cubic_273_373K,3000,110,120
ALT_147,GateA_converged_v1,GRAIL-CHT-1.0,alternating,1,616.5602314202838,318.5775775836548,283.03925760915934,3.7921072666208606,0.002538152897205253,0.00021151274143377109,25.31874358955582,0.45200816715793884,1.7252831512479618,5.198875,2.3499339600332294,28.056939,5.7323520148161595,99.1317271779979,219.31401771189616,0.0005225460922738793,23.417655186810062,5.961643867417811e-05,400.090250090242,262.85067244208227,20.11000761315927,332.5506978512969,13.973120267642116,148.24752758550952,0.45538427267931075,337.19441519829275,342.4399511964503,324.88442667159114,17.555524524859152,4.459541807071393,342.01586843183844,342.1973724410797,342.36444496301374,12941199151.393818,12927706745.950321,337.28236165943537,211.2476520476478,7.670756884451548,47.53840695040615,7.790754295793861,2.203269694960145,283.9521513533418,166.86789336065576,9.767279527502171e-05,570,9.985431006498402e-07,True,4.48,conjugate_3D_benchmark_H1_type,4,k(T)_cubic_273_373K,3000,110,120
ALT_148,GateA_converged_v1,GRAIL-CHT-1.0,alternating,1,501.1967879182783,317.63184633400823,308.76333127769715,0.0887815751987222,0.003502341018250929,0.00029186175152091075,34.68701418695118,0.7519039161428969,0.676345211365526,5.198875,3.9090544720374036,28.056939,15.862256979628567,130.1739752722857,173.1258109946412,0.0005491029285254368,15.88009763297683,5.5784871929593014e-05,325.23010405768616,299.4867787449797,6.037369985755144,327.6080207678388,9.976174433830579,146.0490533857939,0.5518951085137731,329.6314518142822,332.66411383835054,322.2335857032687,10.430528135081829,2.565255182341173,332.395899160905,332.5066421113899,332.61211697389933,11810596251.94099,11806320619.201681,329.6612915863693,171.7214949424583,3.3495627438903592,19.320587655581846,3.0020852482601885,2.3299677763280866,307.9926992437313,130.53701225808302,0.00011990865328731744,311,9.776117053661437e-07,True,4.48,conjugate_3D_benchmark_H1_type,4,k(T)_cubic_273_373K,3000,110,120
ALT_149,GateA_converged_v1,GRAIL-CHT-1.0,alternating,1,810.3819935710516,322.95247571051243,305.989666266972,3.4871662435315627,0.0033599795049242516,0.000279998292077021,26.790167779857153,0.6878274117437818,1.843125580085182,5.198875,3.575928735229454,28.056939,13.27392156744848,143.82721099249775,209.10363346506742,0.00047677674725601693,11.905841124877107,4.0123753428757644e-05,525.8625483022103,295.4603565987529,18.951231725419937,339.57954958160786,16.627073871095433,233.52250267304237,0.5457641836719993,343.30833947606493,348.66357207765225,330.371261388205,18.29231068944722,4.501305551163893,348.16202697466724,348.37515073699024,348.5672558391284,13905371986.770353,13891124793.012209,343.39633271672466,277.655425503567,6.030662652547959,32.733388814585425,5.368659728088508,2.239765616802579,306.6474617646245,218.91579141756267,7.622228248543621e-05,423,9.986690656660357e-07,True,4.48,conjugate_3D_benchmark_H1_type,4,k(T)_cubic_273_373K,3000,110,120
PAR_000,GateA_converged_v1,GRAIL-CHT-1.0,parallel,0,665.0261485403818,289.92298855099943,289.9616569092876,1.8450970027167353,0.00323425763409006,0.000269521469507505,29.224789925588667,0.5215592297444251,1.2415122540389865,5.198875,2.7115212405375484,28.056939,7.632161619936409,73.56958334984,141.05700590494897,0.0008972135266157079,44.91588416270678,0.00014570666122882569,431.5401229708934,272.55235370232197,12.711368610323593,305.7139266074926,15.79093805649319,213.48080098718356,0.6079756408477699,299.729289749514,306.7889850888085,292.23198498627835,14.55700010253014,4.431549164085391,305.841738774536,306.46037170141256,306.7352219428309,8081384931.230933,8070802842.5278425,299.8274895098272,227.85318492863172,1.5508170711779328,11.416445640921388,1.40517045647006,2.7867984573936653,286.94305121149154,7.016240033408395e-11,-2.1604754496676144e-05,115,9.687806254987663e-07,True,4.48,conjugate_3D_benchmark_H1_type,4,k(T)_cubic_273_373K,3000,110,120
PAR_001,GateA_converged_v1,GRAIL-CHT-1.0,parallel,0,913.2766657605589,295.41924779204675,310.78004620024416,1.407915027025053,0.003159752907975586,0.00026331274233129884,20.238571220916803,0.41531641812097164,1.2974449544028175,5.198875,2.1591781432586665,28.056939,4.8394776392001555,88.03863120004709,211.97965541156037,0.0007324860154864069,59.48788140584509,0.00018853260407364673,592.6316213486868,302.42575121899785,11.050077102695202,318.9797017597015,23.56045396765478,311.18099007884246,0.645322450305437,309.9166886040256,320.4857910413568,298.76396650514744,21.72182453620934,6.61777626564679,319.05245707771775,319.9914413973973,320.40666250967723,9250514163.274275,9225286282.15189,310.12834968572963,312.90949607210666,0.2777650145893526,1.5749885070330778,-0.12420251737750602,-3.791807250717244,308.1527263885542,6.814474318161956e-11,-1.4384664346273555e-05,118,8.730787612876156e-07,True,4.48,conjugate_3D_benchmark_H1_type,4,k(T)_cubic_273_373K,3000,110,120
PAR_002,GateA_converged_v1,GRAIL-CHT-1.0,parallel,0,550.2224033401654,294.452308131461,306.8768345845313,0.7645911554854578,0.0015128861067452083,0.00012607384222876737,34.489845200834736,0.5823143267007471,0.8952351321581937,5.198875,3.027379395226347,28.056939,9.513826746357578,43.45927470239261,74.63198604201001,0.000710465932043128,15.069478816266725,2.286700615548762e-05,357.0431690842567,296.7462479246752,8.60544639084474,322.964616045966,28.512307914505016,180.30795547310163,0.6206441937626004,311.2906389245526,323.5474236421997,297.60941701537365,25.938006626826052,7.935939744455425,322.09091519297016,323.0997321817945,323.5083872062424,9426542672.285683,9389970836.209091,311.5932990873564,188.51879327648754,1.056025877797011,6.519897477409918,0.6349693483250848,3.5232257651467207,303.98845687843493,7.250548605952646e-11,-2.9121842520275095e-05,224,9.73289274952549e-07,True,4.48,conjugate_3D_benchmark_H1_type,4,k(T)_cubic_273_373K,3000,110,120
PAR_003,GateA_converged_v1,GRAIL-CHT-1.0,parallel,0,990.3463610124817,323.6548123267875,283.03741660372697,0.13488052817056873,0.003945113533167767,0.0003287594610973139,20.721900650096522,0.8876607722866804,0.8737015945043306,5.198875,4.6148373975219155,28.056939,22.107230715803382,171.2214258631853,192.89060777362744,0.0004702414345581296,9.88084400472484,3.909834644148402e-05,642.6426860855264,262.84810791057663,6.212546007048161,340.6552776056294,17.000465278841887,280.34744038233885,0.536136731786805,334.3222273877393,342.02126227866313,326.2560520711183,15.76521020754484,4.787147391308813,340.9517134793514,341.6400060041375,341.9510005100077,12508199952.146461,12492835066.545267,334.4249753886909,339.31533825315796,7.095969442317371,44.494153641949524,7.3778265581982305,2.1776745014364995,284.4894790957348,7.237531463033521e-11,-1.525767926707705e-05,104,9.632983051233168e-07,True,4.48,conjugate_3D_benchmark_H1_type,4,k(T)_cubic_273_373K,3000,110,120
PAR_004,GateA_converged_v1,GRAIL-CHT-1.0,parallel,0,750.5296095401541,288.09102959418846,289.1408470901188,4.707045918844202,0.003041623399834007,0.0002534686166528339,27.54609390621322,0.722308447264888,0.576686820044626,5.198875,3.7551913287742447,28.056939,14.638132559327344,68.90492819269068,95.39543453161579,0.0009008959887904963,26.136462502064784,7.973648539133834e-05,487.0239173378726,271.3958805176535,23.58677449160797,307.1887035219975,19.09767392780907,242.80755534711588,0.6127177240878987,299.8554873596787,308.37229718445025,290.80502495125097,17.567272233199276,5.350428472826761,307.2334663329301,307.9864563052037,308.31052819103064,8099841348.518761,8084403908.531885,299.9985309940135,257.14862835439675,1.5389608187787918,11.260752971144948,1.5414068285291,2.5349542715880466,287.24362214913464,7.380720035143897e-11,-1.8515040222830205e-05,120,9.39435267355293e-07,True,4.48,conjugate_3D_benchmark_H1_type,4,k(T)_cubic_273_373K,3000,110,120
PAR_005,GateA_converged_v1,GRAIL-CHT-1.0,parallel,0,752.7035408603059,308.370338975068,291.99904397446386,4.561641313531132,0.0035659800492308597,0.00029716500410257164,26.75201571440574,0.518488522733044,1.8541632549854499,5.198875,2.6955570186237545,28.056939,7.542556680961535,117.79013515300899,227.17983135309635,0.0006178591548740336,27.924606929476077,9.987822587073772e-05,488.4345965890384,275.42998727003726,23.034236991418297,323.5802476610973,15.20990868602928,226.71580526651493,0.5704583166065305,317.86146241548795,324.7192445253628,310.627452867476,14.091791657886802,4.2818610899083325,323.78992248148944,324.3766462444487,324.6630427232553,10219366712.602818,10208254965.837387,317.947925657218,257.8934669990123,3.6126426600692185,23.844505801304095,3.720564329212787,2.283181748866455,291.15599307887504,6.625725745834642e-11,-1.9798131900814353e-05,110,9.743848750076722e-07,True,4.48,conjugate_3D_benchmark_H1_type,4,k(T)_cubic_273_373K,3000,110,120
PAR_006,GateA_converged_v1,GRAIL-CHT-1.0,parallel,0,904.8476701097946,330.2677826801027,297.94940259513277,0.49406515295648845,0.002038001720948485,0.0001698334767457071,27.74319092217125,0.7163896625604447,1.8928515659161784,5.198875,3.724420306943932,28.056939,14.39921806186557,106.65229188086529,148.87469411504333,0.00038999034102808424,5.460456866308318,1.1161906209329313e-05,587.1619870679364,283.8918050700613,7.577447581234656,359.8896264760265,29.62184379592378,252.34396088911626,0.5281819074503528,347.7910765102365,360.8252124650932,333.58620782405524,27.23900464103798,8.307779308932714,359.17685808588885,360.2989953901071,360.7673251554245,14681039745.085814,14630990873.073053,348.08812178420516,310.02152917187044,7.8375357912010335,42.66986539176401,7.1702170661131435,2.1916964286433123,300.00150220273156,7.738691465419835e-11,-1.6117049723690194e-05,177,9.050841640600993e-07,True,4.48,conjugate_3D_benchmark_H1_type,4,k(T)_cubic_273_373K,3000,110,120
PAR_007,GateA_converged_v1,GRAIL-CHT-1.0,parallel,0,976.0613353878628,330.3353520294811,311.1448752058567,2.188219696293398,0.004055141020598762,0.00033792841838323017,25.771221017867575,0.7454726465389433,1.0342351603648545,5.198875,3.875619105275149,28.056939,15.592067748764316,195.3246910193165,262.0145647545403,0.0004237096086564983,12.96707434324823,5.274153970557638e-05,633.3730329625319,302.9584401496421,14.015234845914915,347.95094097638844,17.615588946907337,298.5928548837502,0.5793865099557917,341.4484093959943,349.42581810875015,333.0619230810911,16.363895027659055,4.958946890084478,348.3170649674652,349.0105424176838,349.35272124374933,13609730158.808527,13592532364.852526,341.55636160014933,334.4209614042168,4.9586855954907865,26.510004806559657,4.359462693483569,2.239219423173839,311.7576233350679,8.252868610725273e-11,-1.3927077770925353e-05,103,8.593466418460594e-07,True,4.48,conjugate_3D_benchmark_H1_type,4,k(T)_cubic_273_373K,3000,110,120
PAR_008,GateA_converged_v1,GRAIL-CHT-1.0,parallel,0,853.6739958281371,323.0570571675325,306.771543602992,3.96702151100095,0.0013300254684142684,0.00011083545570118903,36.02720209587796,0.9589980584137747,0.8615435197441346,5.198875,4.985711030935913,28.056939,25.803329233579426,69.42096476354433,72.38905663518203,0.00039101085073057064,2.3413497857024623,3.1234251208130035e-06,553.9550316108489,296.5935383357575,20.774681741803608,366.71545715323185,43.65839998569936,242.71915666520462,0.538490541727272,348.82914866553733,367.38129540094155,327.71166472681824,39.66963067412331,12.130676648376147,365.24333521205654,366.7338750538647,367.3262082610801,14913675416.34253,14806454357.10544,349.4589532377006,292.4882566905282,7.073729446758448,36.645028357022824,6.050401880421705,2.2412036776391235,307.78729653898745,9.339800044472213e-11,-2.0397016987542684e-05,247,9.469488873037335e-07,True,4.48,conjugate_3D_benchmark_H1_type,4,k(T)_cubic_273_373K,3000,110,120
PAR_009,GateA_converged_v1,GRAIL-CHT-1.0,parallel,0,824.5508425708031,300.7589069821375,301.7084103701508,4.049271608546458,0.001016299701749308,8.469164181244234e-05,25.913601854685783,0.5573418282120861,1.2189629953138037,5.198875,2.8975504971461095,28.056939,8.715324533937476,42.210641898892526,75.73564330224656,0.0004913821075069514,6.71526043909475,6.845252940241646e-06,535.0568136000919,289.2811949202156,21.08723211247654,357.9426969201789,57.1837899380414,242.924330994313,0.5579813111124134,334.8476253262724,358.48169036073375,307.0917730807874,51.38991727994636,15.752269408550319,355.95936686344663,357.7448529973125,358.42183948585733,12737909583.769945,12571551922.130703,335.9499188056084,282.50999758084856,5.2924155524212235,29.52578299289942,4.767403378961752,2.2623605744088593,301.7792153987646,7.328651463467395e-11,2.2888483138167726e-05,345,9.718965543470404e-07,True,4.48,conjugate_3D_benchmark_H1_type,4,k(T)_cubic_273_373K,3000,110,120
PAR_010,GateA_converged_v1,GRAIL-CHT-1.0,parallel,0,901.3440616144976,301.95778470743284,302.8938470755615,3.059405341709876,0.00392011975438753,0.00032667664619896085,30.292230791671805,0.7972371215877769,0.5180602101491205,5.198875,4.144736140494654,28.056939,17.832626474841213,117.7191569496442,147.65890067335906,0.0006796286652451922,20.026090217530673,7.874089454853447e-05,584.8884709900786,290.9877822698524,17.32574029849753,319.94509965184704,17.98731494441421,294.7419517235106,0.6193233163547378,313.38268997626466,321.4877137560906,304.82997245502173,16.65774130106888,5.050591957826849,320.3767332937096,321.0550060567671,321.4156327305509,9659977404.24227,9644950793.866251,313.5046794747139,308.82111268276157,1.701404323169105,10.868880324377235,1.50892364687637,2.542232525243681,301.2097159316486,7.510891464335145e-11,-1.5327699377926663e-05,102,8.98671885352087e-07,True,4.48,conjugate_3D_benchmark_H1_type,4,k(T)_cubic_273_373K,3000,110,120
PAR_011,GateA_converged_v1,GRAIL-CHT-1.0,parallel,0,928.9456810647171,291.59030031696295,312.76070787117067,4.812675917127515,0.002317334309788612,0.00019311119248238435,29.621934738630102,0.38001983501300113,1.4188691471028188,5.198875,1.9756756197532164,28.056939,4.051844950048254,65.66011748730672,172.7807641542194,0.0007202885867848906,50.037143009772834,0.00011630169334036712,602.7993550626624,305.32147995322066,23.988168485084554,324.46226798129504,32.87196766433209,318.41291492506167,0.6491819440125411,311.32016462310287,325.78697591583557,295.67833420009026,30.108641715745307,9.186984091297424,323.933111958029,325.1856399411523,325.7094283663329,9442571604.071001,9393533871.661263,311.72567333921904,318.27805947308576,0.060162517203224346,0.012265694923417178,-0.2072363741106143,0.17729981611266557,311.30642723880146,7.380720035143895e-11,-1.4858074732898117e-05,149,9.034004051500233e-07,True,4.48,conjugate_3D_benchmark_H1_type,4,k(T)_cubic_273_373K,3000,110,120
PAR_012,GateA_converged_v1,GRAIL-CHT-1.0,parallel,0,771.8174733830637,291.94279192024027,311.8715512665953,1.5762318209862358,0.0034095096554271815,0.0002841258046189318,35.87332746500598,0.9518801654980772,1.9606799146600045,5.198875,4.948705995403816,28.056939,25.421714837914998,84.10593565338179,88.35769322850932,0.0008273414347945663,12.414270094734952,4.2453935559759005e-05,500.8377612005836,304.0203946660905,11.689680919747696,310.93469865842104,18.991906738180774,270.6679136869836,0.6641837508033991,303.7992234722589,312.2988919025778,294.8098213584554,17.4890705441224,5.317383960792258,311.1461666009087,311.89747297437964,312.23114782590255,8533828734.119152,8518176562.844175,303.9386853739312,264.44233791390815,-0.6571581277592587,-4.407086985641825,-1.1612840815258096,1.4606521819957308,308.73509118700963,7.218005748654831e-11,-1.761372589159313e-05,111,9.073902447198634e-07,True,4.48,conjugate_3D_benchmark_H1_type,4,k(T)_cubic_273_373K,3000,110,120
PAR_013,GateA_converged_v1,GRAIL-CHT-1.0,parallel,0,562.924600032789,299.7791555313195,303.8651219233999,2.1664994111482425,0.00407094533307417,0.0003392454444228475,36.8832382999269,0.9116754511866948,1.881367714064413,5.198875,4.739686711288228,28.056939,23.319584563334047,108.99125345461957,119.55049717829917,0.0007622950862332959,14.567248838375635,5.948091642358617e-05,365.285713433477,292.3885480940689,13.932697762363322,310.75617564885476,10.97702011753529,186.79102806150374,0.6284516371455687,306.7996009672126,311.7499218124575,301.5931018650499,10.156819947407598,3.0812171871410357,311.0677897075663,311.4949058794824,311.70441806638894,8865063730.54621,8859702963.663225,306.84599947788894,192.87085669287586,0.7434475920204108,4.914270490098065,0.42215379354907645,3.923976549648607,301.29569574985396,7.517400035794707e-11,-2.242137364352033e-05,100,8.255188390648982e-07,True,4.48,conjugate_3D_benchmark_H1_type,4,k(T)_cubic_273_373K,3000,110,120
PAR_014,GateA_converged_v1,GRAIL-CHT-1.0,parallel,0,838.4220336863228,293.95984013715275,299.6206455704648,4.134651374192369,0.004115655094195177,0.0003429712578495981,34.18477798000709,0.9316976972565207,0.8271843176286602,5.198875,4.843779865824495,28.056939,24.355123276497515,102.96951063124538,110.51815512096857,0.0008157363599009128,16.1427000837277,6.663769893045017e-05,544.0579266132905,286.2837391295052,21.411675221931002,310.21332185987706,16.253481722724302,279.6157698752508,0.6316333546305135,304.39910463268546,311.716281638169,296.69975514525277,15.016526492916228,4.552004318972687,310.7083532203286,311.3277258168996,311.648395290423,8597172956.6842,8585655978.891247,304.501135147429,287.2625852518174,0.896118384725305,6.0633110993520365,0.6874285317146045,3.0308107051419464,297.6082921079304,7.491365749956458e-11,-1.48432923443169e-05,98,8.141669241013005e-07,True,4.48,conjugate_3D_benchmark_H1_type,4,k(T)_cubic_273_373K,3000,110,120
PAR_015,GateA_converged_v1,GRAIL-CHT-1.0,parallel,0,798.0382816002146,318.1956130841734,303.0469146489685,3.1966450121689083,0.0026454515377392056,0.00022045429481160048,35.53790413595273,0.887172994831354,1.9889681639490555,5.198875,4.612301503503856,28.056939,22.082941153190863,109.31320639543664,123.21520947131218,0.000493908697354814,6.34890723891832,1.684626521380145e-05,517.8526271983503,291.2083863900321,17.84725104624185,339.86254787817444,21.666934794001065,239.59269254994018,0.5686118691078831,331.27015984556033,340.89566912103203,320.9350361844327,19.960632936599325,6.075715171535159,339.63545514001504,340.4794029814203,340.83413569254145,12067143234.417784,12042849779.13114,331.43709741187575,273.426187160729,4.358947387602192,25.414405846700774,4.060192575281352,2.2704188633044584,302.80642729002193,7.52390860725427e-11,-1.872490562377469e-05,140,9.668930260886555e-07,True,4.48,conjugate_3D_benchmark_H1_type,4,k(T)_cubic_273_373K,3000,110,120
PAR_016,GateA_converged_v1,GRAIL-CHT-1.0,parallel,0,419.67766139420814,290.5577996847044,297.10667679223724,1.1536383617017183,0.0044400039265955794,0.00037000032721629827,25.513787548873577,0.536873852766715,1.7530438682578398,5.198875,2.791140051302555,28.056939,8.086950675148298,93.14800721033299,173.50073342239693,0.0009728128153054703,52.50266781092883,0.00023381349171240455,272.3317722223314,282.6882096058014,10.08382577446653,298.17107620786646,7.613276523162085,141.29644660666796,0.6376486791386695,295.51510408556464,298.97694085973416,291.90423161767274,7.072709242061421,2.144328607126484,298.4958215216658,298.7860964975533,298.94388457485945,7628794172.952962,7626385110.558103,295.53843853558175,143.791175733391,0.3282430838485002,2.3954940831693974,-0.2289634534101328,-2.9686773029594864,292.83218860318044,6.619217174375081e-11,-3.100808134296051e-05,93,8.545218861399917e-07,True,4.48,conjugate_3D_benchmark_H1_type,4,k(T)_cubic_273_373K,3000,110,120
PAR_017,GateA_converged_v1,GRAIL-CHT-1.0,parallel,0,420.62734038751023,296.0346824353978,295.0860820936869,0.7148942807234453,0.0011535632406231052,9.613027005192543e-05,23.09827031633141,0.9040517563473457,0.8473214639426637,5.198875,4.700052074780308,28.056939,22.931204978402732,33.16614889703718,36.68611743097418,0.0007098488111415419,4.201829993517719,4.861661608695749e-06,272.94802556883803,279.809314218778,8.416598266749093,321.46896069482113,25.43427825942331,122.64140252873361,0.5522118066865536,311.0932122377796,321.7834688127792,298.8107979089822,22.972670903796995,7.042690286166334,320.5954278396095,321.430403829322,321.75412280438763,9394929825.467102,9366172266.760107,311.331730141414,144.1165575003465,2.482855667151623,16.68957577362918,2.302783769545249,2.5409078095551685,292.4011513589437,7.413262892441708e-11,-4.179860677696521e-05,298,9.800625093703275e-07,True,4.48,conjugate_3D_benchmark_H1_type,4,k(T)_cubic_273_373K,3000,110,120
PAR_018,GateA_converged_v1,GRAIL-CHT-1.0,parallel,0,833.3940397409776,323.26131588705084,298.58867496754783,1.8711517102065234,0.0033296958711766023,0.00027747465593138353,21.255356230959027,0.47941310137200444,1.2506909313589545,5.198875,2.4924087873953797,28.056939,6.448520493967963,144.18670204823775,300.75669946356953,0.00047130153716696806,29.37467142032216,9.810303123913342e-05,540.7952261461984,284.80596112286304,12.810376498784787,340.7575512949331,17.49623540788224,243.51485689881414,0.5534025424918109,334.024287233856,341.90568746293604,325.695370665656,16.21031679728003,4.928527167398162,340.829090802395,341.5305949780883,341.84420151913275,12464616794.106676,12448361271.417997,334.1332791405671,285.5398794051928,5.367447270848375,31.55986041212357,5.097762812959129,2.246125876360156,298.67774277086886,6.990205747570144e-11,-1.6806602477257365e-05,118,9.060511843017593e-07,True,4.48,conjugate_3D_benchmark_H1_type,4,k(T)_cubic_273_373K,3000,110,120
PAR_019,GateA_converged_v1,GRAIL-CHT-1.0,parallel,0,843.7684152486023,318.67625783289697,291.06401622014175,1.0038396397859009,0.0018824696054904277,0.00015687246712420231,30.579805720022197,0.5878372187125208,1.3795245135427758,5.198875,3.056092220434057,28.056939,9.69514809894959,83.63258177025102,142.27166825779227,0.00045937987580186137,9.769025831894,1.8445229893471712e-05,547.5272310337248,274.1080904482044,9.514590631186422,348.68231537685733,30.006057543960367,236.10935366368693,0.5299757588691822,336.42352743801536,349.531070589455,322.0156662906336,27.51540429882141,8.39573952248483,347.9017054302088,349.016178001824,349.4796090642692,12857711609.882534,12809891182.883965,336.737063357863,289.0943779858067,6.671299171512095,39.7883627719719,6.525413692945605,2.2123347928175456,291.86119048646435,7.745200036879397e-11,-1.7750019964088265e-05,188,9.245978844774072e-07,True,4.48,conjugate_3D_benchmark_H1_type,4,k(T)_cubic_273_373K,3000,110,120
PAR_020,GateA_converged_v1,GRAIL-CHT-1.0,parallel,0,412.9220497852431,294.2961977224101,297.58100765129586,1.089179494414088,0.004212618070204632,0.00035105150585038595,35.14611779220589,0.4659905763965939,1.5668394198669648,5.198875,2.422626757863842,28.056939,6.092486229537332,96.541601153959,207.17500748726442,0.0008905474943222212,65.6342026863943,0.0002773237996591555,267.9480085599927,283.3654473893814,9.838882078773533,301.9931194380867,7.696921715676581,135.53312048843213,0.6216464250578987,299.2638954235175,302.7373957842861,295.6123058668438,7.125089917442267,2.160439754512682,302.25865648113756,302.5560035595158,302.70456688831126,8023300598.259368,8020792826.375281,299.2872845579497,141.47654851967613,0.698574451473483,5.002797205218244,0.24210002748483705,6.688795693462377,293.660841685497,7.517400035794709e-11,-3.0855242812800874e-05,97,8.384016609852551e-07,True,4.48,conjugate_3D_benchmark_H1_type,4,k(T)_cubic_273_373K,3000,110,120
PAR_021,GateA_converged_v1,GRAIL-CHT-1.0,parallel,0,875.4536789017523,325.775013389468,305.7690239849724,4.74464009680789,0.003446100549552857,0.0002871750457960714,26.910571712988776,0.8482533923778348,1.7292879502444003,5.198875,4.409963355298316,28.056939,20.187916431099048,155.93660049522225,183.83256924926502,0.00045102371720867504,8.23531909458881,2.8465133056775964e-05,568.0880204150992,295.1408394656134,23.729632367869982,344.0124560596507,18.237442670182702,262.7048958500893,0.5683306418397802,337.04209629684783,345.24444508771415,328.3582486163689,16.886196471345272,5.12708891293476,344.12248946649646,344.85569770483613,345.1785647421557,12922274608.084845,12904363533.318977,337.1589878931815,299.9504747791724,4.959220595064129,27.787467230028962,4.498940328174837,2.2556424415353264,305.92057252791795,7.562960036011647e-11,-1.6410770774667138e-05,115,9.248302035302913e-07,True,4.48,conjugate_3D_benchmark_H1_type,4,k(T)_cubic_273_373K,3000,110,120
PAR_022,GateA_converged_v1,GRAIL-CHT-1.0,parallel,0,953.8114044988463,307.8843379718956,295.4861083758742,2.5992249751432173,0.0019257529370206423,0.00016047941141838685,27.080605732254007,0.8339389468071343,0.9327479958952514,5.198875,4.335544342081941,28.056939,19.512315140865105,75.38630569010878,90.39787142540477,0.0005213478714328617,6.074986209616893,1.1734124910260412e-05,618.9348970591327,280.37848205866766,15.577054905544227,343.52122869361983,35.63689072172423,286.86440034983235,0.5696134329897355,328.97157214295163,344.5516730380307,311.9256679810427,32.62600505698799,9.96269659913342,342.6043387566021,343.9338142887425,344.4853828190901,11776444716.179419,11712065195.283041,329.42272047878134,326.7976256472221,4.978999688306517,30.137063597629748,4.817214690228398,2.258625087108494,295.2185376070864,7.491365749956458e-11,-1.6119693282111528e-05,179,9.588511602487415e-07,True,4.48,conjugate_3D_benchmark_H1_type,4,k(T)_cubic_273_373K,3000,110,120
PAR_023,GateA_converged_v1,GRAIL-CHT-1.0,parallel,0,531.7725858232911,330.9172651187181,288.9585387164728,3.7231615847216553,0.0022305724509895618,0.00018588103758246347,29.699153868439048,0.9926589321225803,1.3169377670858027,5.198875,5.16070970573878,28.056939,27.646515237024474,105.00071642765307,105.77723428442073,0.00043355437079141396,4.028324206294653,9.01250651776855e-06,345.0709533488343,271.13924119053877,19.84801402194229,344.20153384279837,13.284268724080277,123.85976968244853,0.44113386695680795,338.8236351764781,344.6849870801663,332.45468699024985,12.230300089916454,3.7261088133693283,343.9354476417852,344.442797987546,344.65446530953176,13188933699.225807,13179374243.284258,338.88505859696784,182.19746336818451,7.317699111095085,43.84645740342282,7.173586630535693,2.2157393460895562,289.71629642667807,7.868862894611084e-11,-2.71459968171216e-05,166,9.174585784421652e-07,True,4.48,conjugate_3D_benchmark_H1_type,4,k(T)_cubic_273_373K,3000,110,120
PAR_024,GateA_converged_v1,GRAIL-CHT-1.0,parallel,0,743.7271045448539,298.98086309716166,290.2499396811121,3.8335513224652544,0.002190668703651887,0.00018255572530432391,28.522836401271444,0.5467410126012517,1.2842576267577013,5.198875,2.8424381818873328,28.056939,8.386941108503985,66.27234980358688,121.21342331404816,0.0006746271752196259,20.21794050219607,4.442408175572402e-05,482.60972422888744,272.9589161159466,20.267495025367968,323.680339275742,24.69947617858037,226.17298434702732,0.5759611587126698,313.73590327972096,324.60246094469073,301.94476567439824,22.657695270292493,6.918164105077952,323.2252125090229,324.1595822515126,324.54872519582324,9716752543.903875,9688507619.994406,313.9643124381002,254.81793439285258,3.2549942209402456,22.011318429622623,3.3786878284965978,2.3099669341405265,289.0835748029211,7.536925750173397e-11,-1.9791869961541835e-05,160,9.57957411173993e-07,True,4.48,conjugate_3D_benchmark_H1_type,4,k(T)_cubic_273_373K,3000,110,120
PAR_025,GateA_converged_v1,GRAIL-CHT-1.0,parallel,0,820.1821239042806,320.6421309052611,287.02409856660813,2.7500998617712287,0.0012704591843071562,0.00010587159869226302,24.348695262100602,0.37330452706702716,1.836854270120929,5.198875,1.9407635731555912,28.056939,3.9099103646581033,62.6663213530493,167.86917063504427,0.00041375762733405027,13.719847200367958,1.7482954747240014e-05,532.221921476355,268.4210804945882,16.15037947473067,360.9757678330309,40.33363692776976,214.1925609904326,0.49460688952529536,344.45120150752354,361.55034330730206,324.92420396954304,36.626139337759014,11.20946612538042,359.6088420185668,360.966515621387,361.5010665650545,14166297987.635954,14077022862.55586,344.99602660116534,281.01317453951543,8.619115314392085,49.94010168688429,8.26145595081244,2.203736316944549,288.51907754656133,7.361194320765207e-11,-2.113886870359391e-05,265,9.442240980206407e-07,True,4.48,conjugate_3D_benchmark_H1_type,4,k(T)_cubic_273_373K,3000,110,120
PAR_026,GateA_converged_v1,GRAIL-CHT-1.0,parallel,0,791.7805039860735,317.30760216951785,295.71990328715196,3.3189656435484864,0.003975480795289555,0.00033129006627412956,31.528801456415408,0.4084856822739875,1.4646972621041592,5.198875,2.123666001432177,28.056939,4.681596346445454,152.20961932558106,372.6192273820948,0.0005330489068743366,52.32005105519495,0.00020862322786208278,513.7919115000909,280.711310024783,18.312069445484248,331.4342242408952,14.12662207137737,234.7492796427705,0.5615204039201223,326.2602148063223,332.6264724742512,319.5266395423109,13.099832931940341,3.964352321937052,331.7475667349859,332.2992203613964,332.5690207965675,11340728090.356487,11330692959.520037,326.332429655103,271.282129272048,4.4559533659928245,27.68342209590602,4.393525450853853,2.265563108035791,295.25521994187443,7.588994321849895e-11,-1.890411113136343e-05,103,9.590080480847973e-07,True,4.48,conjugate_3D_benchmark_H1_type,4,k(T)_cubic_273_373K,3000,110,120
PAR_027,GateA_converged_v1,GRAIL-CHT-1.0,parallel,0,495.2617992036387,327.8332698730215,292.33292334818515,2.0678419451632473,0.003525337671568306,0.0002937781392973588,29.021882808546998,0.48288076353769444,0.6745568969633634,5.198875,2.510436729537031,28.056939,6.542143975061469,152.55935789582753,315.93587778925576,0.00047160822070346856,43.1093589831314,0.00015243234425315417,321.3788483358355,275.9025231020515,13.557799391620339,336.1015520107458,8.268282137724327,121.84067356696906,0.4659330718089786,332.9735678652479,336.69525034364085,329.0196327116488,7.675617631992054,2.3282997715295086,336.1875598016158,336.51354213721345,336.6648662152288,12296072194.612043,12292466649.872776,332.9979815793763,169.68803192132117,5.919530476013048,36.08132152989927,5.846558110998281,2.229787395354823,292.5630584686348,7.49787432141602e-11,-3.0504542894825555e-05,114,9.750536946739885e-07,True,4.48,conjugate_3D_benchmark_H1_type,4,k(T)_cubic_273_373K,3000,110,120
PAR_028,GateA_converged_v1,GRAIL-CHT-1.0,parallel,0,723.0279553610814,323.7924955719351,304.9810536258315,2.3922037167086865,0.0012555858983657531,0.0001046321581971461,36.33650959458871,0.4386569949102722,0.5284643868636877,5.198875,2.2805228844141414,28.056939,5.398715057199856,63.65600443489288,145.115671637503,0.00040255622904996474,19.42756130664929,2.446637112965396e-05,469.17790142949315,294.0007026872332,14.79037412349301,361.74252213036635,37.95002655843126,199.1749860315754,0.5217299684410435,346.210852057596,362.2642461183485,327.8337040588132,34.4305420595353,10.5326087494,360.43979748615004,361.71551170915376,362.2180046552906,14446519979.103651,14366888036.462545,346.68959740872754,247.7259319547724,6.757142443984696,35.86254922822862,5.931313720550168,2.230244934356055,306.0453641784196,8.168257181750959e-11,-2.400619346612866e-05,273,9.438378469894815e-07,True,4.48,conjugate_3D_benchmark_H1_type,4,k(T)_cubic_273_373K,3000,110,120
PAR_029,GateA_converged_v1,GRAIL-CHT-1.0,parallel,0,618.9247322077965,308.459823980049,288.5582366086826,3.637669881380784,0.0015725785126363555,0.00013104820938636297,29.970130599624447,0.6175092711914679,1.8279088836566384,5.198875,3.210353512265543,28.056939,10.698607448728422,57.248980025445995,92.70950687912037,0.0005606141830528602,7.995575415188463,1.2611504607912621e-05,401.6245912027645,270.5760115407388,19.52314554924698,334.37074243831427,25.910918458265257,170.322266090388,0.5211943110803193,323.7581385738763,334.9271590248934,311.28390923534187,23.643249789551533,7.228482698108664,333.5927139627987,334.5153008843771,334.89101239697004,11019917386.644796,10987092422.312887,323.9996825448795,212.05778415505966,4.910029917187686,31.761690932058425,5.063853558093651,2.2455898277021205,288.18554712101957,7.18546289135702e-11,-2.6569488282531222e-05,221,9.906693207994977e-07,True,4.48,conjugate_3D_benchmark_H1_type,4,k(T)_cubic_273_373K,3000,110,120
PAR_030,GateA_converged_v1,GRAIL-CHT-1.0,parallel,0,470.11640994774154,302.6023840379518,301.20681553418734,0.3056149554394315,0.004335434188787515,0.0003612861823989596,21.598768107164,0.8384744813914886,1.4859370968243448,5.198875,4.359124019444176,28.056939,19.725135130034353,119.63349887546937,142.67995213990514,0.0007396040669109765,17.742957578570238,7.715488956503505e-05,305.0618292299591,288.56009323766057,6.86133683066984,310.8516043737288,8.249220335776954,149.49331883569687,0.6022578231318098,307.9044228038048,311.6488317068398,303.9939462873816,7.654885419458196,2.323918616170209,311.1301310497139,311.4503459909709,311.6128021005728,8991084991.043114,8988013353.528202,307.9307258798364,161.0726458334184,1.3723795228365,9.243478583229832,0.9635169562830742,3.274384817362313,297.551872999456,7.05529146216577e-11,-2.9840341689343725e-05,96,9.092964319279417e-07,True,4.48,conjugate_3D_benchmark_H1_type,4,k(T)_cubic_273_373K,3000,110,120
PAR_031,GateA_converged_v1,GRAIL-CHT-1.0,parallel,0,655.7991262084852,296.6202907184971,298.6751857806534,1.2207335571072282,0.003870850152624984,0.000322570846052082,26.57660503869469,0.9284069807424187,1.2758472353159427,5.198875,4.826671842007242,28.056939,24.183384587392073,99.2727565385144,106.92805913536866,0.000795785048423446,14.467166013692545,5.6168737986111106e-05,425.5526435905694,284.9297463594676,10.338787517007468,309.8493393589837,13.22904864048661,214.04803948728372,0.6181679693967489,304.99631170906326,310.95660852151656,298.7300715234828,12.226536998033737,3.712832951995251,310.13717421074256,310.65981200434493,310.90396841949604,8660924345.305332,8653232046.61017,305.0640708142095,224.69179581582065,1.2365763432338894,8.497865875971645,0.9093563969407543,3.189088405833887,295.47883634310296,6.918611461514958e-11,-1.8820272986827905e-05,103,8.153790531650884e-07,True,4.48,conjugate_3D_benchmark_H1_type,4,k(T)_cubic_273_373K,3000,110,120
PAR_032,GateA_converged_v1,GRAIL-CHT-1.0,parallel,0,819.5574545373693,326.2791836055744,285.9847573438376,4.971388242420731,0.0017684770724361067,0.00014737308936967555,34.06900665267826,0.4891669850265414,1.773092502709974,5.198875,2.5431180092798606,28.056939,6.713586109710769,87.1418409915353,178.14334094278075,0.00041418293379289503,10.733623761246665,1.9039285382066335e-05,531.8165691514805,266.9644342307593,24.591275321198776,355.19355245072103,28.914368845146612,213.7417851723991,0.49394216943270985,343.35757187140797,355.91903493532453,329.4503080485682,26.468726886756315,8.076809122245942,354.3768549411501,355.4349405818641,355.8744657097124,13945191989.793135,13899094776.777262,343.6419101708167,280.79914851198174,8.523628529094108,50.280141603304095,8.253646026360043,2.2136369485849796,287.0446085826425,7.615028607688145e-11,-1.881030475748371e-05,201,9.337819051324914e-07,True,4.48,conjugate_3D_benchmark_H1_type,4,k(T)_cubic_273_373K,3000,110,120
PAR_033,GateA_converged_v1,GRAIL-CHT-1.0,parallel,0,579.0553231501474,332.8947961003202,286.45234180833114,1.746344087842149,0.0024364679095118203,0.00020303899245931837,20.556175891957338,0.913510271340797,1.0258242067564085,5.198875,4.749225711916886,28.056939,23.413544097005033,118.03268833654421,129.20783929807678,0.00042128684090561824,5.061183061015564,1.2368515659307149e-05,375.75305257939266,267.61943119371085,12.336107533800167,346.1902303938414,13.295434293521168,135.40649781660287,0.4428794454648947,340.824683200338,346.7286525574833,334.4752642543211,12.25338830316224,3.736419874145594,345.9614597140674,346.47617765741427,346.69179991893213,13503212623.150913,13493485876.28013,340.88608726769604,198.39761176191934,7.9020118736716665,47.26715253204232,7.8219983309058945,2.1941551368743935,287.8862200133834,7.54994289309252e-11,-2.4592686861832352e-05,154,9.124093480750162e-07,True,4.48,conjugate_3D_benchmark_H1_type,4,k(T)_cubic_273_373K,3000,110,120
PAR_034,GateA_converged_v1,GRAIL-CHT-1.0,parallel,0,594.3601219132995,326.9945405788925,296.0311937635885,2.842228210237338,0.0031453022545347062,0.00026210852121122554,21.712227390844223,0.6213962857512316,1.7104063420141242,5.198875,3.230561615084935,28.056939,10.833719676942843,138.33029278054565,222.61203671874614,0.0004640497971459203,13.439513694682232,4.239852830866006e-05,385.6844436303934,281.15466409919856,16.500467198901884,339.03868346844666,12.044142889554166,158.348723699013,0.5045811028306718,334.35287475092804,339.7602882761152,328.61326505347887,11.147023222636335,3.3916178973954905,339.0309804160837,339.5150375567337,339.71995518585675,12505130260.082441,12497416575.907707,334.4044553261093,203.64138623684772,5.7249589718923115,34.05480159494821,5.512952303439779,2.2384602039025396,296.21203562694893,7.615028607688146e-11,-2.471621633966545e-05,124,9.531988780508982e-07,True,4.48,conjugate_3D_benchmark_H1_type,4,k(T)_cubic_273_373K,3000,110,120
PAR_035,GateA_converged_v1,GRAIL-CHT-1.0,parallel,0,410.70690440714503,320.1420542511898,296.2981592874637,0.9875956476776576,0.002665405669300759,0.00022211713910839657,29.7908730579627,0.5361920901861852,1.2383548732189122,5.198875,2.787595652866704,28.056939,8.06642488615299,102.88262504379148,191.87643183633486,0.00052873830865541,20.513673026288945,5.484178573967162e-05,266.5105852181272,281.53507428982994,9.452863461175099,329.56977094938446,9.427716698194672,105.03792226018535,0.4843733005006861,325.83691096332876,330.0343687935939,321.32592071548265,8.708448078111246,2.651106218805292,329.48582264019717,329.85330190156856,330.00715856035845,11276479656.413536,11272003615.338549,325.86925308984667,140.71758899517116,4.348643204722629,27.081632131406757,4.249441175244782,2.2876771210081808,295.5059113402978,8.11618861007446e-11,-3.537325271157488e-05,141,9.480542644269008e-07,True,4.48,conjugate_3D_benchmark_H1_type,4,k(T)_cubic_273_373K,3000,110,120
PAR_036,GateA_converged_v1,GRAIL-CHT-1.0,parallel,0,724.3637728008248,328.54542615735176,284.2217641623046,2.959598059007493,0.004375715283514851,0.00036464294029290423,36.46722767851432,0.7041326473680166,0.7364006413203552,5.198875,3.6606976170853978,28.056939,13.910708497285976,194.48851306596495,276.21004904820876,0.000459171153827638,19.075774467755508,8.372132184898711e-05,470.0447227168647,264.49963307672726,16.946472624228473,338.87291127131095,10.327485113959199,188.89476201530974,0.4938889057169514,335.1659811520194,339.84636640013684,330.2464286417497,9.59993775838717,2.905428174306385,339.19371547021785,339.595052707414,339.80071795750234,12625118534.237036,12619429676.359966,335.2037481001889,248.18361359450458,7.178167675495833,44.78190498210382,7.3288287769310045,2.2041656200140105,285.0109559105535,8.161748610291398e-11,-2.008808522361965e-05,98,9.145087460638024e-07,True,4.48,conjugate_3D_benchmark_H1_type,4,k(T)_cubic_273_373K,3000,110,120
PAR_037,GateA_converged_v1,GRAIL-CHT-1.0,parallel,0,658.1298889177431,306.95255190810747,300.6576072828619,2.8824762853579693,0.0017186943461405665,0.00014322452884504722,21.522253270562796,0.8245673574504752,0.5691613145964778,5.198875,4.2868226204653395,28.056939,19.076230626286584,61.82249221223648,74.97567257984699,0.0005673768826784033,6.59357030817352,1.1366431303448488e-05,427.0650918279459,287.77123000765647,16.653409884360283,334.4999872851639,27.547435377056445,197.90469759085767,0.5695220796450335,323.20553958353474,335.16621453342844,310.00225010639656,25.163964427031885,7.695522611117829,333.70548154567587,334.7094723858993,335.1170869773603,10949351029.463755,10912272008.5041,323.47974702470435,225.49036848515544,3.4223559282380496,20.919626280243516,3.243742761594046,2.3170900159833634,299.77588904618165,7.445805749739521e-11,-2.398141357264042e-05,202,9.732038392940012e-07,True,4.48,conjugate_3D_benchmark_H1_type,4,k(T)_cubic_273_373K,3000,110,120
PAR_038,GateA_converged_v1,GRAIL-CHT-1.0,parallel,0,969.5017450068754,310.2364778902219,309.27629426195597,1.503492704081898,0.004398783510533091,0.0003665652925444243,27.44244315317582,0.6878851094786527,1.136876073865622,5.198875,3.5762286985408305,28.056939,13.276148600906486,153.0474411369525,222.48983010105712,0.0005865783270408121,22.50455015508936,9.929051568121564e-05,629.1164688471764,300.23341575580815,11.413272275511211,327.4454108645048,17.208932974282902,316.4191891127854,0.6181306741792542,321.30709331401516,329.11933009920824,313.130333706949,15.988996392259253,4.84293500900989,328.03053577769134,328.68527740638945,329.04343941398895,10672660935.371368,10658135894.275084,321.4165077459541,332.17349555130914,2.013178080862316,12.010431087037004,1.7307492687542314,2.480109713328323,307.8556004717174,7.49787432141602e-11,-1.5653906911873444e-05,95,9.629366104491055e-07,True,4.48,conjugate_3D_benchmark_H1_type,4,k(T)_cubic_273_373K,3000,110,120
PAR_039,GateA_converged_v1,GRAIL-CHT-1.0,parallel,0,490.97741315638746,308.9782780362449,300.00981062917305,0.8255660325588331,0.004167247376564268,0.000347270614713689,26.13694728558865,0.8071372894371404,0.6826332099655632,5.198875,4.196205875622513,28.056939,18.278270996719304,130.8082692259278,162.06446033133636,0.0006501799601354384,18.72304824062298,7.82583487081468e-05,318.5986802390719,286.84168364520804,8.837150923723566,317.523349094544,8.54507105829913,148.8473962920546,0.5741770190822131,314.4303805405738,318.2997744273957,310.369056866375,7.9307175610206855,2.4048599737981458,317.76368472983387,318.09724536032843,318.2635333633956,9778007945.873196,9774577744.772274,314.4579627430299,168.22010316622996,2.2996013314419237,14.998617031330788,2.0745414100241546,2.5443330562985467,297.63216670634546,7.387228606603457e-11,-3.1446076016372454e-05,99,9.981517905544024e-07,True,4.48,conjugate_3D_benchmark_H1_type,4,k(T)_cubic_273_373K,3000,110,120
PAR_040,GateA_converged_v1,GRAIL-CHT-1.0,parallel,0,815.8476947248176,325.35193455815187,294.42282505480074,2.4195100375647853,0.00441984712507604,0.0003683205937563367,25.159633795530585,0.645257927335211,1.5183819399680023,5.198875,3.3546153069748454,28.056939,11.681725194453719,190.38987672111844,295.0601126395942,0.00047378672982349175,18.780192655459004,8.325534655627347e-05,529.4092800407971,278.86646473106765,14.894138142746183,337.9884966166356,12.636562058483719,233.4599909874431,0.5419627667011953,333.44704360090043,339.1924852377388,327.4311237772488,11.761361460490036,3.5604280999480324,338.388202381415,338.87495986649736,339.1361683275399,12370989055.036312,12362533599.888344,333.5040449356845,279.52809986154085,5.763835079695741,34.690302909505704,5.61401927005064,2.235796370858092,294.594453056669,7.758217179798523e-11,-1.730958509939717e-05,97,8.882290103429114e-07,True,4.48,conjugate_3D_benchmark_H1_type,4,k(T)_cubic_273_373K,3000,110,120
PAR_041,GateA_converged_v1,GRAIL-CHT-1.0,parallel,0,779.8499430685895,306.76166915060537,286.03677296093764,1.9082136365869848,0.0013529015806768116,0.0001127417983897343,32.50776152332047,0.8547083910787595,1.3029267184809685,5.198875,4.443522086669587,28.056939,20.4963355904654,53.12876877974749,62.16011137165937,0.0005197038686241298,3.835946346578637,5.205273696767983e-06,506.0500870068092,267.0372717728001,12.951211819030542,345.0260679447852,38.26439879417984,216.39009625938806,0.5255238285347251,329.35482763682194,345.64971979139875,310.88863788070637,34.76108191069238,10.629484254061147,343.76257145292055,345.07784505208394,345.6009213955023,11840146544.154747,11766739384.860342,329.8673027924765,267.19444593959525,6.102822925934876,38.46985503864022,6.231730006437952,2.221253007845334,286.26919849108543,7.823302894394147e-11,-2.1815874818755147e-05,248,9.665849347584299e-07,True,4.48,conjugate_3D_benchmark_H1_type,4,k(T)_cubic_273_373K,3000,110,120
PAR_042,GateA_converged_v1,GRAIL-CHT-1.0,parallel,0,869.7658698174889,313.2634633102325,302.47416790926746,2.473346351499189,0.0019047284888435835,0.00015872737407029864,35.296107727784,0.8113966517710781,1.5578514606237859,5.198875,4.218349767976363,28.056939,18.471693359923535,79.55670028880836,98.04908624549506,0.0004886251453951722,5.409391767656998,1.0334425884826714e-05,564.3971612856571,290.3832180003473,15.098716135696918,346.14656189022406,32.883098579991554,261.80750610706474,0.5700931327062152,332.7325411866383,347.09063088275104,316.98141793071886,30.10921295203218,9.189956582525536,345.3019329948928,346.5241342266311,347.0333700213836,12312955536.330801,12256913113.514631,333.1122299773748,298.00170115882696,4.711931959687865,27.129351656615178,4.352965850139313,2.265475781268276,302.3480964501782,8.057611466938396e-11,-1.8259855538023058e-05,183,9.84712528406817e-07,True,4.48,conjugate_3D_benchmark_H1_type,4,k(T)_cubic_273_373K,3000,110,120
PAR_043,GateA_converged_v1,GRAIL-CHT-1.0,parallel,0,403.4113645979184,311.7820829515005,292.0568649838342,2.7891417862930625,0.0015145289118908356,0.00012621074265756964,33.088814697795925,0.5903226114236678,1.345063151913,5.198875,3.069013466465221,28.056939,9.777304143074534,53.70739085667098,90.979728401638,0.0005755234326688543,9.870251305343182,1.4993762256339527e-05,261.7764583671414,275.51180138159435,16.29873878791364,328.0456497289454,16.263566777444908,102.96026395671369,0.48337879651054466,321.38416763905076,328.37475364957254,313.54566891812607,14.829084731446471,4.53168520094905,327.54537993458797,328.119842952483,328.35253186788105,10681083327.170942,10668366160.238777,321.4799009106014,138.21797001785066,4.149313788390617,26.889427221647463,4.219022145196771,2.2769212441446736,291.268434474746,7.05529146216577e-11,-4.130729012465636e-05,233,9.983297104554367e-07,True,4.48,conjugate_3D_benchmark_H1_type,4,k(T)_cubic_273_373K,3000,110,120
PAR_044,GateA_converged_v1,GRAIL-CHT-1.0,parallel,0,407.1103843616275,292.59571952535975,285.5252012208292,0.9052673843098158,0.004297860498504322,0.0003581550415420268,33.95485951785578,0.5253587897373839,1.9745618709378565,5.198875,2.731274677995942,28.056939,7.743767292511268,93.73699118303026,178.42471281367057,0.0009357520834644124,48.03682134392467,0.00020707678728963203,264.17677818495054,266.3212049804733,9.1400160603773,299.41174476818236,6.8160252428226045,122.45028120837081,0.5696573221612702,297.01690229483825,300.0941308695783,293.78120223102064,6.312928638557651,1.9130665286253745,299.66994746313804,299.93051952737665,300.06479116679157,7784536037.136837,7782599062.423186,297.0353813574633,139.4853388816539,1.7645216700886182,13.617390116783968,1.6531947000792973,2.8075362035330844,281.76564075732375,7.276582891790896e-11,-3.499555523069135e-05,95,9.372083127345832e-07,True,4.48,conjugate_3D_benchmark_H1_type,4,k(T)_cubic_273_373K,3000,110,120
PAR_045,GateA_converged_v1,GRAIL-CHT-1.0,parallel,0,506.9897909791295,328.0718185107346,303.4332431436064,2.705642686347121,0.00418952867827738,0.00034912738985644836,33.25382599592861,0.7819796529205675,1.0773170684353048,5.198875,4.065414468077416,28.056939,17.156598725388914,181.4481815608687,232.0369601474784,0.0004712290378900765,13.319147712581524,5.5968857885730055e-05,328.9892242948939,291.76541868091874,15.98144220811906,335.96693015743796,7.895111646703356,138.26101004743362,0.5164955552043144,333.1051094035776,336.6781567548092,329.33651812740686,7.341638627402347,2.22083080565154,336.18266157870926,336.4862243341961,336.64457181419095,12315185907.692719,12311902768.05032,333.1273139576881,173.70631042770398,4.585906306889676,26.590853668244698,4.2685910229070485,2.2624546138094552,303.323773896392,7.465331464118208e-11,-2.9139857341080216e-05,101,9.366610811412102e-07,True,4.48,conjugate_3D_benchmark_H1_type,4,k(T)_cubic_273_373K,3000,110,120
PAR_046,GateA_converged_v1,GRAIL-CHT-1.0,parallel,0,519.429501557912,330.85869739746215,298.9358113391366,1.1223309006793645,0.002690484201381819,0.00022420701678181826,25.576727561677338,0.361488278186669,1.1803064659210583,5.198875,1.8793323722577193,28.056939,3.6663061415480453,125.11810595427932,346.1194000035308,0.00043886382287872187,45.56487247101038,0.00012296045087385236,337.06143956743995,285.302774528696,9.964857422581584,342.6018810541375,11.743183656675342,132.06647342723858,0.48153964280484823,337.93648583684285,343.17653006687976,332.3170561744742,10.85947389240556,3.30835379763985,342.4907190413238,342.9499114096977,343.1422883075991,13049381565.832304,13041884037.349577,337.9850436677219,177.9684400916083,5.960881740109699,34.330504991989294,5.610632226150722,2.2290779337689557,299.4868632691206,7.23753146303352e-11,-2.938379409507101e-05,141,9.846189072959532e-07,True,4.48,conjugate_3D_benchmark_H1_type,4,k(T)_cubic_273_373K,3000,110,120
PAR_047,GateA_converged_v1,GRAIL-CHT-1.0,parallel,0,434.9156509085758,322.5566745201821,312.212011826538,0.12725248327003338,0.004276363943564164,0.0003563636619636804,36.094862609983096,0.6261101430217562,0.8140189959446189,5.198875,3.255068369802233,28.056939,10.998710393541787,168.76478754066295,269.5448866650906,0.0005171449870000098,27.05023544680583,0.00011602472570676202,282.21981028413114,304.51836505044434,6.183559436426127,329.8298983095787,7.273223789396582,130.0103392197554,0.5661596738432374,327.2093027615846,330.505543166288,323.74520227653176,6.7603408897562645,2.0470938875746203,330.04713924767685,330.33094827969245,330.4739887156361,11465804613.610556,11463112898.6132,327.22850951306754,149.01205983002126,2.4944041914344353,14.349860492848988,2.1575084254011774,2.399640533232133,311.13768598873895,7.907914323368459e-11,-3.523165762390348e-05,99,9.732989951771742e-07,True,4.48,conjugate_3D_benchmark_H1_type,4,k(T)_cubic_273_373K,3000,110,120
PAR_048,GateA_converged_v1,GRAIL-CHT-1.0,parallel,0,938.7686621181698,312.7447562790327,304.1210819057889,1.1717093838419304,0.00370576664262986,0.0003088138868858217,36.92648287942697,0.38298232699126317,0.948131022028728,5.198875,1.9910772452367034,28.056939,4.115264512229664,136.9851602923801,357.68010855369073,0.0005521080030966961,79.21709685135697,0.00029444340525349805,609.1735562291151,292.75806496329017,10.152495658599335,331.8582167479166,19.113460468883886,296.0695012848041,0.5973118985055088,324.72211613545045,333.3229479934321,315.6481486373168,17.674799356115273,5.364162253601197,332.14049571597684,332.90422672292914,333.2495520368848,11136731721.494392,11118532606.781034,324.8549131353746,321.6436376889728,3.2237957971937705,19.386722412530286,2.9636622450663275,2.3511375138679314,303.00929368320493,7.504382892875584e-11,-1.3695474297138831e-05,108,8.308846872751019e-07,True,4.48,conjugate_3D_benchmark_H1_type,4,k(T)_cubic_273_373K,3000,110,120
PAR_049,GateA_converged_v1,GRAIL-CHT-1.0,parallel,0,744.1663692835425,290.8408288575277,289.53154926421473,4.621950134602884,0.0021854694041808878,0.0001821224503484073,27.969645651978194,0.4449839761600678,0.7081933959452977,5.198875,2.3134160690591723,28.056939,5.555575226568418,56.549567796192356,127.08225649871623,0.0007887419466322644,54.05789357781299,0.00011849736456246419,482.89476619267566,271.94615267854357,23.26341051149096,316.4612196799265,25.620390822398804,234.0489855098293,0.5956659855448526,306.17689895832024,317.42582403783945,293.9647453937741,23.461078644065367,7.164250853248119,316.0002395123266,316.96750662738896,317.37020739316307,8816838801.211323,8787992555.514668,306.4278437329522,254.96843654973276,2.305820593847135,16.219081549767147,2.3945979553453345,2.3802547349359684,288.01178416816,7.178954319897457e-11,-1.92412271959034e-05,158,9.422649327461841e-07,True,4.48,conjugate_3D_benchmark_H1_type,4,k(T)_cubic_273_373K,3000,110,120
PAR_050,GateA_converged_v1,GRAIL-CHT-1.0,parallel,0,946.0517563959519,314.6546171857806,290.694913322091,0.4013355600521526,0.0012058388333087311,0.00010048656944239427,23.1941079131769,0.9906510268750374,1.1029922924825484,5.198875,5.15027085734496,28.056939,27.53478413165473,59.27984602282085,59.839281860754106,0.0004151468013514569,2.096014698684078,2.5350611021656574e-06,613.8996070876278,273.58685455320847,7.2250751281981795,366.4900761234349,51.83545893765432,261.2717749969076,0.5230505665738757,345.23844313120406,367.13645706613596,320.17329478342396,46.963162282712005,14.38025051038858,364.6641039415584,366.39573527545923,367.07448607759943,14353678338.132301,14206156604.094673,346.13124333133754,324.1389925422675,8.322867377977209,46.69766439824812,7.846625475490698,2.1829665280779365,292.93779764621144,8.415582897214335e-11,1.860116963893596e-05,272,9.781360290617158e-07,True,4.48,conjugate_3D_benchmark_H1_type,4,k(T)_cubic_273_373K,3000,110,120
PAR_051,GateA_converged_v1,GRAIL-CHT-1.0,parallel,0,602.2517194113565,311.159284433603,294.7815903088029,1.6511668535070043,0.0031943509018916363,0.0002661959084909697,23.044657277721473,0.4993332297802373,1.9395399635080806,5.198875,2.5959710449737314,28.056939,6.995539692241914,109.0032021852009,218.29751293174408,0.0005980849342407745,25.514401762148562,8.174719386173e-05,390.80535648806506,279.3763338442246,11.974434043326617,324.357860372259,13.198575938656006,176.23249074492387,0.55420955383922,319.2684694975439,325.2016619821293,312.98865306766726,12.213008914462023,3.7135762792824325,324.39522108383795,324.9240620995593,325.1568840777718,10398637175.236383,10390205121.28482,319.3332244768879,206.34522822569835,3.5513089425002415,23.03879284935761,3.5226794219235833,2.329071799415629,293.4653859227337,7.491365749956458e-11,-2.119409657423939e-05,121,8.406880738220934e-07,True,4.48,conjugate_3D_benchmark_H1_type,4,k(T)_cubic_273_373K,3000,110,120
PAR_052,GateA_converged_v1,GRAIL-CHT-1.0,parallel,0,866.1545675969296,314.9107665076464,294.2312382309998,3.920820950692851,0.002482337431213045,0.00020686145260108709,30.16716640500593,0.8696339233518403,1.4335014347606192,5.198875,4.521118063265799,28.056939,21.21842936614473,99.5687805515425,114.49505116793671,0.000508811741760163,6.588985051137823,1.6405300126522186e-05,562.0537619956207,278.59431303344206,20.599119612632833,339.4604113991348,24.549644891488413,254.73130018720255,0.5569971715700208,329.6521138208365,340.5335665396531,317.9262408188649,22.607325720788197,6.884262976997696,339.1212198350955,340.07174764627985,340.46928222256474,11840163663.939577,11809281079.556662,329.86742203200964,296.76438633368775,5.191865688955297,31.745626761738176,5.095642796498348,2.247491525153555,294.0975139846433,8.617348612460774e-11,-1.6545350073862553e-05,147,9.256879707209009e-07,True,4.48,conjugate_3D_benchmark_H1_type,4,k(T)_cubic_273_373K,3000,110,120
PAR_053,GateA_converged_v1,GRAIL-CHT-1.0,parallel,0,487.4752547849894,329.49880162174867,307.0299739486133,3.8276700837653372,0.0033027374125444197,0.00027522811771203497,31.738506221770237,0.8759544709847902,0.6681874268396631,5.198875,4.553977800341051,28.056939,21.527983667009053,148.16179563241994,169.14326091155095,0.0004549433385833474,8.519470627846385,2.8222241100964445e-05,316.32610515676305,296.9684015485935,20.24514631830828,339.1400078964802,9.64120627473153,133.10111774226584,0.5171246084698805,335.44847133512934,339.7749047149565,330.83843985441575,8.936464860540752,2.7098105641675674,339.18870778539906,339.5665859961109,339.74141993114193,12666984677.772852,12662027966.546171,335.4812954052344,167.0201835227709,4.496858179678102,25.33397559300516,4.088281531257729,2.2605225749128093,307.0748193915232,7.784251465636772e-11,-2.9651168425028852e-05,120,9.345883995592885e-07,True,4.48,conjugate_3D_benchmark_H1_type,4,k(T)_cubic_273_373K,3000,110,120
PAR_054,GateA_converged_v1,GRAIL-CHT-1.0,parallel,0,857.9231859787683,304.0073605933861,287.5237770299491,4.928132681844895,0.0010420916260504278,8.684096883753566e-05,23.385168888239434,0.9363016776952913,1.8480371831785234,5.198875,4.867715384628108,28.056939,24.59641947743408,44.538692534265145,47.56874156617687,0.00047751601241996874,2.2491336453944797,2.3508559054502105e-06,556.7123608439246,269.1223243489409,24.4269041910106,358.3260955328777,54.31873493949155,236.6093130596452,0.5223354564842019,336.3355932149144,358.84257147951286,309.98275998558813,48.859811493924724,14.972971205420695,356.41939479886827,358.13091773817865,358.7853813739335,12948179626.719772,12796503459.653809,337.32783493999705,293.9441265255922,7.219340007533709,43.093346100998936,7.022061859992164,2.224638834495377,288.07172721147924,7.510891464335145e-11,2.2282269413892628e-05,330,9.956181656889385e-07,True,4.48,conjugate_3D_benchmark_H1_type,4,k(T)_cubic_273_373K,3000,110,120
PAR_055,GateA_converged_v1,GRAIL-CHT-1.0,parallel,0,849.0316169448743,306.3072413396251,296.7120410053293,4.381966459521962,0.0020932231152168725,0.00017443525960140604,34.74491404411993,0.8044373437494027,1.5389022466247435,5.198875,4.1821691954851765,28.056939,18.156190654315868,75.73803690964687,94.1503244449585,0.0005640543784528344,6.983768611555528,1.4662573609863666e-05,550.9425594568474,282.12517026839697,22.351472546183455,335.81894556277854,29.51170422315346,258.21775045827553,0.5760077246205696,323.8741324699232,336.8167221143344,309.77487368994235,27.04184842439207,8.249550052133793,335.1806475104254,336.29264729864605,336.75717453645007,11045640675.711052,11002846413.485529,324.1885916739969,290.8976713932155,3.9970722619902643,24.77536187794113,3.9075351301902996,2.278682763813923,296.12611905130757,7.98601718088321e-11,-1.66158709700331e-05,168,8.989970297079708e-07,True,4.48,conjugate_3D_benchmark_H1_type,4,k(T)_cubic_273_373K,3000,110,120
PAR_056,GateA_converged_v1,GRAIL-CHT-1.0,parallel,0,985.4120554402151,311.6481912436658,291.6735362494474,4.030944518965462,0.0020233156310307324,0.0001686096359192277,29.380230195502392,0.6697996694230057,1.7687145819975836,5.198875,3.4822047563715293,28.056939,12.587229354967342,83.29239302735921,124.35418652731026,0.0004957672040642498,7.927219227159743,1.608752916040087e-05,639.4407806595435,274.96955974460997,21.017589172068753,345.94014934003764,34.29195809637184,290.02284121046733,0.5574172561399708,331.9989544029963,347.0357231224345,315.5781944653515,31.457528657083003,9.60082696207738,345.1498425969022,346.435032488654,346.9699452356399,12210075588.95376,12149177124.876892,332.4142157112528,337.624732188239,5.907612034092,35.89311814683729,5.801209685196895,2.2356890685056867,291.7992298185026,7.47184003557777e-11,-1.4480086865094414e-05,173,8.944170986069366e-07,True,4.48,conjugate_3D_benchmark_H1_type,4,k(T)_cubic_273_373K,3000,110,120
PAR_057,GateA_converged_v1,GRAIL-CHT-1.0,parallel,0,498.5441645033722,302.9148890706814,286.88420254366304,4.848086826932395,0.002750560023139945,0.00022921333526166208,25.265965454043382,0.36874343464132736,1.8718770604771104,5.198875,1.9170510237709313,28.056939,3.8149502703490565,79.6378341428174,215.9708530682864,0.0007048897304799194,51.37833404916282,0.00014174442496605526,323.5087981553897,268.22486108735967,24.1227299423431,315.28999637826973,12.375107307588337,142.2808273488954,0.5405163335665516,310.4302671873086,315.94580557362696,304.53423455421876,11.4115710194082,3.4789898433827475,315.22358381354485,315.7083733605522,315.90905039125033,9293585249.410402,9286589203.788221,310.4887162850209,170.81264542604575,3.1259890151839573,22.01854288656397,3.387333957427723,2.2949709454573557,285.7698474330073,7.348177177846083e-11,-2.7973353605001953e-05,134,9.286912359129929e-07,True,4.48,conjugate_3D_benchmark_H1_type,4,k(T)_cubic_273_373K,3000,110,120
PAR_058,GateA_converged_v1,GRAIL-CHT-1.0,parallel,0,633.3254159472383,309.7008713570577,293.6333232167413,4.692361696259868,0.0030819250482765443,0.0002568270873563787,32.61491306637416,0.4022292711423572,1.5492623498280758,5.198875,2.091139702010222,28.056939,4.5392868927264844,103.6396052895535,257.6630114342756,0.0006068981579312038,46.12573864308691,0.00014258382075665687,410.9692956860745,277.74553639141874,23.5309744457875,324.203434548534,14.502563191476327,186.82849735362163,0.5587046439930086,318.608487716559,325.08234806928874,311.7001922566773,13.382155812611416,4.0652418124068035,324.2134937968483,324.7921546005307,325.03480793085146,10314620331.105593,10304557923.583187,318.68623959949275,216.99178812224733,3.530624822664654,23.039793910966154,3.5929240865907133,2.287370104728066,292.80428296858156,8.42860004013346e-11,-2.3987818280944e-05,123,9.99463679818291e-07,True,4.48,conjugate_3D_benchmark_H1_type,4,k(T)_cubic_273_373K,3000,110,120
PAR_059,GateA_converged_v1,GRAIL-CHT-1.0,parallel,0,775.6712950828678,325.92764931204005,302.02246752963833,3.213236161196484,0.004251872695119284,0.00035432272459327363,29.115092025343156,0.9187707174299194,0.7256619889046358,5.198875,4.776574113578473,28.056939,23.683974140248566,185.0346204714131,201.3936850197088,0.0004689718297752251,9.99666354330835,4.263243807631611e-05,503.3385330783385,289.7329944001359,17.910297412546637,338.7326653233194,12.80501601127935,227.5813453847019,0.5556803224280282,334.0884294284159,339.890399662653,327.98645411460853,11.903945548044476,3.603479313481842,339.0831236444527,339.5775899392423,339.83516601213495,12466620104.940966,12457925788.283995,334.1467037907185,265.76274546536274,4.938102066404685,28.630336929838073,4.61300532641773,2.2551407613093017,302.0229049278046,7.823302894394147e-11,-1.6647178885523553e-05,100,8.169022294168826e-07,True,4.48,conjugate_3D_benchmark_H1_type,4,k(T)_cubic_273_373K,3000,110,120
PAR_060,GateA_converged_v1,GRAIL-CHT-1.0,parallel,0,896.9246727748694,288.7218265728315,309.0321513738707,0.8417747591941344,0.002305335259602569,0.0001921112716335474,31.322497819028527,0.9071850603213625,1.5757798322783383,5.198875,4.716341730478224,28.056939,23.090432470518124,60.822738741290465,67.04556920254456,0.0007735486242177477,8.567099706697741,1.9809465422649076e-05,582.0206986363221,299.87797927259834,8.89874408493771,320.41639959116924,31.694573018337735,305.41845787798877,0.6449193188339613,307.74918498302014,321.71520224148014,292.68059065744984,29.0346115840303,8.855966017077835,319.92652800276335,321.1370601941491,321.64047874541956,9014433523.904028,8969900917.86087,308.13044426092654,307.3069288799781,0.32205317390981836,1.751034606855834,-0.18456738685372767,-2.7877968203115064,305.7880539203592,7.165937176978333e-11,-1.6072505353053334e-05,149,9.4941202632981e-07,True,4.48,conjugate_3D_benchmark_H1_type,4,k(T)_cubic_273_373K,3000,110,120
PAR_061,GateA_converged_v1,GRAIL-CHT-1.0,parallel,0,458.32416957821846,329.043545766585,300.358446700877,2.650229725904891,0.001844656080857035,0.00015372134007141957,24.740659506760736,0.954943896646243,0.977437593547267,5.198875,4.964633950676737,28.056939,25.5856233709922,85.32088167469747,89.34648619080542,0.00044124476943556055,3.6772932301716272,6.8037525758580744e-06,297.40976190849295,287.3418293153651,15.770872958438584,343.6843929328402,14.640847166255185,112.89063001226806,0.4664995336895111,337.68286334278076,344.07561726397284,330.64771260173245,13.427904662240394,4.098659552849916,343.28348400169597,343.82557178224573,344.047298020921,13014263467.002794,13002776175.598713,337.7574200558112,157.03235428768429,5.761414180572195,33.0108766464812,5.369485977624768,2.239867573114665,300.71120364878533,7.39373717806302e-11,-3.345123505240796e-05,197,9.461916192776698e-07,True,4.48,conjugate_3D_benchmark_H1_type,4,k(T)_cubic_273_373K,3000,110,120
PAR_062,GateA_converged_v1,GRAIL-CHT-1.0,parallel,0,678.7239024742914,289.0412026610334,308.43631030865515,0.2993414894685484,0.001591543010221549,0.0001326285841851291,33.78073126155855,0.7534350112665574,1.526605253659604,5.198875,3.917014444198424,28.056939,15.926923092162884,43.41475630586927,57.62243014548415,0.0007481703774585043,7.9383793635129,1.2672289055652904e-05,440.42869138288495,299.0111109291653,6.8374976599804835,323.2944880572423,34.25328539620887,227.87511164874317,0.6358721849585071,309.28468963837975,324.06097318154127,292.891605607943,31.169367573598265,9.534960236589681,322.2845010484318,323.51168146484235,324.0126199072637,9202376529.936064,9150265330.782606,309.72410010360767,232.54634905016326,0.6618164130492288,3.8874252452765448,0.1220477458058535,10.428166060887616,304.93083485308034,7.02925717632752e-11,-2.2362299711178717e-05,209,9.352279448648915e-07,True,4.48,conjugate_3D_benchmark_H1_type,4,k(T)_cubic_273_373K,3000,110,120
PAR_063,GateA_converged_v1,GRAIL-CHT-1.0,parallel,0,972.4084396183811,326.6163252559445,290.98794372316127,3.6955693561476988,0.0037515244268707124,0.0003126270355725594,28.196372413349547,0.8597666323960461,1.6520891035954854,5.198875,4.469819250997995,28.056939,20.73965177371182,171.28426707716477,199.22181278403434,0.00044700234549127155,8.749838541891364,3.292400503618884e-05,631.0026433274447,274.0006361262021,19.743163553361256,344.36721679092244,17.75089153497794,278.3583353434056,0.5421526546449595,337.70732402231727,345.7178754129312,329.2539625314164,16.46391288151483,4.9929063289681626,344.61360229605503,345.31602490941395,345.64899996594465,13023597753.085228,13006544105.04795,337.817966639588,333.1693956768908,6.90290840926802,41.1871587301216,6.721044291366102,2.221964968808714,291.5783577231158,7.348177177846082e-11,-1.5336723948715835e-05,108,9.528143891657237e-07,True,4.48,conjugate_3D_benchmark_H1_type,4,k(T)_cubic_273_373K,3000,110,120
PAR_064,GateA_converged_v1,GRAIL-CHT-1.0,parallel,0,669.0608120745724,307.4246590172195,310.8266279883379,0.7989999166557895,0.0019742119929022778,0.0001645176660751898,20.45052530281511,0.7322691191785964,1.6295192870175887,5.198875,3.806975616969625,28.056939,15.044637481556338,70.56301064250546,96.36212806796722,0.0005710000953219713,7.777509554025729,1.540065460027045e-05,434.15824438087446,302.4937481526803,8.736199683292,333.30056945083965,25.875910433620163,213.53334670822966,0.6044580850527517,322.73397476054686,334.08599095349564,310.3771063949257,23.708884558569935,7.248540496781919,332.66314742587423,333.6331211487467,334.030440999519,10881534621.180716,10848726158.311846,322.97769966104613,229.23555303310172,2.0505576206260474,11.938711482498812,1.7129894389912723,2.497535991800348,309.36280674090585,7.302617177629145e-11,-2.277885928939506e-05,178,9.666726441537321e-07,True,4.48,conjugate_3D_benchmark_H1_type,4,k(T)_cubic_273_373K,3000,110,120
PAR_065,GateA_converged_v1,GRAIL-CHT-1.0,parallel,0,648.9930926631724,313.6999522635069,283.68879330065494,0.45874124361804186,0.0012306058071204667,0.00010255048392670555,34.280078662665765,0.9406859729799403,0.7118612023516874,5.198875,4.8905087877760876,28.056939,24.827307550704376,51.475910265026926,54.72167305945852,0.00048790404883257416,2.8509655410793324,3.5189716657498195e-06,421.13616078078115,263.7559998949085,7.4432167257485595,345.896462755871,32.196510492364155,165.61666942423878,0.48331475028255416,332.71805316028394,346.3375154966365,317.1424477335721,29.1950677630644,8.934020745887201,344.79548432798225,345.8755161696498,346.2987313658988,12307705817.138136,12254778463.485119,333.0767180865073,222.35989289225245,6.831508904505447,42.858432394653356,7.053343280227913,2.191920224226501,284.71728679220445,7.725674322500709e-11,-2.7483091601733483e-05,282,9.818970738706412e-07,True,4.48,conjugate_3D_benchmark_H1_type,4,k(T)_cubic_273_373K,3000,110,120
PAR_066,GateA_converged_v1,GRAIL-CHT-1.0,parallel,0,623.9176492141837,290.31235534729996,299.21686136363166,4.0906953888072515,0.0033777622678429395,0.00028148018898691165,30.996873141786853,0.5315318183990226,0.8387462478725332,5.198875,2.763367482379219,28.056939,7.926816823301814,76.76597692280711,144.42404812947368,0.0008980071528203025,54.88671177635948,0.0001859521204053739,404.8645299986283,285.70521809254103,21.244642477467554,305.24738944148606,14.935034094186108,210.8684375629709,0.6401037722557841,299.6484043661152,306.32319022610716,292.56019376985836,13.7629964562488,4.1803525407541,305.4215945225257,306.0076068598232,306.27046717485,8071506089.856312,8062094373.923308,299.7358187448095,213.76847183927575,0.3617573108112478,2.476239239098718,0.06208172314677006,12.727559311723457,296.87505558627794,7.439297178279958e-11,-2.0581497130996526e-05,112,8.641944759801845e-07,True,4.48,conjugate_3D_benchmark_H1_type,4,k(T)_cubic_273_373K,3000,110,120
PAR_067,GateA_converged_v1,GRAIL-CHT-1.0,parallel,0,610.9926881155436,315.7110919008211,289.7658278542958,2.2434327763784983,0.00244724580813314,0.00020393715067776167,23.855069242254956,0.7248802101971221,1.4517265423259404,5.198875,3.7685616027885636,28.056939,14.742555608452124,92.91346304372499,128.17767920365534,0.0005375494762646438,9.557649909625976,2.3460299575663246e-05,396.477432266993,272.27629311324387,14.225044550238295,332.03167125978433,16.320579358963244,166.95116218616306,0.5175109114702597,325.48574952677745,332.7221891907929,317.6956448827748,15.026544308018117,4.579255111908385,331.7836929474037,332.4151749535064,332.6778812999295,11236813153.839138,11223489790.91133,325.5823022861081,209.3400842369723,5.029230676145231,32.22107789308354,5.138663529088246,2.2475427038940743,289.39865194393315,7.250548605952645e-11,-2.3907274117039712e-05,150,9.49320565268863e-07,True,4.48,conjugate_3D_benchmark_H1_type,4,k(T)_cubic_273_373K,3000,110,120
PAR_068,GateA_converged_v1,GRAIL-CHT-1.0,parallel,0,522.3706289273963,332.0387752991311,288.33995168947916,0.6914402749313582,0.0023373925585374513,0.00019478271321145428,30.856270422065272,0.8183561372415897,0.7588139576633441,5.198875,4.25453126300187,28.056939,18.789921919734084,111.02547616646571,135.66889904522031,0.0004296635473064207,6.580364747776431,1.5427177125290675e-05,338.9699577053899,270.26904668492426,8.327473044739161,344.3171672241271,12.278391924996015,119.96358361010063,0.4349474190458181,339.37245053066005,344.80905101176035,333.48220386402227,11.326847147738079,3.4487377988878736,344.1096537117894,344.5822258812775,344.7797649769199,13273188192.530605,13264971999.070454,339.42498932020743,178.9761376684459,7.408391809558806,44.26268074692394,7.341528993201609,2.1900985334053042,289.79894821975813,7.413262892441709e-11,-2.653501171174068e-05,160,8.844876333569118e-07,True,4.48,conjugate_3D_benchmark_H1_type,4,k(T)_cubic_273_373K,3000,110,120
PAR_069,GateA_converged_v1,GRAIL-CHT-1.0,parallel,0,950.3622866703126,295.7814849782505,286.2211673831104,2.115864048942399,0.001486082338015767,0.00012384019483464726,27.604291821167436,0.44587207115821836,1.3931652955181915,5.198875,2.3180331639426823,28.056939,5.577772889092424,51.403773201762206,115.28816565754688,0.0005900208663570433,18.21398276125554,2.7148924861008533e-05,616.6967403563724,267.29553289306335,13.740283385981115,341.2455675670706,45.46408258882013,282.41488722422343,0.5628134531967812,322.6070722560854,342.122058003005,300.7719689479484,41.35008905505663,12.65974378609372,339.8145387924688,341.41432538054664,342.0605934788661,10931571059.14193,10831672872.050589,323.34834732126365,325.61587890816463,5.076058121901693,32.89052078131802,5.234471790224416,2.2486745978450267,285.7702092273419,7.940457180666272e-11,-1.8122427911655163e-05,210,9.835115406531258e-07,True,4.48,conjugate_3D_benchmark_H1_type,4,k(T)_cubic_273_373K,3000,110,120
PAR_070,GateA_converged_v1,GRAIL-CHT-1.0,parallel,0,993.9093817115624,317.4956586458829,301.49548110473756,0.5959332915090165,0.003504414887031993,0.00029203457391933273,27.857231392334754,0.8807695609541049,1.1979703487290403,5.198875,4.579010851205273,28.056939,21.765311261147527,142.27162258350893,161.53103932133098,0.0005027090793779676,9.184959377236044,3.2284762666369204e-05,644.9547551583047,288.975010731658,7.964546507734263,338.3633728339309,20.867714188048012,305.6797561223031,0.5824866358066308,330.4306894889296,339.8229395453408,320.5092785362878,19.313661009052964,5.864199879097029,338.53603652981644,339.37132737718343,339.7463708447792,11943762913.74307,11921242059.554956,330.58663622943715,340.5361107235849,4.444449052403814,26.24934294856514,4.162615511695374,2.281505017415191,301.0318405859339,7.615028607688148e-11,-1.5537671592613618e-05,112,9.971944336939487e-07,True,4.48,conjugate_3D_benchmark_H1_type,4,k(T)_cubic_273_373K,3000,110,120
PAR_071,GateA_converged_v1,GRAIL-CHT-1.0,parallel,0,588.9630374185974,324.7739573130091,285.2035945780365,4.89751471772699,0.0027906377200309,0.0002325531433359083,23.562711812830784,0.8435587721278532,1.014753715184559,5.198875,4.3855566114461935,28.056939,19.96507655978825,119.06847021925769,141.15017726495907,0.0004783284177461173,7.771178832156823,2.1751800178658484e-05,382.18223772218977,265.87136791608293,24.31055592736256,337.3418752097652,12.567917896756114,146.60307401384512,0.47143423187369354,332.37164187904233,337.9768139636581,326.3741845361286,11.602629427529507,3.530703115770967,337.23740259393213,337.7305334122957,337.93878102301744,12212081729.822567,12203821586.232384,332.42786895718393,201.7922215173162,6.623422243069362,41.78018629604795,6.785589470951059,2.2160107648239844,285.5784940862262,7.296108606169583e-11,-2.5029010984890183e-05,136,9.579987363395048e-07,True,4.48,conjugate_3D_benchmark_H1_type,4,k(T)_cubic_273_373K,3000,110,120
PAR_072,GateA_converged_v1,GRAIL-CHT-1.0,parallel,0,960.6991871640656,324.58808239149823,296.91197052618196,0.3820632780819372,0.003105908148534282,0.00025882567904452353,32.73016065231314,0.6388308372440215,0.8095196977501624,5.198875,3.3212016689770123,28.056939,11.450172562594963,141.65056432067828,221.73407428447354,0.0004474966578801934,16.22023048456583,5.053013644244451e-05,623.4044274450723,282.41036926404763,7.151840456711361,346.2474611882886,21.65937879679035,281.19713178605275,0.5543570063013092,337.8411283744893,347.5382555119943,327.51167972996853,20.02657578202576,6.080058480154782,346.22727227039195,347.09750662806925,347.4665156538715,13052475694.000267,13027169856.083597,338.0050767257256,329.1575376909982,6.195862739978284,35.876529554272885,5.888063603269945,2.2193005394675187,297.6599827512773,7.562960036011646e-11,-1.5188039146805447e-05,124,9.404380421074165e-07,True,4.48,conjugate_3D_benchmark_H1_type,4,k(T)_cubic_273_373K,3000,110,120
PAR_073,GateA_converged_v1,GRAIL-CHT-1.0,parallel,0,999.4522266354367,320.0804704792867,284.1094494997233,2.9701313160026355,0.002868083862529738,0.00023900698854414484,32.08282035703057,0.3876734759063512,0.745653233584503,5.198875,2.0154659420526313,28.056939,4.216697673326098,124.01842256153638,319.9043274023087,0.0004719816779291426,59.4166223270169,0.0001709246295507937,648.5515460293212,264.34286683406344,16.986499000810014,343.75213043920417,23.671659959917463,283.789838788782,0.5377753342860251,334.46324935683447,345.01062820010964,323.17231075769223,21.838317442417406,6.635225958096319,343.6132661300109,344.5439845830073,344.9373969448521,12543462966.187685,12513927044.000837,334.660428646655,342.43521630348164,7.099029244511913,44.302507856988186,7.243891441007439,2.20580752719204,284.8451413126265,8.42860004013346e-11,-1.4901448641930752e-05,131,9.621280128158105e-07,True,4.48,conjugate_3D_benchmark_H1_type,4,k(T)_cubic_273_373K,3000,110,120
PAR_074,GateA_converged_v1,GRAIL-CHT-1.0,parallel,0,680.1064988451002,320.8128609715633,287.39991389334205,3.5349710263752323,0.0013746926772524172,0.0001145577231043681,21.184574710495223,0.9649603371688646,0.6951238360053801,5.198875,5.016708172898781,28.056939,26.125175326379388,63.134885116820946,65.42744057445395,0.00044438124542365583,2.7337497345383497,3.7693738630999084e-06,441.32586784607736,268.94843919100117,19.132889900225884,350.9600792906501,30.147218319086846,173.2324098984146,0.4824122192197866,338.56624531763663,351.436477838289,324.0191029701765,27.417374868112518,8.390998259335335,349.9370535952778,350.9783392806085,351.3972900952475,13187728215.259863,13139372620.319897,338.8773147088583,233.02005822272886,7.4865075695512635,44.94041740991707,7.36078213211259,2.2130604106326057,288.2336886642927,7.680114322283772e-11,-2.5228414712985815e-05,255,9.767008464223181e-07,True,4.48,conjugate_3D_benchmark_H1_type,4,k(T)_cubic_273_373K,3000,110,120
PAR_075,GateA_converged_v1,GRAIL-CHT-1.0,parallel,0,956.4854188814586,314.1584182568333,309.9423891297645,3.3764619958841906,0.00412840722057437,0.00034403393504786416,25.373863120720998,0.8618302393080226,1.4068994465700877,5.198875,4.480547685382496,28.056939,20.839329638566202,154.69282484462767,179.49338255853382,0.0005446679940034328,11.949937439850405,4.9482655980030506e-05,620.6700837101106,301.2038663522953,18.530555584359924,332.03190320127965,17.873484944446375,308.43812158018517,0.610739168127119,325.5068300291025,333.58603454482545,317.02345798594905,16.5625765588764,5.020644798188966,332.46356966268326,333.16827045348145,333.51080391036913,11242418387.87009,11226397688.282719,325.62289706365505,327.7138041989384,2.500087357523206,14.536543899265524,2.2390985493592006,2.3455371698113705,309.2261307939382,7.523908607254271e-11,-1.4398964606302704e-05,100,8.794236805442779e-07,True,4.48,conjugate_3D_benchmark_H1_type,4,k(T)_cubic_273_373K,3000,110,120
PAR_076,GateA_converged_v1,GRAIL-CHT-1.0,parallel,0,888.0400407821114,306.00548583089306,310.51997125564117,4.180149312646556,0.001317892528247537,0.00010982437735396142,29.410049366286675,0.7294833011691574,1.9241982238578366,5.198875,3.7924924973658034,28.056939,14.93038468181218,56.09708863647548,76.89975705621714,0.00047946749536065627,4.191294202901932,5.540296202298568e-06,576.2553987437975,302.04620511889163,21.58456738805691,355.80625268551915,49.80076685462609,274.34200469180496,0.5850942595341834,335.4182587370234,356.57350372036603,311.3713929682986,45.202110752067426,13.832030324710535,354.1431095723057,355.8406071552544,356.5113106094981,12786326332.78737,12657466895.439419,336.2687008927387,304.2628505367251,4.148587979672208,22.190338098943567,3.581864568194172,2.275990615340754,310.56543106223046,9.007862900034524e-11,1.8141587156813778e-05,231,9.928517670232395e-07,True,4.48,conjugate_3D_benchmark_H1_type,4,k(T)_cubic_273_373K,3000,110,120
PAR_077,GateA_converged_v1,GRAIL-CHT-1.0,parallel,0,695.9524660531556,301.33984308613293,297.6489608499865,2.2843758590052206,0.0029792250796977044,0.0002482687566414754,31.607641949744,0.3894337058272441,0.9647010961228121,5.198875,2.024617157382614,28.056939,4.255076404226608,88.07384947372265,226.15877402453935,0.0006903603396394525,75.40596273153827,0.0002253273172803904,451.608426889155,283.4625135021757,14.380628264219837,318.96564006097964,17.625796974846708,219.49688453997516,0.5973307327076475,312.1436606539421,319.99722438568,303.7604489957814,16.236775389898582,4.935339090031599,318.95089910664007,319.64839987759103,319.94103990468994,9507553179.377506,9493319053.203747,312.26060068818475,238.44924939747386,2.2137989749532356,14.653408230861814,2.085205727230099,2.476396951810878,295.73207521589336,7.673605750824208e-11,-2.0161752053399118e-05,125,9.310870154877193e-07,True,4.48,conjugate_3D_benchmark_H1_type,4,k(T)_cubic_273_373K,3000,110,120
PAR_078,GateA_converged_v1,GRAIL-CHT-1.0,parallel,0,802.9924902014172,305.2677220228894,309.7660951785853,1.4430221549158342,0.0023537552345677345,0.00019614626954731122,35.32651494038419,0.7487757600745432,1.9019596944060897,5.198875,3.892791579657541,28.056939,15.73054760084829,81.37837566207489,108.6819045183479,0.0005902986350081114,8.852225666737624,2.0898668506177067e-05,521.067447839131,300.9469176255435,11.18348418868017,331.70676451809226,26.43904249520284,260.1257249207775,0.6135329580491178,321.1079659038493,332.78269572399586,308.5087348034286,24.273960920567276,7.399980803411284,331.27890738247453,332.29363496906944,332.7190072057959,10665594093.379154,10631739279.757816,321.3632884995182,275.1236124590612,1.940968723158096,11.425325719352472,1.6316401245764118,2.504444877100917,308.3117818184448,7.68011432228377e-11,-1.709369939868366e-05,152,8.905611821319326e-07,True,4.48,conjugate_3D_benchmark_H1_type,4,k(T)_cubic_273_373K,3000,110,120
PAR_079,GateA_converged_v1,GRAIL-CHT-1.0,parallel,0,918.7612768848704,305.5290778681578,293.4282921625265,3.9545558085625574,0.0025025841430679078,0.0002085486785889923,31.934462292942506,0.7934159196471853,1.2657028001187962,5.198875,4.124870189255761,28.056939,17.662090606178698,87.24429087303842,109.9603483023558,0.0005854248704192156,9.25997333793866,2.3243593220418152e-05,596.1906238995305,277.45468119714684,20.727312072537718,332.3736202786609,26.844542410503095,280.815435367355,0.5788744354482855,321.7027093978787,333.5771322103686,308.90151712566586,24.675615084702713,7.510524851563367,332.0361389506636,333.07271701370746,333.5064159143783,10745729327.838531,10710725133.693995,321.96523059302655,314.7886494189521,4.050967891640803,25.854739350043715,4.06755417847014,2.275668774902463,292.7458102835784,7.198480034276145e-11,-1.5047733661381203e-05,144,9.003106242744252e-07,True,4.48,conjugate_3D_benchmark_H1_type,4,k(T)_cubic_273_373K,3000,110,120
PAR_080,GateA_converged_v1,GRAIL-CHT-1.0,parallel,0,908.9600359421569,321.21226772648305,299.842529320521,0.5629212076970531,0.0033878969705078447,0.0002823247475423204,23.740096988694994,0.5953702403535246,1.6336346151782446,5.198875,3.09525545831793,28.056939,9.945223170568694,143.99628207058504,241.8600600276587,0.00048017374796734173,16.60445451809157,5.642345151331767e-05,589.830530043117,286.6018086751454,7.839100589248802,340.41153089785473,19.199263171371683,271.888624733261,0.5665161907944396,333.0502513521141,341.69661960394467,323.9149299606102,17.78168964333446,5.400387726400067,340.51294608494976,341.28472992265995,341.62808687809473,12323197988.125032,12303794334.419239,333.18148268756977,311.43051986276583,5.058197636356016,29.706487308081932,4.777258798395135,2.255196933578904,299.7794554498953,7.88188003753021e-11,-1.5609686639393993e-05,116,9.173027706310677e-07,True,4.48,conjugate_3D_benchmark_H1_type,4,k(T)_cubic_273_373K,3000,110,120
PAR_081,GateA_converged_v1,GRAIL-CHT-1.0,parallel,0,686.4371720700185,309.4804801699975,302.38583987057604,0.230778096596235,0.0017702128710237273,0.00014751773925197726,23.45055794828122,0.5667583170952764,1.1116498442633933,5.198875,2.946505645788705,28.056939,9.012309380222176,66.68046576147263,117.65238153578458,0.0005418091891980508,12.976462475316314,2.304022155883787e-05,445.43388601643943,290.25603139938664,6.576956767065693,337.3292761511934,27.848795981195906,206.0668818296242,0.5685563095402556,325.9059133903125,338.0473355641395,312.55993672049385,25.48739884364562,7.788848121142767,336.5516485460364,337.57835904576007,338.0029275870527,11320179512.096605,11281554929.945292,326.184506423083,235.18909181668002,3.679421179690402,22.059244212128444,3.383594877545743,2.345047973033644,301.1999087951729,6.794948603783269e-11,-2.1379524189974135e-05,198,9.076613878278295e-07,True,4.48,conjugate_3D_benchmark_H1_type,4,k(T)_cubic_273_373K,3000,110,120
PAR_082,GateA_converged_v1,GRAIL-CHT-1.0,parallel,0,966.7567607583318,321.54322816887117,299.19867659584054,4.219572046538799,0.0021313727364397498,0.00017761439470331247,28.413458528037964,0.6768330925611562,1.5945798571096983,5.198875,3.5187706440888813,28.056939,12.85296891392561,100.09701124361968,147.89024405536918,0.00043456804971480034,7.440794869984972,1.5906827806746965e-05,627.3352293534067,285.6791730824856,21.734373776847434,353.25633835745134,31.713110188580174,282.53647629445464,0.553507339590932,340.38173050853555,354.3473997243338,325.19003095397187,29.157368770361927,8.891251517638695,352.5739788301551,353.7794020869569,354.2817577779243,13478382487.529844,13423475289.431705,340.7292710546605,331.2330010985988,6.444914180836333,36.32707505440772,5.924589059798416,2.239471285204646,299.69598105168325,7.641062893526396e-11,-1.6149024449719675e-05,167,9.792743753678224e-07,True,4.48,conjugate_3D_benchmark_H1_type,4,k(T)_cubic_273_373K,3000,110,120
PAR_083,GateA_converged_v1,GRAIL-CHT-1.0,parallel,0,738.0053867574957,289.3696945312351,305.5242122313295,4.3454273706794035,0.003909713395561054,0.0003258094496300878,28.64815475173655,0.513114346618246,1.7813151165350603,5.198875,2.6676173487749337,28.056939,7.387008576251062,87.77952449527135,171.07205260152043,0.0009090153049114234,47.00901642623118,0.00018434481568082813,478.89686150464615,294.78645686068364,22.21262400858173,305.1304508674704,15.760756336235318,257.5717679187635,0.6610050912653538,299.4194836904157,306.5141141336189,291.9499040418684,14.564210091750454,4.42668743925376,305.5486806756926,306.1466185683229,306.4512399819283,8048023973.014449,8037485983.478509,299.51757808333895,252.85754287445317,-0.4776723744186554,-3.3582771308393187,-0.8782254954479725,1.4625476732464995,303.1807009573541,6.938137175893644e-11,-1.9791224659102584e-05,100,9.683558914730384e-07,True,4.48,conjugate_3D_benchmark_H1_type,4,k(T)_cubic_273_373K,3000,110,120
PAR_084,GateA_converged_v1,GRAIL-CHT-1.0,parallel,0,766.4150109439472,321.9041126381467,294.18396443244046,2.3031848468391036,0.0018171311430569101,0.0001514275952547425,24.585703775069128,0.7773931328276449,0.5858195882900797,5.198875,4.041569723429323,28.056939,16.95593284307634,83.32389604690157,107.18373050688528,0.00044507807422796867,6.3401949585075865,1.155563260998651e-05,497.3320655066039,278.52717358308115,14.452102417988595,349.6581984999237,27.754085861776957,210.80916154401342,0.5209446187122514,338.27665750307244,350.3792426488386,324.9536565604914,25.42558608834719,7.763405228144041,348.8821572723805,349.90743462725675,350.33091146821243,13135817277.251385,13094475963.244104,338.54334008941316,262.5913305874869,6.645939548451339,38.793115260347626,6.343169390427083,2.224229980644674,294.8289820221973,8.06412003839796e-11,-2.100440729132233e-05,195,9.871039310382912e-07,True,4.48,conjugate_3D_benchmark_H1_type,4,k(T)_cubic_273_373K,3000,110,120
PAR_085,GateA_converged_v1,GRAIL-CHT-1.0,parallel,0,884.3638675245929,303.35546539574943,288.02853974234205,0.8757428671543821,0.0017367782075718573,0.00014473151729765477,28.31474356375344,0.5768889486866042,0.5590624358151404,5.198875,2.99917353310307,28.056939,9.337373403385842,63.03160100614617,109.26123849251995,0.0005623484724964066,17.1741436101651,2.991743064778757e-05,573.8699041837809,269.8313223221146,9.027822895186652,339.1191247465815,35.763659350832086,259.63461468723335,0.5560293029189735,324.48512427526896,340.023460785295,307.3359497874709,32.68751099782412,9.990737914668204,338.12255029112174,339.42937152050854,339.9691933670041,11149087750.654072,11086109579.909826,324.9449810283407,303.0033094090363,5.1365204841467484,32.98758799170779,5.244639757393359,2.25302727750508,287.53954750625104,7.159428605518771e-11,-1.766034999330409e-05,196,9.585649536347773e-07,True,4.48,conjugate_3D_benchmark_H1_type,4,k(T)_cubic_273_373K,3000,110,120
PAR_086,GateA_converged_v1,GRAIL-CHT-1.0,parallel,0,437.6104764645461,325.04950234994914,308.1722957690121,1.9461150757183907,0.0020633622140911563,0.000171946851174263,28.844420987806583,0.5083549308773084,1.9909328832864628,5.198875,2.642873741264767,28.056939,7.250607046952359,89.32727274447376,175.71831670898635,0.00047142313916870483,12.35137705721806,2.5562050864449517e-05,283.9685014511791,298.6272729259853,13.095237287729883,338.9360293849908,13.886527035041638,119.7692690066717,0.5183507912965553,333.28961957434035,339.3956441380129,326.62364619278947,12.771997945223461,3.897370610287006,338.62788749859766,339.15037427385175,339.368165120063,12349323184.949219,12339204173.719385,333.3579287760622,149.93536876622258,3.9878166500330288,22.56495819075252,3.613375106759385,2.2746358305895362,308.01722332228064,7.65408003644552e-11,-3.3473085420638414e-05,177,9.249938557331916e-07,True,4.48,conjugate_3D_benchmark_H1_type,4,k(T)_cubic_273_373K,3000,110,120
PAR_087,GateA_converged_v1,GRAIL-CHT-1.0,parallel,0,570.7020416945799,299.61215480901086,284.4494100011706,4.118973463653701,0.0010500771550855609,8.750642959046341e-05,22.222897554247933,0.9728284569128747,1.6076400060279614,5.198875,5.057613543932922,28.056939,26.55295258089301,35.37526897575984,36.363316393948786,0.0006058163034123236,2.73016015310578,2.875505322468683e-06,370.3325497699047,264.8174709598574,21.352099161884063,334.4880831530317,34.87592834402085,153.0816972767915,0.5080189587244888,320.35739804611313,334.8329768333992,303.4632869556248,31.369689877774363,9.618512683472467,333.26968056469855,334.3726563569863,334.7977777304566,10589524542.519295,10532683414.529026,320.7887396963827,195.5355862785097,4.860093401356979,32.42814142331959,5.165718734250057,2.2391979385102054,284.0383925846351,7.432788606820395e-11,-3.301558025349303e-05,319,9.90858666227723e-07,True,4.48,conjugate_3D_benchmark_H1_type,4,k(T)_cubic_273_373K,3000,110,120
PAR_088,GateA_converged_v1,GRAIL-CHT-1.0,parallel,0,761.1395219900372,288.52883770572555,300.889705139258,4.958833775802377,0.003595088206244173,0.00029959068385368106,20.923380280253493,0.8178367762280855,1.176867077337373,5.198875,4.251831170012788,28.056939,18.766079839730995,80.604716319692,98.5584393642042,0.0009102665704461556,19.7748521345926,7.130625645867228e-05,493.908763795989,288.1045192999049,24.543568348049032,305.85212597025753,17.323288264531982,260.3251722127217,0.6477657310431767,299.3981269170687,307.1786225077663,291.22191491955476,15.956707588211543,4.858588568412781,306.1204752623126,306.8058750455431,307.1140733204063,8047885308.121134,8035193061.191838,299.5162879268515,260.7838272842822,0.09728244523987306,0.5759992000998814,-0.2145782591973488,-0.5823797205777597,298.75301692383323,6.671285746051582e-11,-1.8526678752570532e-05,106,9.448249329579994e-07,True,4.48,conjugate_3D_benchmark_H1_type,4,k(T)_cubic_273_373K,3000,110,120
PAR_089,GateA_converged_v1,GRAIL-CHT-1.0,parallel,0,941.2806483603697,317.9837580546498,312.87214774953674,4.657341990965279,0.0037838391604702697,0.00031531993003918916,30.516799712070473,0.6344702687539743,0.6295318082332161,5.198875,3.298531618468318,28.056939,11.294391552163058,152.60561866513683,240.5244598219496,0.0005060362640539234,24.957220044008398,9.471826132296141e-05,610.8036016855823,305.48467829503335,23.39789956566806,337.0604052629892,19.07664720833941,301.7247926858923,0.6070968015664854,329.97946760100587,338.5661205563024,320.8843667042241,17.681753852078316,5.355606194358318,337.38638068727283,338.12632363585226,338.49178540724176,11874991591.757559,11856258784.157951,330.10973176937364,322.50430168998747,2.7746964720689298,15.543799510817083,2.4610569252428167,2.300484881984278,312.57065801318544,7.471840035577769e-11,-1.3613472257753884e-05,107,8.224966450143256e-07,True,4.48,conjugate_3D_benchmark_H1_type,4,k(T)_cubic_273_373K,3000,110,120
PAR_090,GateA_converged_v1,GRAIL-CHT-1.0,parallel,0,599.4300317916748,302.25041189361133,283.38803806376586,1.7133627806887644,0.002605820229348092,0.00021715168577900767,27.28329748235987,0.49400816152116134,0.7716873631732212,5.198875,2.568286680728328,28.056939,6.847129407126639,76.95110550293171,155.76889512509692,0.0006911130360573122,40.96436242033939,0.00010706696517278552,388.97434363984024,263.33667612264986,12.210778566617304,317.9445216548659,15.694109761254595,170.9453999554939,0.5401134578137965,311.74028188990746,318.7123254896728,304.2553494281592,14.456976061513615,4.408558552213284,317.8069109715338,318.4147275166029,318.66827752642985,9455669598.709885,9444341775.66343,311.83371750450254,205.37845344183566,3.737392977531902,26.616956781158617,4.078750302228455,2.3001395181031667,281.9297113091447,7.647571464985958e-11,-2.267744081412342e-05,140,9.014840998133877e-07,True,4.48,conjugate_3D_benchmark_H1_type,4,k(T)_cubic_273_373K,3000,110,120
PAR_091,GateA_converged_v1,GRAIL-CHT-1.0,parallel,0,982.5815729841491,319.70282127600217,304.6887759454855,3.41107781356413,0.001938766633883145,0.00016156388615692875,33.42419824332431,0.6719359633417465,1.0494231994743561,5.198875,3.493311081418323,28.056939,12.66765012843518,91.59502757301418,136.31511419255432,0.00043198944562269687,7.902503195937718,1.5367211153900666e-05,637.6040607804252,293.5781719196401,18.662095691543694,355.91129952543156,36.20847824942939,293.43512008357106,0.565600199282973,341.1467601262713,356.96952573380173,323.78297765205696,33.186548081744775,10.121057589846716,354.99179217334927,356.3417001517978,356.9048863294282,13616014669.118391,13544563217.47355,341.5957845507822,336.65494409206457,5.8826181274777865,32.09241881161047,5.244841110561841,2.245207164579144,305.2037586796098,7.88188003753021e-11,-1.60523876273673e-05,180,9.706975561130093e-07,True,4.48,conjugate_3D_benchmark_H1_type,4,k(T)_cubic_273_373K,3000,110,120
PAR_092,GateA_converged_v1,GRAIL-CHT-1.0,parallel,0,443.2015252083547,315.43389663494753,298.37674792361594,2.34674717516609,0.0037152018913416945,0.00030960015761180787,30.019483388556928,0.6932035729264499,1.0903687325342892,5.198875,3.603878725197997,28.056939,13.482234384131607,130.66316506737797,188.49176514738124,0.0005802948846877382,18.750875704280492,6.98729076036669e-05,287.59657211837776,284.50279804644424,14.617639265631144,323.45949257380715,8.025595938859624,124.63384450279717,0.5325995839274125,320.47436913768973,324.0941669352373,316.64250613067173,7.451660804565563,2.261077160610798,323.6003356470687,323.9091913244123,324.06340493330805,10551224822.252502,10548074904.322863,320.49829186637663,151.85099007850346,3.272614015699087,20.765614985592045,3.1789610641797017,2.33272277124486,297.2172088142702,7.328651463467395e-11,-2.9298303896813787e-05,109,8.454745170638489e-07,True,4.48,conjugate_3D_benchmark_H1_type,4,k(T)_cubic_273_373K,3000,110,120
PAR_093,GateA_converged_v1,GRAIL-CHT-1.0,parallel,0,604.0085123416559,312.50178100167483,294.9214320384538,0.23539236546438436,0.0044571787201553355,0.00037143156001294463,22.453050038987403,0.6506103277162673,1.6676524171734244,5.198875,3.382441767505909,28.056939,11.876328284464483,150.7167005963174,231.65433159561726,0.0006035568277271492,22.919162170574783,0.0001024621884759028,391.94535171808684,279.5751578418846,6.594490988764661,322.00949985859796,9.507718856923134,177.13837705512313,0.5554381165631967,318.6207762375643,322.94150295514225,314.1033146744955,8.838188280646762,2.6792236667277143,322.33792831903855,322.7075630401636,322.89929809997307,10310519525.87161,10306147775.79982,318.6545596868236,206.94714570714987,3.504761528085215,22.894675742397467,3.40938473538421,2.382175673747887,292.97910154297495,7.172445748437894e-11,-2.5781384886494613e-05,95,9.916265639731137e-07,True,4.48,conjugate_3D_benchmark_H1_type,4,k(T)_cubic_273_373K,3000,110,120
PAR_094,GateA_converged_v1,GRAIL-CHT-1.0,parallel,0,718.5413119211787,293.0911658055025,284.7025441345629,3.147955923560219,0.00346399169049364,0.00028866597420780336,21.100348898067445,0.4141529347669638,0.5470594587262835,5.198875,2.153129338736599,28.056939,4.812400622891073,84.26747092044243,203.46945257760441,0.0008389505802624329,128.63027198316263,0.000446914938109942,466.2664870948362,265.1710448295948,17.66223250952883,308.5183638937045,15.427198088201976,223.37788741784763,0.5887819860829784,302.7298353794148,309.66972761737975,295.4184574745931,14.251270142786666,4.337157391568545,308.72876411433117,309.325329069199,309.6141386519045,8409211498.962836,8398870768.440244,302.8229729999013,246.18870518607352,2.4003737139246013,17.817088381691978,2.593403896502336,2.3964946143283257,282.77497821399703,6.710337174808955e-11,-1.95881825664964e-05,110,9.412583494849969e-07,True,4.48,conjugate_3D_benchmark_H1_type,4,k(T)_cubic_273_373K,3000,110,120
PAR_095,GateA_converged_v1,GRAIL-CHT-1.0,parallel,0,780.6350462867874,301.69141932713376,287.6973301068561,3.612136227905847,0.00327364687246849,0.00027280390603904084,22.585423296696675,0.5631531160074799,1.156892563528909,5.198875,2.927762655983387,28.056939,8.898017813930727,97.18706624629567,172.57662877782042,0.0006874527522052695,30.314915609334,9.953894551017299e-05,506.55954598082025,269.36602969811656,19.42611766604222,319.0429193159422,17.351499988808428,237.43521774477895,0.5760539634166125,312.4076726389982,320.1902164019804,304.17376681961167,16.01644958236875,4.872504160744217,319.1345837606321,319.8280884591378,320.13028496978365,9539375751.175459,9525477728.000393,312.5215639215137,267.4634402778731,3.3376547206583647,23.135791360094615,3.554826830961941,2.301531575753333,286.495952266438,7.191971462816584e-11,-1.8835703581614633e-05,116,9.737245250107662e-07,True,4.48,conjugate_3D_benchmark_H1_type,4,k(T)_cubic_273_373K,3000,110,120
PAR_096,GateA_converged_v1,GRAIL-CHT-1.0,parallel,0,544.3926230532685,294.9655547888966,292.7471677050869,2.5657500066625345,0.0029977182616669176,0.0002498098551389098,24.117809707756056,0.6089890768827295,1.6449495895598656,5.198875,3.1660580870787007,28.056939,10.405412317078431,74.56088471364136,122.43386218895884,0.0008205390572417755,23.937069078343804,7.197250662681414e-05,353.2601838476273,276.4891737989702,15.44985002531763,308.66791821534656,13.70236342644995,171.69694879872742,0.5973328832512227,303.3681581677684,309.4907416514418,296.8638948548889,12.626846796552911,3.844866927379603,308.6737392548913,309.21866982642393,309.446820613455,8478093683.861683,8469933087.157437,303.44120394038566,186.52137707154722,1.6376258764760576,11.658918798724011,1.5279343788545219,2.6434981555791546,290.31035352833,6.742880032106767e-11,-2.7225423481463578e-05,123,9.979896162803925e-07,True,4.48,conjugate_3D_benchmark_H1_type,4,k(T)_cubic_273_373K,3000,110,120
PAR_097,GateA_converged_v1,GRAIL-CHT-1.0,parallel,0,541.7312859970295,318.52929317080054,293.19699593611915,4.314126984962071,0.0012869744447284253,0.00010724787039403544,24.281296211934155,0.6107488358733526,0.857788209843899,5.198875,3.1752068541010763,28.056939,10.465634986725457,55.155023021868786,90.30720941612397,0.00047621640275018873,7.797974546076839,1.00659919372554e-05,351.5332236024744,277.12668842478536,22.093682542855866,344.15358556561296,25.624292394812414,137.84724361123713,0.4819258768501584,333.6590624334481,344.52861637943084,321.25827154919585,23.27034483023499,7.120436815753166,343.2867239287479,344.15441790177096,344.49696466439445,12427826959.39656,12394005954.380917,333.8864537125966,185.60954206210647,5.97835659784267,35.96313181888,5.820867899090281,2.2356470247797007,293.38092364370885,7.829811465853708e-11,-3.117562975363523e-05,275,9.465484254178591e-07,True,4.48,conjugate_3D_benchmark_H1_type,4,k(T)_cubic_273_373K,3000,110,120
PAR_098,GateA_converged_v1,GRAIL-CHT-1.0,parallel,0,806.1361160482738,289.5104488831872,293.98315212821035,3.2346296889128157,0.002404683782770515,0.00020039031523087626,34.94278061939582,0.6644120270645906,1.2200746610626572,5.198875,3.4541950772054237,28.056939,12.385548910259706,60.69805552470116,91.35604572492248,0.0008085422021308423,17.81671733957331,4.297248871482264e-05,523.1073686565371,278.2420349742157,17.9915928178687,315.48052543939355,25.970076556206322,261.0402556758356,0.6132890138355627,305.15531955577364,316.606394928289,292.8234922010013,23.782902727287706,7.2546799611903845,315.1317360645636,316.1259848533449,316.54156506413517,8700677297.770855,8671291388.518759,305.4135248435765,276.2006906506516,1.7160374336512176,11.837219235507224,1.6072266290862374,2.570042493027963,291.89782124740805,7.244040034493083e-11,-1.7495766784183705e-05,145,9.378280765304225e-07,True,4.48,conjugate_3D_benchmark_H1_type,4,k(T)_cubic_273_373K,3000,110,120
PAR_099,GateA_converged_v1,GRAIL-CHT-1.0,parallel,0,627.4821056623226,304.5387294240318,311.63690404417014,2.6881111746193764,0.002399604147210973,0.00019996701226758108,36.25760238446246,0.925033666774088,0.7989945421451929,5.198875,4.809134404350138,28.056939,24.007965948935976,77.64635428493695,83.93894954733551,0.0006307220754904179,7.413904002121731,1.7843966690587094e-05,407.17753073902065,303.6773490072921,15.91482246355363,325.18939994161036,20.650670517578533,207.13335669767565,0.6251939625187367,316.93785361570633,326.0633871543854,307.09694168065505,18.966445473730346,5.782523295508825,324.8867930226963,325.6799572865928,326.01219170042305,10110264242.563282,10090122753.812822,317.09589994031955,214.9897362302029,1.022498809111363,6.071334479721246,0.7625939519843419,2.8069511866872014,310.13805503184767,7.270074320331332e-11,-2.2190961545225928e-05,150,9.110777909882017e-07,True,4.48,conjugate_3D_benchmark_H1_type,4,k(T)_cubic_273_373K,3000,110,120
PAR_100,GateA_converged_v1,GRAIL-CHT-1.0,parallel,0,862.6673334001889,315.0828062045532,307.69918393789743,4.2783953494967175,0.0033538612429187932,0.0002794884369098994,33.63780893580489,0.5729566369641569,1.4987588728099475,5.198875,2.9787299359970314,28.056939,9.210512515064922,129.29642122892622,225.66528230480168,0.0005293928648977438,20.377404160937736,6.854863194248869e-05,559.7908713147164,297.939849728901,21.957902328087524,334.4808889469102,19.39808274235702,271.94443760746657,0.5970392796924722,327.0889632510928,335.7800850062012,317.8565439759749,17.923541030226318,5.440138337863316,334.598576834449,335.37245985503716,335.71175712270355,11465249883.144823,11446258798.563553,327.2245515065631,295.5695800541703,3.052079486015056,17.78370014402294,2.789411262078629,2.3076378149797536,307.17150038374547,7.959982895044958e-11,-1.6390527370369173e-05,116,9.179867674902198e-07,True,4.48,conjugate_3D_benchmark_H1_type,4,k(T)_cubic_273_373K,3000,110,120
PAR_101,GateA_converged_v1,GRAIL-CHT-1.0,parallel,0,533.5809995364458,303.0529767637454,290.0251873411365,2.930369919757814,0.003063093674860407,0.00025525780623836725,35.675600775417024,0.39382567457193196,0.5052310504689841,5.198875,2.047450453890153,28.056939,4.35159369736993,88.8462087046384,225.5978074593781,0.0007036243743268612,115.10665551821843,0.00035364339864813507,346.2444456661964,272.64193270388154,16.835405695079693,315.3320966505533,12.279119886807905,157.21855483499982,0.5580453852721727,310.59860002712617,316.08211706425226,304.7614213878512,11.320695676401044,3.444248414720327,315.35071192713286,315.83710431529266,316.04205590108256,9313613115.843927,9306748448.191246,310.65585865705503,182.81706731175169,2.8493619589033345,19.78951012938289,2.959688613198231,2.356538117712735,288.4346617031068,7.582485750390333e-11,-2.637868186837187e-05,123,9.364169955006219e-07,True,4.48,conjugate_3D_benchmark_H1_type,4,k(T)_cubic_273_373K,3000,110,120
PAR_102,GateA_converged_v1,GRAIL-CHT-1.0,parallel,0,478.81800269670526,296.1490231997349,283.87536729806993,2.4340338931688574,0.004092608016293807,0.0003410506680244839,32.21985657939021,0.4754785095051223,1.8666894770672506,5.198875,2.4719533361034434,28.056939,6.343107522506434,98.41836044437403,206.98803095603157,0.0008486791286384039,52.46707622939665,0.0002153732966579007,310.70835367591087,264.01623982606947,14.949328794041659,304.4188904562016,8.269867256466682,141.47345861495506,0.5595908152130171,301.4614377309888,305.1862439301069,297.53059808387945,7.655645846227458,2.3188886782410734,304.674297196488,304.99229045420236,305.15186658449426,8261924004.522621,8258992357.245744,301.4881861812824,164.05401074088095,2.347179098703935,17.70348835109915,2.5299299248810163,2.4318222408651433,281.6338108029648,7.569468607471208e-11,-2.758162266627242e-05,99,8.696729878465703e-07,True,4.48,conjugate_3D_benchmark_H1_type,4,k(T)_cubic_273_373K,3000,110,120
PAR_103,GateA_converged_v1,GRAIL-CHT-1.0,parallel,0,555.3822908147997,291.7674451398081,307.8208690161743,3.1283848827793355,0.0029019795047720755,0.00024183162539767296,26.420748303364608,0.3656932840984856,0.5335817704140112,5.198875,1.9011936723675147,28.056939,3.752098727294321,69.03692513448155,188.78368331174784,0.0008578915655928699,158.61253716780763,0.0004616753581352827,360.3914561857592,298.1166055670517,17.587862554561475,307.83115917520604,16.063714035397936,194.85725800720135,0.6644933467241493,301.6157846376014,308.76474739956956,293.97769206516693,14.787055334402623,4.505164138836634,307.8181692753282,308.4514317093101,308.71479706538156,8286993516.345031,8275919620.185448,301.7166310496922,190.28668886608085,-0.46567484803238995,-3.212186563621808,-0.8926626738840926,1.3950464523872765,305.21338278004606,7.34166860638652e-11,-2.367773724902188e-05,126,8.870825354279077e-07,True,4.48,conjugate_3D_benchmark_H1_type,4,k(T)_cubic_273_373K,3000,110,120
PAR_104,GateA_converged_v1,GRAIL-CHT-1.0,parallel,0,473.2882605849514,310.9020748240477,306.31455809504865,2.5297826909843812,0.004025205817363333,0.0003354338181136111,25.864301670635193,0.9845670263280123,1.7349276543969347,5.198875,5.118640899001045,28.056939,27.19761750667273,131.34491083367317,133.40372704083947,0.0006254525085411976,10.593489752038133,4.2769284429370854e-05,307.120065311399,295.93104960940235,15.31317422574065,319.7276043395872,8.825529515539472,148.49271408355216,0.5942175716934751,316.4969937557186,320.4858645580691,312.3033671964832,8.182497361585945,2.481793868549001,319.93453440029367,320.28346943929176,320.4495360044235,10037799745.93285,10034098429.401104,316.52617658548627,162.15939448441867,1.6864283625453218,10.515456405274755,1.4648439390919024,2.5420110922534884,304.7198489102089,6.925120032974519e-11,-2.9789236462297543e-05,102,9.141097052633995e-07,True,4.48,conjugate_3D_benchmark_H1_type,4,k(T)_cubic_273_373K,3000,110,120
PAR_105,GateA_converged_v1,GRAIL-CHT-1.0,parallel,0,559.8612633227793,304.32163570035124,291.3383143496365,1.2389559173584728,0.004481481218729105,0.0003734567682274254,34.57206585868706,0.8299076324967585,0.6490161685520685,5.198875,4.314586042896585,28.056939,19.32412354446425,128.95642498081494,155.38647908665746,0.0007092479561154382,20.68461843474225,9.297665900890192e-05,363.29789279899467,274.49566007351785,10.408032485962195,313.26655603270723,8.944920332355991,167.56153853497256,0.5668393574097201,310.1305055532793,314.1807608623729,305.8784286900076,8.302332172365311,2.5130804021625037,313.6182235414294,313.95724609473797,314.141638308124,9254415526.304468,9250771386.985348,310.16104332710154,191.82128739786918,2.7112374488666706,18.845118367888944,2.7034423102950584,2.444977999670937,289.02427106420157,7.641062893526397e-11,-2.5682318532122634e-05,94,9.22585059015546e-07,True,4.48,conjugate_3D_benchmark_H1_type,4,k(T)_cubic_273_373K,3000,110,120
PAR_106,GateA_converged_v1,GRAIL-CHT-1.0,parallel,0,702.4612224890176,305.7048032237939,311.4163153326797,0.0989742108258304,0.0037650226376469234,0.00031375188647057693,21.851943636623794,0.8927905275921258,1.5891685250007326,5.198875,4.6415063541355135,28.056939,22.36348258165086,117.89487629485436,132.05211373917604,0.0006517666849840707,12.092274888916842,4.5664682745658324e-05,455.83200450168084,303.35497412782246,6.076102001138156,320.5405638550589,14.835760631265032,233.48215392591172,0.6295024336507329,315.00864959499035,321.70786576686805,307.97974217537427,13.728123591493784,4.171859276584809,320.785295721422,321.37889303463606,321.6498433610427,9857041913.54521,9846682072.181496,315.09147325163264,240.6792983768875,0.9405653150841605,5.739832447966987,0.5167927641972193,3.794456307305779,308.58012804315786,6.879560032757582e-11,-1.9144260810300492e-05,106,8.794459631644713e-07,True,4.48,conjugate_3D_benchmark_H1_type,4,k(T)_cubic_273_373K,3000,110,120
PAR_107,GateA_converged_v1,GRAIL-CHT-1.0,parallel,0,424.92315227560783,310.5788915202056,305.0096555785968,3.0991009893613937,0.0032456949699765456,0.0002704745808313788,33.32439143613722,0.4845776822072009,1.6938426264555733,5.198875,2.5192587975849614,28.056939,6.588205004080465,106.05452246266918,218.85969238121305,0.0006245942858546654,31.109420177708007,0.00010127551513507897,275.73560797370783,294.04206193527205,17.476583759573295,320.1987793614185,9.619887841212858,130.51306619588578,0.5817142138959821,316.523519683873,320.8302921227023,311.9403334813442,8.889958641358078,2.699937159896074,320.24849073724454,320.6328843367926,320.7973537989391,10041843789.554306,10037462723.436502,316.558052403725,145.58840101011774,1.8463912384755923,11.572609758674353,1.6563830710256684,2.4797730996682543,303.56237980409566,7.074817176544457e-11,-3.383095309981722e-05,119,9.476950708631193e-07,True,4.48,conjugate_3D_benchmark_H1_type,4,k(T)_cubic_273_373K,3000,110,120
PAR_108,GateA_converged_v1,GRAIL-CHT-1.0,parallel,0,844.7858084449426,300.51673168130026,299.5217077402432,1.316794942542345,0.00162806305838533,0.00013567192153211082,24.482986329163964,0.852024438230002,1.7415625377164952,5.198875,4.429568551303001,28.056939,20.367812632538413,57.46251492393122,67.4423318693816,0.0005782372820756509,4.947395176877809,8.078908046849062e-06,548.1874246005823,286.1419500671168,10.703820781660912,338.7780352112306,38.26130352993033,260.3797860426858,0.5837497851431924,323.06982210281785,339.6192325886691,304.73608965483163,34.88314293383746,10.667616456534153,337.6148704118386,338.9963767409777,339.5611419098019,10965120356.329342,10893954828.594988,323.59615358609335,289.44296018910745,3.6199577075717695,22.055640772948742,3.3876288297402173,2.337507351175043,298.367853302562,7.380720035143895e-11,-1.8367639355683206e-05,206,9.389398769599211e-07,True,4.48,conjugate_3D_benchmark_H1_type,4,k(T)_cubic_273_373K,3000,110,120
PAR_109,GateA_converged_v1,GRAIL-CHT-1.0,parallel,0,704.7325014664975,301.025554669013,289.2258830390811,3.784575157598952,0.003806015250363965,0.0003171679375303304,32.92222811405017,0.6561450729905808,0.658020327076907,5.198875,3.411216216343906,28.056939,12.079251730905202,107.39494962108881,163.67561693575428,0.000723279510937258,32.37764818655865,0.0001236006246428901,457.3058533291205,271.515615085905,20.081385598876018,314.61743569117607,13.59188102216308,216.2351889672083,0.581123109674535,309.6277905091941,315.7387094719759,303.17159396532685,12.567115506649031,3.810597131024431,314.90145167516573,315.43032761614467,315.68554139365654,9199286428.928066,9190935846.424372,309.6980959705354,241.45749055777563,2.78691622538314,19.500420437885488,2.9350158939813547,2.341423744724551,287.7876280669711,7.029257176327519e-11,-2.1107931891478328e-05,104,9.759173735801596e-07,True,4.48,conjugate_3D_benchmark_H1_type,4,k(T)_cubic_273_373K,3000,110,120
PAR_110,GateA_converged_v1,GRAIL-CHT-1.0,parallel,0,631.8048821459976,307.61894920336806,285.0524081380171,4.474742378443782,0.004340424310205533,0.0003617020258504611,33.905036863445105,0.42884884361904035,1.385961564273571,5.198875,2.229531531869938,28.056939,5.159988986112078,134.63747882949383,313.9508962955173,0.0006579391261824824,65.18011922507247,0.00028376065599458334,409.9826106587128,265.6599882968376,22.70402103808637,317.6390088327217,10.020059629353625,181.79367749271404,0.5449565476656164,314.08116558644343,318.60830619940504,309.3167233765236,9.291582822881423,2.812436753106488,317.9803681325989,318.3664605333007,318.5645924761508,9735907317.247545,9731226382.201206,314.1189287715163,216.47081842780037,3.825427540866321,26.675693011250573,4.176073468545583,2.262460024437204,284.20481135703886,7.152920034059207e-11,-2.452320203507269e-05,96,9.937299410012201e-07,True,4.48,conjugate_3D_benchmark_H1_type,4,k(T)_cubic_273_373K,3000,110,120
PAR_111,GateA_converged_v1,GRAIL-CHT-1.0,parallel,0,712.3927885917371,312.25512984604893,312.1469324985675,4.401046633044807,0.001095670021696725,9.130583514139374e-05,32.809634172778885,0.7679993285817746,0.9812080630842871,5.198875,3.992732509380574,28.056939,16.54862705367251,49.893106221726995,64.9650388547371,0.00044818646134083657,3.5204138450528504,3.8688183690978e-06,462.2766672666983,304.4231565845879,22.423977205570264,358.37434450927543,46.1192146632265,211.22142309029795,0.5615449516627731,339.6650004791531,358.87163198265876,317.26330898705345,41.608322995605306,12.732424092398483,356.7747540479492,358.2524263240265,358.8206467246534,13422695944.350378,13310770503.250969,340.376789898942,244.08208031681673,4.630664495844978,24.271192119758886,3.9587458679044243,2.261644722876314,312.4816492149884,8.422091468673899e-11,2.2428115337934688e-05,275,9.4152863994168e-07,True,4.48,conjugate_3D_benchmark_H1_type,4,k(T)_cubic_273_373K,3000,110,120
PAR_112,GateA_converged_v1,GRAIL-CHT-1.0,parallel,0,461.7067738495987,298.6159238622741,283.5519573014938,2.6023320481287593,0.002936661474460285,0.0002447217895383571,23.674991128118307,0.7621286599894219,1.36231172485425,5.198875,3.9622116372025062,28.056939,16.296595096697363,76.49623390324774,100.37181111166909,0.0007834897669635827,15.451835020383033,4.551334866005527e-05,299.6047574984215,263.5651906481452,15.588861782889285,309.3145274832059,10.698603620931806,131.3279802115871,0.5387125538042052,305.15585116034487,309.9307446816451,300.0716762047349,9.859068476910181,3.0025857562014733,309.30001858441,309.71969308420165,309.8970237545358,8676387663.051043,8671351812.963503,305.200146000415,158.19131195916657,2.831503604278377,20.923945323737563,3.107933507712496,2.355016303154035,281.72136336259496,7.224514320114395e-11,-3.204230897986379e-05,126,9.942430096998578e-07,True,4.48,conjugate_3D_benchmark_H1_type,4,k(T)_cubic_273_373K,3000,110,120
PAR_113,GateA_converged_v1,GRAIL-CHT-1.0,parallel,0,539.9165391542431,316.62380580909496,310.31439447504147,3.438045586596199,0.0011860848398625174,9.884040332187645e-05,26.11242051829703,0.6282015327542888,0.884203456149755,5.198875,3.2659412435979536,28.056939,11.072310886716373,51.57465853283944,82.09890591434144,0.00046935223550085355,6.539001857220781,7.779148415930205e-06,350.35562167296234,301.7463045621461,18.764573229065554,347.9314062630339,31.30760045393896,155.21790573231965,0.544479164820008,335.15236908514873,348.3278870448585,319.9753468651323,28.352540179726248,8.679778463457007,346.8555048608863,347.8890157873743,348.2912937273479,12668066690.902498,12617379754.040285,335.48845937417724,184.98776824332413,4.0405119198133495,22.15622412456637,3.5731879659665124,2.2700045493567482,310.33774852205994,7.901405751908896e-11,-3.324508551892072e-05,294,9.728768759487139e-07,True,4.48,conjugate_3D_benchmark_H1_type,4,k(T)_cubic_273_373K,3000,110,120
PAR_114,GateA_converged_v1,GRAIL-CHT-1.0,parallel,0,784.2540376584225,298.2354716602246,308.63477909648185,1.2670324301722138,0.0031916247154852536,0.0002659687262904378,35.04355837149311,0.7718860621165198,1.7926405344733796,5.198875,4.012939151186022,28.056939,16.716551317913986,90.6074723040355,117.38451664172928,0.0007188980434146315,14.098614596298704,4.513288545601614e-05,508.9079348148139,299.2997633167322,10.514723234654411,318.0084394777006,19.772967817476,263.7909918402588,0.6370437730920694,310.4498612702379,319.2862780205137,301.0706068804408,18.215671140072914,5.539069563037669,318.09388579785673,318.88301455655716,319.219477307243,9306669646.161821,9288934070.856783,310.5979425505147,268.70338958222175,0.6465542837968897,4.004771574201704,0.26111749779574267,5.125819501025585,305.9645804526697,7.263565748871771e-11,-1.6975532564914307e-05,118,8.836344136398111e-07,True,4.48,conjugate_3D_benchmark_H1_type,4,k(T)_cubic_273_373K,3000,110,120
PAR_115,GateA_converged_v1,GRAIL-CHT-1.0,parallel,0,612.6121402946657,312.9106795264186,301.8771366201452,3.0023373308494827,0.0038357746913697034,0.0003196478909474753,22.804076373997983,0.43580338754895936,0.9575821288692166,5.198875,2.265687336443596,28.056939,5.3287027091541574,133.22664531258562,305.70355605053345,0.0005875996034439246,62.35775039342711,0.00023991001080226368,397.52830612219054,289.5238935965765,17.108881857228035,324.5762922490396,11.665612722621006,187.04104733033532,0.5782523468310857,320.25427870315315,325.53856723025575,314.7026118850655,10.835955345190257,3.2892868448468695,324.8131252807257,325.2608899769124,325.49267698905754,10525785352.457994,10519128564.894049,320.30493306487847,209.89494563251662,2.7928127521511112,17.417396242460125,2.6437333949580477,2.3553117293252823,300.74707041153835,7.484857178496897e-11,-2.1004501965249112e-05,106,8.350612006324809e-07,True,4.48,conjugate_3D_benchmark_H1_type,4,k(T)_cubic_273_373K,3000,110,120
PAR_116,GateA_converged_v1,GRAIL-CHT-1.0,parallel,0,710.1379205145381,296.98967726126915,303.63214575097,1.6836120320473285,0.002815521440630627,0.00023462678671921892,24.89137934647924,0.5448489990144847,1.066866165983341,5.198875,2.832601839751429,28.056939,8.328995024480514,78.03378523707727,143.22093897249272,0.000736369279492068,31.35179846854779,8.853727260835182e-05,460.81346758732735,292.05234708953935,12.097725721779849,316.89195218905763,19.902274927788483,234.22747782582783,0.6246851978781486,309.10257251959456,317.98237264988654,299.64817889428696,18.334193755599586,5.585837781333633,316.8040049873868,317.59154557039983,317.9218357337611,9146611594.994822,9128732435.992197,309.25381037561056,243.30951088610885,1.109932414582001,7.18517101564863,0.786974920668304,3.144328754857081,301.05529463362427,7.035765747787082e-11,-1.861440506432176e-05,130,8.819291110739869e-07,True,4.48,conjugate_3D_benchmark_H1_type,4,k(T)_cubic_273_373K,3000,110,120
PAR_117,GateA_converged_v1,GRAIL-CHT-1.0,parallel,0,895.8535012837485,298.1021951464812,307.48343079043104,3.3503598065710705,0.001406641332019554,0.0001172201110016295,32.40209743744876,0.41972497289216515,0.9007774320741916,5.198875,2.1820976684447553,28.056939,4.942764370042532,51.91291421072282,123.68316770148479,0.0005530029678262367,24.593330623577305,3.469808961599405e-05,581.3256079575334,297.6265395507104,18.431367264970067,346.31219647869517,48.21000133221395,283.46327445074934,0.5992746151552797,326.57270447768315,347.14304301642903,303.3730386919665,43.77000432446255,13.385660548021686,344.7368513739641,346.40937059266525,347.0799551407663,11488587187.950142,11374165188.467075,327.3909394412918,306.93992100157766,3.123193981242787,17.607279230806164,2.7461805597697144,2.3292319272418376,306.8528302425979,7.582485750390334e-11,-2.352574511322648e-06,188,9.05005038021045e-07,True,4.48,conjugate_3D_benchmark_H1_type,4,k(T)_cubic_273_373K,3000,110,120
PAR_118,GateA_converged_v1,GRAIL-CHT-1.0,parallel,0,757.8895329228924,309.966876223687,312.42313520199514,3.4743902777469597,0.0025818137888329634,0.00021515114906941362,30.979218610136122,0.7101982137257143,1.80118759760193,5.198875,3.6922317383832737,28.056939,14.151401056204216,93.85972941330876,132.1599063463124,0.0005613905724126005,10.256953327246727,2.6561227213341768e-05,491.79982314039523,304.82729845209616,18.902683055438448,332.7041079265432,22.737231702856207,245.37978702075495,0.6131954921223964,323.6870285458681,333.7706437430697,312.832188377091,20.93845536597871,6.374860294801907,332.4581765388769,333.33932391324424,333.70799963149045,11002975530.842749,10977442810.573008,323.87508262378486,259.6703066181287,1.8767485074850119,10.793394671734427,1.6204223081007245,2.402843954488564,311.5985972382165,7.270074320331332e-11,-1.767238889722521e-05,142,8.730076501706208e-07,True,4.48,conjugate_3D_benchmark_H1_type,4,k(T)_cubic_273_373K,3000,110,120
PAR_119,GateA_converged_v1,GRAIL-CHT-1.0,parallel,0,643.0499099151607,316.1107264634182,293.31987635489685,1.9689405476659152,0.00399752773419087,0.0003331273111825725,26.47366115968025,0.5580622970724971,1.0065446145721526,5.198875,2.9012961246927786,28.056939,8.737871481204712,146.07162776225172,261.7478882349147,0.0005585282105372346,32.829001010122866,0.00013162973121739845,417.2795878933171,277.3009245786977,13.181974081130477,327.1503958441835,11.039669380765304,184.46918731829146,0.5433069120189928,323.10112002006866,328.10809582956324,317.840431043669,10.267664785894226,3.114737038297374,327.42013913788844,327.8387474205467,328.06307971115206,10904252627.73846,10898176920.82322,323.14614262923675,220.32362240767145,4.266667318247294,27.303490127668457,4.2843260429377255,2.2801642478965265,292.52164295046697,7.465331464118208e-11,-2.196744632145658e-05,103,9.092602226701274e-07,True,4.48,conjugate_3D_benchmark_H1_type,4,k(T)_cubic_273_373K,3000,110,120
PAR_120,GateA_converged_v1,GRAIL-CHT-1.0,parallel,0,464.92171199874446,292.32951184129826,310.1534675886741,0.5095729336016643,0.0021438214986916077,0.00017865179155763397,20.81642274758594,0.7430204048728027,1.3266476633818038,5.198875,3.8628702073830925,28.056939,15.489655862124243,52.88300741888165,71.17302172601123,0.0008273551482594462,12.59980235409227,2.7093006184521702e-05,301.6909533679692,301.51160969469436,7.636377147686325,310.5464645300493,18.216952688751064,163.2452803258323,0.6650080202849469,303.1879012354231,311.20692814875247,294.5197396462425,16.68718850250997,5.103204169265076,310.1919208658163,310.88101620718317,311.1626674431083,8464175414.870833,8449820179.696652,303.3165892870845,159.29282337828775,-0.3721122899882336,-2.578228005191446,-1.0020655170268893,1.0746741235636,306.07547582007527,6.345857173073453e-11,-3.210147005295024e-05,162,9.879642561827495e-07,True,4.48,conjugate_3D_benchmark_H1_type,4,k(T)_cubic_273_373K,3000,110,120
PAR_121,GateA_converged_v1,GRAIL-CHT-1.0,parallel,0,564.2159049744023,331.6685536440082,309.5823988324818,4.5194830569460525,0.002541891451594107,0.00021182428763284224,24.071862115184977,0.4556491251185972,1.9507521941848092,5.198875,2.3688628453509475,28.056939,5.825072960751584,122.24653882624193,268.29095478768534,0.00042436535970921636,17.37047265974882,4.428671611230158e-05,366.1236502492244,300.6792576720435,22.874035616395,346.4028849746208,14.734331330612576,156.5538361707204,0.5255142135872849,340.5051741641597,347.0667362682998,333.45549709662555,13.611239171674242,4.143510351070652,346.21011949990805,346.7872725288393,347.02716866307685,13454897855.132292,13442958644.159414,340.58075294750364,193.3132873315905,5.032521389795404,27.278432305005563,4.44854664778001,2.25142057614223,309.9537614595879,7.523908607254272e-11,-2.5441453901804132e-05,148,9.215344789481605e-07,True,4.48,conjugate_3D_benchmark_H1_type,4,k(T)_cubic_273_373K,3000,110,120
PAR_122,GateA_converged_v1,GRAIL-CHT-1.0,parallel,0,645.8153765816036,297.000943284548,291.5862381630841,3.7356127412644264,0.0029574406819834363,0.00024645339016528636,22.151216288868017,0.947443712491394,0.924421398598518,5.198875,4.925641430778696,28.056939,25.18529974341577,78.99308373849763,83.3749622241703,0.0007640934406913929,10.406861631653417,3.0870286821689406e-05,419.07411857143853,274.84612111970483,19.89532841680482,313.30894690763904,16.308003623091054,201.6012050316863,0.5912223182052365,306.9646738301784,314.24123325118285,299.2334034490349,15.007829802147967,4.57332834486718,313.2780021782711,313.91744227577635,314.18888618369846,8890606555.087551,8878786134.459028,307.0667891824367,221.27113460571957,2.1818068343014736,15.27583005360406,2.212339859574979,2.4224606002018656,289.85598579582535,6.807965746702394e-11,-2.1319295593754745e-05,125,9.22342053399916e-07,True,4.48,conjugate_3D_benchmark_H1_type,4,k(T)_cubic_273_373K,3000,110,120
PAR_123,GateA_converged_v1,GRAIL-CHT-1.0,parallel,0,932.9058275900434,300.237765876956,285.7296924379367,3.531192350238388,0.0010772473818617461,8.977061515514551e-05,22.668895807611236,0.9762060933117818,1.6176464603410299,5.198875,5.07517345336629,28.056939,26.73765505884218,44.739199809071216,45.829666620184035,0.0004914131028194977,2.2593538615716438,2.4412066520333795e-06,605.3691218639722,266.6073623686015,19.118530930905873,358.4559111652054,58.21814528824939,262.150140380404,0.5322042839798511,334.8103737506341,359.0420912922199,306.62604864606703,52.416042646152846,16.066977621320486,356.4013185133192,358.2619789055893,358.9797184799216,12739024905.944319,12565958548.44171,335.9572724472943,319.6348963441773,7.163183602774716,43.26076779624462,7.0607407641282975,2.21823823465582,286.35899809671895,7.47184003557777e-11,1.996046939286593e-05,323,9.845405202213442e-07,True,4.48,conjugate_3D_benchmark_H1_type,4,k(T)_cubic_273_373K,3000,110,120
PAR_124,GateA_converged_v1,GRAIL-CHT-1.0,parallel,0,455.57152759946644,303.83703474589026,304.4407115301796,3.8948559550853985,0.002517757742040796,0.0002098131451700663,36.581328331130315,0.6039204037248439,1.94850338909555,5.198875,3.139706688914998,28.056939,10.232922696753905,75.29913149332471,124.68386732572169,0.0006824069953053881,15.81646226073017,3.9941845846188016e-05,295.6235532599869,293.21971694051786,20.500452629324514,317.6484481363831,13.811413390492817,145.35445470839588,0.6042794845134496,312.16739384945106,318.2835220165715,305.58667628420176,12.696845732369752,3.8701362922490232,317.49123941722974,318.0237621442743,318.2467807388735,9504960701.591845,9496206601.764576,312.23931204941687,156.0892361212731,1.3018358013031364,8.321436508944446,1.1115595660860464,2.631274920216157,302.8475165838869,7.732182893960271e-11,-3.2329875946045795e-05,144,9.739858910506882e-07,True,4.48,conjugate_3D_benchmark_H1_type,4,k(T)_cubic_273_373K,3000,110,120
PAR_125,GateA_converged_v1,GRAIL-CHT-1.0,parallel,0,574.596967545338,319.2840768735207,292.51888130599525,1.8083479297766956,0.0011322896871040651,9.435747392533876e-05,31.3808957085359,0.357954906778059,1.0500473720874892,5.198875,1.8609628159757814,28.056939,3.5949837197583867,50.95664020112356,142.3549146449275,0.0004534989266897142,22.062417737722537,2.505621672718659e-05,372.85999441894256,276.1658244135995,12.571722133151443,349.7760797590625,30.492002885541808,144.3177620989459,0.4756883699752566,337.3613432421026,350.12823230137525,322.5536369366872,27.574595364688037,8.434703650105815,348.71815355040786,349.7098859430091,350.09358417211615,13001822700.571213,12953325198.731543,337.67667272188754,196.87007705320167,6.68198271402354,39.41936238126383,6.45103104700042,2.219568133355155,293.212280891475,7.465331464118208e-11,-3.108041249523123e-05,311,9.48050910665188e-07,True,4.48,conjugate_3D_benchmark_H1_type,4,k(T)_cubic_273_373K,3000,110,120
PAR_126,GateA_converged_v1,GRAIL-CHT-1.0,parallel,0,509.9099419070453,327.2354444301948,295.8152415940718,1.4899774062118185,0.0028419412491144658,0.0002368284374262055,30.667437869130072,0.9977356128920284,1.1281350029975736,5.198875,5.187102734474045,28.056939,27.930019318601627,124.37804879961857,124.66032803930628,0.00046632731318126325,5.473783643425064,1.560298046637689e-05,330.88413067307505,280.8470704063363,11.36191414360491,338.1594911604485,10.924046730253735,129.77018586164158,0.48200053963059253,333.8591423493684,338.73709715784406,328.63763879948584,10.09945835835822,3.0698730321690526,338.08865748027125,338.5222670596945,338.703547850256,12430062110.704046,12423761155.005693,333.901465114404,174.70682099538362,5.66159197029444,33.80209952707174,5.472990873496328,2.2370803682381615,296.001325544292,7.654080036445521e-11,-2.7037937152233202e-05,135,8.952438292908482e-07,True,4.48,conjugate_3D_benchmark_H1_type,4,k(T)_cubic_273_373K,3000,110,120
PAR_127,GateA_converged_v1,GRAIL-CHT-1.0,parallel,0,793.2124464706053,332.28405291237516,292.81971464208846,4.238650959707973,0.003582555873325265,0.0002985463227771054,30.421070624914854,0.8701889864461484,1.0866771153584653,5.198875,4.524003766910219,28.056939,21.245524274451228,173.35074341151588,199.21045440885237,0.00042178075603931174,8.168856449454106,2.935344498630168e-05,514.721109001901,276.5919571263278,21.806873646890296,346.63750814548894,14.353455233113777,214.94419135423462,0.5132184616058191,341.2104663114313,347.6803653915322,334.35349413603706,13.32687125549512,4.040189283326379,346.7951544973019,347.353507673047,347.6269287349495,13566082947.661533,13554683368.494587,341.2821837671097,271.77274555300374,7.3137005598556595,42.55341349666711,6.961487570673662,2.2241819724791743,293.55131628445514,7.510891464335145e-11,-1.7451502435457818e-05,113,8.865304721439315e-07,True,4.48,conjugate_3D_benchmark_H1_type,4,k(T)_cubic_273_373K,3000,110,120
PAR_128,GateA_converged_v1,GRAIL-CHT-1.0,parallel,0,732.5331991543269,304.81550491049643,296.54260002550245,2.0655252134330615,0.0015433295778829249,0.00012861079815691041,35.75655571399654,0.39933896436432453,1.7009730459668493,5.198875,2.0761133583595783,28.056939,4.474285190782076,56.396013438535654,141.22341787585867,0.000558508479606878,20.298736728963593,3.142190650698897e-05,475.3459206636368,281.8835383155503,13.548995811045634,338.44970252689797,33.634197616401536,216.9781654007628,0.5609895845698407,324.66089573981014,339.13696322783295,308.50162030428754,30.63534292354541,9.36765698404546,337.4076991176549,338.6034797414804,339.09027992835627,11165571581.526411,11110150196.582893,325.0650215879574,250.98264611040022,4.181160560481281,25.77828108705594,4.045094555695674,2.2904099964232194,295.78962867067634,7.510891464335146e-11,-2.2110530881794854e-05,221,9.668730172052165e-07,True,4.48,conjugate_3D_benchmark_H1_type,4,k(T)_cubic_273_373K,3000,110,120
PAR_129,GateA_converged_v1,GRAIL-CHT-1.0,parallel,0,923.1016308674249,314.03215355036,303.2761583458621,1.6281181890463596,0.001640921912373569,0.00013674349269779743,32.28901900436539,0.44972860862687314,1.4480277410182665,5.198875,2.338082820175035,28.056939,5.674679243904658,73.3785687268479,163.16188767908247,0.00045639215967597683,14.891827954292879,2.4509856374620304e-05,599.007109981288,291.53888130931284,11.886849118376166,354.18627585414606,40.15412230378604,275.419276890517,0.5650812444812673,337.71905829481966,355.0812697016612,318.4115909325855,36.66967876907569,11.195395843434952,352.9774908159805,354.42717274734,355.0233832028342,13094000654.006334,13008351946.061666,338.2735877313355,316.27575407012006,5.470918355416786,30.4306605999852,4.954951341343378,2.246607914627061,303.6371997602916,7.946965752125835e-11,-1.6794566639802312e-05,207,9.201554007631785e-07,True,4.48,conjugate_3D_benchmark_H1_type,4,k(T)_cubic_273_373K,3000,110,120
PAR_130,GateA_converged_v1,GRAIL-CHT-1.0,parallel,0,672.4296377406956,329.36468098198833,306.48399168588895,1.362693012568352,0.0034942712340603485,0.00029118926950502905,35.51235807354141,0.7385535151688397,1.4789881876562316,5.198875,3.839647406173402,28.056939,15.303974274173797,160.72341978590833,217.61919276650602,0.0004437076796549649,10.816284028961316,3.790875641105908e-05,436.3442989374015,296.1766187085316,10.878233447759737,342.61238688611206,13.247705904123734,193.4967046107368,0.5449953584601642,337.5798396383817,343.53959629812766,331.2644450553254,12.27515124280228,3.7245293360951646,342.72461825882596,343.25456099935434,343.4911879266704,12996398296.922207,12986915361.874338,337.6414472527639,230.38978983894802,4.928369855877416,27.49131770235369,4.473444853678097,2.247028850424754,306.78999865609813,8.500194326188647e-11,-2.0479943149268165e-05,115,8.855178066369263e-07,True,4.48,conjugate_3D_benchmark_H1_type,4,k(T)_cubic_273_373K,3000,110,120
PAR_131,GateA_converged_v1,GRAIL-CHT-1.0,parallel,0,830.7895723760521,293.22766539722437,308.9360625408148,4.768780697743885,0.0036163291701698996,0.000301360764180825,20.021345686582976,0.788776438786889,1.2096714616805726,5.198875,4.100750108198188,28.056939,17.45613720993662,91.73809752280576,116.3043075473905,0.0008045216250091572,18.787588333774526,6.814654335864846e-05,539.1051690418268,299.7381264209471,23.821366651426764,312.2253497525441,18.997684355319734,287.17385881726057,0.6546662382486078,305.1245153708315,313.6684557854129,296.156287907355,17.51216787805788,5.331317099331357,312.5011530195158,313.2566740225475,313.5972497639501,8683662841.484402,8667790592.649694,305.26410371451334,284.6475292540846,-0.24618487810465517,-1.7317645419245047,-0.548328706075582,1.2553209676777308,307.0640642655739,6.729862889187644e-11,-1.8070443601177508e-05,106,9.960037914424902e-07,True,4.48,conjugate_3D_benchmark_H1_type,4,k(T)_cubic_273_373K,3000,110,120
PAR_132,GateA_converged_v1,GRAIL-CHT-1.0,parallel,0,926.5794371608814,291.25202907804385,286.7030419540362,1.7709791622691065,0.0016660713578903925,0.00013883927982419938,27.167300699707987,0.5520681363988706,1.5016639349242529,5.198875,2.8701332326206788,28.056939,8.55117218677289,50.62193302055227,91.69508197078376,0.0006716984877091506,13.872139102094092,2.3181518185225994e-05,601.263882829756,267.9708347156924,12.429720816622606,331.8574066810525,40.60537760300866,282.7830885909125,0.5780119976148266,315.2432520148135,332.8290430177272,295.8194490724217,37.00959394530548,11.32515388375911,330.70143018001954,332.16832628732817,332.77039844162664,9952416232.588886,9876048089.191422,315.8509101786724,317.4673301341112,3.9489229911187977,26.62958110178179,4.105791101575061,2.301659702843277,285.4185423946381,7.172445748437894e-11,-1.6899778921088903e-05,196,9.589307978785655e-07,True,4.48,conjugate_3D_benchmark_H1_type,4,k(T)_cubic_273_373K,3000,110,120
PAR_133,GateA_converged_v1,GRAIL-CHT-1.0,parallel,0,809.9949337933795,294.76946839121695,308.21290835269576,4.45307239336638,0.002245329521956139,0.0001871107934963449,20.216095136383753,0.8993579984919039,1.6878583928836937,5.198875,4.6756498144095975,28.056939,22.69370947924353,65.17511286407996,72.46848637958342,0.000703101123197851,7.640944330745231,1.7208062067648606e-05,525.6113825030603,298.68630690556546,22.62167509479224,323.690267441416,28.920799050199037,271.4355059269669,0.6346735962673182,312.02517720570637,324.7646495614052,298.29325418281763,26.471395378587545,8.089244173643161,323.1334015673764,324.23406859979116,324.68998916145387,9517108108.063019,9478913366.94376,312.33902528223416,277.52280996161585,0.7948962814076482,4.744022908716552,0.5484325273069255,3.0241793951660028,306.7119465866012,6.977188604651019e-11,-1.718157228603662e-05,155,9.108564427151578e-07,True,4.48,conjugate_3D_benchmark_H1_type,4,k(T)_cubic_273_373K,3000,110,120
PAR_134,GateA_converged_v1,GRAIL-CHT-1.0,parallel,0,881.2739249847968,332.69332127602803,305.87155629588347,1.5469332780786256,0.0014274932510156396,0.00011895777091796997,34.71398964967647,0.4602800573415967,1.4228540122027726,5.198875,2.3929384831117937,28.056939,5.944079440574761,82.88308066947552,180.070979281998,0.0003515018990930035,9.562734060130982,1.3691813773414607e-05,571.8648188401095,295.2893045160128,11.578346456698778,373.37621621074624,40.682894934718206,242.75165223555032,0.5216958133882335,356.6613652551863,374.07606941676494,336.997646310425,37.078423106339926,11.329257055205755,372.03090582233017,373.45089311570825,374.0221872175518,16279503793.306952,16181704669.79347,357.19904641303737,301.9446243475778,8.639108142109206,43.24730923942685,7.3066156567077405,2.207291266189942,308.22506297202614,8.409074325754772e-11,-2.0177943702284517e-05,239,9.973446708499978e-07,True,4.48,conjugate_3D_benchmark_H1_type,4,k(T)_cubic_273_373K,3000,110,120
PAR_135,GateA_converged_v1,GRAIL-CHT-1.0,parallel,0,451.63881063095863,322.3419577949397,284.9876282481248,0.18913035708911285,0.0016955333980452148,0.00014129444983710122,36.6755709562799,0.6605843763183242,0.9937521323790903,5.198875,3.434295599431928,28.056939,12.243254679868976,70.59309088555213,106.86460869539933,0.0004901890980077309,8.308249881524564,1.4129303062617951e-05,293.0715856901034,265.5694341748984,6.418695356938629,336.6653845738721,14.3234267789324,101.51484663860464,0.42570072056024116,330.78572237410623,337.0103244577479,323.9001824406471,13.110142017100827,4.0050519438271674,336.25128413225804,336.7734435113245,336.98921964617847,11983084881.287739,11972560043.305666,330.85839519904187,154.7417972443746,6.342052697491311,40.296445699641204,6.58850817604777,2.201153137382302,285.6543405801753,8.252868610725274e-11,-3.6168256617141744e-05,212,9.95426830741053e-07,True,4.48,conjugate_3D_benchmark_H1_type,4,k(T)_cubic_273_373K,3000,110,120
PAR_136,GateA_converged_v1,GRAIL-CHT-1.0,parallel,0,581.9420367705344,331.4027597592156,287.96431818624563,0.3415340704500176,0.0022790504803201633,0.00018992087336001362,24.84929936146778,0.4690982478345903,1.9146470886923663,5.198875,2.4387831532110558,28.056939,6.1740182586273065,109.10059345856226,232.5751459575531,0.0004263304267413402,14.878408248831139,3.401067549237521e-05,377.6262612546571,269.74108115317983,6.997829467710067,346.02819295600966,14.625433196794063,139.32818030754382,0.45344572602923733,340.1041177006447,346.5907741489415,333.0988585003106,13.49191564863088,4.112272637898634,345.7577515658398,346.32271757441725,346.55711899003813,13391468321.133942,13379736488.927425,340.1786470670369,199.38666594245896,7.559815400863219,44.9978942280043,7.500825131568688,2.181579770994253,289.70718792018357,7.465331464118208e-11,-2.4638318127229702e-05,163,9.120738582168997e-07,True,4.48,conjugate_3D_benchmark_H1_type,4,k(T)_cubic_273_373K,3000,110,120
PAR_137,GateA_converged_v1,GRAIL-CHT-1.0,parallel,0,502.49678993967154,316.8603209517608,300.4433205887951,0.6414837858008955,0.0036631044567883592,0.00030525870473236327,33.583715460601944,0.501728892024569,0.5908480233263039,5.198875,2.6084257935242317,28.056939,7.062826032159156,133.72061329352212,266.5196591608163,0.0005590754736967559,51.28182133585864,0.00018841591603571532,326.0736844693824,287.46363148832484,8.137638386043403,326.287588980652,9.427268028891206,144.3482222836337,0.5440567782749741,322.76225344418805,327.008424189269,318.2717829975819,8.736641191687113,2.649541363534216,326.4264281200842,326.8006269413823,326.9725942214851,10856916188.511414,10852529018.170967,322.79486792448813,172.1669053998339,3.409109592305114,21.19882141265018,3.2107989296217614,2.3606370511821946,299.01990877471286,7.510891464335146e-11,-2.719359842072408e-05,110,8.879723054633359e-07,True,4.48,conjugate_3D_benchmark_H1_type,4,k(T)_cubic_273_373K,3000,110,120
PAR_138,GateA_converged_v1,GRAIL-CHT-1.0,parallel,0,729.9377281305843,309.2858475546416,297.3094322388809,2.8170217868530645,0.0020027691746661463,0.00016689743122217887,21.93922619932155,0.7845903310425664,0.6052606466752714,5.198875,4.078987057298923,28.056939,17.27134627462354,73.96949590534214,94.27785811106187,0.0005525832755058271,8.413307238335545,1.6900614236643926e-05,473.661701348033,282.97763267964046,16.404682790041644,335.21691669904675,25.93106914440517,217.0838940649437,0.563258649217006,324.65124492859115,336.01776724648124,312.2556228921081,23.762144354373163,7.257258353739215,334.5890243311227,335.5621156192801,335.9613916022083,11142107981.52743,11108829222.202888,324.8941119875748,250.09337831176143,4.050335447042585,25.02581099910966,3.933389803483717,2.2865332045887996,296.6227324557497,7.569468607471207e-11,-2.079336070175907e-05,176,9.623194046071148e-07,True,4.48,conjugate_3D_benchmark_H1_type,4,k(T)_cubic_273_373K,3000,110,120
PAR_139,GateA_converged_v1,GRAIL-CHT-1.0,parallel,0,637.8288814288446,319.19758799417485,288.7346004194854,4.583090429532864,0.002858853152232645,0.00023823776268605375,25.06002565649796,0.7613734489598922,1.3385005388208067,5.198875,3.9582853894613597,28.056939,16.264313747949544,113.22167421985284,148.70714808156802,0.0005153256651346316,9.956581141047215,2.8550053541166437e-05,413.89162596134724,270.82410933092893,23.11574363222488,333.6177337641473,14.420145769972464,172.32083101478528,0.5116814552582847,327.94264532335006,334.37998495341554,321.06825422632613,13.311730727089412,4.050838525352061,333.52833740790413,334.0955715318896,334.3354700591992,11576808558.576714,11566223554.637012,328.0176500021908,218.53477850759137,5.516961026904951,35.05656747681111,5.640464507220905,2.2323585866288567,288.6798442571322,7.803777180015459e-11,-2.0828781209618975e-05,133,8.676698826093343e-07,True,4.48,conjugate_3D_benchmark_H1_type,4,k(T)_cubic_273_373K,3000,110,120
PAR_140,GateA_converged_v1,GRAIL-CHT-1.0,parallel,0,524.7151639764585,329.878256992289,306.1524214482363,3.5916280451402005,0.0018009568744558552,0.00015007973953798793,21.370048370085676,0.6406080190495319,0.7629884733064655,5.198875,3.3304410150361354,28.056939,11.513968303021176,86.68663109783631,135.31930372406669,0.0004240047141098664,9.04908756151726,1.634605461531342e-05,340.4913429104717,295.69611994175403,19.34818657153276,348.31127599543476,18.433019003145773,138.76376217508752,0.5008625129927187,340.748260614743,348.78322732758323,331.8891382586417,16.894089068941526,5.16024198967194,347.79211754844687,348.47127615587056,348.7516518099903,13499925196.748606,13481387453.330317,340.86533775647473,179.77942905672907,5.553515018011636,30.485251522301372,4.976953158329255,2.2453910397132884,306.6052611107137,7.575977178930772e-11,-2.937877875913936e-05,201,9.434228900317976e-07,True,4.48,conjugate_3D_benchmark_H1_type,4,k(T)_cubic_273_373K,3000,110,120
PAR_141,GateA_converged_v1,GRAIL-CHT-1.0,parallel,0,662.1996698599111,327.56429756077665,298.0842354353769,0.050517794934661645,0.002108694115273228,0.00017572450960610234,31.80652799035101,0.5992553918722227,0.614995765863469,5.198875,3.1154538754197016,28.056939,10.075443886140778,99.44824946054814,165.95303239549852,0.00043274886775404884,13.94335770967081,2.9490748595318388e-05,429.70600116978534,284.0845337763931,5.891967620751714,347.8090762472188,20.244778686442146,178.4443909470374,0.5103639838926718,339.58207444586725,348.49362658017344,329.8732832992782,18.620343280895213,5.672473637203846,347.3623504783518,348.13085229714443,348.4522787606405,13320026417.796207,13297776462.240772,339.7240333264981,226.88476861764667,6.331394259429124,36.13916098166833,5.969874005167914,2.2107931814106543,299.10678577814923,7.582485750390333e-11,-2.2732092773765614e-05,173,9.467028121434851e-07,True,4.48,conjugate_3D_benchmark_H1_type,4,k(T)_cubic_273_373K,3000,110,120
PAR_142,GateA_converged_v1,GRAIL-CHT-1.0,parallel,0,699.8022118984525,316.3438233525139,307.3116900384012,1.3880070988363564,0.0014504387691310536,0.0001208698974275878,28.749698114316992,0.3509522963261502,0.6381146734982046,5.198875,1.8245571195626142,28.056939,3.4557034354012766,64.03490697939388,182.46043023432557,0.0004622768163565622,42.70653788224415,6.212960706095378e-05,454.10655391638903,297.3772213959763,10.974426975578154,350.18993695407784,33.84611360156396,205.20337017187094,0.555360843292147,336.29680224784,350.80444106197837,319.96478358390954,30.83965747806883,9.426169328266319,349.0948056556947,350.28124184119594,350.759211632315,12850804850.122368,12790600987.418894,336.69183309617614,239.76826046785342,4.659972487190368,25.735178434181833,4.169794669844411,2.2585321355919,307.4738094681483,8.155240038831836e-11,-2.3061949074794813e-05,239,9.332419494967326e-07,True,4.48,conjugate_3D_benchmark_H1_type,4,k(T)_cubic_273_373K,3000,110,120
PAR_143,GateA_converged_v1,GRAIL-CHT-1.0,parallel,0,431.7950880123859,324.27121871295503,295.28054449588586,2.016884917746256,0.002615881036030273,0.00021799008633585607,28.07000504768562,0.981862103835164,0.7882533659414606,5.198875,5.104578345076039,28.056939,27.048381571172577,108.28725207894351,110.28763780165495,0.0004930150232557511,5.526193215803327,1.449936212102214e-05,280.19485517685325,280.08595224844737,13.364162687435773,334.01390604888076,9.742687335925723,106.53027215564528,0.4672630251803004,330.1318667323301,334.46710349239925,325.4770235072896,8.990079985109674,2.7370056214190774,333.8999188621995,334.27992353874987,334.4391437492707,11883074341.07154,11878176943.93091,330.16588998672296,147.94288353337853,5.120859922211626,31.278093139685552,5.0137069212804874,2.25050216350684,295.1008971576153,7.13339431968052e-11,-3.2854195649335824e-05,144,9.222642916029145e-07,True,4.48,conjugate_3D_benchmark_H1_type,4,k(T)_cubic_273_373K,3000,110,120
PAR_144,GateA_converged_v1,GRAIL-CHT-1.0,parallel,0,515.5170261332279,328.20455242367234,302.61322434476426,3.2783695893216693,0.00386839968709734,0.000322366640591445,22.368856436620742,0.6822583075528494,1.1485579392629148,5.198875,3.54697565867882,28.056939,13.059842910935124,168.8478109131561,247.4837008856455,0.0004675794352786823,16.001067350032766,6.208477826488487e-05,334.52260687703443,290.5834878089119,18.157804439422343,336.84168848243,8.637136058757676,139.66171870534214,0.5130981470493097,333.6206215873113,337.52678044377444,329.506522338828,8.020258104946436,2.433584296874879,336.986972831359,337.33157346533983,337.49236194745765,12392249696.302765,12388295289.806229,333.6472417483709,176.62793643107418,4.778039322992532,27.72750558001497,4.460720345447437,2.2579056038807876,302.5662539179526,7.361194320765207e-11,-2.69055529179949e-05,107,8.891444167602458e-07,True,4.48,conjugate_3D_benchmark_H1_type,4,k(T)_cubic_273_373K,3000,110,120
PAR_145,GateA_converged_v1,GRAIL-CHT-1.0,parallel,0,877.2300704560305,299.17500443148873,301.09434278926784,0.007206435770659502,0.0036495972822383404,0.000304133106853195,31.152809300082232,0.42769990098601407,0.9136614138011007,5.198875,2.223558322738664,28.056939,5.132377440639268,104.46259551318128,244.24273952917574,0.0007130231480790544,77.71581757999473,0.00028448489130078177,569.2407333294113,288.3984827719268,5.727384455928506,317.88384857503405,18.70884414354532,285.4093413736334,0.6161986612529317,310.93509683720504,319.33491795988874,302.05406617074493,17.28085178914381,5.2405278391658445,318.1853706389132,318.92222834127995,319.2640842387433,9363071252.410046,9347145076.719059,311.06745933984274,300.5591071979292,1.8113569250321833,11.922765592154432,1.415689664398672,2.915705256306549,297.5817879625254,7.387228606603459e-11,-1.542368485326077e-05,107,8.893042036106635e-07,True,4.48,conjugate_3D_benchmark_H1_type,4,k(T)_cubic_273_373K,3000,110,120
PAR_146,GateA_converged_v1,GRAIL-CHT-1.0,parallel,0,480.4133949351112,321.8543795061433,304.2278049965136,0.9426185645485928,0.004227786146869637,0.00035231551223913643,26.936690089729414,0.7085932103752396,1.8114825942703567,5.198875,3.683887526589574,28.056939,14.087510777006298,165.569035579281,233.65879485580027,0.0005211387768958404,15.626745921454834,6.62653359351839e-05,311.7436148671582,292.9121818017305,9.281950545284653,329.59968347232694,7.745303966183656,136.87614323217747,0.5396084340923225,326.78929748002054,330.30810855258596,323.09941710358225,7.208691449003709,2.183867767114917,329.81827608994695,330.1175497269525,330.2748213677271,11407425542.28378,11404369997.433817,326.81118424462863,164.60062864985954,3.507583281571082,20.97125704776991,3.245693527825163,2.3273502472246235,303.30182129970825,7.478348607037333e-11,-2.9428492753275503e-05,100,9.015424211611389e-07,True,4.48,conjugate_3D_benchmark_H1_type,4,k(T)_cubic_273_373K,3000,110,120
PAR_147,GateA_converged_v1,GRAIL-CHT-1.0,parallel,0,690.5596278132505,293.582345160202,290.49415782175817,2.205166025483745,0.0030264634343190352,0.00025220528619325294,20.586813766899862,0.9666892278503977,1.1652403522489978,5.198875,5.025696459440737,28.056939,26.218874586608884,75.9208853518011,78.53701392806916,0.0008135676366521918,10.785175353111702,3.273915630783496e-05,448.1089764054128,273.30349261834124,14.079630896838232,310.83615660441455,17.253811444212545,218.2713630531163,0.5986343776919133,304.14755054664226,311.85045939653196,295.9882201742821,15.862239222249855,4.83678693037831,310.8271885951719,311.5028121619405,311.79228318786403,8570290519.426626,8557310546.013225,304.26281992704696,236.601539542058,2.006144467220443,14.359903570851479,1.9641753945314973,2.5426825441705785,288.0646856852905,6.820982889621519e-11,-1.9840809914075523e-05,122,9.211485121340957e-07,True,4.48,conjugate_3D_benchmark_H1_type,4,k(T)_cubic_273_373K,3000,110,120
PAR_148,GateA_converged_v1,GRAIL-CHT-1.0,parallel,0,446.4428838510253,297.6234876439783,311.29564985328676,0.6293890807289575,0.0027373931489972384,0.00022811609574976987,22.83874422337759,0.6982700929684641,1.6747877925654509,5.198875,3.630218929581424,28.056939,13.68003381810461,71.9996548160543,103.11146867248978,0.0007759366379222114,15.84420167906532,4.350231607583144e-05,289.69991243111724,303.1786783195985,8.09167850677004,311.22238828851874,13.598900644540436,155.6027465755231,0.6601117011933183,305.87352906115814,311.92988823524064,299.4115976667393,12.518290568501357,3.816668615024671,311.13547839960336,311.6665261635599,311.8893936480135,8761388977.844046,8753214586.73088,305.94491582679007,152.96155376362992,-0.2401477962045925,-1.6209687318594088,-0.7800256288436239,0.9225650451564911,307.68898840114207,6.690811460430269e-11,-3.3116155207108314e-05,133,9.918160799315956e-07,True,4.48,conjugate_3D_benchmark_H1_type,4,k(T)_cubic_273_373K,3000,110,120
PAR_149,GateA_converged_v1,GRAIL-CHT-1.0,parallel,0,587.4093169618583,297.3368989051134,305.31976601208487,1.041031681386562,0.002720069440805736,0.000226672453400478,26.316324770730905,0.6922315378278048,1.3594849837051812,5.198875,3.598825236224529,28.056939,13.444450341333827,73.82062285323153,106.64151923051314,0.0007520068267879401,16.595285432274018,4.5276157237489635e-05,381.1740176417685,294.49061503829097,9.655920389268935,314.50450569020717,17.167606785093767,195.19380521743355,0.6293486100395554,307.75032264309306,315.3940400883392,299.59133465811317,15.802705430226013,4.8163090580145305,314.39156646651406,315.0624265638145,315.34324752609365,8983210080.8271,8970033555.154045,307.863277855276,201.25988131485377,0.7650219085411794,4.951440360579775,0.349659577354767,4.726810451963336,302.20478775872994,7.13339431968052e-11,-2.273133383568266e-05,134,8.928550983000605e-07,True,4.48,conjugate_3D_benchmark_H1_type,4,k(T)_cubic_273_373K,3000,110,120
