case_id,geometry_version,solver,arrangement,f_interdig,G_T_W_m2,T_in_K,T_amb_K,v_wind_m_s,mdot_total_kg_s,mdot_channel_kg_s,bridge_mm,g_ratio,lambda_G,Dh_in_mm,Dh_out_mm,A_in_mm2,A_out_mm2,Re_in,Re_out,mu_Pa_s,dp_channel_Pa,W_pump_W,q_abs_W_m2,T_sky_K,h_wind_W_m2K,T_out_K,dT_fluid_K,Qu_W,eta,T_plate_mean_K,T_plate_max_K,T_plate_min_K,plate_spread_K,plate_std_K,P90_K,P95_K,P99_K,R4_K4,mean_T_pow4_K4,T_R4_K,Q_solar_W,Q_rad_W,Q_conv_W,Q_rear_W,U_L_W_m2K,T_glass_mean_K,lateral_bridge_W,energy_error_pct,outer_iters,residual,converged,nu_cfd,dataset_rev,k_model
ALT_000,GateA_converged_v1,GRAIL-CHT-1.0,alternating,1,833.0998180592153,292.06544238494786,289.5494984747478,3.0065091853244392,0.003751271843434751,0.0003126059869528959,23.829625230697392,0.9381791981459208,1.926904166501923,5.198875,4.877476378760875,28.056939,24.69516240019809,90.3646900074682,96.31922151551821,0.0008472259925201693,14.2883647506505,5.3760822846379955e-05,540.6043036373511,271.97144160341844,17.12473490423287,308.65686764024656,16.591425255298702,260.15879596309475,0.5914357219548979,309.84715679907254,313.2092114427605,301.1519863729721,12.057225069788387,2.816510246223293,312.8931971205283,313.0105968277743,313.1429088307072,9221560735.982676,9217010058.35572,309.8853946205065,285.4390723205214,2.796566388403089,19.563551298537963,2.9200186247176516,2.358858865292178,287.93628879149213,156.53138077813787,4.906327883527965e-05,204,9.837280003921478e-07,True,2.9238,3,k(T)_cubic_273_373K
ALT_001,GateA_converged_v1,GRAIL-CHT-1.0,alternating,1,484.5320756111663,326.79041688252545,287.06705190862976,3.33261531333765,0.0028023535364404407,0.00023352946137003672,20.21086700464004,0.6723063356073826,0.5626446050661631,5.198875,3.495236600530832,28.056939,12.681618838501977,120.14959619827708,178.71257466245677,0.0004760144157217585,15.501076048372614,4.357020590049067e-05,314.416255588615,268.4813368312973,18.36393819068307,335.94691263539136,9.156495752865908,107.25770590358282,0.4192490130981123,337.40363103948346,339.8385557288573,331.4934575364624,8.345098192394858,2.0551251496717193,339.6334683901344,339.71474938631604,339.7970602931459,12962698584.529745,12959821148.595474,337.4223576966221,166.01178295078873,7.26302499048733,44.24977805160864,7.241414069450607,2.210652034676048,287.84457954324597,86.01819915587603,-8.437012010467494e-05,258,9.78094703896204e-07,True,2.9238,3,k(T)_cubic_273_373K
ALT_002,GateA_converged_v1,GRAIL-CHT-1.0,alternating,1,419.95032765710994,290.3043677028324,297.28222061625,3.0624161357873176,0.002287071793785387,0.00019058931614878227,28.382706470356656,0.8240635844809214,1.4522044719395197,5.198875,4.284203567768251,28.056939,19.05292833666524,51.21705836652669,62.15182824610358,0.0009113488787138999,11.941621165690721,2.739352551667184e-05,272.5087072689922,282.9387837388334,17.337181315991806,303.97371201424625,13.669344311413852,130.678386183253,0.5893481376944415,306.7463871955921,310.63089065993483,297.6884838182944,12.942406841640434,3.294216585535878,310.3615118304244,310.4700099360784,310.5781954587542,8859658041.416485,8853557772.305504,306.79921206722247,143.8845974380279,1.510900335815698,10.333665880621256,1.3615138375834603,2.6427856621520642,295.17284486221985,115.70566768619479,9.118471109574331e-05,350,9.814273767005943e-07,True,2.9238,3,k(T)_cubic_273_373K
ALT_003,GateA_converged_v1,GRAIL-CHT-1.0,alternating,1,882.516114248624,309.9996398235053,296.54320210335237,2.43910756139583,0.002390127427989617,0.0001991772856658014,24.91944925697403,0.6606925390638025,1.5280476574877842,5.198875,3.4348579240253265,28.056939,12.247264379472528,88.74159120586486,134.316018357966,0.0005496843103208646,11.222688795476802,2.690436941410317e-05,572.6708841487317,281.88439678877205,14.968608733304155,335.1165641709449,25.116924347439635,250.93647612034275,0.5385266850399498,340.3119304565234,347.59827728976234,323.1942765768945,24.404000712867855,6.164735366947347,347.05477746778075,347.27853615370583,347.4952735398839,13438683991.34571,13412467987.642532,340.47810209177555,302.3702268305304,6.705187564702861,38.43185950561919,6.2965638661039245,2.225616560345536,297.26885570677547,224.5518489581496,4.6226033274275826e-05,394,9.891930972116825e-07,True,2.9238,3,k(T)_cubic_273_373K
ALT_004,GateA_converged_v1,GRAIL-CHT-1.0,alternating,1,475.1486762466718,302.63575277943465,311.734161120509,4.9430841329226505,0.0014730988373608993,0.0001227582364467416,27.529365867418345,0.7968689795538508,1.9054237368625886,5.198875,4.142822216078026,28.056939,17.81616105081785,46.69465706063435,58.59765941294095,0.0006438492492703759,5.460581964789078,8.068181488109014e-06,308.32730205719906,303.81951963093314,24.483719705106072,324.8983923530817,22.26263957364705,137.08338621515122,0.5464134456994647,333.1016022032928,341.02973202557274,315.1489336439573,25.88079838161542,6.85261806074642,340.6342266257023,340.80529839348395,340.96068262113715,12342395436.576056,12311384257.517466,333.31116698592507,162.79681548620113,3.4676735652632815,19.17170374437749,3.0739174404918232,2.2791534307284906,311.6295972583173,160.14256360657163,8.263117242438682e-05,645,9.839812946665916e-07,True,2.9238,3,k(T)_cubic_273_373K
ALT_005,GateA_converged_v1,GRAIL-CHT-1.0,alternating,1,602.7356684887246,315.60430496369514,284.3833122762884,3.6742844047716505,0.003590308016397938,0.0002991923346998282,20.987311756247063,0.5130161233668782,1.8617415602498641,5.198875,2.667106698368979,28.056939,7.384180720986087,129.36043771487857,252.15667076094564,0.0005664345420171927,26.280726249836352,9.463982159633618e-05,391.1193944320128,264.72517256773557,19.66228073813227,326.03864060651614,10.434335642820997,156.59316181958508,0.4920531063563338,326.97689110910306,329.2876892962605,321.1218517813222,8.16583751493829,1.9363397685247639,329.0736264515608,329.15291857766204,329.24436371234503,11432978156.503458,11430579301.739853,326.99404484057317,206.5110402601028,5.819898226719841,37.97061511493809,6.127507000950366,2.2196171120408037,284.4504027811777,101.95166143380534,-6.871404570445057e-05,174,9.74542217591079e-07,True,2.9238,3,k(T)_cubic_273_373K
ALT_006,GateA_converged_v1,GRAIL-CHT-1.0,alternating,1,728.7408385376815,324.7919895324646,305.4446873685101,0.2335732121363339,0.0020068750396046104,0.00016723958663371753,20.352289447683003,0.6676807849631763,0.6991053871866466,5.198875,3.4711889409254337,28.056939,12.50771692834246,92.77790318543177,138.95547883791295,0.00044146398114373745,9.764384022379968,1.9654863161111758e-05,472.8850313129712,294.6713694499947,6.587578206118069,347.8688312142699,23.07684168180532,193.58557101803152,0.5031134796631053,354.23206392331974,361.7415437430614,336.8074152545107,24.934128488550698,6.400223851569581,361.2256001084756,361.4410924371777,361.64547623151935,15775936838.269077,15745319518.876745,354.4041426249101,249.6832965332488,8.03448672085627,41.04455354381575,7.018545977810308,2.1777291538582415,308.26281317712096,196.96651491513322,5.5779756553035066e-05,487,9.84752546173695e-07,True,2.9238,3,k(T)_cubic_273_373K
ALT_007,GateA_converged_v1,GRAIL-CHT-1.0,alternating,1,874.7908753666511,320.13997790194884,301.64373464543695,4.08516320030322,0.004235471876394564,0.000352955989699547,30.967642103974345,0.3823835204628353,0.5324706569091636,5.198875,1.9879641249462232,28.056939,4.102405846890012,170.6579849811971,446.3005748119935,0.0005065177697491206,120.68033916745587,0.0005126762112111501,567.6579225615474,289.18818225839686,21.223620161152233,334.786994119538,14.647016217589169,259.31476559806094,0.5614215509397965,335.6600856543176,338.4351245716109,328.2949494154715,10.140175156139435,2.344973936089044,338.18633376788915,338.27788789423175,338.38039238565983,12697714330.802826,12694009068.805637,335.6845769801217,299.723383112497,5.247684595916698,30.267202227302057,4.893588063398874,2.2498436867975573,301.76129791168927,145.81661059908555,4.7586483560934575e-05,181,9.364634365738311e-07,True,2.9238,3,k(T)_cubic_273_373K
ALT_008,GateA_converged_v1,GRAIL-CHT-1.0,alternating,1,551.3601150513252,327.3107326896822,296.25551266708277,2.2553945248509737,0.0038415657189747494,0.00032013047658122914,33.13680713974689,0.8007489895717985,0.6410268919641401,5.198875,4.162993903160085,28.056939,17.990079667096687,165.57290029612506,206.77253727746236,0.0004735201973844337,12.97817696121231,5.000653932696198e-05,357.78143817761026,281.4742938545409,14.2704991944337,336.1021744051045,8.791441715422309,141.17072665790317,0.48492590085803366,336.78380002359364,338.6018470039237,332.1094569357445,6.492390068179191,1.535723495986152,338.4436957167439,338.50445513488336,338.5672581282283,12866453062.831648,12864851325.143318,336.7942823468525,188.90859935777823,6.097633165189962,35.809991207752205,5.830394423730042,2.2308526608547274,296.67717629601356,86.81165542468433,-7.733729308403895e-05,195,9.730447345646098e-07,True,2.9238,3,k(T)_cubic_273_373K
ALT_009,GateA_converged_v1,GRAIL-CHT-1.0,alternating,1,664.23833401132,292.46794144455544,311.34424210841786,3.090601604823307,0.0018414546183838584,0.0001534545515319882,26.378163573875806,0.9050876313544999,1.7020758506653522,5.198875,4.705437459458126,28.056939,22.983784868228888,50.03144664268309,55.27801387342907,0.0007511686543599542,6.62301488490212,1.2232679385584802e-05,431.0289046082836,303.2496689225302,17.444286098328565,319.48111184068586,27.01317039613042,207.92794446154394,0.5928638938050951,327.27883794139564,336.09881355684246,307.21423299834566,28.884580558496793,7.5230107999318765,335.56275310075375,335.78369750836947,335.99869780765954,11508908824.675535,11472860099.929152,327.53562022379504,227.58326163317375,2.6015938419990263,14.761240263762648,2.292348992488579,2.3361734355810477,310.74648233213276,216.0645985958828,5.891179280582203e-05,521,9.836480785452295e-07,True,2.9238,3,k(T)_cubic_273_373K
ALT_010,GateA_converged_v1,GRAIL-CHT-1.0,alternating,1,939.2449105405487,314.72828944652827,300.4743681037212,0.28098576792685104,0.002040957418356762,0.0001700797848630635,30.176335304290497,0.4072603995417007,1.8042564112225776,5.198875,2.117295909667359,28.056939,4.653552886336211,85.67178883937486,210.36120608775926,0.0004862007291454548,21.478908007735612,4.3969444971504974e-05,609.4825971641358,287.50819194956523,6.767745918122034,345.3102287772403,30.581939330712032,260.90070224906816,0.5260929416285934,353.4305555155446,363.1274284182943,331.1431151033256,31.984313314968688,8.270594116292902,362.52438779046247,362.7716823876288,363.0143138727593,15654095661.868898,15603296934.613909,353.7178657039803,321.8068113026637,8.560213818863799,44.727486237685724,7.618270593866974,2.178262539391551,303.33647840705754,260.4584185041814,4.300815711827541e-05,491,9.7551617272984e-07,True,2.9238,3,k(T)_cubic_273_373K
ALT_011,GateA_converged_v1,GRAIL-CHT-1.0,alternating,1,434.8821241620741,320.9100904278072,291.0778239157642,1.1652801234327317,0.004072181417403835,0.00033934845145031957,20.339255117031765,0.856707988038188,1.0130279055926943,5.198875,4.453917741312035,28.056939,20.592350447528943,154.98538084932767,180.90806087175082,0.0005362358927729359,12.310574393414479,5.028173749491467e-05,282.19805454363893,274.1275956726007,10.12806446904438,327.1228438921402,6.212753464333048,105.75173949097965,0.4605555718931747,327.5311784304286,328.78934131291425,324.227190856509,4.56215045640522,1.0560904419912664,328.66807373521044,328.7136913876574,328.7636357935903,11509001345.841768,11508284536.484028,327.53627849398106,149.00057279904135,5.192634212203957,32.812168197578465,5.24417508736423,2.246999493862914,290.7820690561301,62.100585652695116,-9.677082593507357e-05,193,9.723644325276837e-07,True,2.9238,3,k(T)_cubic_273_373K
ALT_012,GateA_converged_v1,GRAIL-CHT-1.0,alternating,1,857.3034172462809,311.29728731059436,285.3093332729495,4.527094762474661,0.003587817107497725,0.00029898475895814375,33.30602017031029,0.729045322617176,0.9296834865476368,5.198875,3.790215501621371,28.056939,14.912461789805983,126.04854528705012,172.89534872064272,0.0005809141503898269,17.01980639592774,6.124769564053033e-05,556.3101885750324,266.01923858215486,22.90296009740371,327.4757549910333,16.178467680438928,242.6297014289673,0.5360132018977648,328.90774128738605,332.36187309524945,320.17585538742594,12.18601770782351,2.9159037076893184,332.0707807553206,332.18354210364083,332.29957784436493,11708475270.202272,11702977801.126064,328.9463605545545,293.73177956761714,6.036728519267743,38.793146108949,6.272061603166687,2.2199030493707532,285.4600312565654,155.95891560334755,4.831185328630307e-05,223,9.65039987477212e-07,True,2.9238,3,k(T)_cubic_273_373K
ALT_013,GateA_converged_v1,GRAIL-CHT-1.0,alternating,1,888.5517730810826,324.1227465461296,290.3728773971053,0.5669463751235433,0.0018944939391162964,0.00015787449492635802,30.411111120150004,0.9722093263379317,1.1786881563015223,5.198875,5.054394761465115,28.056939,26.519165506997766,90.11155807814619,92.68740346029573,0.0004290740191034449,3.5217544504533382,6.692018516990664e-06,576.5874654147259,273.1323554222001,7.854396225469465,352.422301889514,28.29955534338444,224.10374480490313,0.47767493518536447,360.75866934298597,370.1116725928447,339.2672026562971,30.84446993654757,8.010240285416433,369.5582767879596,369.78061665308,370.00737877734906,16987862188.700705,16938194106.971794,361.0228433370203,304.4381817389753,11.246628696472712,58.96197795540661,10.125691353823221,2.161637321866968,294.7221866649495,234.98968783151065,4.5634344823714094e-05,531,9.783665291251964e-07,True,2.9238,3,k(T)_cubic_273_373K
ALT_014,GateA_converged_v1,GRAIL-CHT-1.0,alternating,1,646.9750452546116,331.8155890653097,286.7166566650029,4.985774134418909,0.0019166059664500528,0.00015971716387083775,27.705656401626324,0.9898720703305586,0.8577232950183382,5.198875,5.146221159639784,28.056939,27.491499529514897,94.37136819919316,95.3369339612529,0.00041448811423135286,3.3396934694303955,6.420136840145007e-06,419.82663569103414,267.98992269998433,24.645941710791853,349.5531412893501,17.73755222404037,142.10285540736746,0.41598852663841357,354.739646222636,360.59259637033665,341.2468345011822,19.345761869154444,5.0134717083509,360.2315068495389,360.3796441015623,360.52436683596113,15854630983.309162,15835760114.478783,354.8452814413403,221.66846364486605,10.63318901724455,59.14650202265468,9.785778893480835,2.2153163338413964,288.49649950799403,148.43121158061007,6.239232963758636e-05,490,9.777743912309234e-07,True,2.9238,3,k(T)_cubic_273_373K
ALT_015,GateA_converged_v1,GRAIL-CHT-1.0,alternating,1,641.1758263136524,330.89281848046704,303.7740273078725,4.701725738622171,0.0012767344342036106,0.00010639453618363422,33.86625759785724,0.8650362200405126,1.6170680577232628,5.198875,4.4972151784631205,28.056939,20.994661286680984,66.06066470967546,76.36751291937998,0.0003944365299567078,2.6088742277990855,3.3408621475801876e-06,416.0634819257131,292.25707680558617,23.566557806764248,357.60018841077755,26.707369930310506,142.5305547388335,0.42101436358247823,368.91484328703024,378.795783433431,346.4349534426742,32.36082999075677,8.645158728454964,378.38014169526485,378.58487784975836,378.72957137147,18583176123.8354,18522709590.217613,369.2155518035352,219.68151845677653,11.679444483170272,56.100228966207965,9.37114975772821,2.2431289395047345,306.08347421113643,178.05048089405253,6.396115502524587e-05,770,9.921444075189356e-07,True,2.9238,3,k(T)_cubic_273_373K
ALT_016,GateA_converged_v1,GRAIL-CHT-1.0,alternating,1,442.5428206356087,305.832052238647,292.4692619619114,4.167839372881797,0.0017752152251071546,0.00014793460209226288,22.50049661108444,0.813100691887475,1.7758041048522588,5.198875,4.227208859536497,28.056939,18.549360820947523,55.87900666680641,68.72335397611432,0.0006483683904081195,6.5029997930796295,1.157896112491839e-05,287.16913411019084,276.0955592778319,21.53778961695083,320.9633796790011,15.131327440354085,112.28049670546865,0.4805240215537655,325.5525344008129,330.6117965749427,313.9246119081148,16.687184666827875,4.326026542386422,330.29500421772985,330.42523892206407,330.55371076115176,11244542082.584507,11232704204.535942,325.63827352940024,151.62530281018078,4.721501127765664,29.86381703786101,4.759355495329746,2.252397442430751,292.1055316898069,119.41720117877492,8.734937589701101e-05,499,9.745091915647208e-07,True,2.9238,3,k(T)_cubic_273_373K
ALT_017,GateA_converged_v1,GRAIL-CHT-1.0,alternating,1,931.5965195246023,328.1698452762267,288.0415165537854,4.402313844891903,0.003951260399433582,0.00032927169995279853,21.965495043440868,0.6061610860236604,0.573954648379831,5.198875,3.1513557161012575,28.056939,10.308996510501675,181.3179871123509,299.12508620732126,0.0004447482622056681,26.75732189943832,0.00010604327624488224,604.519502695151,269.84955796102264,22.428792610589227,343.49208814776165,15.322242871534968,253.06627682318242,0.5144847376604432,344.6202644040214,347.7976794921893,336.3347605115275,11.462918980661755,2.6726126703355946,347.4990664180407,347.6094970381466,347.73523263090686,14109751947.790653,14104680248.809305,344.651239487935,319.1862974230397,8.476812362533938,49.50364898769177,8.139411692032654,2.2133277334738994,289.17696056255755,154.0094975302278,4.6229302489697116e-05,202,9.771334248398489e-07,True,2.9238,3,k(T)_cubic_273_373K
ALT_018,GateA_converged_v1,GRAIL-CHT-1.0,alternating,1,854.4474224561814,297.9633716660752,303.11988818633796,0.5544396679637325,0.0033314333993990416,0.00027761944994992015,24.06222780866954,0.932491986717556,1.1102894745920222,5.198875,4.8479092774462345,28.056939,24.396667360570778,93.79408032885542,100.58432851419758,0.0007248951651053462,11.35907513837241,3.795586991199311e-05,554.4569135637731,291.31357696085917,7.806870738262184,317.45948785718514,19.496116191109934,271.4910528252853,0.6017779286756031,319.42298774883625,323.8240076383023,308.3913479643568,15.432659673945523,3.6878611007578734,323.42657711971776,323.5747015379358,323.74142096542255,10418618312.79014,10410334164.686594,319.48651496188955,292.7532503616722,2.6112838785589254,16.305416196014626,2.3453618935968983,2.4700403356742746,301.16117952047847,183.5208312016214,4.63080141005207e-05,249,9.529239832772873e-07,True,2.9238,3,k(T)_cubic_273_373K
ALT_019,GateA_converged_v1,GRAIL-CHT-1.0,alternating,1,739.0229220561592,306.3072583328939,286.91081370228204,1.997329379786492,0.001520964024683455,0.0001267470020569546,31.994648889612314,0.8170667829732507,1.6491924824416198,5.198875,4.247828071330059,28.056939,18.730759949272183,54.83023732315656,67.10618821589226,0.000566132794676814,4.892367352479786,7.463505254420857e-06,479.557147282696,268.2621824514243,13.289851643188669,335.39676678012694,29.089508447233015,184.9403206277816,0.4739579088970677,345.84559190613726,356.08389509224645,322.59054194802945,33.493353144217,8.844027288960682,355.5785122696325,355.7982251933209,355.99523268494846,14361932980.11081,14306354371.216837,346.18099666727363,253.20617376526351,8.823816568287702,50.96355028050561,8.4783499283081,2.1938046168722245,288.7672217087337,213.2232048246109,5.385349751639003e-05,655,9.80293862085091e-07,True,2.9238,3,k(T)_cubic_273_373K
ALT_020,GateA_converged_v1,GRAIL-CHT-1.0,alternating,1,740.7045886655048,295.68314810912653,287.9219982084813,2.684940974452723,0.0038491279832270357,0.00032076066526891966,25.751871110368008,0.6300501947959543,1.2157414675819438,5.198875,3.275552206469817,28.056939,11.137573633323488,97.58284148136308,154.88105914000377,0.000805023185391288,31.849651310507216,0.0001229622709280812,480.6483925171667,269.68162057205126,15.902775702920348,309.7120304627012,14.028882353574659,225.71566801747466,0.5771420915021395,310.67669780685395,313.47780509861497,303.45049660860167,10.027308490013297,2.3549090442181013,313.2198329803175,313.31824359839453,313.4221552362204,9319313005.1403,9316112438.53557,310.7033777496196,253.78235124906405,3.089769463242729,21.70328750435612,3.2734882795557114,2.3360711399295697,286.36935909406856,133.7682273614146,5.437117047734124e-05,190,9.606415574126004e-07,True,2.9238,3,k(T)_cubic_273_373K
ALT_021,GateA_converged_v1,GRAIL-CHT-1.0,alternating,1,575.8091286642341,332.27796013766084,294.47440566283205,1.4149459569252847,0.004332089091958844,0.0003610074243299037,32.09088448750022,0.6764081104688351,0.91528275687836,5.198875,3.5165612153136654,28.056939,12.836833276339465,199.9941956249825,295.67090123499787,0.00044207859283091976,18.66326420092546,8.109420588282365e-05,373.64657425412213,278.9397508211588,11.076794636316082,340.1949792467582,7.917019109097339,143.3624302756043,0.47154471993129043,340.64705194626,342.1439025877917,336.6520123259554,5.491890261836261,1.2640972279498506,342.00480503967435,342.0572417178644,342.1134524422284,13466488301.319868,13465377681.216654,340.6540758443605,197.28539120617648,6.959408286971367,40.32131351441255,6.642391203252008,2.2118468003190968,295.4878185931322,79.60673208193815,-7.708328671652878e-05,177,9.8949260518566e-07,True,2.9238,3,k(T)_cubic_273_373K
ALT_022,GateA_converged_v1,GRAIL-CHT-1.0,alternating,1,481.30889358517777,293.4261382564862,285.901627169421,3.64468997088623,0.001590809109006416,0.00013256742575053467,21.690379866721738,0.5764008796456099,0.8464371531420695,5.198875,2.9966361231675704,28.056939,9.32158057157931,40.50153106853034,70.26625478682823,0.000801615535093188,18.793378027452693,2.9986636865669783e-05,312.3247102096769,266.84804068226003,19.549821889367674,312.3631057173785,18.936967460892333,125.92291939505671,0.49550378316445326,318.68906170547797,325.2007069846422,303.8441959962652,21.356510988376954,5.599227514796002,324.84366722416974,324.9932831466271,325.13545963588524,10333958950.220078,10314985697.849628,318.8355088722395,164.9074469907094,4.421423614151559,29.846176821493994,4.7167962910905015,2.251909416283453,285.2618157577787,140.23178737929487,7.935900956006571e-05,572,9.784490089259634e-07,True,2.9238,3,k(T)_cubic_273_373K
ALT_023,GateA_converged_v1,GRAIL-CHT-1.0,alternating,1,840.5578545131132,314.36622555450464,305.38920059074565,2.218798755709883,0.0016515560946089598,0.00013762967455074665,22.23381372332959,0.7580689848174975,1.93852390057473,5.198875,3.9411058934430683,28.056939,16.123441455386054,70.11730485268411,92.49462286016701,0.0004807149310361371,4.9337440722147585,8.17287371284565e-06,545.4438756985406,294.59107853532447,14.131435271697555,347.1138714994679,32.74764594496327,226.07352034201196,0.5093873596009751,358.3160760820421,369.8284458115237,331.9989292859249,37.82951652559882,9.88039343527164,369.1512575249812,369.435272274853,369.7050142284747,16558488071.812798,16484097477.244839,358.71965223807274,287.99436636882945,9.054058228409149,45.25259392351518,7.614053784592867,2.215780329136005,307.6338866713253,255.0159361858101,4.864341690670021e-05,618,9.96909648165456e-07,True,2.9238,3,k(T)_cubic_273_373K
ALT_024,GateA_converged_v1,GRAIL-CHT-1.0,alternating,1,663.4160035645798,310.5827117804662,298.916339551277,4.290005907723083,0.0031277797126653926,0.0002606483093887827,34.931395342996524,0.783806408221136,1.2722145457524183,5.198875,4.074911540540659,28.056939,17.236850212094293,107.15855838120642,136.715593617568,0.000595701636401221,12.046167953616639,3.7791133140102416e-05,430.49528862508066,285.27489932392865,22.002022449347713,325.37722208654054,14.794510306074358,193.4251912315823,0.5521958883798522,327.18113238951895,330.67916199642553,318.6475712572842,12.031590739141336,2.9609956421416896,330.4124585950848,330.51418453110597,330.6220894230554,11464775700.13838,11459165841.44347,327.2211680929927,227.3015123940426,4.199507627820449,25.610503963992038,4.0661696138881265,2.269951155789793,298.4977730443995,139.41208162653353,6.157317574057346e-05,257,9.718220894683327e-07,True,2.9238,3,k(T)_cubic_273_373K
ALT_025,GateA_converged_v1,GRAIL-CHT-1.0,alternating,1,421.5005918573323,298.6573392290255,310.43000087410496,1.8860925711040535,0.004410445175473992,0.000367537097956166,21.54457777508085,0.8089643779785041,1.6980640840407666,5.198875,4.205704680562996,28.056939,18.36111642743867,111.60273306238577,137.95753694528102,0.0008065421984614095,20.440306448550214,9.042211731315769e-05,273.51468456036594,301.91494185263116,12.867151770195402,306.5630215795419,7.905682350516372,145.74647847135896,0.6548863807960621,306.94120502608854,308.3786128385097,303.0686939029863,5.309918935523399,1.2075419392244964,308.23640220253606,308.28939169142814,308.3466094927423,8876893859.881681,8876071156.29246,306.9483172058456,144.41575344787321,-0.11031450132034563,-0.7183747531388931,-0.5018977406786416,0.7224018412867214,307.7457733867001,76.75690671459898,-9.55770714516856e-05,164,9.490522074884211e-07,True,2.9238,3,k(T)_cubic_273_373K
ALT_026,GateA_converged_v1,GRAIL-CHT-1.0,alternating,1,408.50907704273624,296.4790712363447,312.56910287978417,1.2345751946256387,0.0018717639114603098,0.0001559803259550258,30.58581891513459,0.6131362993740954,1.628735291461313,5.198875,3.1876189784085005,28.056939,10.547616831912851,49.72085611137355,81.09266432623518,0.000768302008975663,13.866868416462513,2.6033604680946143e-05,265.08439965657084,305.04095162594473,10.391385739577427,313.3064936182017,16.827422381857048,131.65730089774476,0.6103926759108103,317.96437283636135,323.3364345495424,305.68335514785855,17.65307940168384,4.592915355902903,323.0246368157298,323.14979462415977,323.27718014760785,10234205682.428822,10221481433.711226,318.0632814552347,139.9645630186694,1.0837922654556833,6.4471749172781925,0.7761628709507321,2.9161563949955123,310.743638907301,133.91498092377853,9.43576268003534e-05,473,9.78702416887245e-07,True,2.9238,3,k(T)_cubic_273_373K
ALT_027,GateA_converged_v1,GRAIL-CHT-1.0,alternating,1,533.7717249623478,328.4800653141074,305.64624468197803,1.6442984620085008,0.0032209435954548213,0.0002684119662879018,29.379524285696817,0.5079446953905744,1.335486918080236,5.198875,2.6407409782486724,28.056939,7.2389094870090265,143.2579962880246,282.03463406162575,0.00045886374381973454,23.357160048838832,7.545847047875693e-05,346.3682087301421,294.9630898616225,11.948334155632303,339.0263771920242,10.546311877916821,141.99073642117332,0.5038143399249838,340.28342468571157,342.80896967442874,334.0669285569669,8.742041117461838,2.1294444985026697,342.59745499405966,342.68003830766617,342.7643877053,13411116622.15986,13407974642.93651,340.3033581495209,182.88241420951505,5.499790078861034,30.40884204137904,4.982900446077172,2.235931430886376,306.2260025917071,101.82134793238467,7.940732033100122e-05,189,9.895803714243812e-07,True,2.9238,3,k(T)_cubic_273_373K
ALT_028,GateA_converged_v1,GRAIL-CHT-1.0,alternating,1,774.0704827830687,292.8302858882695,287.7378441888248,0.8734692354637669,0.0043438929660902705,0.00036199108050752256,28.640103531612404,0.5047817753499757,1.6718012767768196,5.198875,2.6242973523226047,28.056939,7.14903826175152,102.53547424408458,203.1283204965049,0.0008646183894963749,53.21209249782112,0.00023184316380364092,502.2997547713127,269.4229306516038,9.019183094762314,306.0707379412265,13.240452052957039,240.41314534010746,0.5882254095821285,306.72507475538885,309.1013590032811,300.42013983958424,8.68121916369688,1.9987284256960443,308.8763210948843,308.9620220903559,309.0508174432576,8853345673.699398,8851097482.446484,306.74455005092915,265.2142705192531,2.6852144563208884,19.384264610422665,2.731500649005025,2.473864096511376,285.01500500262756,126.9244166295781,5.484750001012689e-05,158,9.971572580980137e-07,True,2.9238,3,k(T)_cubic_273_373K
ALT_030,GateA_converged_v1,GRAIL-CHT-1.0,alternating,1,850.1571477206317,305.2806660151805,306.4101430036952,1.9029389276206157,0.002573002238258382,0.0002144168531881985,30.026066320708033,0.6171630365983197,1.1913618613072217,5.198875,3.20855348189509,28.056939,10.686613492691576,87.08483830401845,141.10507781543888,0.0006029997210957319,16.81821309077157,4.3403510457433976e-05,551.6729242559518,296.06957754500706,12.93116792495834,329.3323470400723,24.05168102489182,258.6794216836594,0.5762736318122863,333.6182266280072,340.17377897292613,318.1254590477934,22.048319925132716,5.541876326249322,339.68790038462885,339.88173624287106,340.08001470062135,12408312530.308056,12387939566.66844,333.7553076227717,291.28330400714253,4.295456980762149,24.394132735198394,3.9141515566184992,2.2695379057359246,306.29718381916535,216.95817138564942,4.8423957750273756e-05,355,9.960871238945401e-07,True,2.9238,3,k(T)_cubic_273_373K
ALT_031,GateA_converged_v1,GRAIL-CHT-1.0,alternating,1,542.6066359886486,322.4070601926028,306.85082459930993,4.480982479310116,0.0013349104657197817,0.00011124253880998181,23.676514265123775,0.6881033543242737,1.4122110122696674,5.198875,3.5773633262126086,28.056939,13.284574166740319,59.567579692792755,86.56777985232884,0.0004573636872546483,4.949823665014049,6.627453775220361e-06,352.1012443394859,296.70852170471807,22.72773342137844,345.53073127781005,23.123671085207263,129.02836764677122,0.4503666048548427,354.9719609532247,363.51417977403077,335.40609807086815,28.10808170316261,7.4318626516806505,363.1062340345931,363.2834078717666,363.4461787520015,15918692896.200356,15877283477.809668,355.2031848271482,185.90945701124858,8.21143657840816,41.74681321252814,6.922700744628056,2.2387113871388586,308.2161904860715,158.5291156783022,7.46755518720814e-05,726,9.921645869326312e-07,True,2.9238,3,k(T)_cubic_273_373K
ALT_032,GateA_converged_v1,GRAIL-CHT-1.0,alternating,1,412.81067601091894,329.7280985667402,307.2950056532993,1.3739993882014443,0.0034573680040505886,0.00028811400033754907,24.32794892888765,0.4488959135365547,0.9705208258507926,5.198875,2.333753742487356,28.056939,5.653684791202711,152.88270579016503,340.5749555296752,0.0004615372362645439,40.654318500635476,0.0001409798796495276,267.87573733821733,297.35300418149967,10.921197675165487,337.0154079934744,7.287309426734225,105.31472567099789,0.4831747803560863,337.74584545948517,339.41487721428246,333.5489503845603,5.865926829722127,1.4052870606267545,339.2676021073207,339.324359692654,339.3847231914723,13013828792.090748,13012479617.480097,337.75459975568225,141.43838931457876,4.835938863790111,26.90721115357019,4.380654061251883,2.2467698777258645,307.6101945727246,71.35515124849285,-9.929060419750528e-05,229,9.526784197078086e-07,True,2.9238,3,k(T)_cubic_273_373K
ALT_033,GateA_converged_v1,GRAIL-CHT-1.0,alternating,1,829.0544753828651,291.82627592162214,298.6826178963398,2.823196513764824,0.002151273215328523,0.00017927276794404358,26.562236360125908,0.6200758348768931,0.7400631040593887,5.198875,3.223696756045608,28.056939,10.787725854152129,58.20854341086173,93.87326539247925,0.0007542726063075278,21.10182658845658,4.553239150878024e-05,537.9792524572688,284.94038154500583,16.42814675230633,319.72507603976106,27.898800118138922,250.8749951939381,0.5731131674221172,326.20150092688317,334.59603955521874,306.89075236869405,27.705287186524686,7.120014772383423,334.0376654761358,334.2647273218031,334.48921221340726,11354629472.537022,11322538862.283882,326.4323876998135,284.0530452974379,4.119609021657473,25.099440513675678,3.958863120890873,2.2834217520881928,298.09052456236367,236.2093478017903,4.8387890238713126e-05,438,9.992613740905654e-07,True,2.9238,3,k(T)_cubic_273_373K
ALT_034,GateA_converged_v1,GRAIL-CHT-1.0,alternating,1,648.1786574243745,315.06896520412084,283.65089960658884,0.48103562906764297,0.0028663792839233333,0.00023886494032694444,22.467043912510267,0.8369267388620002,1.2616291811870377,5.198875,4.351077499501182,28.056939,19.65238096986744,105.48481881709554,126.03829453522671,0.0005545787087135014,9.069631103196501,2.6075228392205796e-05,420.60766805327853,263.70315489907034,7.527935390457044,329.01460855976916,13.945643355648315,167.08924344126405,0.4882248078244719,331.0793443035725,334.6963038039328,322.2948518965334,12.401451907399405,3.0406732688148246,334.38425536056525,334.50781981674504,334.63367201606445,12021183628.567183,12015126446.727882,331.1210631484059,222.08084873213107,6.521983423079801,41.64643421861246,6.823050208240741,2.1959557869069823,284.4359967218585,130.39822779570272,6.188779212885983e-05,286,9.665291713645274e-07,True,2.9238,3,k(T)_cubic_273_373K
ALT_035,GateA_converged_v1,GRAIL-CHT-1.0,alternating,1,777.928354023067,327.009682742087,304.33671808611285,3.5831041509768413,0.001289013111125129,0.00010741775926042742,27.720357440741786,0.4964095834602711,0.7597024038798685,5.198875,2.580771373212017,28.056939,6.913860336712068,66.44457677616454,133.85031028814186,0.0003959289811519316,11.559707018007588,1.4945450257750199e-05,504.8031544240463,293.06948904923297,19.315795773711997,360.93183342202855,33.922150679941524,182.77508539314854,0.4449830536019469,375.23931023628006,387.83915818574485,346.5078732057308,41.33128498001406,11.010725529590827,387.2818816009382,387.54166236300614,387.74824349215555,19927155753.05686,19825918469.57346,375.717417745707,266.53606553589646,13.084182904006934,60.47661803901228,10.200038167512863,2.2374107230288547,307.5064546224487,227.99652102159342,5.29129952951361e-05,782,9.943449299498752e-07,True,2.9238,3,k(T)_cubic_273_373K
ALT_036,GateA_converged_v1,GRAIL-CHT-1.0,alternating,1,721.7222206335316,299.7673309231766,295.2715434436647,2.7956692328925214,0.0034287722670498116,0.00028573102225415095,32.868052273629424,0.7563880390076596,0.7762977237580619,5.198875,3.932366866295947,28.056939,16.052016339349656,96.06898270521194,127.01018227528986,0.0007284084012439182,19.642124465754343,6.755102470824381e-05,468.330601024643,280.0731455340344,16.32354308499158,315.1795324614986,15.412201538321995,220.89180409270415,0.579663030469369,316.6207448462291,319.9538055249358,308.25563485858993,11.698170666345845,2.812382539287008,319.6796939923423,319.78491598455764,319.8942546118472,10054540342.345165,10049801063.129915,316.6580662025751,247.27855734101152,3.0818594912998796,20.23346377233956,3.07129348234362,2.3408328261461224,293.9595854643421,144.63428258343754,5.5201844340014025e-05,227,9.525313657832157e-07,True,2.9238,3,k(T)_cubic_273_373K
ALT_037,GateA_converged_v1,GRAIL-CHT-1.0,alternating,1,897.5503011312926,307.73504501989765,297.14675672344185,1.0470198756190778,0.001815191805281359,0.00015126598377344659,23.04639837726351,0.7831511504405185,1.12796701009407,5.198875,4.07150493724645,28.056939,17.208042437640287,69.01278070666102,88.12191703714115,0.0005367999821024053,6.485026252353567,1.1806987472724853e-05,582.4266732562037,282.74541383738153,9.678675527352496,340.1731386479713,32.43809362807366,246.12409204238827,0.5193515206101607,350.0800373501801,360.99343139237095,325.0442294587084,35.94920193366255,9.322856762023322,360.30753186264315,360.59101420374924,360.8684552132631,15083228019.774687,15019981114.667135,350.4479905692795,307.52128347927555,8.410983039157898,45.37109417467921,7.614975226588033,2.196775982194109,299.26512953253905,262.81353994460153,4.519897308308237e-05,558,9.928436384143424e-07,True,2.9238,3,k(T)_cubic_273_373K
ALT_038,GateA_converged_v1,GRAIL-CHT-1.0,alternating,1,509.2857061209411,326.3963026081709,306.3473805418597,0.3606541378373432,0.0027766647716522073,0.00023138873097101726,31.59571397665398,0.4337701938054675,0.8227371734645809,5.198875,2.2551170163203995,28.056939,5.279097716520414,120.61828475883043,278.0695549886584,0.00046981815930035973,40.05106628170373,0.00011154301385307353,330.4790597018215,295.9786156215591,7.070485723781904,338.030373172944,11.634070564773083,135.0303600523471,0.5021529471715224,339.8927693573806,342.932755460984,332.54664288340905,10.386112577574977,2.5797072611612486,342.70968402975205,342.7966025455649,342.8875897332678,13351108022.598871,13346509600.910896,339.922042336406,174.49294352256175,5.314700445483276,29.321908399402865,4.825835500311329,2.228018337539145,307.0526957497993,108.20736320003228,7.973102771616932e-05,280,9.644575698075641e-07,True,2.9238,3,k(T)_cubic_273_373K
ALT_039,GateA_converged_v1,GRAIL-CHT-1.0,alternating,1,911.2767113616077,304.4841084243859,290.4213121530768,3.9748200956011197,0.00254499635520968,0.00021208302960080668,33.702028953511395,0.7163572621824095,0.897854825543216,5.198875,3.7242518614285745,28.056939,14.397915615493655,85.30816161615925,119.0860568039259,0.0006088580868571724,13.30565001664989,3.3964724970982534e-05,591.3338369395267,273.2006967773528,20.804316363284254,329.0666767784985,24.582568354112595,261.5114458869612,0.5435087094361495,333.54302947094243,340.2307151156717,317.78759545433013,22.443119661341598,5.672721480859328,339.768830894034,339.9509770391602,340.1392455624467,12398108857.205572,12376774434.08278,333.68667257023367,312.2242659040701,6.260549885809777,38.24864522245919,6.2034849383132515,2.227346534001972,290.7051518203389,220.9715985141844,4.483012434962136e-05,360,9.88497845355596e-07,True,2.9238,3,k(T)_cubic_273_373K
ALT_040,GateA_converged_v1,GRAIL-CHT-1.0,alternating,1,978.1818278723043,307.36132531735495,291.6226272516569,3.7136140900761077,0.0029165425852604376,0.0002430452154383698,36.99179327542463,0.3578468699139378,1.769066633281616,5.198875,1.8604011458238239,28.056939,3.592813993075868,101.86462268353742,284.65981191350323,0.000584338415082032,50.454622067717956,0.0001475958414079443,634.7490353791333,274.8975726830812,19.811733542289208,330.75000441527783,23.388679097922875,285.13484855670583,0.5520733537251784,334.1194115024093,339.95104672189666,320.2000211767129,19.75102554518378,4.942478709562386,339.5340124076725,339.69478358973504,339.8620799086607,12478811386.397581,12462547631.34446,334.228365529058,335.1474906801824,6.214392825607684,37.684523822574995,6.113582144305446,2.2288960160783926,291.9133408966769,218.94425185946685,4.276654082628251e-05,306,9.955183486454189e-07,True,2.9238,3,k(T)_cubic_273_373K
ALT_041,GateA_converged_v1,GRAIL-CHT-1.0,alternating,1,923.1339815959126,310.84368599832607,308.9976325984736,3.142215523225316,0.0030071379514563608,0.00025059482928803004,23.942064644954225,0.7007078303881513,0.5915372220969815,5.198875,3.6428924217092007,28.056939,13.775717542827623,110.81793763516387,158.1514189355886,0.0005538125399380686,17.083112340355157,5.152585300669457e-05,599.0281025954587,299.82773628898383,17.6404189882562,333.40054793105077,22.5568619327247,283.53606953968927,0.5817141849502625,336.44623024534064,342.06481746235573,322.6996786124462,19.365138849909556,4.7274308819555095,341.5877935464968,341.7773499883468,341.9673550271683,12828438334.88565,12813349323.08006,336.5452363815285,316.2868381704022,4.403982002833888,24.397891081743772,3.948751874258352,2.259786517675946,309.12097814781583,213.4143076979742,4.5424551249143443e-05,295,9.972050065698568e-07,True,2.9238,3,k(T)_cubic_273_373K
ALT_042,GateA_converged_v1,GRAIL-CHT-1.0,alternating,1,945.0807838995427,316.9883043035671,290.75384461665925,2.2984434467965404,0.0032735088278597196,0.0002727924023216433,25.20515222680213,0.5355046623692137,1.468434836621316,5.198875,2.784021801574746,28.056939,8.045754941931678,130.41751738159658,243.54132941549963,0.000512267831600637,22.433501331888188,7.365723635881521e-05,613.2695362379004,273.6700533496607,14.434085097826852,336.5533065488085,19.56500224524143,267.713147629613,0.5364964405255876,338.75657396564344,343.3751168990866,327.3194920602902,16.055624838796405,3.8845419891702773,342.9706638036868,343.12918007251864,343.2914257472486,13179282002.128555,13168943301.130962,338.82304232652297,323.8063151336114,7.085427174142117,42.101933450142226,6.905666727493185,2.213146233713309,291.6030744494825,188.88459257323453,4.3282732405937754e-05,263,9.5886770168363e-07,True,2.9238,3,k(T)_cubic_273_373K
ALT_043,GateA_converged_v1,GRAIL-CHT-1.0,alternating,1,623.6177753792288,301.6694788206025,297.46236950498917,1.572673311399337,0.0041054448502160995,0.00034212040418467494,34.257158420830166,0.38722830010723774,1.1852093849312113,5.198875,2.0131515287200155,28.056939,4.20701894073423,114.58494540187235,295.9105658603454,0.000731226896248934,97.24469477492909,0.000400434033474994,404.6699397680091,283.1960081459901,11.67615858331748,312.8981426887188,11.228663868116314,192.6923998540527,0.5852105911740301,313.57751679076364,315.68917116678097,308.06388365044,7.625287516340961,1.7855533309589693,315.50696431498307,315.5744420593472,315.64857958469435,9670833951.690428,9668957838.887825,313.5927269096188,213.66572819750883,2.446271107000039,16.208593071843605,2.3183231022337574,2.464899145337733,295.42414892997607,108.31256749663201,6.602012401267182e-05,123,9.606981734577857e-07,True,2.9238,3,k(T)_cubic_273_373K
ALT_044,GateA_converged_v1,GRAIL-CHT-1.0,alternating,1,425.17913013078527,321.2444889961351,304.16353842488115,0.8537803208435086,0.0033436026777931872,0.0002786335564827656,29.287591639481306,0.5218412470951989,1.5991287240233685,5.198875,2.712987413492052,28.056939,7.640417571709593,130.07504439777256,249.26171536234108,0.0005246143654232778,23.72167244918947,7.955451105601081e-05,275.9017137957774,292.8193723975928,8.944365219205332,329.4076090819969,8.163120085861806,114.08988214502182,0.5082077339447338,330.27866519571256,332.1638963986184,325.6016081186244,6.562288279993993,1.5882925854531327,332.00358474272025,332.0662325786543,332.1302155004742,11900966008.707916,11899318332.43746,330.29009786876316,145.67610488417048,4.049663888815355,23.77977990280296,3.756918918390892,2.290718022408183,303.6456878416179,78.62001186835775,-9.608361004010354e-05,229,9.607206266082358e-07,True,2.9238,3,k(T)_cubic_273_373K
ALT_045,GateA_converged_v1,GRAIL-CHT-1.0,alternating,1,863.0301908295787,301.98425961745545,297.7903279079319,3.533268021844867,0.0011641790969613825,9.701492474678188e-05,33.76032114302455,0.4896082080568295,0.5237902606726941,5.198875,2.54541187266145,28.056939,6.725702727668915,44.3926510092442,90.66974425414756,0.0005352149223970044,17.71072539808046,2.068049779384988e-05,560.0263320406493,283.66448137961993,19.126418483010493,346.2750163231967,44.29075670574127,215.5307197478814,0.4729870693657238,365.9291479805301,382.4315047974343,328.7025923617759,53.7289124356584,14.46799535397402,381.786101248064,382.14031667953674,382.33621777890875,18095930989.356987,17930319068.473156,366.77120560613514,295.69390331746285,11.8533422559225,58.50726008110581,9.802442257086849,2.2281602637712994,300.40194212920335,275.4420632274391,4.699977400407561e-05,874,9.84236805834371e-07,True,2.9238,3,k(T)_cubic_273_373K
ALT_046,GateA_converged_v1,GRAIL-CHT-1.0,alternating,1,557.5515560772545,300.1845732762989,310.0564934816611,2.4742335106668594,0.004464986127505153,0.0003720821772920961,31.298542106128934,0.593770270286919,1.9987451679949064,5.198875,3.086937413937906,28.056939,9.891842340824622,119.42824227139018,201.13543612360488,0.0007630141122672695,32.010254454873596,0.00014335540830383214,361.79910759942294,301.37021259671485,15.102087340534066,310.2605204227827,10.07594714648377,188.0538704835952,0.6387976674255887,310.7380623792231,312.51222722177994,305.95708416011644,6.5551430616635,1.4954064567839631,312.34339607973124,312.40869168919295,312.4758771107838,9324767663.640274,9323475059.016697,310.74883198425107,191.0299288124953,0.39394673223987325,2.484207747063467,0.09805041759542289,8.269852289221776,307.95578899650735,97.21686579463065,-7.672514959589885e-05,150,9.902345254886313e-07,True,2.9238,3,k(T)_cubic_273_373K
ALT_047,GateA_converged_v1,GRAIL-CHT-1.0,alternating,1,588.3968017441084,309.8345946600553,291.44483805960346,0.7202051941766018,0.0017598300760551546,0.00014665250633792956,26.24918412926116,0.7062301066083121,0.9043748749366921,5.198875,3.6716020454932887,28.056939,13.993705927939248,62.46641762350683,88.45051639543289,0.000574967944070754,8.958751925576365,1.5813321045683367e-05,381.81480342936413,274.6462219836867,8.436779737871086,330.10273443488165,20.268139774826352,149.0942545987739,0.4799065551641995,336.4372943390518,343.2828059894588,320.82497817080593,22.457827818652845,5.871141269638372,342.89228409119653,343.0523278799253,343.2101226213808,12835238065.553038,12811988103.16432,336.58982408150297,201.59821621070427,6.596213218950053,39.435002473503665,6.472609214745672,2.2101331969319173,292.2707153325031,160.91063394148438,6.781048639986296e-05,540,9.898778898786986e-07,True,2.9238,3,k(T)_cubic_273_373K
ALT_048,GateA_converged_v1,GRAIL-CHT-1.0,alternating,1,445.1665721547005,303.2963651146308,292.68545440730384,4.827817380207294,0.0030704416866582634,0.0002558701405548553,34.495692274508535,0.6411486573233709,1.449668791998859,5.198875,3.3332517258420404,28.056939,11.533410827928959,87.32254384563166,136.19703145005494,0.0007176190712574135,20.37347469329246,6.274379739253997e-05,288.8717048371902,276.40174942064016,24.045706044787714,313.1240563784879,9.827691263857105,126.13297528984408,0.5366265701846172,314.31906067532015,316.6330582058751,308.6750645465627,7.957993659312422,1.9599619950080749,316.4591335123017,316.5257545752665,316.5959400365444,9763014034.989977,9760742860.641422,314.3373433797276,152.52426015403643,3.0141374522187343,20.265077346531285,3.1122079312327586,2.3104559379388934,291.62249459038657,90.72254252647397,-9.038941758827985e-05,214,9.79193259809108e-07,True,2.9238,3,k(T)_cubic_273_373K
ALT_049,GateA_converged_v1,GRAIL-CHT-1.0,alternating,1,505.0827965899125,323.81834502149036,299.335071835944,4.3036154145363215,0.002227814446337938,0.00018565120386149483,24.8563718704958,0.5621516797847197,0.9933728823728836,5.198875,2.9225563142407847,28.056939,8.866399860620552,94.24232329423596,167.6457203335705,0.0004824502423756746,15.630281795249148,3.49261460218545e-05,327.7517622867703,285.87454353133757,22.05373857523802,337.20278545712745,13.384440435637089,124.63944799120695,0.4673680477402379,340.31161676930674,344.37356573179085,330.8061533397036,13.567412392087249,3.4561946185052137,344.0925640233987,344.2089435278794,344.3195819627603,13420684947.94371,13412418535.201315,340.3640403185954,173.05293048741473,6.361023412505368,36.157439413519946,5.894880703485255,2.237675280980273,299.81585654703423,117.3657413695525,8.030300140987687e-05,385,9.862949355010642e-07,True,2.9238,3,k(T)_cubic_273_373K
ALT_050,GateA_converged_v1,GRAIL-CHT-1.0,alternating,1,813.60303068945,320.6877453785677,284.6842950955919,2.184816863883737,0.003037252345544624,0.00025310436212871865,24.596733812822805,0.5173767316928177,1.3720216647113257,5.198875,2.689776955979498,28.056939,7.510244466422677,125.74136400964116,243.03637235139055,0.0004929719469460325,22.379768036691562,6.817753556889274e-05,527.9527018355989,265.1455495928042,14.0023040827582,337.6083366297692,16.92059125120153,214.81900084668322,0.5000647157440696,339.86174734911657,344.08898571377637,329.51762056554253,14.571365148233838,3.561056975795644,343.7317248750984,343.87345417082605,344.01586121076036,13350387265.249567,13341637724.973774,339.91745458477834,278.75902656919624,7.929907180339637,48.0721571862188,7.937821480208655,2.194710495311604,286.0216916826582,161.2588987867971,5.017801491029127e-05,281,9.64563412253483e-07,True,2.9238,3,k(T)_cubic_273_373K
ALT_051,GateA_converged_v1,GRAIL-CHT-1.0,alternating,1,992.1226315517079,289.4104568102605,294.83928731718356,4.249013025426163,0.0041995516635108514,0.00034996263862590427,32.748052710190095,0.8961414622365942,1.8506267088702892,5.198875,4.658927444485275,28.056939,22.531672544925772,97.2103328919238,108.47654861243197,0.0008816779814450266,17.857747199601803,7.522019253625276e-05,643.795320472324,279.45836051035474,21.846249496619418,307.7587799862583,18.34832317599779,322.0887760665363,0.6148601008970571,308.7290594735539,312.02859437622715,299.97682597467855,12.0517684015486,2.7796517577189754,311.7241519000891,311.83936922182784,311.9608862214706,9089088714.965376,9084688476.184717,308.7664365092893,339.9239292093871,2.0173292992821987,13.819501437936855,1.9981809104097823,2.431911679609155,293.25143645324715,173.37607310318128,4.162555495683721e-05,181,9.703968544272357e-07,True,2.9238,3,k(T)_cubic_273_373K
ALT_052,GateA_converged_v1,GRAIL-CHT-1.0,alternating,1,904.6212533037924,289.75481160261467,289.04974368376395,2.934315161800085,0.0032055742948291256,0.00026713119123576045,22.827932107674986,0.8603523291488546,1.65218165234625,5.198875,4.472864215203751,28.056939,20.767918244463594,76.99314603131127,89.49025117126199,0.0008497149867781029,14.19621093205761,4.5643940669785456e-05,587.015063617604,271.26762222216706,16.850397614840322,310.7032934972605,20.94848189464585,280.6950050225709,0.5876706143623327,312.94005034364426,317.74917270212654,301.0094303137931,16.739742388333468,4.024217502764317,317.31807540672486,317.47893525675136,317.66006916110376,9600037030.514372,9590573817.040865,313.01721786779916,309.94395359009496,3.2743627009392418,22.5375912658163,3.4368565714531734,2.3187536565350455,287.69830461463636,193.74344696551188,4.453363704587957e-05,258,9.872057944448898e-07,True,2.9238,3,k(T)_cubic_273_373K
ALT_053,GateA_converged_v1,GRAIL-CHT-1.0,alternating,1,757.9965837759712,313.56765729185474,307.87759054425794,2.5447388010128065,0.0038208860368233173,0.00031840716973527644,32.316199110187256,0.9255393370406811,0.9640894742765107,5.198875,4.811763320857371,28.056939,24.034221064136116,137.81789203937092,148.9054938280957,0.0005658195885061196,10.429196243852708,3.996867633242427e-05,491.86928918831404,298.19900937752493,15.370007443848664,328.19982314121455,14.632165849359808,233.69476360202188,0.5839125510808852,329.2917795268233,332.2758901751213,321.58851271684335,10.687377458277922,2.5144666138521634,332.0105013099361,332.1107161596234,332.2182836582143,11761831346.56825,11757731984.688631,329.3204778700815,259.70698469142985,3.375296919341249,19.556134543253208,3.0806425875924135,2.3006040660797873,307.3892181678472,141.97581608784446,5.6617353312093886e-05,201,9.905443789648416e-07,True,2.9238,3,k(T)_cubic_273_373K
ALT_054,GateA_converged_v1,GRAIL-CHT-1.0,alternating,1,682.4552492307023,325.81844378980793,304.55202246175054,1.3541067919116747,0.0012400006871916907,0.00010333339059930756,21.74136584354759,0.8829246737401965,1.2993397534505677,5.198875,4.590215013191065,28.056939,21.871954563895216,61.41343893190997,69.55682716596169,0.0004120766496588966,2.6260135765429635,3.2660568099177376e-06,442.8499884125473,293.38054403324475,10.845605809264363,356.3756923509122,30.557248561104245,158.38441851642844,0.439546021446226,369.5949233354361,381.1128258374233,343.14592454833576,37.96690128908756,10.052975807728057,380.57552734658844,380.8101461149393,381.0256956608954,18741601370.906197,18659671289.64124,369.9999574107393,233.82479388182497,11.533388360630806,54.54978255712772,9.357063702723652,2.1966962862799435,308.5000297135015,200.34682642108066,6.019246804788379e-05,808,9.970028145289689e-07,True,2.9238,3,k(T)_cubic_273_373K
ALT_055,GateA_converged_v1,GRAIL-CHT-1.0,alternating,1,940.3440115406308,332.9786828301657,288.3488469749876,0.20347150900025573,0.002375431832665235,0.0001979526527221029,35.98761971073191,0.4164481305175868,0.8184543210885478,5.198875,2.1650617745446192,28.056939,4.865888147941294,124.15979625422061,298.13988142990905,0.0003904640709429692,31.764945070413013,7.568250921075396e-05,610.1958114967961,270.28155347870336,6.473191734200972,356.999839647659,24.02115681749325,238.513393947977,0.48038792956224496,362.2768016908995,369.323041519056,345.88787158863977,23.435169930416237,6.015683156100491,368.8798905158762,369.0572744236623,369.2360249833168,17253423028.741608,17225113804.348057,362.42555920760213,322.18338847030833,11.70116008367267,61.33342755107599,10.635266453325086,2.1435179604993078,293.5843329761548,218.3301098069098,4.358829865707324e-05,407,9.697272389530553e-07,True,2.9238,3,k(T)_cubic_273_373K
ALT_056,GateA_converged_v1,GRAIL-CHT-1.0,alternating,1,677.9394753174302,311.53058807732316,305.07826983900713,0.8071805352617755,0.0017319537560844397,0.0001443294796737033,20.85060684532825,0.7618515373640897,1.1060519496225985,5.198875,3.9607709113137326,28.056939,16.284745826673184,66.25834529424539,86.9701536909552,0.0005334763894675676,6.542396629818473,1.136522408907551e-05,439.9196711098076,294.14128803937143,8.767286033994747,337.115747291489,25.585159214165856,185.2254666721506,0.5174588895667084,345.3557871271559,354.1656707348124,325.1763251080466,28.989345626765783,7.539342930447696,353.6233477302407,353.8467247743741,354.0675140714323,14265808434.125757,14225480724.150976,345.6002889952009,232.27758634597842,6.490992633615414,34.7666713396637,5.794318672604524,2.2124964252658668,306.41766514910637,203.02365328870562,5.899318412458949e-05,571,9.848540685197804e-07,True,2.9238,3,k(T)_cubic_273_373K
ALT_057,GateA_converged_v1,GRAIL-CHT-1.0,alternating,1,633.8700490007586,315.40324526932875,288.52614251986074,0.7344947086683111,0.004257045613849879,0.0003547538011541566,31.531133416626087,0.5672023291729881,1.6340532253338138,5.198875,2.9488140090792183,28.056939,9.026435830798437,151.90296525534765,267.8108982324358,0.0005719545891997986,27.39454352021948,0.0001169707335367803,411.3227118869352,270.5308716972988,8.491079892939583,325.1316340019135,9.728388732584733,173.11133336060345,0.5172391002002199,325.68586442828536,327.51124539638784,320.830166450034,6.681078946353807,1.5413629480080235,327.34161056847813,327.40589636562044,327.4742423197137,11252625608.698112,11251116926.305326,325.69678182934905,217.17839187630182,5.193152305209808,33.52825792141957,5.345793013566169,2.2459893080898423,288.1347458900455,95.71634883304873,-6.663853431091745e-05,166,9.622955872146122e-07,True,2.9238,3,k(T)_cubic_273_373K
ALT_058,GateA_converged_v1,GRAIL-CHT-1.0,alternating,1,562.337144877923,323.31638293466455,284.4093689770492,0.17557027937310882,0.004097883779426829,0.00034149031495223574,28.831023649637554,0.8932065063084175,1.5082713588898202,5.198875,4.643668975484174,28.056939,22.38432711282362,164.77201086716408,184.47247047959766,0.0005075697045939684,10.298457570005297,4.2328868835747385e-05,364.90450967129834,264.7615566784233,6.367167061617813,331.3552048821618,8.03882194749724,137.69822070898022,0.46376464199730905,331.88159678378537,333.48100054811823,327.70919388309983,5.771806665018403,1.3467977407094165,333.33127376846164,333.3888558647734,333.44841490745813,12133204372.585253,12132007881.92387,331.88977924109275,192.66958110644552,6.5592905346780475,41.58286766620641,6.829348841013179,2.193122796323163,285.3094427353012,80.27721753486207,-7.611187583011579e-05,186,9.768618838279508e-07,True,2.9238,3,k(T)_cubic_273_373K
ALT_059,GateA_converged_v1,GRAIL-CHT-1.0,alternating,1,866.4153144402918,321.8615883547729,297.8475357131905,4.219494113433405,0.003937573230343683,0.00032813110252864026,23.207920976211668,0.7897338902079141,0.7987063061793274,5.198875,4.1057277784546695,28.056939,17.498540979333807,163.76004843275524,207.36104966907521,0.0004907272588366016,13.630223312273724,5.383149692880183e-05,562.2229624475063,283.7462264880199,21.734077631046937,337.00768374630934,15.146095391536448,249.2904337882132,0.544936089211145,338.1067582101839,341.2290066058116,329.964217962676,11.264788643135603,2.622623142340557,340.93394849072155,341.0426624294506,341.16717045495443,13072889857.803429,13068188997.766283,338.1371598632634,296.85372417228336,6.151019588864071,35.62043477336925,5.79168678620386,2.2375491571029884,298.21243469080076,150.89954456858564,5.027244762182808e-05,200,9.964303444576217e-07,True,2.9238,3,k(T)_cubic_273_373K
ALT_060,GateA_converged_v1,GRAIL-CHT-1.0,alternating,1,704.0813911518162,316.47674272813026,301.47067969121514,4.92479675835873,0.0029392442569768805,0.00024493702141474,22.683773826630386,0.6026525476077063,1.3273039890729785,5.198875,3.1331152634440143,28.056939,10.19000228857883,113.08831281996844,187.65093297769104,0.000530441446304259,16.992961836319328,5.009675575368996e-05,456.8833432881515,288.93935427014634,24.414227681763172,332.85027996926465,16.373537241134386,201.1659497640375,0.5411251053717909,335.17651880651823,339.34363800987444,324.99900535444203,14.344632655432406,3.5110077179435084,338.98918797451205,339.12840038740586,339.27169717146575,12629289219.60076,12621016776.111511,335.23142816130974,241.234405256144,5.193993732677856,30.025404079429297,4.848917860661437,2.2514563738113114,301.5485411648613,154.39697189578393,5.795994885336939e-05,288,9.742271913637524e-07,True,2.9238,3,k(T)_cubic_273_373K
ALT_061,GateA_converged_v1,GRAIL-CHT-1.0,alternating,1,878.4982171724637,323.6474617044083,284.90120691856634,3.278138147711482,0.004174590402578809,0.0003478825335482341,22.85467638550525,0.9858657313038334,1.075988089753513,5.198875,5.125392703832217,28.056939,27.2694155173422,176.55228605627056,179.08350036954374,0.00048256966943173695,8.516231242638124,3.565875347207515e-05,570.0636426107318,265.44864407057463,18.15692496130363,337.3421831942741,13.694721489865856,238.96998511190017,0.5151913343993576,338.1948572230211,340.9118437858623,331.00915398299236,9.90268980286993,2.2794022376561123,340.6451529043927,340.74600467163566,340.8556153688497,13085369060.817957,13081814807.747595,338.21782627734405,300.9936032984664,7.631881493596414,46.72477098921217,7.666817964006401,2.20418329701793,285.8638527849076,137.88942804722564,4.908401693784199e-05,181,9.791278330339992e-07,True,2.9238,3,k(T)_cubic_273_373K
ALT_062,GateA_converged_v1,GRAIL-CHT-1.0,alternating,1,807.5823423459337,297.20401060336997,304.791563530537,4.136068769747092,0.0024771274095797997,0.00020642728413164998,24.43981940587149,0.9651560871735122,1.5746752833013855,5.198875,5.017725852704194,28.056939,26.13577580746239,72.03516559631399,74.63576778267138,0.000701816029060223,7.559056518488012,1.8781089360591282e-05,524.0458350246728,293.72674353710653,21.417061325038947,321.43947088907436,24.23546028570439,250.94346996235433,0.5885117820096712,325.9597868969255,332.7073623959091,309.99870780554966,22.70865459035946,5.684814351635662,332.1670146057205,332.3891367822225,332.6050082230957,11309473267.028425,11289016318.248661,326.10735547112114,276.69620089302725,3.2719415893447996,19.435396980422908,3.045258004366077,2.30411928138324,304.192449698551,214.84151500275712,4.855742099248801e-05,367,9.674496936895594e-07,True,2.9238,3,k(T)_cubic_273_373K
ALT_063,GateA_converged_v1,GRAIL-CHT-1.0,alternating,1,803.7772489893591,317.87736814793766,298.31415320241445,2.8476205909392056,0.004274621709469486,0.0003562184757891238,35.38701490861975,0.8399625099545129,0.6214219584771916,5.198875,4.366860093939769,28.056939,19.795209079889638,163.92990002382075,195.1633532223934,0.0005321805648202387,14.463250003905207,6.201095532214427e-05,521.5766833099381,284.41327646288954,16.52095824556898,331.05881715774734,13.181449009809683,235.52505985631765,0.5549674237267681,331.83105780201356,334.3119823673414,325.3342750018297,8.977707365511662,2.0977168960713204,334.09246659342455,334.17327714076333,334.2632679828993,12127518495.842958,12124619713.469471,331.85088975995455,275.3924887876473,5.02543553074431,30.020114028732248,4.821737764519697,2.2527884090175636,298.209004933462,131.43662055082672,5.142018725379834e-05,171,9.319810487795621e-07,True,2.9238,3,k(T)_cubic_273_373K
ALT_064,GateA_converged_v1,GRAIL-CHT-1.0,alternating,1,948.2689122006215,331.2788464917761,308.00678466228857,1.7572985008909228,0.0013705039669492406,0.00011420866391243672,34.07600369999834,0.7466580612285383,0.7369690454449611,5.198875,3.8817819280695174,28.056939,15.641694684580447,77.99971192908386,104.46510388000698,0.0003585971183256489,4.040582056476627,5.554296627066337e-06,615.3383350093685,298.3867281358114,12.377734303385505,371.6351277372233,40.35628124544718,231.18929398969522,0.4617450869795927,388.0638112741863,402.85980450038574,354.44096117033297,48.418843330052766,12.916268395312875,402.21931296803774,402.52303067663337,402.75259387068036,22827195523.49576,22678408754.108364,388.6987461324097,324.8986408849466,15.673276591902823,66.51893679024455,11.516993980833249,2.21691750463878,313.56365423344727,283.201408226932,4.294640025912905e-05,754,9.816633905757044e-07,True,2.9238,3,k(T)_cubic_273_373K
ALT_065,GateA_converged_v1,GRAIL-CHT-1.0,alternating,1,963.4240487094532,300.9633121512385,309.2254595924308,4.113453040920692,0.0023399517880437794,0.00019499598233698161,26.873088552622875,0.9554797785356102,0.5122552021293847,5.198875,4.9674199336343206,28.056939,25.614346983504657,77.4747132467634,81.08461841599923,0.0006164053918589835,6.692632067590789,1.5707559050429492e-05,625.172609175905,300.15939631307253,21.33112155549863,331.2431611172366,30.2798489659981,296.16715653007424,0.5822178153998768,337.6667616647956,346.4906664470126,317.11964518169424,29.371021265318348,7.4631955700452535,345.8458896642563,346.1108647962517,346.36717034859544,13038067401.6473,13000296315.78574,337.91175930921645,330.09113764487785,4.611460349561136,25.220820686006082,4.091562210553112,2.2590373699877646,309.41984142719895,267.6990282778439,4.176685392529276e-05,410,9.813873020902975e-07,True,2.9238,3,k(T)_cubic_273_373K
ALT_066,GateA_converged_v1,GRAIL-CHT-1.0,alternating,1,431.7773274232726,290.61811713720545,309.8972067396232,1.704638787195056,0.0037004467696886145,0.0003083705641407179,28.992609655636734,0.9588171964075473,1.5541203962516423,5.198875,4.984770751973288,28.056939,25.793597406115058,79.97006123680026,83.40490923236302,0.0009443788013313175,15.362614727073892,5.701959683126512e-05,280.1833302062535,301.1380059774616,12.177627391341211,300.6084654724447,9.990348335239275,154.52938430133685,0.6778245865665776,301.3425329037021,303.3584237538059,296.1826287478485,7.1757950059573545,1.696986846652429,303.178854122383,303.2478230976273,303.31978835368227,8247534828.266211,8245969753.659976,301.35683049380515,147.93679834890187,-0.6971726215808205,-4.664605966288473,-1.2306743236158735,1.4595481350579969,306.5668178034665,93.1608976904382,-8.993093759745073e-05,177,9.486955150350695e-07,True,2.9238,3,k(T)_cubic_273_373K
ALT_067,GateA_converged_v1,GRAIL-CHT-1.0,alternating,1,448.268413193491,332.6775322385884,308.3979160226597,2.0415495746556016,0.0018245911123538512,0.00015204925936282093,32.65295780781436,0.720817099169812,1.220333952251119,5.198875,3.747437996446456,28.056939,14.57774834409756,88.3526774985538,122.57294894961899,0.00042146870899788426,5.945416752909869,1.0880596355666039e-05,290.8845112001486,298.95528111706636,13.457888383691285,346.34726559211754,13.669733353529125,104.25619725770231,0.4404836772727258,350.51939742183765,355.0626909709673,340.0658148273017,14.996876143665588,3.909764768221411,354.8166856388074,354.91660713749116,355.01681516096534,15106744120.038755,15095525137.741724,350.5845057134505,153.58702191367848,7.006997632941786,36.26409517174021,6.059591122336495,2.2180984392750562,309.9041844373876,110.98617741592355,9.162815707523602e-05,491,9.979029300666298e-07,True,2.9238,3,k(T)_cubic_273_373K
ALT_068,GateA_converged_v1,GRAIL-CHT-1.0,alternating,1,969.3078098836351,308.9591787324391,299.57770915054334,2.9939404665584224,0.0016756596166923555,0.00013963830139102963,30.8182535358784,0.6624711618185593,1.5372944290167307,5.198875,3.4441047613994624,28.056939,12.313293834097784,67.77521404282058,102.30666321650871,0.0005045850774136849,7.169102630161275,1.2049123134688263e-05,628.9906229881599,286.2222035245213,17.076973772922006,346.439302438889,37.48012370644989,262.5204262443633,0.5129410615577823,358.9100372086267,371.80871130208396,329.5982014905559,42.210509811528084,11.093543177936414,371.12030624122934,371.4100730691766,371.68428937643296,16687656576.478731,16593668724.269552,359.4171849893306,332.10704893774846,10.002687670830538,51.048254565939516,8.535541401336724,2.221265376291666,301.73679955134844,291.7051229314673,4.187061937123744e-05,614,9.857488407760684e-07,True,2.9238,3,k(T)_cubic_273_373K
ALT_069,GateA_converged_v1,GRAIL-CHT-1.0,alternating,1,516.731903831309,300.7075560738815,300.9319502190371,0.01785256976537215,0.0015423489408754132,0.00012852907840628442,26.080567916901778,0.7102569019115562,0.9451511776777121,5.198875,3.692536850925442,28.056939,14.153739993009825,46.9777800169314,66.14195496094064,0.0006700537571617237,8.91044885707817,1.3784374480881699e-05,335.3109495194631,288.16519647856063,5.767839765108414,322.65497914801244,21.94742307413094,141.49544418532133,0.5186128315642344,330.4014741461807,338.12908593678645,312.9137316123648,25.21535432442164,6.658516536456329,337.72974593152077,337.9000558116597,338.0575946754582,11945838508.417358,11917026506.994228,330.6009976822575,177.04418134627653,4.52763712332255,26.78148319553255,4.239482079846501,2.2846366259726736,300.40663658371835,161.97902832490234,7.611786649863611e-05,622,9.890526939670963e-07,True,2.9238,3,k(T)_cubic_273_373K
ALT_070,GateA_converged_v1,GRAIL-CHT-1.0,alternating,1,845.5913062004126,300.3883463484109,304.8056576744347,3.452040339656957,0.0015600404004720023,0.00013000336670600018,24.730317067437074,0.5854662224389796,1.396641218457709,5.198875,3.0437657071824504,28.056939,9.617096554026737,53.99897013390449,92.23242616619535,0.0005896168217760846,10.422060889042603,1.630775932104876e-05,548.7101177325911,293.7471175008741,18.817753290696437,336.7152410073517,36.32689465894083,236.88654935904808,0.5305740071305038,349.5833005857923,362.431840145257,320.46597638054595,41.96586376471106,11.05888748393057,361.75082546722257,362.04360344870673,362.31011155507383,15023498164.193098,14934913573.421825,350.100529065844,289.7189421628081,7.4540964371610885,38.93645221357954,6.4417061900893025,2.234627450247974,305.97508998453196,271.9010113581735,4.761957539385366e-05,654,9.906612490340194e-07,True,2.9238,3,k(T)_cubic_273_373K
ALT_071,GateA_converged_v1,GRAIL-CHT-1.0,alternating,1,839.0997367755554,319.66709918860795,303.48380808996086,2.641896115961422,0.0037796218176947274,0.00031496848480789397,33.52342791924864,0.6463497701759189,0.931386884242832,5.198875,3.3602916614233305,28.056939,11.721292004979587,152.43002064622578,235.83209537575684,0.0005060545521734898,20.5905250160857,7.805857330851212e-05,544.4976928918152,291.83835260139887,15.739205240653401,335.3726096979732,15.70551050936524,248.1285209491843,0.5600530663868831,336.63573947911937,339.89922565782183,328.29745743604417,11.601768221777661,2.756219312315651,339.61885609914765,339.72859211776984,339.838406529144,12847389712.608147,12842243098.0046,336.6694616662937,287.4947818468784,5.1722610948969,29.424619260129173,4.769232763451047,2.2489583315987725,303.68063133215526,154.35118824926602,5.1402399745648015e-05,211,9.872949249256635e-07,True,2.9238,3,k(T)_cubic_273_373K
ALT_072,GateA_converged_v1,GRAIL-CHT-1.0,alternating,1,787.7986819744215,322.01898520006836,296.8382842064268,3.5651232880144597,0.0016272956035373563,0.00013560796696144637,27.32382566597441,0.3599891967744044,0.5873943912200745,5.198875,1.871538835380532,28.056939,3.6359610617566087,75.25639500856619,209.0518151180169,0.00044130874912954264,44.99179953747808,7.343526337269021e-05,511.2080793239759,282.3052447237944,19.247468494454946,350.68935846431344,28.670373264245086,195.01862048436655,0.46884242933913683,360.66106960659164,370.678102942064,337.8121333735751,32.865969568488936,8.66207802269115,370.1643342370519,370.3859473350294,370.5864562881995,16977879777.087734,16919871691.789871,360.96979556387845,269.9178658830593,10.69705082300977,55.020516981594966,9.181538041090203,2.222633038459517,299.03896087510293,221.19746490833143,5.170202325848478e-05,618,9.873406270344276e-07,True,2.9238,3,k(T)_cubic_273_373K
ALT_073,GateA_converged_v1,GRAIL-CHT-1.0,alternating,1,611.6248231830864,308.50693112332186,300.7908575274762,4.022694128037421,0.002684350804184307,0.00022369590034869227,28.49264688113984,0.7726025503625662,1.6677555828916009,5.198875,4.0166640840161865,28.056939,16.747599349299136,89.42903738647237,115.75037817892938,0.0006126045413262647,10.258663330859251,2.7620713301953954e-05,396.88762913726697,287.96255978379355,20.9862376865422,324.3731921581057,15.86626103478386,178.0287521747424,0.5512785848730777,326.98589515354877,331.2045144566011,316.92766543155864,14.276849025042452,3.565389981375179,330.87897706245144,331.00709152769304,331.1409473756605,11439956940.764952,11431838420.634308,327.0439333885695,209.55666818447696,3.9385837106848234,23.820780174011972,3.768414884176359,2.2795142725893998,300.3069981442226,144.7280215997718,6.549104955115033e-05,314,9.745108968672866e-07,True,2.9238,3,k(T)_cubic_273_373K
ALT_074,GateA_converged_v1,GRAIL-CHT-1.0,alternating,1,598.691251494639,297.37144475680077,299.807624560191,3.9000123636439845,0.0028708031201714196,0.0002392335933476183,28.088002590417776,0.4297578798350955,0.7669906843326609,5.198875,2.234257497527682,28.056939,5.1818875562590065,76.61833233374598,178.2825538024936,0.0007646984531577169,72.02765759035493,0.0002073994224162784,388.49494393363165,286.5517650256159,20.52004698184714,312.86278956102143,15.49134480422066,185.89547217836136,0.5880739981327684,315.0080499209164,318.8545889764706,305.73893360661884,13.115655369851765,3.2468441028091677,318.5532855541219,318.66916928978475,318.7934687770603,9852856829.853056,9846607092.867758,315.05802269398913,205.1253303969575,2.282286708665798,14.76070233196134,2.1867313188416846,2.395997819519602,298.4762967867623,140.72701687637758,6.720726643575758e-05,280,9.887676810649282e-07,True,2.9238,3,k(T)_cubic_273_373K
ALT_075,GateA_converged_v1,GRAIL-CHT-1.0,alternating,1,458.20550213520517,330.0362748763086,306.7993051417779,2.1649676864770475,0.0010492227592721706,8.743522993934754e-05,26.986913489626797,0.5368467483113791,1.2317080822931172,5.198875,2.790999138627321,28.056939,8.086134144936567,51.6603032137137,96.22914430646782,0.000414505453439786,6.330393432375119,6.661978800797441e-06,297.3327577740496,296.6337999545594,13.92687720861278,351.3265501806646,21.290275304355987,93.37384905409226,0.385949994627331,361.2459542772939,369.25216013079125,342.8642832156588,26.387876915132438,7.05840763026462,368.93800138173276,369.1079450025723,369.20694060525733,17068595811.343315,17029894906.578028,361.45101495043787,156.99169610469818,9.425542896467029,46.35947651789643,7.832688233728203,2.2129616532848866,309.324073869003,122.12007334323994,8.879610687629378e-05,886,9.867286507869721e-07,True,2.9238,3,k(T)_cubic_273_373K
ALT_076,GateA_converged_v1,GRAIL-CHT-1.0,alternating,1,793.1198994196101,329.5966579468162,312.65952270772414,4.663431157591021,0.0029941709785816363,0.0002495142482151364,34.80971918769022,0.8466051230903913,1.6816278564703337,5.198875,4.401394209306559,28.056939,20.10953703661005,143.2457968612134,169.200248090064,0.0004265934726187493,6.817926439462247,2.047546387075455e-05,514.6610545726809,305.1733243303434,23.42103839884588,347.7489387140384,18.15228076722218,227.1873148814198,0.5425144492933596,350.3177857915069,354.86288094852375,339.32334275108684,15.539538197436912,3.8522345720367737,354.5199185627827,354.6505204766687,354.78996646152984,15071701568.540976,15060824534.222939,350.3810191662369,271.7410368143755,6.420487951256837,32.71557647785591,5.41751308560471,2.2407313084969376,313.67685761545664,173.48158533696676,5.314553882455097e-05,292,9.822314268603805e-07,True,2.9238,3,k(T)_cubic_273_373K
ALT_077,GateA_converged_v1,GRAIL-CHT-1.0,alternating,1,902.3377616140087,291.2585884885454,294.16033022768835,1.8431012020880426,0.002106673464000436,0.00017555612200003635,32.13565505448048,0.6351473491026028,1.0473639667056829,5.198875,3.3020516745657944,28.056939,11.31851022671543,57.81813735635377,91.03106143486986,0.0007436226772401699,16.78186333524033,3.546028702591039e-05,585.5332898756615,278.49360970725,12.703784567934562,321.6682463692101,30.409657880664724,267.7842567012875,0.5620591029418732,328.928636926585,338.0737883256613,307.8664419207928,30.20734640486853,7.776378805835557,337.5093306880009,337.7331899628069,337.96527362649664,11744850895.278366,11705952063.822525,329.2015542061914,309.16157705434927,5.101710154040519,31.273710230675004,5.001764316281109,2.253953225590961,293.9025761406353,254.60932670969765,4.3877401070603487e-05,455,9.820460604714754e-07,True,2.9238,3,k(T)_cubic_273_373K
ALT_078,GateA_converged_v1,GRAIL-CHT-1.0,alternating,1,714.8181029033261,312.4100249407437,303.2128840557551,3.257152820822901,0.0022087483376648127,0.00018406236147206772,22.077358723763986,0.46898544927701424,0.8303494114967831,5.198875,2.4381967276100376,28.056939,6.171049427994423,83.1258437866051,177.2461041483302,0.0005422875900780525,29.911392965669386,6.62655360984566e-05,463.85047070068856,291.44764785900594,18.07718071912702,334.29569972214796,21.885674781404248,202.06098177097527,0.5353687207973187,339.38914583747584,346.0348925973227,323.84839812553736,22.186494471785352,5.646796090706928,345.5693905332541,345.76208665078303,345.94572269105777,13289472605.354671,13267582453.98264,339.52904863513567,244.91304852996356,5.7072824024347595,31.940333905087943,5.204312560956456,2.243438469023276,303.6164770805141,190.55539057333712,5.630182219940909e-05,423,9.820103628044308e-07,True,2.9238,3,k(T)_cubic_273_373K
ALT_079,GateA_converged_v1,GRAIL-CHT-1.0,alternating,1,782.8822847730177,290.7940573537935,293.98202861883925,0.03870524549779805,0.004015846669850334,0.0003346538891541945,26.175682696446827,0.9285574877424297,1.6028161114264592,5.198875,4.827454309086924,28.056939,24.191226113289844,92.21151118251167,99.30619525421349,0.0008888152146364502,16.49029945792011,6.642177950142752e-05,508.0177947652045,278.24043994793885,5.847079932891633,305.6660410444452,14.871983690651689,249.64467382475925,0.6039373880850367,306.56602494413306,309.40524857225967,299.15083245372097,10.2544161185387,2.385148304373089,309.13678285273625,309.23952065101406,309.34675687167845,8835949576.754143,8832753096.542873,306.59375693393173,268.233395636028,2.086948642768123,14.69130512552148,1.810332160296566,2.7976734585163894,290.11199558350023,141.35832284972764,5.065837616385287e-05,183,9.485625014349353e-07,True,2.9238,3,k(T)_cubic_273_373K
ALT_080,GateA_converged_v1,GRAIL-CHT-1.0,alternating,1,817.7127149495946,328.71827584869766,306.0663986186383,1.8121349404397893,0.0038823962537956488,0.0003235330211496374,28.5345388923311,0.42728891638625577,1.4357199719550677,5.198875,2.2214216651775955,28.056939,5.1225185903680295,178.5123850093603,417.7791142328407,0.00044386510512724333,38.78499401993499,0.00015103181091923997,530.6195047197964,295.571501475876,12.5861127736712,343.2110366238042,14.492760775106547,235.19455578699817,0.5447441702952245,344.33122942704614,347.3698150002972,336.5635309556395,10.806284044657673,2.554389418463093,347.0921002662227,347.19772414081984,347.3113688933721,14062047360.100195,14057421042.853176,344.359555905692,280.1670984920525,6.164369520968991,33.30325305708452,5.50477384370582,2.2259413794666187,307.0321127778435,145.05336248588986,5.221287431571922e-05,203,9.675549108578707e-07,True,2.9238,3,k(T)_cubic_273_373K
ALT_081,GateA_converged_v1,GRAIL-CHT-1.0,alternating,1,869.5122304910899,330.4186489395952,310.2453012018009,1.313973845299512,0.001951890022557539,0.0001626575018797949,36.287418770556584,0.7926667085063208,1.8176757284783696,5.198875,4.120975134185799,28.056939,17.628750243241818,101.5389154995856,128.09786813290384,0.000392321691167385,4.489494830283154,8.789368270364433e-06,564.2325729512816,301.645531863483,10.693100612138146,358.86199450791605,28.443345568320865,232.06642052797986,0.5054784975252289,367.0738216442312,376.3310503820425,345.95053042273923,30.380519959303285,7.95481270355648,375.82456122394694,376.0331318365655,376.23636220645244,18206453876.128544,18155727395.955776,367.3299513632369,297.91479851827665,10.131458330124183,47.541434268930914,8.17534394635961,2.194546613775987,313.8281672504171,240.6536177985367,4.7478300107629064e-05,515,9.882694484986132e-07,True,2.9238,3,k(T)_cubic_273_373K
ALT_082,GateA_converged_v1,GRAIL-CHT-1.0,alternating,1,406.7253863748329,308.00612877747545,299.16730201486916,2.504706911099875,0.0014312183724453187,0.00011926819770377655,30.72723611260912,0.5567560541055047,1.545179675653558,5.198875,2.8945051307877554,28.056939,8.697014303627794,47.693145135446834,85.66255325606039,0.0006124483044297,10.525945155925506,1.5110256865107712e-05,263.92695029633364,285.6342389129517,15.217886262179526,324.90183009459946,16.895701317124008,101.07841142694075,0.4706772473303929,331.2529147398417,337.275303476477,317.5823861870698,19.692917289407205,5.222292754248314,336.99109331532765,337.11829536758614,337.2270796969844,12058186645.653582,12040342290.967686,331.3755796952087,139.35342975646418,4.844769125482229,28.81428179287063,4.615832291852035,2.2592856692313292,298.98137490218465,119.0460717990647,9.696160243319973e-05,639,9.889016610031831e-07,True,2.9238,3,k(T)_cubic_273_373K
ALT_083,GateA_converged_v1,GRAIL-CHT-1.0,alternating,1,762.2330277669787,325.64237690952456,290.0636947950302,0.5042379016290078,0.003768291839555993,0.0003140243199629994,33.02682852923413,0.5498485767832646,0.804662293443466,5.198875,2.858594019624095,28.056939,8.482551371666649,163.43559143050328,297.2374546945952,0.0004705625795797617,30.074425898764336,0.00011367022436674529,494.61834734918676,272.6962336521644,7.6161040261902295,338.57937477261765,12.936997863093097,203.7766029290406,0.5063288020739519,339.6426532705028,342.35650842044106,332.7004089599888,9.656099460452253,2.293018708767449,342.1236759628427,342.2146138742532,342.30606918590604,13310896228.439299,13307267884.95294,339.66580254194287,261.15848740037063,7.255527456223516,42.993787984470956,7.132422855349203,2.1920148151659027,291.4902907828168,127.73060295443005,5.597186897181301e-05,200,9.73692351635691e-07,True,2.9238,3,k(T)_cubic_273_373K
ALT_084,GateA_converged_v1,GRAIL-CHT-1.0,alternating,1,578.870251913161,295.1917615729956,299.78883041670207,4.687112851971675,0.0019742711487100305,0.00016452259572583588,31.43020341174597,0.7011456751751051,1.4094414740924777,5.198875,3.6451687220259745,28.056939,13.79293873064394,53.238537656647175,75.93077949650237,0.0007568332054426763,11.682124544362892,2.313308068562986e-05,375.63295855821355,286.52482069458705,23.511028837492365,316.0334501884466,20.841688615451005,171.99506410983187,0.5627309857505153,321.415718156093,327.87570464906037,306.557150435161,21.318554213899347,5.5143275755999035,327.48835340208535,327.64284556797185,327.8023687809375,10691278210.664787,10672556062.178991,321.5565850256318,198.33420211873675,3.2142376435134334,20.01352563621107,3.1112414045328185,2.306607019863146,299.000886007795,169.34005881874336,6.722221691135597e-05,460,9.792813102649234e-07,True,2.9238,3,k(T)_cubic_273_373K
ALT_085,GateA_converged_v1,GRAIL-CHT-1.0,alternating,1,604.6497254265487,295.40155465562555,302.17807467165505,0.12650212669628474,0.0038978894485139316,0.0003248241207094943,29.45338146109527,0.4980388218075956,1.2546231725153825,5.198875,2.589241579724964,28.056939,6.95931800624476,96.11670554500432,192.99038817125893,0.0008276565148172191,55.186737427503196,0.00021575907875283207,392.3614393773654,289.95693633145754,6.180708081445882,307.4411554746925,12.039600819066948,196.1633579272959,0.6144408830481982,308.24076000516413,310.60612145749224,302.144544896508,8.461576560984213,1.9881946272919606,310.39243291517255,310.4726560444378,310.55949412069407,9029596640.765335,9027349717.347763,308.2599386336536,207.16683999124893,1.315488975810159,8.815676877930597,0.8721771648128309,3.4374088386612844,298.36734134399035,114.21393150473706,6.711759442838004e-05,170,9.672475016486715e-07,True,2.9238,3,k(T)_cubic_273_373K
ALT_086,GateA_converged_v1,GRAIL-CHT-1.0,alternating,1,913.0524835170876,288.8562826344793,294.27410301321936,3.8511523341626774,0.0028312233930489457,0.0002359352827540788,31.786439669856904,0.5974666402653156,1.0268515248593761,5.198875,3.1061543794093427,28.056939,10.015384123503418,69.06609095644693,115.59823813054551,0.0008366209946634455,29.421621814740952,8.354983344366475e-05,592.4861479216227,278.6551953494347,20.334378869818174,313.00547737175873,24.1491947372794,285.79397796534613,0.592820766813112,316.3610877026441,322.2854550416664,302.0586679185279,20.226787123138536,4.998222933464719,321.83739860054703,322.00849699536656,322.192426357193,10031780106.845596,10016874675.346617,316.4787109546842,312.8326861026168,3.1504280043253163,20.7107100124293,3.177430895054711,2.318545298169456,293.16542008070655,216.53043764535417,4.450476804511783e-05,305,9.990200169340824e-07,True,2.9238,3,k(T)_cubic_273_373K
ALT_087,GateA_converged_v1,GRAIL-CHT-1.0,alternating,1,895.1566764974949,319.8816216412551,292.9842523597807,4.629535554775596,0.004008421334950344,0.000334035111245862,36.783449293720686,0.5660411098661491,1.9490025548925127,5.198875,2.9427769750553763,28.056939,8.989514465752567,161.64307375138517,285.5677280924149,0.0005060993293603407,21.092536425864978,8.480217955632343e-05,580.8734334759598,276.82511869074943,23.292235108147263,335.1471820073486,15.265560366093496,255.77753506074208,0.5411646502282549,336.2268041740423,339.26277308687565,328.44897415679884,10.813798930076814,2.568324959973801,339.0066597685719,339.10365821274655,339.2059255750212,12784414097.00161,12779955177.734571,336.2561276740459,306.7011728753068,6.4083942534951825,38.294230100089244,6.220868174071121,2.2303559733007603,293.3378721815326,152.01618462216794,4.737083584983352e-05,196,9.611886184757168e-07,True,2.9238,3,k(T)_cubic_273_373K
ALT_088,GateA_converged_v1,GRAIL-CHT-1.0,alternating,1,654.5634611246254,294.7668693177051,288.70547122825917,4.898255941294296,0.0026314718663920248,0.0002192893221993354,29.7128034802204,0.6948444229369339,0.5444145594097068,5.198875,3.6124092992962527,28.056939,13.546136267097536,67.89913385841477,97.71846994385028,0.0007909590398900889,22.36470880223995,5.902918958189017e-05,424.75081186799724,270.7831269463156,24.313372576918322,312.27188561495103,17.50501629724596,192.54734405099512,0.5571239791937452,315.09715034883874,319.6741143972621,304.2041900113205,15.469924385941567,3.868996130821468,319.33130101008084,319.46676475726036,319.6070372701227,9866625204.602045,9857752321.820036,315.16803052512853,224.26842866630255,3.5771137973908,24.34713006060989,3.7967037053387704,2.276392172583231,287.8287497920704,154.96590373253696,6.111068276138106e-05,317,9.9288666888242e-07,True,2.9238,3,k(T)_cubic_273_373K
ALT_089,GateA_converged_v1,GRAIL-CHT-1.0,alternating,1,495.30543888896716,313.25106482325407,302.57859437451157,1.2211047682777543,0.0024194331491037683,0.0002016194290919807,24.134653631723772,0.4821609180897274,1.2829272127705251,5.198875,2.5066943430337316,28.056939,6.522653356502587,85.97706406419975,178.3161198647791,0.0005743154676102806,25.293774218166476,6.138073802344857e-05,321.40716643312294,290.5336092403303,10.340198119455465,326.81521687356246,13.564152050308394,137.17739707979987,0.5245362878919255,329.50310848815764,333.3875722014086,320.3183048845421,13.069267316866501,3.290874740489059,333.09997438392674,333.2176581746558,333.3326720693624,11794970303.191095,11787944002.3024,329.55219827574797,169.70298387668893,4.135224225703956,24.516865785138105,3.87335728176591,2.287933215270239,302.0446066047153,120.68848898878976,8.220496652376783e-05,345,9.977858326237765e-07,True,2.9238,3,k(T)_cubic_273_373K
ALT_090,GateA_converged_v1,GRAIL-CHT-1.0,alternating,1,466.9548490837265,292.7888096361195,289.6194291312243,1.5203336111852186,0.0010846525234287125,9.038771028572604e-05,27.093979967397015,0.4753005967006304,0.8857574582201261,5.198875,2.4710283896719902,28.056939,6.338361529182985,29.065986740062343,61.15285135728464,0.0007615967058851779,19.227072099808254,2.0917444605017868e-05,303.01027025437367,272.0699754803304,11.47726772250383,317.8342967809712,25.045487144851734,113.55242047844891,0.46056145009159877,328.9640440065338,338.24289145337457,307.9677431969328,30.275148256441753,8.131986916820834,337.87051053098975,338.0669562305982,338.1891167443931,11753513723.27107,11710993163.465925,329.26224097026943,159.9894226943093,5.622030993997823,35.15472502106722,5.660111446479816,2.235347025553445,289.5913080433576,145.14250547712115,8.422701529659871e-05,858,9.904048852149572e-07,True,2.9238,3,k(T)_cubic_273_373K
ALT_091,GateA_converged_v1,GRAIL-CHT-1.0,alternating,1,686.7090542798117,291.4183576368946,310.861797427058,0.9641943766697656,0.0011900940314717367,9.917450262264473e-05,29.149383214308294,0.9745762912589006,1.4792109840844185,5.198875,5.066700316218617,28.056939,26.64845113182148,35.64790867188318,36.57785336213679,0.0006813444421890256,3.4773258686358246,4.150797153205384e-06,445.6103122855497,302.5450894888515,9.363938631345109,330.22643617726834,38.80807854037374,193.05439785102203,0.532442854778955,346.9803746695988,361.42767914988,314.39683343363936,47.03084571624066,12.600168810325304,360.80649912653917,361.10924120014784,361.33072652081404,14608128656.549963,14495047623.070574,347.6551332506483,235.28224488677026,6.067777339278385,30.963918685659845,5.196014070260045,2.2142894080571014,312.3012755139334,243.7919293511486,5.8202670592393094e-05,849,9.87306179922598e-07,True,2.9238,3,k(T)_cubic_273_373K
ALT_092,GateA_converged_v1,GRAIL-CHT-1.0,alternating,1,953.4980033383824,294.0825931162371,284.0843926688483,4.454856961952879,0.0021801860010933825,0.00018168216675778189,28.85439543518953,0.9977812091820023,1.5165241446490125,5.198875,5.187339783886083,28.056939,27.93257216795935,63.00236133366801,63.14246124690842,0.000706246350495505,6.3549839988364045,1.3896737363526153e-05,618.7315288522997,264.30789730836125,22.628456455420938,323.92967967974164,29.847086563504547,272.00179725055153,0.5402789698892684,330.8427010960521,339.7915781126299,310.19865749882695,29.59292061380296,7.587043879247956,339.1847343813202,339.43076665800237,339.6747498369485,12018277275.558168,11980811396.433222,331.10104760770076,326.69024723401424,6.519353914759295,41.44231309281378,6.726644487068914,2.215148778925966,284.42796594654357,255.4305745386375,4.239147691101853e-05,438,9.997400525207922e-07,True,2.9238,3,k(T)_cubic_273_373K
ALT_093,GateA_converged_v1,GRAIL-CHT-1.0,alternating,1,585.6455261877147,298.9078502584365,312.2178164209703,3.205340735479715,0.0016928207556923926,0.00014106839630769938,25.0414514878917,0.464745532837856,0.5026134079014769,5.198875,2.416153932032409,28.056939,6.059973652290455,51.286420166401314,110.35376683070672,0.0006736403398987369,38.284208237370635,6.500331225623941e-05,380.02948146189135,304.5268574230393,17.880294794822916,323.9040379775866,24.9961877191501,176.8727933057912,0.5719950652377492,331.87484020461227,340.3466430784778,312.64830123072073,27.698341847757092,7.271824213042984,339.8889523900061,340.0778419603185,340.2613245562002,12165668809.766165,12131019958.88846,332.11156361918063,200.65556621187864,3.2043534601324706,17.750425594555463,2.8278570186574403,2.2914522055692417,311.99464430634777,192.7903660851908,6.819284640408068e-05,567,9.977520107895543e-07,True,2.9238,3,k(T)_cubic_273_373K
ALT_094,GateA_converged_v1,GRAIL-CHT-1.0,alternating,1,886.9076774957017,294.5654070126553,309.5619253747827,2.356523012856888,0.002453141236248825,0.00020442843635406875,35.513701705825454,0.40201248658065675,1.344482685142399,5.198875,2.0900126661720115,28.056939,4.534395244056858,69.91445634532974,173.9111561931613,0.0007161022939916687,47.69522633808234,0.00011735519207840605,575.5206002807032,300.64943115909546,14.654787448856176,322.06499350273106,27.49958649007573,281.9843449221307,0.6021610511143708,327.33187452352325,334.91232962609627,309.71864166523665,25.19368796085962,6.434582468789034,334.4207813281659,334.6178226783728,334.8134456448656,11506711406.57681,11480298762.523338,327.51998485277414,303.8748769482113,2.8628199771694316,16.471192407017355,2.5563826942748618,2.3331153404805534,308.8843995610102,243.2340286741609,4.5067107998273316e-05,378,9.796651738724904e-07,True,2.9238,3,k(T)_cubic_273_373K
ALT_095,GateA_converged_v1,GRAIL-CHT-1.0,alternating,1,567.387269522867,306.76362210339795,283.33071271090296,3.4279689563034936,0.00308800234880566,0.00025733352906713835,36.14293580270677,0.6402701473724689,1.7947981313266388,5.198875,3.3286844624210445,28.056939,11.501826032672739,95.7739468511934,149.58365190729117,0.0006580361215236084,17.351924789756133,5.374401655673631e-05,368.18157090427496,263.2567762905773,18.726282033953275,318.478938291662,11.715316188264069,151.21954192858655,0.5047710143952698,319.92633101651495,322.69981105835706,313.19540085247775,9.50441020587931,2.350650638580326,322.49425882418626,322.5735054421621,322.6558908435591,10479490316.229658,10476107392.906912,319.95215537980715,194.3998694374572,4.853153579665157,33.062391290601184,5.264641138795013,2.234718993659242,282.89697573593884,109.4157368700746,7.27880166271201e-05,234,9.945526926458115e-07,True,2.9238,3,k(T)_cubic_273_373K
ALT_096,GateA_converged_v1,GRAIL-CHT-1.0,alternating,1,752.1003822141879,302.26544068469707,298.1784587921558,3.3565903296601918,0.00396559586286261,0.0003304663219052175,28.27305500541182,0.901565209410934,1.5639657442193626,5.198875,4.68712482807627,28.056939,22.805236299084388,115.32009483845732,127.91098595497637,0.0007018155054414822,13.517230725197289,5.3765169750453085e-05,488.0432027214619,284.2192415721634,18.455043252708727,316.3781157851879,14.112675100490833,233.93439384836,0.5890936563579164,317.31558051641684,320.0992598404499,310.09695580088476,10.00230403956516,2.341552820982248,319.8399171777699,319.939178321031,320.043545360843,10141611758.103868,10138310493.511492,317.3414086561653,257.6868110369319,2.8177834769741867,18.18143027692476,2.753063972476243,2.3507003437036778,296.9526661913221,136.75386488867252,5.4120812831863615e-05,187,9.54655263285531e-07,True,2.9238,3,k(T)_cubic_273_373K
ALT_097,GateA_converged_v1,GRAIL-CHT-1.0,alternating,1,744.2641944266941,293.33694594149074,309.0569154525399,0.3978800420406315,0.001506301923060609,0.00012552516025505077,36.51318576131675,0.7425947356606241,0.6093248493943755,5.198875,3.860657206357627,28.056939,15.471913197462552,44.95910674214634,60.543260789682286,0.0006837760004533283,9.009676116834141,1.3612128847482957e-05,482.9582456128427,299.91402576780075,7.2119441597544,327.9438625656913,34.60691662420055,217.89698396012747,0.5544854701233551,340.55637175017733,352.7704376965982,313.36124627314405,39.40919142345416,10.556950854744313,352.2157246803069,352.4682964813044,352.6742382061264,13527693944.264906,13451045478.947292,341.04048893126713,255.00195368358095,5.135877802174063,27.43744748163582,4.531507900463236,2.2309770431005136,309.82686456300473,253.11469390782446,5.354436638008868e-05,676,9.88345107089117e-07,True,2.9238,3,k(T)_cubic_273_373K
ALT_098,GateA_converged_v1,GRAIL-CHT-1.0,alternating,1,932.2672438749544,309.3275172585491,287.4491626962222,2.307020924983441,0.002092715120179394,0.00017439292668161617,36.371078721665135,0.7339319175051557,0.8604514965177116,5.198875,3.815620297619617,28.056939,15.11304020429199,79.26885283016335,108.00573042199993,0.0005387993164010991,9.266540590017701,1.945058134853172e-05,604.954740421165,269.0175725941896,14.466679514937077,338.14023620170366,28.81271894315455,252.04067660872246,0.5120310398553763,345.5005455436089,354.4131265005136,325.14906782734624,29.26405867316737,7.621198108973098,353.9021948205004,354.10653302217264,354.3143937975003,14290591647.06373,14249346583.433247,345.75028945555914,319.4161029423751,8.696758549658375,50.32726498820432,8.351264781210817,2.198138405285391,289.13480480913,246.9537918649237,4.3208397406970386e-05,469,9.770228075467458e-07,True,2.9238,3,k(T)_cubic_273_373K
ALT_099,GateA_converged_v1,GRAIL-CHT-1.0,alternating,1,595.7384664876089,303.86870153059033,292.1341328818157,2.0942155651791197,0.0010992869629498545,9.160724691248787e-05,23.111367414994145,0.5910582754218352,0.952398619219654,5.198875,3.072838091633694,28.056939,9.801688411548612,38.371310617342864,64.91967410482066,0.0005846876777753183,8.461036722433716,9.329094645949198e-06,386.5788610730748,275.6211446034767,13.658019147680655,334.17549061774577,30.306789087155437,139.2602869933521,0.4427287448854056,347.83937130353667,359.1985640636239,321.8705821211547,37.327981942469194,9.962632735560499,358.7277302406036,358.9609176298304,359.12860655573127,14710353769.408176,14639119291.779621,348.26175104275256,204.1136386465835,8.639295165269012,48.20016924562772,8.013748733312255,2.204968886322284,293.855944155373,179.44550303150552,6.785877872615635e-05,881,9.953567996490165e-07,True,2.9238,3,k(T)_cubic_273_373K
ALT_100,GateA_converged_v1,GRAIL-CHT-1.0,alternating,1,690.3159902301778,331.6022235322919,295.8993037493724,0.6908206850886045,0.003652051875380365,0.0003043376562816971,35.27163002446471,0.45907943001485263,0.6522465490080417,5.198875,2.386696571718467,28.056939,5.913109963382606,171.77245278442643,374.16717359536034,0.00043391325579557647,47.892311708536845,0.00017543150129534904,447.95087827229395,280.9667918601548,8.325118603336698,343.40340940673815,11.801185874446276,180.15190975874225,0.49426176361890234,344.4837572800497,347.0416011992686,338.0512330202205,8.990368179048119,2.1654618806909145,346.8337833695977,346.9132911934651,346.9961471372996,14085675199.026028,14082345571.013456,344.50411789890774,236.51806372777122,7.444446230270854,41.93220967999454,6.989353496570228,2.197288880060992,297.5203457018457,117.12734435761419,6.112099476613539e-05,198,9.618850640435994e-07,True,2.9238,3,k(T)_cubic_273_373K
ALT_101,GateA_converged_v1,GRAIL-CHT-1.0,alternating,1,824.1105658094325,325.1719441653927,295.77900429741374,4.596162574095141,0.004439273543789526,0.0003699394619824605,34.36942190537758,0.3525120292009156,1.3030624487371603,5.198875,1.8326659758119102,28.056939,3.4864879699808333,190.5045401589504,540.4199697547671,0.0004755827275958293,80.8613493067614,0.0003600457860507818,534.7711149277013,280.79546643790786,23.165417781561533,337.6818874737057,12.509943308312984,232.13655231692474,0.5334873492059585,338.36177429100184,340.66489681093105,332.24628592105626,8.418610889874799,1.9485830124629893,340.4567224715396,340.53395507149645,340.6172453436642,13110261456.939789,13107660206.919548,338.3785602402933,282.3591486818263,6.447774994831112,37.64872256373018,6.125952042671485,2.233733355902563,296.1958005288887,126.26164219631747,5.1977656638286944e-05,159,9.522810273665527e-07,True,2.9238,3,k(T)_cubic_273_373K
ALT_102,GateA_converged_v1,GRAIL-CHT-1.0,alternating,1,400.05312036349414,304.69414116100955,292.37514189177887,3.738868662592456,0.0031753839608944004,0.00026461533007453335,25.62454189962877,0.5465703673121804,1.785178412845015,5.198875,2.8415510183601125,28.056939,8.381706569262615,91.49189846668023,167.39271636075267,0.0007083258713029574,26.129108727544097,8.321961160071155e-05,259.59727017571385,275.9622937726567,19.907700917851333,313.0240226073185,8.329881446308946,110.56339071238214,0.5234313908298708,313.9582680978429,315.9110463309669,309.1373807673792,6.773665563587656,1.6452846267393104,315.7438725866215,315.80952206629445,315.8763215007489,9717601656.73796,9716004310.29578,313.9711712726286,137.0673586527769,3.0179066706066227,20.38125240339299,3.1049458757423034,2.325747831837121,291.13158778682504,77.7320927143248,-9.995767665440538e-05,232,9.741347071212658e-07,True,2.9238,3,k(T)_cubic_273_373K
ALT_103,GateA_converged_v1,GRAIL-CHT-1.0,alternating,1,521.6209208565308,305.51523868580455,298.4611634569098,4.342836584555979,0.0026540595860295763,0.00022117163216913135,23.320563790631237,0.9472111647374385,1.3647276077367683,5.198875,4.92443244407435,28.056939,25.172937919607087,81.83530911466377,86.3960562979091,0.0006618955157190911,7.928557992709877,2.1106183895629953e-05,338.48346689024874,284.62354214346504,22.20277902131272,319.1175982126733,13.602359526868725,150.90415586470988,0.547913847151758,321.3594601327987,325.0012627889856,312.6066864327589,12.394576356226708,3.06690533272544,324.696834736736,324.82033330435087,324.9415899161665,10670890950.634022,10665085870.102875,321.40318075794806,178.71927051805133,3.3597156435585513,21.16111574029087,3.294146137427901,2.300613977299658,297.65934521995575,122.84500715208509,7.673042964642859e-05,303,9.862983461061958e-07,True,2.9238,3,k(T)_cubic_273_373K
ALT_104,GateA_converged_v1,GRAIL-CHT-1.0,alternating,1,983.1650887015024,321.5094214115607,311.5456317270946,2.7570508807523315,0.0031174745236878867,0.00025978954364065725,32.56174526949035,0.40127568810032915,0.6167587187095118,5.198875,2.086182142972599,28.056939,4.517789421876189,136.7145423177108,340.6997891273409,0.00046537998065815963,65.28488246759557,0.000204136366975614,637.9827082140258,303.5439470961433,16.176793346858858,344.15037424399924,22.64095283243853,295.03524144507116,0.5683469366383197,347.05870404976093,352.5246849638932,333.65385772597807,18.870827237915137,4.625072256671519,352.1019315787796,352.2657551839492,352.4348943772003,14523514190.040379,14508140843.324429,347.150606503716,336.8548699370057,5.927601779585386,30.78297839723319,5.1089062071193645,2.230272873074765,312.58225515510753,217.06315930741516,4.218671281100757e-05,287,9.65338074365718e-07,True,2.9238,3,k(T)_cubic_273_373K
ALT_105,GateA_converged_v1,GRAIL-CHT-1.0,alternating,1,615.1602152306772,329.1717686974042,293.1093657930649,2.7050780872034452,0.002608437334417308,0.000217369777868109,33.165667471141056,0.4877578115594764,0.6852225067929573,5.198875,2.535791892571273,28.056939,6.67496134219149,120.06263793771049,246.1521580840336,0.0004433962579015106,28.960156640771118,7.57680579662595e-05,399.18176978469296,277.00245708684656,15.97929673137309,342.89985396099945,13.728085263595233,149.68099355019615,0.46083397981516233,345.4024169818154,349.15746792376376,336.4678151792287,12.689652744535067,3.194587002525754,348.89817732231097,349.0001566151108,349.1054119334237,14240442819.934103,14233165164.138498,345.44656102894635,210.76797444631788,8.01554388621356,45.54842522148733,7.522871898551609,2.212436202247784,294.388901196686,126.48992757854288,6.637150145620882e-05,324,9.701385579319322e-07,True,2.9238,3,k(T)_cubic_273_373K
ALT_106,GateA_converged_v1,GRAIL-CHT-1.0,alternating,1,624.1820808313238,304.0054009187005,285.57626017315744,1.0005554785615667,0.0022542180438299454,0.00018785150365249544,30.440041364253183,0.8856975812869429,1.1681824591254002,5.198875,4.604631012913155,28.056939,22.009552133571965,70.22698001918378,79.29002122501234,0.0006551057721510699,7.639965172570613,1.727396925400305e-05,405.0361215260118,266.3926453798722,9.502110818533954,321.70395527408505,17.698554355384545,166.76695441442195,0.506016616420813,325.56300888343094,330.75593873428727,313.4586819631626,17.297256771124694,4.410888506211442,330.4041411474191,330.5460316206588,330.6877529922561,11246456159.25992,11234149899.850218,325.6521304040541,213.85907216573423,5.491402994201923,35.84809091282123,5.752488740830514,2.23047934203083,285.4137140888161,152.45395420415088,6.317406002162625e-05,393,9.767226174517418e-07,True,2.9238,3,k(T)_cubic_273_373K
ALT_107,GateA_converged_v1,GRAIL-CHT-1.0,alternating,1,479.83770536428483,301.4274661775026,290.98388217733736,4.5537636302594215,0.004361603921306915,0.0003634669934422429,23.43958517997594,0.7366945559267061,1.1450334408875098,5.198875,3.829982909443454,28.056939,15.22703019416404,116.86250963443915,158.63088534356677,0.0007617115011115192,25.006277935016946,0.00010939566689935856,311.3700458748219,273.99489948514815,23.0043017949858,309.1812035872795,7.753737409776932,141.3622976334968,0.557962872264504,309.56877423422935,310.98373790790686,305.7535300301043,5.23020787780257,1.1915393389706406,310.8450981305763,310.8974989471791,310.95277680074713,9184745385.61292,9183930535.482254,309.5756406778134,164.40338422190598,2.559147511316697,17.808460572098415,2.673620280594465,2.348058919867331,289.62358007908585,75.2605843533214,-8.623642455669798e-05,167,9.696169627204654e-07,True,2.9238,3,k(T)_cubic_273_373K
ALT_108,GateA_converged_v1,GRAIL-CHT-1.0,alternating,1,674.6621779799772,309.00295320588293,301.36535952259914,1.4731536446593185,0.0034195854821093643,0.00028496545684244704,27.47710876051156,0.7683078744158002,1.9125768919058006,5.198875,3.994336600603443,28.056939,16.5619266372084,113.19681082501864,147.3326183349225,0.0006165364683074136,12.860469413451534,4.4109803911083645e-05,437.793009926453,288.78795405650146,11.29798384970541,323.18040839690303,14.177455191020101,202.65066336787785,0.5688892709378551,324.5840822679106,327.7679147020958,316.63735904228105,11.130555659814775,2.6785696772154464,327.48716362854117,327.59597020115166,327.7103417345119,11104158551.679255,11099639458.775295,324.617114911245,231.1547092411672,3.532138381307417,21.631526012032612,3.340242592280421,2.3250605107888385,300.35711529143896,136.0271405535794,6.008429132480039e-05,228,9.61409455157991e-07,True,2.9238,3,k(T)_cubic_273_373K
ALT_109,GateA_converged_v1,GRAIL-CHT-1.0,alternating,1,669.1468958966466,306.2676291218688,289.85543697389545,2.3914126621628244,0.004051113687223751,0.0003375928072686459,35.84100874601778,0.4768526762579901,0.9806899898918333,5.198875,2.4790974572807585,28.056939,6.379824568293146,124.19243965065657,260.4419474484928,0.0006657309833050106,58.781430408972014,0.00023884679767740918,434.2141047756052,272.4026036858944,14.787368116218733,317.76488783533466,11.49725871346584,194.69061494383732,0.5510482489473759,318.50703333711505,320.7168990545941,312.7983355701858,7.918563484408253,1.8696751812328483,320.5303146438082,320.5993912719029,320.67531034819694,10293561207.86381,10291439085.560167,318.5234513184705,229.26504732151957,3.9694194378416894,26.48305761622727,4.12181512131532,2.2854530921441416,288.8464277031232,111.93504252718097,6.115293177643199e-05,154,9.486594763075118e-07,True,2.9238,3,k(T)_cubic_273_373K
ALT_110,GateA_converged_v1,GRAIL-CHT-1.0,alternating,1,790.4050892565067,317.25988754299954,285.7372374692516,1.0850208740335952,0.002713781989708252,0.00022614849914235434,21.382292134067207,0.5739429259586738,0.5556756764564335,5.198875,2.9838575291934,28.056939,9.242249806673392,107.62763984822807,187.5232448739645,0.0005146010122539974,24.962834683517396,6.794753377752659e-05,512.899395254172,266.6179225635888,9.823079321327661,335.7269065276193,18.467018984619756,209.48263753057694,0.5019545356656122,338.8132321653182,343.7841926954353,326.8345353241091,16.949657371326225,4.197805428739608,343.3800430066658,343.5425382819607,343.7072838961598,13189830369.024834,13177755715.54472,338.8908183546845,270.8108806942028,7.606668498736185,46.08593091075108,7.635506055011186,2.1884088344234707,287.19771851021824,171.46542340472675,5.0846970060320456e-05,327,9.635684818931622e-07,True,2.9238,3,k(T)_cubic_273_373K
ALT_111,GateA_converged_v1,GRAIL-CHT-1.0,alternating,1,985.5464013389994,302.891402363758,300.36480374510984,0.9819696977569864,0.0019967121552103926,0.00016639267960086605,20.785491715277725,0.9436105759726071,1.873057785166725,5.198875,4.905713433159588,28.056939,24.98192427237786,70.81165519264567,75.04330387528564,0.0005754799707520867,5.1313184978515425,1.0276595804329094e-05,639.527958653686,287.3509516876711,9.431484851476547,336.94489901562116,34.053496651863156,284.21922829336074,0.5461883806267305,346.20720927575434,357.22814544662435,320.81778509669385,36.4103603499305,9.348652395298924,356.44931808038024,356.772957531997,357.08701647366024,14428470836.53552,14366283380.513071,346.5812601788158,337.67076216914626,7.29090438996435,39.56560812756502,6.594882809260934,2.208303960100081,301.8943540025139,287.72058426761646,4.1030794115387826e-05,505,9.911325378197944e-07,True,2.9238,3,k(T)_cubic_273_373K
ALT_112,GateA_converged_v1,GRAIL-CHT-1.0,alternating,1,656.3288353018759,296.3540637673613,301.08724762328643,4.034770102692552,0.004396840465230032,0.0003664033721025027,27.244101573754833,0.921701674820073,1.0090896923678332,5.198875,4.791811794680208,28.056939,23.83532298138883,110.23602049995907,119.60054268261844,0.0008140230041407374,17.353110462257195,7.652844360888573e-05,425.89637552923426,288.38828884219174,21.0321263902317,308.0128389116692,11.658775144307867,214.27421669735574,0.6183217288053052,308.58397121250766,310.67197352704426,302.998024728637,7.6739487984072525,1.7586462028757266,310.4702143836101,310.54626513272484,310.62667756859884,9069385276.51358,9067622991.11366,308.5989633829621,224.8732862794357,1.242683075789491,8.277771930605457,1.0784777315249439,2.677702489854141,299.312997584018,112.78739328483397,6.085389790860612e-05,136,9.351792868983466e-07,True,2.9238,3,k(T)_cubic_273_373K
ALT_113,GateA_converged_v1,GRAIL-CHT-1.0,alternating,1,546.385655027363,288.26974480816324,303.99312280180527,1.679393284605857,0.004487108910831986,0.0003739257425693322,34.001141648218905,0.4206930978683639,1.987974838153841,5.198875,2.1871308291803904,28.056939,4.965592329598487,91.80050573000192,218.21253116619127,0.0009975646113941298,84.58824698716009,0.00038069877312712434,354.553476246841,292.57331723686406,12.081694481502257,298.37475738551365,10.105012577350408,189.53078047597492,0.6569715149083692,298.82991965986776,300.5376892637314,294.2323353637052,6.305353900026205,1.4449037690842585,300.3827531430009,300.4411262660414,300.50520801434647,7975484755.7449665,7974368710.329849,298.84037472759366,187.20423545833205,-0.19758877086508878,-1.3860385412120166,-0.7427777676004365,0.8534111751089715,300.38226090233866,95.33559360362469,-7.475149533183283e-05,145,9.660280397838505e-07,True,2.9238,3,k(T)_cubic_273_373K
ALT_115,GateA_converged_v1,GRAIL-CHT-1.0,alternating,1,820.3977875911369,304.99374429454565,296.65541476362637,2.1105470053374282,0.003534725916168764,0.0002945604930140637,35.896441513363094,0.5267399468171658,1.8304706900035486,5.198875,2.7384551410090934,28.056939,7.7845372126690116,111.28922238790582,211.27925280847344,0.0006482195623425475,28.314745304797473,0.00010038602210490016,532.3618671524018,282.0444105234577,13.720078620282226,321.825883585572,16.83213929102635,248.69745572199307,0.5741335675067945,323.36447545999994,326.9693543542114,314.3724975041861,12.596856850025347,3.047342485671981,326.68168286720027,326.79160150838385,326.9052799300853,10939554698.91117,10933752224.901571,323.4073688015517,281.0870658564682,3.9141079397924643,24.632996184546503,3.842362179713136,2.2967471333183216,295.7759093661146,161.32490142040737,5.1169349466580346e-05,227,9.876708872980089e-07,True,2.9238,3,k(T)_cubic_273_373K
ALT_116,GateA_converged_v1,GRAIL-CHT-1.0,alternating,1,926.9084279233429,330.96256115011613,295.53544628804866,0.4074848306730378,0.0037186929138691414,0.0003098910761557618,25.53679671928863,0.8183152282757173,0.7098117770599105,5.198875,4.25431858240192,28.056939,18.78804338048491,179.2700107344665,219.0720697110925,0.00042335253904385414,10.442738221362124,3.895018718672996e-05,601.4773672384525,280.4487080318603,7.248442356557543,347.4409619686109,16.478400818494777,256.1425096465417,0.5233725089423902,348.8814644636698,352.4759489848036,339.72147820367604,12.754470781127566,3.021612543655922,352.14603795895266,352.2701918808607,352.4073553507043,14821980786.285503,14815338772.37422,348.9205605332462,317.58004990190295,8.269893683021674,45.493147919426434,7.674351599497719,2.181212051728005,297.92985838249894,164.93069701927283,4.630436182915087e-05,223,9.790110198082402e-07,True,2.9238,3,k(T)_cubic_273_373K
ALT_117,GateA_converged_v1,GRAIL-CHT-1.0,alternating,1,998.9176257812499,296.8310898993229,307.16895772303246,3.6250340604616267,0.0041400787180890745,0.0003450065598407562,31.1220898225412,0.9483121375034237,1.2095141920516117,5.198875,4.930156263863113,28.056939,25.231490493644007,113.3516910957269,119.52993810048928,0.0007454183713404665,13.987333090170624,5.8082908775765785e-05,648.2046397928334,297.1700681447704,19.47512942975418,315.8616451680894,19.030555268766534,329.33382688164784,0.6244141582747085,316.9466012360136,320.5001269819956,307.5734122534223,12.926714728573302,2.988954815072655,320.1666731792132,320.29197103524257,320.4264620936708,10096598098.80411,10091236766.745941,316.98869016850875,342.25204981061603,1.6033125431178854,9.90815338178621,1.4066105906186754,2.5022727891829746,305.8496261707858,182.7912576765155,4.2779421043970066e-05,189,9.936859441950219e-07,True,2.9238,3,k(T)_cubic_273_373K
ALT_118,GateA_converged_v1,GRAIL-CHT-1.0,alternating,1,462.62582989594335,303.5960643373923,311.8556773182949,1.949591204220835,0.0036238781016049676,0.00030198984180041395,30.278033631351096,0.37594717048015713,1.38917464055387,5.198875,1.954502345930027,28.056939,3.9654632459387886,103.99197722155432,276.61327278706864,0.0007112024467789638,80.48424496782631,0.0002925427210261942,300.2011394002869,303.9971834629651,13.108446576039173,313.7175202156462,10.121455878253869,153.317895270702,0.6276666430717232,314.5564874960167,316.67937914109757,309.16053781857,7.518841322527578,1.7910704855763269,316.49608691159875,316.56671996508294,316.6407111523111,9792167820.93848,9790268136.90822,314.57174536361595,158.50620160335149,0.6727156630539464,4.127188246408242,0.38853821927446563,3.638292625037008,309.9341019419049,96.11418333576945,-8.567241268263034e-05,183,9.433163086214336e-07,True,2.9238,3,k(T)_cubic_273_373K
ALT_119,GateA_converged_v1,GRAIL-CHT-1.0,alternating,1,697.6727486673167,299.3149137185423,311.0549585238321,3.375888758008813,0.0011374971698802415,9.479143082335345e-05,31.026841181107756,0.8745166423487433,1.1390358739029218,5.198875,4.546502708990823,28.056939,21.457367788708385,39.62205334893482,45.307374874558626,0.0005859126079376869,3.5455974701603394,4.045242816290803e-06,452.72473031946237,302.82712326930675,18.52837728043349,338.4943291818723,39.179415463329974,186.28786218567808,0.5057068969372183,355.78068071817586,370.3535783961911,322.68341707384434,47.67016132234676,12.761581734335522,369.7517480163294,370.06167654144974,370.2642971828829,16144428897.879349,16022469254.244078,356.45578852450376,239.03865760867615,7.841984722676059,38.474434426902654,6.434236882139254,2.233766267185925,312.68992273001993,237.45248389083196,5.8313279319015246e-05,876,9.94254776287562e-07,True,2.9238,3,k(T)_cubic_273_373K
ALT_120,GateA_converged_v1,GRAIL-CHT-1.0,alternating,1,538.1740661057468,327.77228840410015,291.92996825938684,1.5418814112848336,0.0013769774666337867,0.00011474812221948222,20.658488056125016,0.8876670025988689,0.872528641505915,5.198875,4.614869788136195,28.056939,22.107541049292593,64.72485514381803,72.91569355886804,0.00043418542757100076,3.1847514354413557,4.398526543061538e-06,349.2249187144818,275.3322588776184,11.559149362882367,347.14762706642927,19.375338662329114,111.51991184005902,0.39246029778223207,354.95286112972724,362.1361315512902,338.470413784583,23.66571776670719,6.234140645828015,361.76760064137113,361.9274581737138,362.07452540982933,15903039147.18484,15873866544.972736,355.1158297736805,184.39075708124642,9.963546009011093,53.84069596911867,9.066465600341683,2.189886217312899,294.6521332703745,136.25184435144942,7.465814345887256e-05,698,9.84609641818679e-07,True,2.9238,3,k(T)_cubic_273_373K
ALT_121,GateA_converged_v1,GRAIL-CHT-1.0,alternating,1,553.3646629963365,298.36121755614164,312.8319080192398,1.4379459409532733,0.003493041672257852,0.00029108680602148764,35.56553147598944,0.5299127333574625,1.0693598196642116,5.198875,2.754950061633778,28.056939,7.878599037808295,92.58695138598021,174.72112964593353,0.0007699694243540722,43.36567926823634,0.00015193392660954656,359.0822033709637,305.4257457922826,11.164194575622439,311.21786382935824,12.856646273216597,187.7187890069051,0.6424841216959467,312.37685591190433,315.1102015366397,305.5566054087707,9.553596127869014,2.3117596586738727,314.8939602984208,314.97627944382594,315.0618456557634,9524838759.863148,9521719809.841646,312.40243343798534,189.59540337986886,0.2727416590826543,1.6691956316841057,-0.06546374007311925,-7.810520665425253,310.50738320694643,121.05927855360763,7.427514992782592e-05,207,9.862732213150593e-07,True,2.9238,3,k(T)_cubic_273_373K
ALT_122,GateA_converged_v1,GRAIL-CHT-1.0,alternating,1,764.4003052189355,318.0538907868739,308.58086155248674,2.904577632808949,0.0017001527562989557,0.0001416793963582463,29.90937504750812,0.4127477028105749,0.7252653026004119,5.198875,2.145823713449327,28.056939,4.779798818882747,74.2005251789957,179.77210938724247,0.0004676279509056898,30.032098704483364,5.1212793771183233e-05,496.0247088587037,299.2213366239117,16.737395004674006,346.9788708203814,28.924980033507495,205.5593773348149,0.5093103703256011,356.5303360208353,366.41855005003595,333.9298635183252,32.488686531710755,8.531223475214576,365.9035744408735,366.1226195960989,366.3241442488489,16212929365.282045,16157938616.563946,356.8332969708286,261.90104627739555,8.254003117693228,41.18952083028855,6.89800548692895,2.2254197259467965,310.39872420680933,227.28692342014403,5.326732057183179e-05,590,9.88676674751332e-07,True,2.9238,3,k(T)_cubic_273_373K
ALT_123,GateA_converged_v1,GRAIL-CHT-1.0,alternating,1,568.0148604829012,297.6532278659657,307.51520350418144,2.884283980765398,0.002769768690989766,0.0002308140575824805,20.07801571094827,0.9673640005896861,1.7121773720182283,5.198875,5.029204518565705,28.056939,26.255490193702318,74.61165273579016,77.12882915873277,0.0007576285615267496,9.067641121196441,2.5190841001626122e-05,368.58881907137794,297.672672022482,16.660279126908513,313.4710351946723,15.817807328706635,183.13277014648924,0.6106219957111932,315.86910149978695,319.97749445374166,305.93708447155046,14.040409982191193,3.451435281399795,319.62404690600664,319.76942084578286,319.90798156265475,9961807928.369837,9954709254.20607,315.92539778173466,194.61489646968755,1.4283512318640104,8.851851236246793,1.2017907359750128,2.6031502157595527,305.9551681294875,144.13319040483518,6.840129656894614e-05,297,9.649804724176647e-07,True,2.9238,3,k(T)_cubic_273_373K
ALT_124,GateA_converged_v1,GRAIL-CHT-1.0,alternating,1,990.0515585313489,289.88197728307114,301.8344692729305,0.142426650521995,0.0033821752032368955,0.0002818479336030746,21.334440660972355,0.6538059183198034,1.0565045477830783,5.198875,3.3990552436048684,28.056939,11.99328027624044,83.06498789042216,127.04838785168604,0.0008309934336866954,28.117760363852952,9.538534791693148e-05,642.4513866919019,289.46251375780264,6.241221271983581,312.5936514416984,22.71167415862726,321.08611966261617,0.6142282648170909,314.7701806013465,319.8045864261352,302.15600782048153,17.648578605653654,4.213266064274998,319.3463154145614,319.5189650819582,319.7106224731217,9827391055.415134,9816899228.695654,314.8542496987074,339.21433217332424,2.1853757276401593,14.08176573651783,1.8609298372945378,2.654182282215411,298.9988257149988,213.06031951401667,4.162832821187855e-05,247,9.995117125072284e-07,True,2.9238,3,k(T)_cubic_273_373K
ALT_125,GateA_converged_v1,GRAIL-CHT-1.0,alternating,1,732.0187656714647,318.77005711253054,288.9153375708755,0.4479301097759308,0.0013987863318884555,0.0001165655276573713,27.92217607385199,0.3774292475444692,0.6311385765822997,5.198875,1.962207479327752,28.056939,3.9967905553359175,61.830010662897315,163.81881124782848,0.0004617124183863556,33.903275243523034,4.7566136426170774e-05,475.0121011755731,271.07843789295214,7.402134417148537,347.9237165398462,29.153659427315688,170.45931458550365,0.4410264136620317,359.4821675679272,370.12483541153165,335.3084290442856,34.81640636724603,9.260968622371982,369.6371358469461,369.85821207638895,370.0418995814749,16765557150.172771,16699728354.087273,359.8359065198254,250.8063894207026,11.147717734193517,59.047483111643785,10.15173546555055,2.156430864537031,293.34992046738427,206.27757101133056,5.523137246116869e-05,725,9.843342354542983e-07,True,2.9238,3,k(T)_cubic_273_373K
ALT_126,GateA_converged_v1,GRAIL-CHT-1.0,alternating,1,638.0006636752368,288.5212444622331,286.1964462863453,1.2805536217400584,0.00296284409540995,0.00024690367461749585,25.890943076644575,0.6798850082572961,1.8988811157333934,5.198875,3.5346371723036505,28.056939,12.969141174417393,65.09428660868359,95.74308275385485,0.0009289352106552682,20.67330195997409,6.143607888138032e-05,414.00309666350677,267.2609039235616,10.566103762612222,304.1111955541029,15.589951091869807,193.07668517835518,0.5731585575538868,306.05539299402,309.7961436834537,296.9606276334064,12.835516050047318,3.146838215537336,309.48561463776633,309.60769962932545,309.73078157618363,8779592345.726118,8774050836.822136,306.1037061158139,218.59363503833157,2.7368297654855125,19.923080803245234,2.8569056256204566,2.433540774562275,283.741857628031,140.79977884794735,6.11479950753372e-05,265,9.75864111296687e-07,True,2.9238,3,k(T)_cubic_273_373K
ALT_127,GateA_converged_v1,GRAIL-CHT-1.0,alternating,1,582.0602776758244,322.7069301518482,296.1891486028719,3.9640469251467163,0.0031652145240998455,0.00026376787700832044,21.165481979174768,0.44337284925084747,1.483245879548506,5.198875,2.3050400216490003,28.056939,5.515418575887135,129.6469807829723,292.41073512289375,0.0004982648368512311,31.923383381034856,0.00010134840194188481,377.7029886057861,281.37971975636634,20.76337831555752,334.25461222145856,11.547682069610346,152.78272440682736,0.4971327396243218,335.67236234142877,338.49562639691635,328.69810494502997,9.797521451886382,2.3753932340904886,338.2486820565259,338.343714385425,338.44446507797244,12699669311.925303,12695866292.039858,335.6974970046949,199.42717798385507,5.929230272816672,35.03503401893816,5.680050261863357,2.2374513058454766,296.43367840742275,111.18022002629472,6.971136578748611e-05,233,9.592814649295178e-07,True,2.9238,3,k(T)_cubic_273_373K
ALT_128,GateA_converged_v1,GRAIL-CHT-1.0,alternating,1,702.2304908098218,293.7252403344399,312.0126028896009,3.185308584074141,0.004301124639441072,0.000358427053286756,35.179191223854886,0.581758393642783,0.6693963518673411,5.198875,3.0244891687496236,28.056939,9.49566979628344,103.90553675358882,178.6059950127508,0.0008448173701840503,57.9532786421476,0.0002500143176571064,455.68228109992896,304.22666909973435,17.804172619481736,307.2539001358239,13.528659801384038,243.2277294032582,0.6559934158997054,307.95895584798586,310.36813475825545,301.60321006092903,8.764924697326421,2.037557454039462,310.157100860594,310.2348566682162,310.321502349119,8996737726.280394,8994382524.252966,307.9791138283956,240.6002444207625,-0.2755595956013832,-1.7689132705944672,-0.5831571637681097,1.2276099187338607,309.94011073123806,129.60265112429823,6.02856695377405e-05,162,9.89944737739279e-07,True,2.9238,3,k(T)_cubic_273_373K
ALT_129,GateA_converged_v1,GRAIL-CHT-1.0,alternating,1,718.4347887804221,299.4999013954464,283.45323379517157,0.6292834257148079,0.0032954829772077897,0.0002746235814339825,20.542807910461825,0.9161083411780967,1.243759860998746,5.198875,4.762732752242278,28.056939,23.546912109294528,91.4600503018543,99.83540831452154,0.0007353720747202344,11.686803568327955,3.862955087000605e-05,466.1973634831372,263.4275554769061,8.09127701771627,314.51416013642194,15.01425874097555,206.82319852244282,0.5452277776346968,316.0877873869461,319.5429347967888,307.45042338212966,12.092511414659157,2.895701011256419,319.229863946743,319.3462616901653,319.47668481158826,9987312244.646687,9982305701.172836,316.12741274376367,246.15220791909647,4.345500793136576,30.288570776361293,4.6948028572896,2.282450716277275,282.1650672073688,141.88137252658882,5.483187305809359e-05,239,9.571126611263026e-07,True,2.9238,3,k(T)_cubic_273_373K
ALT_130,GateA_converged_v1,GRAIL-CHT-1.0,alternating,1,749.3655015026209,319.3738146169125,291.29249176186823,3.1145349992586473,0.0026690497593455965,0.00022242081327879972,21.825834812929543,0.9940738727346405,1.9738209509226392,5.198875,5.168065805113304,28.056939,27.72538634882122,109.01898322427787,109.66889505341575,0.0004996593748787629,5.528921447119398,1.4801370569583487e-05,486.2685194835611,274.4309023351981,17.53523299718286,337.2400239751842,17.866209358271703,199.32665147431288,0.5037763237462147,340.35288389203646,345.25870723868115,328.5700855338703,16.688621704810828,4.131704854075096,344.8429609264004,345.01556756000446,345.1794860567408,13430730550.189466,13418925425.705006,340.42771446158724,256.7497782873203,7.320861552562229,43.044304768765315,7.057821964830432,2.2167764518835944,292.14394340499086,165.98617193697905,5.395402884054223e-05,332,9.72028999512986e-07,True,2.9238,3,k(T)_cubic_273_373K
ALT_131,GateA_converged_v1,GRAIL-CHT-1.0,alternating,1,631.5229087409299,307.0110890498341,293.64447458298355,1.799473540644538,0.002738064028969248,0.000228172002414104,27.93861119125312,0.8673510827704496,1.1530177814433924,5.198875,4.509249860438222,28.056939,21.107176312098684,88.51930088989066,102.05705930192272,0.0006312844932895082,9.330355874963454,2.5623983749969237e-05,409.7996361423506,277.76135853093507,12.537999454449244,322.62153600059213,15.610446950758046,178.66324567697376,0.5358116935319372,325.09984183023994,329.19273362096095,315.30610789227904,13.886625728681906,3.456304331335761,328.8702816022966,328.9974083857252,329.1296534641736,11177898725.23234,11170356475.0766,325.15470497937116,216.37420788316112,4.534130195101839,28.651531635185258,4.525165255109687,2.2705910995805496,293.01057959488725,143.00993213738602,6.244773436749445e-05,306,9.607647939446906e-07,True,2.9238,3,k(T)_cubic_273_373K
ALT_132,GateA_converged_v1,GRAIL-CHT-1.0,alternating,1,919.1880732499704,316.1658331301952,285.10774508255736,2.4175786571285736,0.0014591616150100805,0.00012159680125084004,29.825649629434913,0.7232762346155106,1.0814551855327434,5.198875,3.760222734236713,28.056939,14.677384737988243,65.42336942701893,90.45419480953582,0.0004551871424986836,5.28367104373212,7.732928759633057e-06,596.4675750484186,265.7373505207289,14.886798897088578,352.40207852643033,36.23624539623512,221.01557032085708,0.45539112993997605,366.21351817350666,379.31166661970576,336.4763951085993,42.83527151110644,11.350558757895064,378.6762057746749,378.9554619976526,379.2024526484014,18088543907.970577,17986119979.80488,366.73376923990025,314.93487962556503,13.244002408304265,69.00730177193606,11.667866520044697,2.1931543583747013,288.9264317130255,262.60621889044074,4.401050245499149e-05,705,9.809760399548395e-07,True,2.9238,3,k(T)_cubic_273_373K
ALT_133,GateA_converged_v1,GRAIL-CHT-1.0,alternating,1,958.317871817031,314.4999628011986,287.25411875586633,4.7631336443541965,0.0041679494875427785,0.0003473291239618982,25.906323933810665,0.3713315751992302,1.580296498337195,5.198875,1.930506443013898,28.056939,3.8686910405110773,154.4325286791354,415.8884915625014,0.0005508117059772002,67.46783799778689,0.00028204868686910236,621.859175247174,268.7438128177971,23.799907848545946,330.3770480903799,15.87708528918131,276.6110380879138,0.5466709504643298,331.3421649253589,334.4377047847485,323.2559606326371,11.181744152111435,2.6013480030177236,334.14565555052627,334.25815732467794,334.37339754229555,12057765279.434202,12053323757.540781,331.3726847262327,328.3416445305079,6.226319350105681,39.1616379091037,6.342500887801914,2.2222493833668486,287.4817499069897,158.06324231584398,4.5165024073051094e-05,187,9.85542783382698e-07,True,2.9238,3,k(T)_cubic_273_373K
ALT_134,GateA_converged_v1,GRAIL-CHT-1.0,alternating,1,497.41933117026616,316.5382378731803,302.34854325094864,4.392739141424456,0.0023209637358487002,0.00019341364465405835,34.53023324150283,0.8318074706893694,1.4972557147583694,5.198875,4.324463064180196,28.056939,19.412699015219125,87.45123316813464,105.13398382399537,0.0005416539492169337,7.045886267350237,1.640245387505944e-05,322.7788859317038,290.20233228279164,22.392408737412932,330.3053089166685,13.767071043488158,133.56300763849694,0.508545257267031,333.2665981490237,337.2593043072826,323.95476894722367,13.304535360058935,3.405146070964466,337.0035086188786,337.10580014165157,337.20937766390546,12343490642.616737,12335795287.034172,333.31856085567455,170.42725177193964,4.756591673111827,27.65964614100681,4.44786756678373,2.258183589565757,302.2882319779864,121.11272731174743,8.14145266634048e-05,365,9.866043910733424e-07,True,2.9238,3,k(T)_cubic_273_373K
ALT_135,GateA_converged_v1,GRAIL-CHT-1.0,alternating,1,512.7672286370617,289.05795109154644,310.75060399723264,2.630155125721741,0.0032626303643355213,0.00027188586369462675,32.39109545207486,0.541485984682083,0.7104133859549984,5.198875,2.815117948614064,28.056939,8.226492922449738,70.65976925478816,130.49233268017804,0.000942356338144106,57.5153978052209,0.00018821613169122398,332.7382440331898,302.382776116911,15.694589477742614,302.35071067559073,13.29275958404429,181.28392916690837,0.6695840836980324,303.6686282135859,306.5743616045931,296.4288982078167,10.145463396776393,2.453988421398875,306.344774266498,306.4337505783853,306.5233684456786,8506859523.164283,8503539048.556229,303.69826811844405,175.68579284952423,-0.6033834575965716,-3.9760762967751657,-1.0188121633353895,1.4971148205024043,308.1217707743244,120.96667298333556,7.718343116762607e-05,222,9.768187396730355e-07,True,2.9238,3,k(T)_cubic_273_373K
ALT_136,GateA_converged_v1,GRAIL-CHT-1.0,alternating,1,724.0185454566672,295.816667802404,286.20166899726655,1.6060203007114353,0.0013265930080306034,0.00011054941733588361,21.100425425378255,0.8702470184499866,1.3129929180411435,5.198875,4.524305468044175,28.056939,21.2483580530362,40.92414371129836,47.025893618330485,0.0006615727370434528,4.625958003039069,6.155229229964737e-06,469.82070227664946,267.26821969998633,11.802877142703455,328.8669442929194,33.05027649051539,183.26903065022705,0.47940821269795125,342.1729658074628,354.37189030598415,314.4872324176978,39.88465788828637,10.562942877149688,353.7638149289834,354.02776304985065,354.27073676819884,13785712987.33054,13708273995.53061,342.6551851839691,248.06533080207092,8.241774716312202,48.502365168490414,8.052023860284859,2.1925571218271718,287.85108400568174,223.98798619749047,5.498823876449221e-05,756,9.90521755284135e-07,True,2.9238,3,k(T)_cubic_273_373K
ALT_137,GateA_converged_v1,GRAIL-CHT-1.0,alternating,1,771.9648122737694,308.10699978601343,302.7461673178407,1.1012360377775834,0.0036785720384008656,0.0003065476698667388,29.551733683682187,0.36432712210315144,1.7557206517172095,5.198875,1.8940911669240215,28.056939,3.7241168087679415,121.16451106964726,332.5706589457321,0.0006196170050993328,65.029650892322,0.00023993606363035665,500.93337043813483,290.7749960057934,9.884696943554816,323.5354729097757,15.428473123762274,237.23485428225703,0.5820322753018121,324.8136061698175,328.07610432030856,316.55768036676807,11.518423953540491,2.741288443442995,327.7860499032257,327.8977527529271,328.0150647912912,11135807762.175379,11131068431.93644,324.84817502605773,264.4928195913352,3.401743138452692,20.6814586487998,3.174619033288607,2.339416669228559,301.6506996124611,149.21984309804589,5.46285291580441e-05,213,9.864377830126614e-07,True,2.9238,3,k(T)_cubic_273_373K
ALT_138,GateA_converged_v1,GRAIL-CHT-1.0,alternating,1,964.3669342866937,310.29552170572555,300.084705948921,4.789034712805184,0.0011537595141245286,9.614662617704405e-05,23.555094704368358,0.8514957227729875,1.4263689926189884,5.198875,4.426819825731416,28.056939,20.3425423805328,51.9851486607461,61.05156757740469,0.00045295546317866394,2.832077149233589,3.277368059842453e-06,625.7844542271754,286.9491023340601,23.898331908659696,358.92375266289196,48.62823095716641,234.52008762944033,0.4605786623740365,380.6596454059361,398.934978208006,338.6861744214794,60.248803786526594,16.019367348906794,398.13974635224866,398.5102247353857,398.80623120138637,21215917373.456818,20996521685.755543,381.65016443634084,330.41419183194864,15.195077958494887,69.10738575058893,11.591500858895666,2.25402119839691,303.2604664724437,300.8171441187852,4.226045136031067e-05,881,9.857654390543757e-07,True,2.9238,3,k(T)_cubic_273_373K
ALT_139,GateA_converged_v1,GRAIL-CHT-1.0,alternating,1,489.37594650724657,318.91704476479686,289.375923519637,2.591480801150773,0.0024320084678531133,0.00020266737232109278,35.03310659277919,0.3935720018990992,0.7857746436346298,5.198875,2.046131641373179,28.056939,4.345989568652739,93.57035109219024,237.74646225007405,0.000530452280404765,52.595825890872575,0.00012829838910765308,317.5594773201778,271.7269219850008,15.547627044372938,330.4075366205898,11.490491855792925,116.80998920109792,0.45206766236173923,332.7227472219336,335.9699077405426,325.11640432855467,10.853503411987958,2.769672917861572,335.7614659670435,335.8456684091501,335.9281242262094,12260548343.02363,12255470050.880907,332.7572094011696,167.67140402505387,6.2135687664511075,38.41184062689256,6.235868715031648,2.2222721052910637,289.7020932997106,102.90841393408782,8.153780391742741e-05,326,9.681879760137235e-07,True,2.9238,3,k(T)_cubic_273_373K
ALT_140,GateA_converged_v1,GRAIL-CHT-1.0,alternating,1,453.78172839484415,325.3824531857089,307.607754746523,3.817607752704287,0.0022634074713965835,0.00018861728928304863,33.441531442239665,0.6507444036450125,1.8245514457951626,5.198875,3.3831388114999648,28.056939,11.881223668839363,97.29772153704012,149.51756940520224,0.00047476595860998245,8.85176291927768,2.009543262439753e-05,294.4621400275131,297.8070656138325,20.20690946027629,337.6922887158053,12.309835530096393,116.4638861098202,0.48608290742533483,340.4832740589677,344.13230908604567,331.9595032268156,12.172805859230039,3.115226023314566,343.8994109825404,343.99278801110484,344.087500582856,13446226072.777302,13439500560.939922,340.52586296835824,155.47600993452693,5.294408010512578,28.988106578623068,4.7294681561646055,2.247465582235979,308.0170532107442,108.07219798304675,9.074030555358901e-05,368,9.96322796709137e-07,True,2.9238,3,k(T)_cubic_273_373K
ALT_141,GateA_converged_v1,GRAIL-CHT-1.0,alternating,1,974.350433603194,312.77803776697374,293.49422895164815,0.3018476422721085,0.002905525428927119,0.00024212711907725993,22.32385431359204,0.4404149576507096,1.9544694929816675,5.198875,2.289662312956333,28.056939,5.442073570034489,111.17124845548453,252.42387099770977,0.0005333983831781536,26.806371755358228,7.812095766546341e-05,632.2628168181477,277.5482074470048,6.847021040634012,335.8857132460045,23.107675479030775,280.6449437982678,0.5455167837344145,339.2455183585164,345.20581578052344,324.8062873355045,20.399528445018916,5.01158427807795,344.6986706009257,344.89877364759803,345.103384834649,13262374084.366716,13245137657.110432,339.3558329788391,333.83476727998203,6.815078803934254,39.792826698755704,6.581774854925131,2.201868042512004,294.6781818795757,217.83162772440036,4.287273621597603e-05,311,9.955036830433528e-07,True,2.9238,3,k(T)_cubic_273_373K
ALT_142,GateA_converged_v1,GRAIL-CHT-1.0,alternating,1,471.04717476625217,313.9931694724667,302.8139785172258,3.8746762260977627,0.002133371264964219,0.00017778093874701827,35.708188009970776,0.39204500301452183,1.7400214796517917,5.198875,2.038192965047122,28.056939,4.312331446436185,77.24714828038799,197.03643124237615,0.0005636421756273889,29.09462545228064,6.225640712617062e-05,305.6658090360443,290.8726961955094,20.423769659171498,328.2170451083748,14.223875635908087,126.84129559273667,0.5099908021327257,331.6991823216696,336.01827138030694,321.7575724800181,14.260698900288844,3.696953669303753,335.7659550271359,335.8671915027344,335.96987066668623,12114339896.352583,12105357054.433455,331.7606999730944,161.39154717103142,4.438730487482806,25.955962448247746,4.155421859016185,2.265384138455767,302.62891493847866,121.760076901552,8.475260966513823e-05,406,9.810697179091221e-07,True,2.9238,3,k(T)_cubic_273_373K
ALT_143,GateA_converged_v1,GRAIL-CHT-1.0,alternating,1,711.9071899008263,312.90351530616294,295.0943705973755,2.02917270821585,0.0020621752372287127,0.00017184793643572606,24.2363046799546,0.8276627239019959,1.8821592418155604,5.198875,4.302915043725989,28.056939,19.219721038790347,78.40057068319625,94.72526479575963,0.0005368164807648067,6.017313502239589,1.244609317849595e-05,461.96155887697546,279.8211034065405,13.41085629122023,335.001022861088,22.097507554925073,190.47813945612688,0.5067430939284316,340.70339868528464,347.6719778166769,324.5249163907868,23.147061425890058,5.925147258025017,347.1894106683065,347.38954820391115,347.5808345532126,13498571195.657372,13474289173.529377,340.8567904980193,243.91570308704306,6.9376391389144745,39.93847874422931,6.561309159114325,2.2190235380956302,295.97293421926713,187.9157708137223,5.59983044696563e-05,460,9.771033546712715e-07,True,2.9238,3,k(T)_cubic_273_373K
ALT_144,GateA_converged_v1,GRAIL-CHT-1.0,alternating,1,529.8267869891883,329.03542968101715,283.97069399151707,0.653459944984853,0.0012278362490962065,0.00010231968742468387,36.64988721894629,0.4572414698778825,1.0382546763506768,5.198875,2.3771412467113766,28.056939,5.865857552896192,58.73593534846827,128.4571483950376,0.0004266345852384943,12.247812224366424,1.5083558496690807e-05,343.80831086479316,264.14923784636187,8.183147790942442,348.2968343669664,19.26140468594923,98.85637668642559,0.3533758404562393,356.71057191266146,363.8983224203553,340.49671856184455,23.401603858510782,6.3008136075325805,363.614227996405,363.76701192853136,363.8545507224703,16220734589.006207,16190636530.351562,356.8762358651709,181.5307881366108,11.095486060000084,61.11443577504727,10.464349872068107,2.1526063720646453,288.2633705231631,125.41235632136127,7.698036855226989e-05,778,9.942101542037562e-07,True,2.9238,3,k(T)_cubic_273_373K
ALT_145,GateA_converged_v1,GRAIL-CHT-1.0,alternating,1,439.9395751869142,312.1504383601457,309.6480605568326,1.1797494858631703,0.002493957539642099,0.00020782979497017493,25.41775583746568,0.7786169994721285,1.7315074200876397,5.198875,4.047932453130662,28.056939,17.009363043981526,86.01423904542995,110.47053827972442,0.0005917499102262854,9.00753586578355,2.2532008010097804e-05,285.4798699158149,300.77492282665366,10.183048046280046,324.550055739204,12.399617379058327,129.26281846993123,0.5564762932905641,326.900449150907,330.3793055059527,318.656428164422,11.722877341530705,2.943752469177503,330.1109546902738,330.22102234548834,330.3278778496797,11425429707.367392,11419893904.398954,326.9400582668663,150.73337131555027,2.7846742855311213,16.203814100835842,2.4819264966733154,2.3570026621091853,308.7524336620566,111.31478898809503,9.152756125350203e-05,323,9.881860592031444e-07,True,2.9238,3,k(T)_cubic_273_373K
ALT_146,GateA_converged_v1,GRAIL-CHT-1.0,alternating,1,695.9124307239379,311.97989116895155,286.42594566246316,0.915098673176701,0.003547362628140649,0.0002956135523450541,31.857063499127044,0.9801237834041139,1.0954443634635185,5.198875,5.095541034445063,28.056939,26.952691692997835,122.55332310816254,125.03861775756206,0.0005907449143343117,8.956593730525656,3.186788954373676e-05,451.58244768377824,267.5824409630211,9.177374958071464,324.9102239082954,12.93033273934384,191.7306607591023,0.5217987715206407,326.0536666124382,328.84143252378374,318.97581700791136,9.865615515872378,2.3479046748626216,328.5961180197574,328.69088191799494,328.79018032710985,11305532552.333927,11302027341.384119,326.07894424518827,238.43553237703492,5.468352430604452,35.53553586317825,5.700839051486518,2.2321797500731693,286.2544285295792,123.52575486442103,6.050803835855481e-05,209,9.877089155452268e-07,True,2.9238,3,k(T)_cubic_273_373K
ALT_147,GateA_converged_v1,GRAIL-CHT-1.0,alternating,1,616.5602314202838,318.5775775836548,283.03925760915934,3.7921072666208606,0.002538152897205253,0.00021151274143377109,25.31874358955582,0.45200816715793884,1.7252831512479618,5.198875,2.3499339600332294,28.056939,5.7323520148161595,99.29282349857647,219.67041906099448,0.0005216982943179754,23.37966152368066,5.951971477633726e-05,400.090250090242,262.85067244208227,20.11000761315927,332.7467857574366,14.16920817378184,150.32791812948489,0.46177478151400747,335.37728911684684,339.3425241391465,325.98189254442394,13.360631594722577,3.3557517254187514,339.0397708998547,339.1638103741255,339.28421811699513,12658852543.695711,12651283849.716173,335.4274381536171,211.2476520476478,7.349698082035373,46.04055353126614,7.52934276168977,2.2044826794635495,283.8125974090125,128.67353753425382,6.605667342290863e-05,332,9.853511642177182e-07,True,2.9238,3,k(T)_cubic_273_373K
ALT_148,GateA_converged_v1,GRAIL-CHT-1.0,alternating,1,501.1967879182783,317.63184633400823,308.76333127769715,0.0887815751987222,0.003502341018250929,0.00029186175152091075,34.68701418695118,0.7519039161428969,0.676345211365526,5.198875,3.9090544720374036,28.056939,15.862256979628567,130.25364193432026,173.2317642425551,0.0005487670822736209,15.870384934334286,5.5750752388114884e-05,325.23010405768616,299.4867787449797,6.037369985755144,327.67955501472204,10.04770868071381,147.09629941294162,0.5558524772634806,328.64240829420726,330.8478540095498,323.1280401056579,7.719813903891918,1.8656392611587256,330.6698330744962,330.7384290211305,330.80863322564824,11667509869.24115,11665259860.372347,328.6582543804405,171.7214949424583,3.1992431739298723,18.566291936627845,2.8598015693683285,2.3461163643602396,307.84845499780045,97.15889661077357,-8.219728661198462e-05,194,9.627639201426064e-07,True,2.9238,3,k(T)_cubic_273_373K
ALT_149,GateA_converged_v1,GRAIL-CHT-1.0,alternating,1,810.3819935710516,322.95247571051243,305.989666266972,3.4871662435315627,0.0033599795049242516,0.000279998292077021,26.790167779857153,0.6878274117437818,1.843125580085182,5.198875,3.575928735229454,28.056939,13.27392156744848,143.98977686610357,209.3399803608587,0.00047623846162130355,11.892399313204061,4.0078453316690966e-05,525.8625483022103,295.4603565987529,18.951231725419937,339.7244588287254,16.771983118212972,235.5577116526681,0.5505206596203688,341.5430795804201,345.44685313594823,331.8533513699846,13.593501765963651,3.2851849821034276,345.104594216595,345.2366132606375,345.37615149045786,13615135653.24856,13607613329.130693,341.59027127482614,277.655425503567,5.703743544490165,31.279116762025392,5.114709657080925,2.242555952478615,306.5109635648758,163.61918108637485,5.182225493051539e-05,249,9.77470278940018e-07,True,2.9238,3,k(T)_cubic_273_373K
PAR_000,GateA_converged_v1,GRAIL-CHT-1.0,parallel,0,665.0261485403818,289.92298855099943,289.9616569092876,1.8450970027167353,0.00323425763409006,0.000269521469507505,29.224789925588667,0.5215592297444251,1.2415122540389865,5.198875,2.7115212405375484,28.056939,7.632161619936409,73.52187051426124,140.96552475984075,0.0008977957833125931,44.9450328252876,0.00014580121918717628,431.5401229708934,272.55235370232197,12.711368610323593,305.6572989666244,15.734310415624975,212.71524075970927,0.6057953887232044,300.448518830416,307.33005119348263,293.1633491717181,14.166702021764536,4.357867582470494,306.4610036133724,307.0239918482858,307.2782514630767,8158831126.549796,8148548773.335442,300.5432552397229,227.85318492863172,1.6349633654728477,11.994377225461799,1.5086386633989193,2.7339302281661464,287.0150060591503,7.10736003384227e-11,-1.539825354346992e-05,89,8.689780202075781e-07,True,2.9238,3,k(T)_cubic_273_373K
PAR_001,GateA_converged_v1,GRAIL-CHT-1.0,parallel,0,913.2766657605589,295.41924779204675,310.78004620024416,1.407915027025053,0.003159752907975586,0.00026331274233129884,20.238571220916803,0.41531641812097164,1.2974449544028175,5.198875,2.1591781432586665,28.056939,4.8394776392001555,87.96419735722587,211.80043340257265,0.0007331058329869754,59.53821906306656,0.00018869213723190774,592.6316213486868,302.42575121899785,11.050077102695202,318.8968396457295,23.477591853682725,310.0865665715005,0.6430528513198086,310.93842796765324,321.24048081783593,300.10327648458946,21.137204333246473,6.506744297612254,319.92419603382723,320.7796240647712,321.1642713287009,9372095353.240042,9347545636.967812,311.14238374386156,312.90949607210666,0.4077697011085388,2.392410144574865,0.022784781537879318,33.75677311203625,308.2589664477147,7.048782890706207e-11,-1.1225806682014278e-05,90,8.581810106988996e-07,True,2.9238,3,k(T)_cubic_273_373K
PAR_002,GateA_converged_v1,GRAIL-CHT-1.0,parallel,0,550.2224033401654,294.452308131461,306.8768345845313,0.7645911554854578,0.0015128861067452083,0.00012607384222876737,34.489845200834736,0.5823143267007471,0.8952351321581937,5.198875,3.027379395226347,28.056939,9.513826746357578,43.41937051076434,74.56345914888965,0.0007111188795263391,15.083328288595524,2.2888021876923923e-05,357.0431690842567,296.7462479246752,8.60544639084474,322.8729930905722,28.420684959111213,179.7285443706754,0.6186497829470661,311.8402658038722,323.82713074546723,298.52760093025756,25.299529815209667,7.817862430381903,322.4720231912627,323.41691921962513,323.78931249904167,9492081380.483162,9456463874.661419,312.1334863782047,188.51879327648754,1.1251735122863162,6.951074502837095,0.7140386034388885,3.354171328168614,304.0551723094256,7.39373717806302e-11,-2.0004769548765755e-05,161,9.046884201779903e-07,True,2.9238,3,k(T)_cubic_273_373K
PAR_003,GateA_converged_v1,GRAIL-CHT-1.0,parallel,0,990.3463610124817,323.6548123267875,283.03741660372697,0.13488052817056873,0.003945113533167767,0.0003287594610973139,20.721900650096522,0.8876607722866804,0.8737015945043306,5.198875,4.6148373975219155,28.056939,22.107230715803382,171.14633242331212,192.80601077191503,0.0004704477611933071,9.885179397453738,3.91155015232557e-05,642.6426860855264,262.84810791057663,6.212546007048161,340.5985111765879,16.9436988498004,279.4113293512347,0.5343465120932658,335.2095939627553,342.72533483026643,327.35394269235877,15.371392137907662,4.715729189573352,341.74368876347717,342.370227022713,342.6603238618106,12640988388.59466,12625999271.865753,335.3090367937101,339.31533825315796,7.2385901246677085,45.159977110307196,7.5054830043062735,2.174618121331204,284.6311339178635,7.784251465636772e-11,-1.2182578642995655e-05,81,9.542483212499064e-07,True,2.9238,3,k(T)_cubic_273_373K
PAR_004,GateA_converged_v1,GRAIL-CHT-1.0,parallel,0,750.5296095401541,288.09102959418846,289.1408470901188,4.707045918844202,0.003041623399834007,0.0002534686166528339,27.54609390621322,0.722308447264888,0.576686820044626,5.198875,3.7551913287742447,28.056939,14.638132559327344,68.84917960901875,95.3182533995343,0.0009016254626302138,26.15762572833646,7.980104964835329e-05,487.0239173378726,271.3958805176535,23.58677449160797,307.1182167997027,19.027187205514224,241.91138815997374,0.610456272550598,300.6696623534877,308.9682387676724,291.8811951589403,17.08704360873213,5.258743796836555,307.92311203287096,308.60896081239684,308.90878884891504,8187560168.388656,8172566056.488547,300.8074763557534,257.14862835439675,1.6375586822236476,11.94118268060878,1.6585339427860433,2.503154816855107,287.2957266310518,6.703828603349393e-11,-1.3654047344864332e-05,92,8.757158411754062e-07,True,2.9238,3,k(T)_cubic_273_373K
PAR_005,GateA_converged_v1,GRAIL-CHT-1.0,parallel,0,752.7035408603059,308.370338975068,291.99904397446386,4.561641313531132,0.0035659800492308597,0.00029716500410257164,26.75201571440574,0.518488522733044,1.8541632549854499,5.198875,2.6955570186237545,28.056939,7.542556680961535,117.7302510836252,227.06433396644613,0.000618173431962202,27.938810917690567,9.992902941997782e-05,488.4345965890384,275.42998727003726,23.034236991418297,323.5250575716998,15.154718596631767,225.8931530193005,0.5683883735095027,318.59413985066556,325.2841994530242,311.5571575744442,13.727041878579996,4.213935526495171,324.43016164130506,324.96385891550625,325.22996239011997,10313513559.96203,10302701872.233486,318.67769040146504,257.8934669990123,3.719066750392186,24.45531362968548,3.8259672147301256,2.278865831006039,291.204575407728,7.23753146303352e-11,-1.3034489171956652e-05,86,8.028530373849208e-07,True,2.9238,3,k(T)_cubic_273_373K
PAR_006,GateA_converged_v1,GRAIL-CHT-1.0,parallel,0,904.8476701097946,330.2677826801027,297.94940259513277,0.49406515295648845,0.002038001720948485,0.0001698334767457071,27.74319092217125,0.7163896625604447,1.8928515659161784,5.198875,3.724420306943932,28.056939,14.39921806186557,106.58271948003949,148.77757880969796,0.00039024490916498823,5.464021206715921,1.1169192199183615e-05,587.1619870679364,283.8918050700613,7.577447581234656,359.7934517899659,29.525669109863202,251.52466343467714,0.5264670334714783,348.5399097683372,361.2882875159439,334.69925304827024,26.589034467673685,8.190565372095627,359.7609115238959,360.8091374878092,361.2262547979451,14806263448.056133,14757407091.677586,348.82802424098685,310.02152917187044,7.973327127599784,43.24563434700484,7.277944126324895,2.189927016591251,300.10548333819713,8.09015432423621e-11,-1.2858376747016987e-05,129,9.508354992249224e-07,True,2.9238,3,k(T)_cubic_273_373K
PAR_007,GateA_converged_v1,GRAIL-CHT-1.0,parallel,0,976.0613353878628,330.3353520294811,311.1448752058567,2.188219696293398,0.004055141020598762,0.00033792841838323017,25.771221017867575,0.7454726465389433,1.0342351603648545,5.198875,3.875619105275149,28.056939,15.592067748764316,195.23719449197839,261.8971942141934,0.0004238994962414623,12.972885602612624,5.2765176090962436e-05,633.3730329625319,302.9584401496421,14.015234845914915,347.88866697300404,17.553314943522935,297.53728004537084,0.5773382833770148,342.38248498084783,350.1691941993245,334.216160159335,15.953034039989518,4.8840211614989135,349.1510483546579,349.7811475617195,350.1017974438014,13758653661.135984,13741880219.365091,342.4869158475437,334.4209614042168,5.123511758872596,27.266371370438115,4.493838691989648,2.236261276781581,311.8445803322176,8.441617183052586e-11,-1.2099257833149966e-05,80,9.239776090907981e-07,True,2.9238,3,k(T)_cubic_273_373K
PAR_008,GateA_converged_v1,GRAIL-CHT-1.0,parallel,0,853.6739958281371,323.0570571675325,306.771543602992,3.96702151100095,0.0013300254684142684,0.00011083545570118903,36.02720209587796,0.9589980584137747,0.8615435197441346,5.198875,4.985711030935913,28.056939,25.803329233579426,69.35467026038187,72.31992771194717,0.0003913846088348626,2.343587827065645,3.1264107296519177e-06,553.9550316108489,296.5935383357575,20.774681741803608,366.5749223086036,43.51786514107113,241.93785228892392,0.5367571597288432,349.50243300734104,367.67405113849725,328.9282268742142,38.745824264283044,11.961788308072993,365.6740651352888,367.07682119069773,367.62286715187855,15025759841.781809,14921099054.452982,350.1137045895295,292.4882566905282,7.200470413969332,37.20265093895716,6.147260482846873,2.240519764749422,307.8360524092287,8.630365755379898e-11,7.71512373441696e-06,151,9.101369755626365e-07,True,2.9238,3,k(T)_cubic_273_373K
PAR_009,GateA_converged_v1,GRAIL-CHT-1.0,parallel,0,824.5508425708031,300.7589069821375,301.7084103701508,4.049271608546458,0.001016299701749308,8.469164181244234e-05,25.913601854685783,0.5573418282120861,1.2189629953138037,5.198875,2.8975504971461095,28.056939,8.715324533937476,42.15236295480338,75.63107741262706,0.0004920614817664801,6.724544812739324,6.85471703870294e-06,535.0568136000919,289.2811949202156,21.08723211247654,357.76914160320183,57.01023462106434,242.18704496775132,0.5562878132973453,335.4964177446516,358.6731927529685,308.46168281441135,50.21150993855713,15.533786579912434,356.2940022315593,357.9856091357828,358.6170227751149,12831678572.469578,12669268768.082775,336.5664857187673,282.50999758084856,5.398108095237258,30.06406161277896,4.860738576301846,2.2602465894905275,301.82514427710925,8.19429146758921e-11,1.569104795042067e-05,247,9.370536986352818e-07,True,2.9238,3,k(T)_cubic_273_373K
PAR_010,GateA_converged_v1,GRAIL-CHT-1.0,parallel,0,901.3440616144976,301.95778470743284,302.8938470755615,3.059405341709876,0.00392011975438753,0.00032667664619896085,30.292230791671805,0.7972371215877769,0.5180602101491205,5.198875,4.144736140494654,28.056939,17.832626474841213,117.64434183181645,147.56505768009907,0.0006800608704654155,20.038825673192413,7.879096928406177e-05,584.8884709900786,290.9877822698524,17.32574029849753,319.8799883930057,17.922203685572867,293.67503208767965,0.617081463088574,314.3508138195485,322.25117392166646,306.0382394799134,16.212934441753077,4.966642550646023,321.2321871762029,321.85723586156246,322.18439509341226,9779308881.888346,9764687657.92611,314.4684216545549,308.82111268276157,1.8334964439081844,11.664428813665197,1.648197823643557,2.5037830120142353,301.28683805053066,7.816794322934582e-11,-1.3757522811732607e-05,79,9.982751976167492e-07,True,2.9238,3,k(T)_cubic_273_373K
PAR_011,GateA_converged_v1,GRAIL-CHT-1.0,parallel,0,928.9456810647171,291.59030031696295,312.76070787117067,4.812675917127515,0.002317334309788612,0.00019311119248238435,29.621934738630102,0.38001983501300113,1.4188691471028188,5.198875,1.9756756197532164,28.056939,4.051844950048254,65.5823376165452,172.5760909672031,0.0007211428404639633,50.09648646500817,0.0001164396257625118,602.7993550626624,305.32147995322066,23.988168485084554,324.345010973751,32.75471065678806,317.2771099148859,0.6468662587184989,312.3378717061278,326.44737758851386,297.14937271422536,29.298004874288495,9.032016457618099,324.73817561688725,325.9027399307404,326.3659241009484,9564676226.195663,9516967508.947262,312.7285767355258,318.27805947308576,0.19662785243791384,0.8651889458917361,-0.06082915858573004,-4.483386134742756,311.3688737718689,7.257057177412207e-11,-1.1964866230195825e-05,109,9.399267355547636e-07,True,2.9238,3,k(T)_cubic_273_373K
PAR_012,GateA_converged_v1,GRAIL-CHT-1.0,parallel,0,771.8174733830637,291.94279192024027,311.8715512665953,1.5762318209862358,0.0034095096554271815,0.0002841258046189318,35.87332746500598,0.9518801654980772,1.9606799146600045,5.198875,4.948705995403816,28.056939,25.421714837914998,84.0435165282286,88.29211866627384,0.0008279559013316194,12.423490173936043,4.2485466100440976e-05,500.8377612005836,304.0203946660905,11.689680919747696,310.86688931018784,18.924097389947576,269.7015117839111,0.6618123266030835,304.7045455882545,312.98710327963244,295.9719483853784,17.01515489425401,5.227429852433872,311.92994114483554,312.6135617383986,312.9218009551696,8635385505.334581,8620168047.386816,304.8389328230088,264.44233791390815,-0.5488365849281638,-3.67925942114357,-1.031044553505576,1.389779361006616,308.8252579431913,7.62153717914771e-11,-1.2596479782041733e-05,86,8.12827238405589e-07,True,2.9238,3,k(T)_cubic_273_373K
PAR_013,GateA_converged_v1,GRAIL-CHT-1.0,parallel,0,562.924600032789,299.7791555313195,303.8651219233999,2.1664994111482425,0.00407094533307417,0.0003392454444228475,36.8832382999269,0.9116754511866948,1.881367714064413,5.198875,4.739686711288228,28.056939,23.319584563334047,108.94618552416422,119.50106299599594,0.0007626104259743572,14.57327489384894,5.950552198266932e-05,365.285713433477,292.3885480940689,13.932697762363322,310.71658409548075,10.93742856416128,186.11731635485674,0.6261849585507754,307.42293345365306,312.249710599378,302.35881715805857,9.890893441319406,3.0318750646889403,311.62466666334404,312.01180722461834,312.20867301901194,8937136189.884624,8931924621.003933,307.46776716594877,192.87085669287586,0.8218586587340203,5.419896366582046,0.5118263282185822,3.5951303170415683,301.35273525237767,7.725674322500709e-11,-2.126579216378544e-05,78,9.66472953223274e-07,True,2.9238,3,k(T)_cubic_273_373K
PAR_014,GateA_converged_v1,GRAIL-CHT-1.0,parallel,0,838.4220336863228,293.95984013715275,299.6206455704648,4.134651374192369,0.004115655094195177,0.0003429712578495981,34.18477798000709,0.9316976972565207,0.8271843176286602,5.198875,4.843779865824495,28.056939,24.355123276497515,102.90215650257373,110.44586329404878,0.0008162702963470896,16.15326621310245,6.668131632682642e-05,544.0579266132905,286.2837391295052,21.411675221931002,310.1530764363749,16.19323629922212,278.57934144955107,0.6292921320176,305.33956667842955,312.466418295614,297.8610993197483,14.605318975865714,4.473576962865614,311.5435351862184,312.1097393179504,312.4058894363519,8703445055.002167,8692252622.680449,305.4378105872065,287.2625852518174,1.0146614851650897,6.845891680745992,0.8227232856972226,2.875636364591315,297.672276280994,6.95115431881277e-11,-1.1365678518088002e-05,77,7.685261493861617e-07,True,2.9238,3,k(T)_cubic_273_373K
PAR_015,GateA_converged_v1,GRAIL-CHT-1.0,parallel,0,798.0382816002146,318.1956130841734,303.0469146489685,3.1966450121689083,0.0026454515377392056,0.00022045429481160048,35.53790413595273,0.887172994831354,1.9889681639490555,5.198875,4.612301503503856,28.056939,22.082941153190863,109.24719035847312,123.14079778684012,0.0004942071571569763,6.352743764998188,1.6856445097269415e-05,517.8526271983503,291.2083863900321,17.84725104624185,339.78690094458653,21.59128786041316,238.7561897093773,0.5666266439383494,332.01183847608405,341.4122622648098,321.95197840705134,19.46028385775844,5.983864338863391,340.25049031617186,341.03545975514123,341.35207999396533,12174733354.968096,12151063154.89076,332.1734097771501,273.426187160729,4.479280844324046,26.023860952372647,4.166890371651732,2.2669789968314324,302.8655258422589,7.309125749088708e-11,-1.2697026972402031e-05,106,8.430645834778261e-07,True,2.9238,3,k(T)_cubic_273_373K
PAR_016,GateA_converged_v1,GRAIL-CHT-1.0,parallel,0,419.67766139420814,290.5577996847044,297.10667679223724,1.1536383617017183,0.0044400039265955794,0.00037000032721629827,25.513787548873577,0.536873852766715,1.7530438682578398,5.198875,2.791140051302555,28.056939,8.086950675148298,93.11733695329403,173.44360592981948,0.0009731332327494439,52.519960727260816,0.00023389050336377495,272.3317722223314,282.6882096058014,10.08382577446653,298.14357294739426,7.585773262689884,140.78600764349662,0.6353451482398836,296.0034079333976,299.377704807953,292.49160168438254,6.886103123570479,2.109757780639385,298.937418583807,299.2079007485825,299.3490495645873,7679256716.019247,7676916992.064684,296.02595888469136,143.791175733391,0.3817408645597986,2.7821783065907506,-0.15871612204753116,-5.158856959714077,292.8874122371654,7.152920034059207e-11,-2.4312485430318813e-05,74,8.212614375224803e-07,True,2.9238,3,k(T)_cubic_273_373K
PAR_017,GateA_converged_v1,GRAIL-CHT-1.0,parallel,0,420.62734038751023,296.0346824353978,295.0860820936869,0.7148942807234453,0.0011535632406231052,9.613027005192543e-05,23.09827031633141,0.9040517563473457,0.8473214639426637,5.198875,4.700052074780308,28.056939,22.931204978402732,33.14044342930321,36.65768380695487,0.0007103994071451749,4.205089153448768,4.8654325686674345e-06,272.94802556883803,279.809314218778,8.416598266749093,321.3915841763946,25.35690174099676,122.2683011320346,0.5505318601750142,311.44901909263564,321.92153906442354,299.48356720644597,22.437971857977573,6.94452259683053,320.80814352575635,321.59483170787047,321.8942029803734,9437121119.518373,9409095350.03196,311.6806796675089,144.1165575003465,2.5277003173312456,16.966628536233173,2.353970099829303,2.5288414559984953,292.44666350196974,6.912102890055394e-11,-2.9549055687774776e-05,210,9.624788503970194e-07,True,2.9238,3,k(T)_cubic_273_373K
PAR_018,GateA_converged_v1,GRAIL-CHT-1.0,parallel,0,833.3940397409776,323.26131588705084,298.58867496754783,1.8711517102065234,0.0033296958711766023,0.00027747465593138353,21.255356230959027,0.47941310137200444,1.2506909313589545,5.198875,2.4924087873953797,28.056939,6.448520493967963,144.11878056956084,300.615023154594,0.0004715236560135234,29.388515355932984,9.814926603877656e-05,540.7952261461984,284.80596112286304,12.810376498784787,340.69667145292186,17.43535556587102,242.66752341993873,0.5514769248620703,334.78682279852814,342.4818102980824,326.67703141225707,15.804778885825328,4.854531014154298,341.4916103485193,342.1319459225738,342.4225596016655,12578266489.909777,12562423304.76438,334.8923275815198,285.5398794051928,5.493031782528035,32.171898378094376,5.207461085305341,2.243143607529352,298.7548054945738,7.80377718001546e-11,-1.2348773761351567e-05,91,8.384895977542328e-07,True,2.9238,3,k(T)_cubic_273_373K
PAR_019,GateA_converged_v1,GRAIL-CHT-1.0,parallel,0,843.7684152486023,318.67625783289697,291.06401622014175,1.0038396397859009,0.0018824696054904277,0.00015687246712420231,30.579805720022197,0.5878372187125208,1.3795245135427758,5.198875,3.056092220434057,28.056939,9.69514809894959,83.57041691419506,142.16591643725917,0.00045972159102728084,9.776292638822465,1.8458950598759378e-05,547.5272310337248,274.1080904482044,9.514590631186422,348.5845690063025,29.908311173405536,235.3402145543301,0.5282493339019698,337.1282872987631,349.9472096250639,323.0970060744478,26.85020355061613,8.274677822970803,348.43591200804264,349.47766553497695,349.8918235815719,12964215015.493464,12917568610.700886,337.4322255351441,289.0943779858067,6.787814967569239,40.339589463188204,6.626800359646492,2.2101104679886947,291.9485851720867,8.239851467806147e-11,-1.4306375513305363e-05,136,9.884235510071449e-07,True,2.9238,3,k(T)_cubic_273_373K
PAR_020,GateA_converged_v1,GRAIL-CHT-1.0,parallel,0,412.9220497852431,294.2961977224101,297.58100765129586,1.089179494414088,0.004212618070204632,0.00035105150585038595,35.14611779220589,0.4659905763965939,1.5668394198669648,5.198875,2.422626757863842,28.056939,6.092486229537332,96.51131061401772,207.110005014091,0.0008908269969450201,65.65480229721025,0.00027741083907015094,267.9480085599927,283.3654473893814,9.838882078773533,301.9656123291643,7.669414606754174,135.04875486207064,0.6194247971711988,299.7260627416194,303.11307474017485,296.1735428607779,6.939531879396952,2.126289348678256,302.6747359428422,302.9438032627289,303.0843507418613,8072891901.154555,8070455273.908115,299.7486834610822,141.47654851967613,0.7512302603459091,5.368008501985064,0.30858736090181293,5.675309542943603,293.7139781279555,7.361194320765207e-11,-2.2947709450795026e-05,77,7.683557896598359e-07,True,2.9238,3,k(T)_cubic_273_373K
PAR_021,GateA_converged_v1,GRAIL-CHT-1.0,parallel,0,875.4536789017523,325.775013389468,305.7690239849724,4.74464009680789,0.003446100549552857,0.0002871750457960714,26.910571712988776,0.8482533923778348,1.7292879502444003,5.198875,4.409963355298316,28.056939,20.187916431099048,155.85985415377357,183.74209352333415,0.00045124580403398546,8.23937421586814,2.8479149461659814e-05,568.0880204150992,295.1408394656134,23.729632367869982,343.94692423602464,18.17191084655667,261.7609295708319,0.5662884836240779,337.8612328870338,345.8676546458954,329.40765453034084,16.46000011555458,5.049003451289583,344.8364358879264,345.5055963118099,345.80417389191143,13047725276.358353,13030271056.703419,337.97431849055437,299.9504747791724,5.101395013840743,28.47140398067748,4.616781217075008,2.253777056214402,305.9737107755578,7.719165751041146e-11,-1.1669677381940744e-05,89,8.260195158982242e-07,True,2.9238,3,k(T)_cubic_273_373K
PAR_022,GateA_converged_v1,GRAIL-CHT-1.0,parallel,0,953.8114044988463,307.8843379718956,295.4861083758742,2.5992249751432173,0.0019257529370206423,0.00016047941141838685,27.080605732254007,0.8339389468071343,0.9327479958952514,5.198875,4.335544342081941,28.056939,19.512315140865105,75.31133743863404,90.3079748547244,0.000521866844268303,6.081033520810104,1.1745805579559715e-05,618.9348970591327,280.37848205866766,15.577054905544227,343.40099943364015,35.51666146174455,285.8965972146517,0.5676917108603385,329.8398146305125,345.06391824001224,313.25647475749054,31.807443482521705,9.810836346454856,343.2604686531085,344.50152751446785,344.9925553270829,11898962989.933025,11836200433.903019,330.2761994376106,326.7976256472221,5.115489034013862,30.843457668580573,4.942119947472311,2.2548969950111695,295.2956299085817,7.374211463684333e-11,-1.1694545291721358e-05,129,9.16625936042692e-07,True,2.9238,3,k(T)_cubic_273_373K
PAR_023,GateA_converged_v1,GRAIL-CHT-1.0,parallel,0,531.7725858232911,330.9172651187181,288.9585387164728,3.7231615847216553,0.0022305724509895618,0.00018588103758246347,29.699153868439048,0.9926589321225803,1.3169377670858027,5.198875,5.16070970573878,28.056939,27.646515237024474,104.96560341886708,105.74186160237484,0.00043369940304898173,4.029671758051051,9.015521374161835e-06,345.0709533488343,271.13924119053877,19.84801402194229,344.15578221847073,13.238517099752642,123.43319101488915,0.4396145819002944,339.1964440580566,344.92694449351654,332.9908804294673,11.93606406404922,3.6731640951817996,344.2340691726319,344.70708496837995,344.89496674698194,13246785488.448593,13237475302.814262,339.2560692741134,182.19746336818451,7.383293483079547,44.15379553301918,7.227218870288431,2.215378400220954,289.7448914644343,7.562960036011646e-11,-1.9502517282598575e-05,124,8.6157655232455e-07,True,2.9238,3,k(T)_cubic_273_373K
PAR_024,GateA_converged_v1,GRAIL-CHT-1.0,parallel,0,743.7271045448539,298.98086309716166,290.2499396811121,3.8335513224652544,0.002190668703651887,0.00018255572530432391,28.522836401271444,0.5467410126012517,1.2842576267577013,5.198875,2.8424381818873328,28.056939,8.386941108503985,66.21665716369773,121.1115603869848,0.0006751945818199932,20.2349451431417,4.4461445381337286e-05,482.60972422888744,272.9589161159466,20.267495025367968,323.5938581684263,24.612995071264663,225.38107726406696,0.5739445265211133,314.4495719882703,325.0588971780599,302.9846600025357,22.074237175524217,6.808901840913839,323.7870732276495,324.65705431293384,325.0016165465613,9804449025.82006,9776964352.227537,314.6703319191441,254.81793439285258,3.3534622292517744,22.60207345854996,3.481356120944146,2.3038210929131164,289.13560722334876,7.484857178496895e-11,-1.3609701510536438e-05,119,8.601409717812203e-07,True,2.9238,3,k(T)_cubic_273_373K
PAR_025,GateA_converged_v1,GRAIL-CHT-1.0,parallel,0,820.1821239042806,320.6421309052611,287.02409856660813,2.7500998617712287,0.0012704591843071562,0.00010587159869226302,24.348695262100602,0.37330452706702716,1.836854270120929,5.198875,1.9407635731555912,28.056939,3.9099103646581033,62.6100132734678,167.7183337833621,0.0004141297386975412,13.732186093264048,1.7498677976732515e-05,532.221921476355,268.4210804945882,16.15037947473067,360.8487474381773,40.2066165329162,213.51801672058602,0.4930492525951741,345.0443755617912,361.7982749445621,326.0150113152342,35.783263629327905,11.055329117882588,359.9792468021318,361.2586964314777,361.7524192597618,14261378320.681099,14174240917.132208,345.57345513540025,281.01317453951543,8.72627816231167,50.42213258152016,8.346789897146806,2.2032252328619477,288.5723846233683,8.044594324019271e-11,-1.5238448978084873e-05,179,9.203637318933033e-07,True,2.9238,3,k(T)_cubic_273_373K
PAR_026,GateA_converged_v1,GRAIL-CHT-1.0,parallel,0,791.7805039860735,317.30760216951785,295.71990328715196,3.3189656435484864,0.003975480795289555,0.00033129006627412956,31.528801456415408,0.4084856822739875,1.4646972621041592,5.198875,2.123666001432177,28.056939,4.681596346445454,152.14490241757576,372.4607961057646,0.0005332756464924267,52.342306102042855,0.00020871196859562551,513.7919115000909,280.711310024783,18.312069445484248,331.38355946263033,14.07595729311248,233.90735719727368,0.5595065249749591,327.0105041341941,333.222251687088,320.45696959155066,12.765282095537316,3.9029852341804294,332.41549351049355,332.9167948028843,333.16909359078903,11445051913.124561,11435280252.898094,327.08034090287464,271.282129272048,4.572942147564765,28.300403818335226,4.5014619810834,2.262198591773363,295.31449949974365,7.927440037747146e-11,-1.322321126599148e-05,81,8.327814384756493e-07,True,2.9238,3,k(T)_cubic_273_373K
PAR_027,GateA_converged_v1,GRAIL-CHT-1.0,parallel,0,495.2617992036387,327.8332698730215,292.33292334818515,2.0678419451632473,0.003525337671568306,0.0002937781392973588,29.021882808546998,0.48288076353769444,0.6745568969633634,5.198875,2.510436729537031,28.056939,6.542143975061469,152.52524789704987,315.86523923548987,0.00047171368885417494,43.11899974885705,0.00015246643347541634,321.3788483358355,275.9025231020515,13.557799391620339,336.07267004452655,8.239400171505054,121.41507146976447,0.46430551931182434,333.3561009289193,336.9915683470454,329.5037334563882,7.487834890657211,2.2946614846823636,336.5246185600826,336.82199781013054,336.9622559432772,12352562504.371387,12349052335.060871,333.3797871927799,169.68803192132117,5.982303032694142,36.38910431471236,5.901589270388323,2.2286440703271677,292.60087968167454,7.946965752125833e-11,-2.1313370022310024e-05,89,8.554019359507947e-07,True,2.9238,3,k(T)_cubic_273_373K
PAR_028,GateA_converged_v1,GRAIL-CHT-1.0,parallel,0,723.0279553610814,323.7924955719351,304.9810536258315,2.3922037167086865,0.0012555858983657531,0.0001046321581971461,36.33650959458871,0.4386569949102722,0.5284643868636877,5.198875,2.2805228844141414,28.056939,5.398715057199856,63.60352047164225,144.9960247063937,0.0004028884079321257,19.443592422633227,2.4486560139849037e-05,469.17790142949315,294.0007026872332,14.79037412349301,361.62368591857756,37.83119034664247,198.55129211171388,0.520096230110696,346.75967113246816,362.4904226879666,328.84804814489877,33.64237454306783,10.389259428853183,360.78118964119847,361.98319456618714,362.44738914836233,14535929293.62731,14458203380.257603,347.2247712304025,247.7259319547724,6.856777792154381,36.307639117477606,6.010266765015718,2.2292213850004896,306.0956896175492,9.294240044255275e-11,-1.7693581305353257e-05,188,9.559093427924381e-07,True,2.9238,3,k(T)_cubic_273_373K
PAR_029,GateA_converged_v1,GRAIL-CHT-1.0,parallel,0,618.9247322077965,308.459823980049,288.5582366086826,3.637669881380784,0.0015725785126363555,0.00013104820938636297,29.970130599624447,0.6175092711914679,1.8279088836566384,5.198875,3.210353512265543,28.056939,10.698607448728422,57.206262332765014,92.64032946806942,0.0005610328110737742,8.001545959661495,1.2620922010066112e-05,401.6245912027645,270.5760115407388,19.52314554924698,334.2846510323648,25.82482705231581,169.75635472079162,0.5194625951210402,324.2633283900901,335.18948936632376,312.1187777427558,23.070711623567945,7.12319998963002,333.9478709058461,334.8121995429933,335.15314924818495,11087805402.074755,11055829811.801188,324.49753253940486,212.05778415505966,4.986510223411655,32.17843058132497,5.136530102786205,2.243835252293795,288.22399512184086,7.621537179147709e-11,-1.9557525298803458e-05,159,9.843379302765243e-07,True,2.9238,3,k(T)_cubic_273_373K
PAR_030,GateA_converged_v1,GRAIL-CHT-1.0,parallel,0,470.11640994774154,302.6023840379518,301.20681553418734,0.3056149554394315,0.004335434188787515,0.0003612861823989596,21.598768107164,0.8384744813914886,1.4859370968243448,5.198875,4.359124019444176,28.056939,19.725135130034353,119.59850463412978,142.6382165330188,0.0007398204733225147,17.74814912625289,7.717746490436916e-05,305.0618292299591,288.56009323766057,6.86133683066984,310.8231010814846,8.220717043532773,148.97677889835927,0.6001768591085045,308.4038478023287,312.0567679160996,304.5972220322816,7.459545883818009,2.2882723898172768,311.5813607354609,311.87320597061984,312.0255728148139,9049457887.643747,9046470088.402687,308.4293089676223,161.0726458334184,1.4331839728451905,9.627357148552159,1.035364175013315,3.183095203500276,297.62136007682426,7.068308605084894e-11,-2.3816180174661202e-05,76,8.9244446144221e-07,True,2.9238,3,k(T)_cubic_273_373K
PAR_031,GateA_converged_v1,GRAIL-CHT-1.0,parallel,0,655.7991262084852,296.6202907184971,298.6751857806534,1.2207335571072282,0.003870850152624984,0.000322570846052082,26.57660503869469,0.9284069807424187,1.2758472353159427,5.198875,4.826671842007242,28.056939,24.183384587392073,99.22288603387777,106.8743429250524,0.000796185018667545,14.47443736910866,5.619696900639422e-05,425.5526435905694,284.9297463594676,10.338787517007468,309.8024149348951,13.182124216398051,213.28879509615746,0.6159752814157582,305.7136426275011,311.5238000226035,299.62085750844324,11.902942514160259,3.652513373325388,310.77331647811286,311.24725890484046,311.47454360774714,8742406446.615932,8734926985.151564,305.7790650276382,224.69179581582065,1.3237677590093206,9.066720641768349,1.0125515344514684,3.0683703462303464,295.5590589217177,6.612708602915518e-11,-1.745304753886531e-05,80,9.362896662423736e-07,True,2.9238,3,k(T)_cubic_273_373K
PAR_032,GateA_converged_v1,GRAIL-CHT-1.0,parallel,0,819.5574545373693,326.2791836055744,285.9847573438376,4.971388242420731,0.0017684770724361067,0.00014737308936967555,34.06900665267826,0.4891669850265414,1.773092502709974,5.198875,2.5431180092798606,28.056939,6.713586109710769,87.08140667344054,178.01979556881918,0.000414470375901681,10.741072874179917,1.90524986071741e-05,531.8165691514805,266.9644342307593,24.591275321198776,355.0955884128802,28.816404807305787,213.01761206514797,0.49226865652856744,343.9808942402356,356.26820796545246,330.4357140664517,25.83249389900078,7.9608198593885895,354.8360293708089,355.82604823624973,356.22001788899,14045243914.014404,14000298157.885614,344.25663664672754,280.79914851198174,8.63818233735629,50.800078388382836,8.343317105511007,2.213494362352438,287.08560997629024,7.85584575169196e-11,-1.4738084704715149e-05,145,9.772202247404493e-07,True,2.9238,3,k(T)_cubic_273_373K
PAR_033,GateA_converged_v1,GRAIL-CHT-1.0,parallel,0,579.0553231501474,332.8947961003202,286.45234180833114,1.746344087842149,0.0024364679095118203,0.00020303899245931837,20.556175891957338,0.913510271340797,1.0258242067564085,5.198875,4.749225711916886,28.056939,23.413544097005033,117.9946269772121,129.16617434856695,0.00042142273480387765,5.0628156396512685,1.2372505353846415e-05,375.75305257939266,267.61943119371085,12.336107533800167,346.1452226827576,13.250426582437399,134.94811966978563,0.44138020973581915,341.2352120460341,347.0064286945943,335.0471634851691,11.959265209425212,3.6837053739349015,346.2986426930229,346.7777554538514,346.9710174236108,13568092938.80454,13558615921.811647,341.29482441030586,198.39761176191934,7.974263101506883,47.594206737902724,7.881056960047368,2.1935596305436795,287.930453321701,7.673605750824208e-11,-1.7493821092148266e-05,116,8.413362593273632e-07,True,2.9238,3,k(T)_cubic_273_373K
PAR_034,GateA_converged_v1,GRAIL-CHT-1.0,parallel,0,594.3601219132995,326.9945405788925,296.0311937635885,2.842228210237338,0.0031453022545347062,0.00026210852121122554,21.712227390844223,0.6213962857512316,1.7104063420141242,5.198875,3.230561615084935,28.056939,10.833719676942843,138.2855114007563,222.53997098417994,0.00046420007167574396,13.44386584958877,4.2412258341397895e-05,385.6844436303934,281.15466409919856,16.500467198901884,338.9964063579416,12.001865779049126,157.79289116268853,0.5028099322925318,334.8458904820402,340.12733297112226,329.2547840626808,10.872548908441445,3.3420060508288407,339.45338820714136,339.9014451025263,340.088515414486,12578803167.077702,12571291391.510813,334.8958997389084,203.64138623684772,5.807466679796656,34.45719176635319,5.583877485750146,2.2371492840367098,296.2543807309004,7.686622893743333e-11,-2.0063574284788307e-05,95,9.794680408958811e-07,True,2.9238,3,k(T)_cubic_273_373K
PAR_035,GateA_converged_v1,GRAIL-CHT-1.0,parallel,0,410.70690440714503,320.1420542511898,296.2981592874637,0.9875956476776576,0.002665405669300759,0.00022211713910839657,29.7908730579627,0.5361920901861852,1.2383548732189122,5.198875,2.787595652866704,28.056939,8.06642488615299,102.85531511690121,191.82549873345974,0.0005288786981388028,20.519119773595705,5.485634721524904e-05,266.5105852181272,281.53507428982994,9.452863461175099,329.5379745097666,9.395920258576837,104.68366554462575,0.482739676273856,326.16544351602835,330.2676338760788,321.77021702089,8.49741685518876,2.6132834310991795,329.7596549550278,330.10335684598334,330.2412763797116,11321891456.588774,11317533443.886086,326.19683789943895,140.71758899517116,4.39783837027781,27.339419088508517,4.296703827782355,2.284977322307561,295.5457265785927,7.634554322066835e-11,-2.6887913264641102e-05,107,9.260351703233027e-07,True,2.9238,3,k(T)_cubic_273_373K
PAR_036,GateA_converged_v1,GRAIL-CHT-1.0,parallel,0,724.3637728008248,328.54542615735176,284.2217641623046,2.959598059007493,0.004375715283514851,0.00036464294029290423,36.46722767851432,0.7041326473680166,0.7364006413203552,5.198875,3.6606976170853978,28.056939,13.910708497285976,194.4340034785727,276.13263524330137,0.0004592998824948967,19.081122362551802,8.374479312781838e-05,470.0447227168647,264.49963307672726,16.946472624228473,338.8360464750194,10.290620317667617,188.2204868316226,0.4921259291840375,335.7629577093594,340.3320789340328,330.97089516495856,9.361183769074216,2.8622337463341387,339.73293003115873,340.0995559151045,340.29241668724706,12715118556.54867,12709577905.2735,335.79954510479183,248.18361359450458,7.2796657943051875,45.26879456785009,7.414709750888667,2.2034128460048694,285.06262383324145,7.823302894394146e-11,-1.7466971864112216e-05,77,9.795438131732226e-07,True,2.9238,3,k(T)_cubic_273_373K
PAR_037,GateA_converged_v1,GRAIL-CHT-1.0,parallel,0,658.1298889177431,306.95255190810747,300.6576072828619,2.8824762853579693,0.0017186943461405665,0.00014322452884504722,21.522253270562796,0.8245673574504752,0.5691613145964778,5.198875,4.2868226204653395,28.056939,19.076230626286584,61.77273665540841,74.9153311700416,0.0005678338828739186,6.598881174745585,1.1375586525465051e-05,427.0650918279459,287.77123000765647,16.653409884360283,334.40783316906317,27.4552812609557,197.24264930109706,0.5676168640367139,323.801333551594,335.49497408029885,310.94964532434614,24.54532875595271,7.5813420474987785,334.13974041354965,335.0781959898624,335.4416741623321,11029077070.964758,10992957074.243614,324.0669881815797,225.49036848515544,3.510961650221914,21.407344769080165,3.329453608403526,2.3116186015345828,299.82544602123875,7.022748604867956e-11,-1.8113255790851998e-05,146,9.827957114794117e-07,True,2.9238,3,k(T)_cubic_273_373K
PAR_038,GateA_converged_v1,GRAIL-CHT-1.0,parallel,0,969.5017450068754,310.2364778902219,309.27629426195597,1.503492704081898,0.004398783510533091,0.0003665652925444243,27.44244315317582,0.6878851094786527,1.136876073865622,5.198875,3.5762286985408305,28.056939,13.276148600906486,152.96440953143102,222.36912447103643,0.0005868967314357135,22.516765996255543,9.934441221149559e-05,629.1164688471764,300.23341575580815,11.413272275511211,327.3845822049065,17.148104314684588,315.30073771468415,0.6159457589132631,322.3350246013044,329.95234456406433,314.3822089137885,15.570135650275859,4.764763667868199,328.95405090947673,329.56548035602657,329.88647159600475,10809332644.386175,10795182588.022945,322.4405999006486,332.17349555130914,2.1611398300738025,12.833028340152662,1.878627337044377,2.4470970699880596,307.9622358469622,7.458822892658647e-11,-1.1340653708141836e-05,75,8.571812486479757e-07,True,2.9238,3,k(T)_cubic_273_373K
PAR_039,GateA_converged_v1,GRAIL-CHT-1.0,parallel,0,490.97741315638746,308.9782780362449,300.00981062917305,0.8255660325588331,0.004167247376564268,0.000347270614713689,26.13694728558865,0.8071372894371404,0.6826332099655632,5.198875,4.196205875622513,28.056939,18.278270996719304,130.77131737153022,162.01867895698885,0.0006503636805085451,18.728338784194552,7.828046205199758e-05,318.5986802390719,286.84168364520804,8.837150923723566,317.4936263641194,8.515348327874506,148.3296532558397,0.5721798316231784,314.91895985402203,318.6948863682385,310.96457281457236,7.730313553666122,2.3685031432252797,318.20343527521715,318.50566884946966,318.6625154778187,9838810229.853237,9835472611.603012,314.9456729968799,168.22010316622996,2.364471777952613,15.38119227027897,2.1448283698362007,2.52672409943284,297.6922678035616,7.218005748654831e-11,-2.5269083018706962e-05,78,9.902954616336501e-07,True,2.9238,3,k(T)_cubic_273_373K
PAR_040,GateA_converged_v1,GRAIL-CHT-1.0,parallel,0,815.8476947248176,325.35193455815187,294.42282505480074,2.4195100375647853,0.00441984712507604,0.0003683205937563367,25.159633795530585,0.645257927335211,1.5183819399680023,5.198875,3.3546153069748454,28.056939,11.681725194453719,190.32348435304257,294.9572198811122,0.00047395200539661835,18.786743930345306,8.328438931803053e-05,529.4092800407971,278.86646473106765,14.894138142746183,337.9435888529685,12.591654294816635,232.6303218058681,0.5400367415900349,334.1879354497321,339.7952426741492,328.3295831312798,11.465659542869446,3.506604341077208,339.05724063944456,339.5087201099865,339.7463522405138,12481012693.067211,12472774462.550873,334.24310432192704,279.52809986154085,5.886540117997206,35.29067819848965,5.720603880103781,2.2336552939429706,294.66293407828425,7.276582891790894e-11,-1.5791227399016994e-05,76,9.960164675248961e-07,True,2.9238,3,k(T)_cubic_273_373K
PAR_041,GateA_converged_v1,GRAIL-CHT-1.0,parallel,0,779.8499430685895,306.76166915060537,286.03677296093764,1.9082136365869848,0.0013529015806768116,0.0001127417983897343,32.50776152332047,0.8547083910787595,1.3029267184809685,5.198875,4.443522086669587,28.056939,20.4963355904654,53.07563976707917,62.0979509749406,0.0005202240951073352,3.8397861503556006,5.210484204891697e-06,506.0500870068092,267.0372717728001,12.951211819030542,344.90491866752905,38.143249516923674,215.70498151583158,0.5238599625388072,329.9772601488172,345.9306319213997,311.9971104516735,33.9335214697262,10.477482409183748,344.1671262241933,345.403709281228,345.88532391380477,11927535283.540564,11855941529.73034,330.4742894510612,267.19444593959525,6.199772954373057,38.96845921749731,6.321273070894701,2.219318248066809,286.3332022094403,8.207308610508334e-11,-1.527688992880427e-05,172,9.214184615302656e-07,True,2.9238,3,k(T)_cubic_273_373K
PAR_042,GateA_converged_v1,GRAIL-CHT-1.0,parallel,0,869.7658698174889,313.2634633102325,302.47416790926746,2.473346351499189,0.0019047284888435835,0.00015872737407029864,35.296107727784,0.8113966517710781,1.5578514606237859,5.198875,4.218349767976363,28.056939,18.471693359923535,79.48707860734935,97.9632815021466,0.000489053125701174,5.414129782402705,1.0343477671854508e-05,564.3971612856571,290.3832180003473,15.098716135696918,346.0361535032843,32.7726901930518,260.92846046701703,0.5681789863542707,333.5181304907065,347.553396835446,318.187594251599,29.36580258384697,9.05302845303977,345.89545498583266,347.03718746992206,347.491782415947,12427721579.813126,12373079144.06873,333.8857459274102,298.00170115882696,4.839367748614326,27.76792982892414,4.465980630593536,2.2617754039297995,302.41848830198086,7.764725751258084e-11,-1.2589297954247188e-05,133,8.987050819087017e-07,True,2.9238,3,k(T)_cubic_273_373K
PAR_043,GateA_converged_v1,GRAIL-CHT-1.0,parallel,0,403.4113645979184,311.7820829515005,292.0568649838342,2.7891417862930625,0.0015145289118908356,0.00012621074265756964,33.088814697795925,0.5903226114236678,1.345063151913,5.198875,3.069013466465221,28.056939,9.777304143074534,53.682160846354556,90.93698904212816,0.0005757939221930212,9.874890212166852,1.5000809155541148e-05,261.7764583671414,275.51180138159435,16.29873878791364,327.9923452944997,16.210262342999215,102.62280792903573,0.48179450484048075,321.6889954548544,328.530418088398,314.0531153624349,14.477302725963114,4.467839016874992,327.7582590098375,328.2966995127481,328.5089250606205,10721283749.213608,10708898890.050625,321.7819636083389,138.21797001785066,4.1941142614565745,27.138211073364207,4.26287463720625,2.2750669169601423,291.2946283117694,8.285411468023087e-11,-2.740831173429152e-05,169,8.976343792710395e-07,True,2.9238,3,k(T)_cubic_273_373K
PAR_044,GateA_converged_v1,GRAIL-CHT-1.0,parallel,0,407.1103843616275,292.59571952535975,285.5252012208292,0.9052673843098158,0.004297860498504322,0.0003581550415420268,33.95485951785578,0.5253587897373839,1.9745618709378565,5.198875,2.731274677995942,28.056939,7.743767292511268,93.7103031013773,178.3739130894168,0.0009360185795399123,48.05050191658259,0.00020713576140480092,264.17677818495054,266.3212049804733,9.1400160603773,299.387455336624,6.791735811264232,122.01392018875075,0.5676273043656448,297.43753040669674,300.4381960730312,294.2894002581942,6.148795814837001,1.8829364509532964,300.04989980923926,300.2883382476176,300.4127765859849,7828660672.7312,7826778911.283417,297.4554067268362,139.4853388816539,1.8115014286461681,13.946243406447499,1.7137062084060828,2.777778183779144,281.8179583864012,6.775422889404582e-11,-2.3192829346030176e-05,76,7.646326594112907e-07,True,2.9238,3,k(T)_cubic_273_373K
PAR_045,GateA_converged_v1,GRAIL-CHT-1.0,parallel,0,506.9897909791295,328.0718185107346,303.4332431436064,2.705642686347121,0.00418952867827738,0.00034912738985644836,33.25382599592861,0.7819796529205675,1.0773170684353048,5.198875,4.065414468077416,28.056939,17.156598725388914,181.40875574613673,231.9865421927596,0.0004713314507458825,13.32204238129773,5.598102167469761e-05,328.9892242948939,291.76541868091874,15.98144220811906,335.93884695764626,7.867028446911661,137.76921059705032,0.5146583616955461,333.54243419051755,337.03145958878457,329.8706793960825,7.160780192702077,2.1883196138424394,336.5763444901068,336.8550193625079,337.00142773327156,12379882172.185839,12376686078.084677,333.5639651920831,173.70631042770398,4.6579538283153905,26.947677073738802,4.331504512853083,2.260528652767975,303.3614621132385,7.536925750173396e-11,-2.048529700612675e-05,80,8.151986889970431e-07,True,2.9238,3,k(T)_cubic_273_373K
PAR_046,GateA_converged_v1,GRAIL-CHT-1.0,parallel,0,519.429501557912,330.85869739746215,298.9358113391366,1.1223309006793645,0.002690484201381819,0.00022420701678181826,25.576727561677338,0.361488278186669,1.1803064659210583,5.198875,1.8793323722577193,28.056939,3.6663061415480453,125.08154865099449,346.01827002092614,0.0004389920886225246,45.578189613946506,0.00012299638824865396,337.06143956743995,285.302774528696,9.964857422581584,342.5622414640491,11.703544066586971,131.62067771935176,0.479914186317907,338.34182726689824,343.46406604828906,332.8652777983985,10.59878824989056,3.26161250750411,342.8283237683831,343.25814324716094,343.4309670967565,13111874266.700766,13104569601.364504,338.3889664986339,177.9684400916083,6.029188940011047,34.6496676365869,5.668944594317497,2.2275749250742565,299.5347475855868,7.543434321632958e-11,-2.18008647385405e-05,107,9.388067496729491e-07,True,2.9238,3,k(T)_cubic_273_373K
PAR_047,GateA_converged_v1,GRAIL-CHT-1.0,parallel,0,434.9156509085758,322.5566745201821,312.212011826538,0.12725248327003338,0.004276363943564164,0.0003563636619636804,36.094862609983096,0.6261101430217562,0.8140189959446189,5.198875,3.255068369802233,28.056939,10.998710393541787,168.73058423650937,269.4902584107255,0.0005172498172378822,27.055718788397986,0.00011604824502900368,282.21981028413114,304.51836505044434,6.183559436426127,329.80526954917246,7.248595028990337,129.57009517011596,0.5642425307217662,327.62586748642565,330.8449946611214,324.2500185531767,6.594976107944717,2.0176036794410526,330.42413718103137,330.6818760272532,330.8171993353616,11524219841.51544,11521598459.71185,327.6445011687419,149.01205983002126,2.5555058759148204,14.669066932917714,2.2174353753724834,2.3888833253314976,311.19674454975603,7.953474323585397e-11,-2.920857531588683e-05,78,9.960143643183983e-07,True,2.9238,3,k(T)_cubic_273_373K
PAR_048,GateA_converged_v1,GRAIL-CHT-1.0,parallel,0,938.7686621181698,312.7447562790327,304.1210819057889,1.1717093838419304,0.00370576664262986,0.0003088138868858217,36.92648287942697,0.38298232699126317,0.948131022028728,5.198875,1.9910772452367034,28.056939,4.115264512229664,136.90713587338448,357.4763800432694,0.0005524226536508082,79.262243277925,0.00029461121079172247,609.1735562291151,292.75806496329017,10.152495658599335,331.791858469643,19.047102190610303,295.0416046155138,0.5952381458618324,325.67055862842676,334.06141046319937,316.8420977465594,17.21931271663999,5.279904743318096,332.9757083553114,333.6716597671615,333.9905862088342,11266737139.02475,11249002063.812742,325.79884512404107,321.6436376889728,3.3643940185151937,20.13757495611406,3.100105065204133,2.3379982282249756,303.11679320398946,7.608520036228585e-11,-1.2736572282567936e-05,83,9.61903651841567e-07,True,2.9238,3,k(T)_cubic_273_373K
PAR_049,GateA_converged_v1,GRAIL-CHT-1.0,parallel,0,744.1663692835425,290.8408288575277,289.53154926421473,4.621950134602884,0.0021854694041808878,0.0001821224503484073,27.969645651978194,0.4449839761600678,0.7081933959452977,5.198875,2.3134160690591723,28.056939,5.555575226568418,56.49465976508733,126.95886322154959,0.0007895085370944357,54.110433278280006,0.00011861253397858805,482.89476619267566,271.94615267854357,23.26341051149096,316.37005072371534,25.52922186618764,233.21613319859296,0.5935463361402408,306.9291078495041,317.90508500644046,295.06419556793156,22.840889438508896,7.046845102235574,316.5897371565282,317.4895543896117,317.845778297973,8902718184.850903,8874671943.013325,307.1713146953271,254.96843654973276,2.402539783709399,16.846989290405574,2.502810633716357,2.3680072134074326,288.0607463217694,7.244040034493082e-11,-1.4259291081583858e-05,117,9.106771585720708e-07,True,2.9238,3,k(T)_cubic_273_373K
PAR_050,GateA_converged_v1,GRAIL-CHT-1.0,parallel,0,946.0517563959519,314.6546171857806,290.694913322091,0.4013355600521526,0.0012058388333087311,0.00010048656944239427,23.1941079131769,0.9906510268750374,1.1029922924825484,5.198875,5.15027085734496,28.056939,27.53478413165473,59.214820481753044,59.77364266056782,0.00041560268629986714,2.0983163942521665,2.5378449275402364e-06,613.8996070876278,273.58685455320847,7.2250751281981795,366.33537167351966,51.68075448773908,260.4920017093229,0.521489506792829,345.95991810171535,367.4213313557752,321.53061176869846,45.89071958707672,14.184865039470969,365.1031417319519,366.73584624394226,367.36361981396163,14469424028.6466,14325280762.658974,346.8269294287339,324.1389925422675,8.448241159729642,47.24828899427757,7.950416775821921,2.1811912208258146,293.042581778683,8.461142897431272e-11,1.3544533817724519e-05,202,9.722213007989922e-07,True,2.9238,3,k(T)_cubic_273_373K
PAR_051,GateA_converged_v1,GRAIL-CHT-1.0,parallel,0,602.2517194113565,311.159284433603,294.7815903088029,1.6511668535070043,0.0031943509018916363,0.0002661959084909697,23.044657277721473,0.4993332297802373,1.9395399635080806,5.198875,2.5959710449737314,28.056939,6.995539692241914,108.95799296398995,218.2069737516642,0.0005983330936768973,25.524988284550005,8.178111268558251e-05,390.80535648806506,279.3763338442246,11.974434043326617,324.31191985977335,13.152635426170377,175.619075253808,0.5522805070203707,319.83354410327155,325.62516965385277,313.7203275616488,11.904842092203978,3.6573210161199303,324.8837777015888,325.3663356033359,325.5820365506801,10472166815.003183,10463959310.329582,319.8962417750874,206.34522822569835,3.6317590793605414,23.49045782723275,3.6039709850543997,2.3229114988436534,293.52460289745903,7.146411462599645e-11,-1.6922977888923976e-05,93,8.474102628497349e-07,True,2.9238,3,k(T)_cubic_273_373K
PAR_052,GateA_converged_v1,GRAIL-CHT-1.0,parallel,0,866.1545675969296,314.9107665076464,294.2312382309998,3.920820950692851,0.002482337431213045,0.00020686145260108709,30.16716640500593,0.8696339233518403,1.4335014347606192,5.198875,4.521118063265799,28.056939,21.21842936614473,99.49913340385106,114.41496327598442,0.0005091678984955355,6.593597191960504,1.6416783466343817e-05,562.0537619956207,278.59431303344206,20.599119612632833,339.3744921990157,24.463725691369348,253.839787920768,0.5550477848615202,330.4390740647527,341.06597339839436,319.02873189008653,22.03724150830783,6.779028214672997,339.76272095655924,340.647462648882,341.0014115964411,11952541037.946785,11922452096.82657,330.64736104290904,296.76438633368775,5.318761253309981,32.39701850819023,5.208854800190107,2.2452760854453637,294.1549257759324,7.491365749956456e-11,-1.2180966527668513e-05,110,8.804896651781746e-07,True,2.9238,3,k(T)_cubic_273_373K
PAR_053,GateA_converged_v1,GRAIL-CHT-1.0,parallel,0,487.4752547849894,329.49880162174867,307.0299739486133,3.8276700837653372,0.0033027374125444197,0.00027522811771203497,31.738506221770237,0.8759544709847902,0.6681874268396631,5.198875,4.553977800341051,28.056939,21.527983667009053,148.1234381897516,169.0994716006462,0.0004550611488586173,8.521676795284613,2.8229549417651074e-05,316.32610515676305,296.9684015485935,20.24514631830828,339.1057408488313,9.606939227082648,132.6280459902645,0.5152866295807357,335.86282735522957,340.08906875611535,331.3717569456528,8.717311810462547,2.6703688460331887,339.5494581403076,339.8944654244899,340.0567863562812,12729531418.69022,12724706047.801775,335.89466369566287,167.0201835227709,4.567205959729597,25.6770761162954,4.147890737237255,2.259111271298892,307.10490825253635,7.706148608122023e-11,-2.1123648113391152e-05,93,8.405425546698098e-07,True,2.9238,3,k(T)_cubic_273_373K
PAR_054,GateA_converged_v1,GRAIL-CHT-1.0,parallel,0,857.9231859787683,304.0073605933861,287.5237770299491,4.928132681844895,0.0010420916260504278,8.684096883753566e-05,23.385168888239434,0.9363016776952913,1.8480371831785234,5.198875,4.867715384628108,28.056939,24.59641947743408,44.4807638462858,47.50687188318972,0.0004781378964367138,2.2520627623857736,2.353917498517762e-06,556.7123608439246,269.1223243489409,24.4269041910106,358.1594525240248,54.152091930638676,235.8834256122517,0.5207329973658879,336.9688911313994,359.03578087617984,311.298275593859,47.73750528232085,14.765167208367956,356.7536290305494,358.3731262061007,358.9813211063747,13041212977.62001,12893155932.229553,337.9321386899508,293.9441265255922,7.325472295951753,43.62201643170193,7.1131680201995655,2.2239497409974236,288.11292271982813,7.946965752125833e-11,1.5025130034703795e-05,238,9.406746812601341e-07,True,2.9238,3,k(T)_cubic_273_373K
PAR_055,GateA_converged_v1,GRAIL-CHT-1.0,parallel,0,849.0316169448743,306.3072413396251,296.7120410053293,4.381966459521962,0.0020932231152168725,0.00017443525960140604,34.74491404411993,0.8044373437494027,1.5389022466247435,5.198875,4.1821691954851765,28.056939,18.156190654315868,75.67054680087426,94.06642716035701,0.000564557455184335,6.9899973930717625,1.4675651071698588e-05,550.9425594568474,282.12517026839697,22.351472546183455,335.7165291198832,29.409287780258126,257.3216401118719,0.574008766451641,324.66808849492577,337.3095427808406,310.95432249228793,26.355220288552687,8.121751855282898,335.79667471323586,336.83334200608806,337.245846790739,11152817461.349112,11111134796.162397,324.97215362734244,290.8976713932155,4.1180784123697425,25.436236624837836,4.021753546086864,2.2746766458864647,296.1799058131825,7.608520036228584e-11,-1.2823048963869913e-05,123,9.096179951484373e-07,True,2.9238,3,k(T)_cubic_273_373K
PAR_056,GateA_converged_v1,GRAIL-CHT-1.0,parallel,0,985.4120554402151,311.6481912436658,291.6735362494474,4.030944518965462,0.0020233156310307324,0.0001686096359192277,29.380230195502392,0.6697996694230057,1.7687145819975836,5.198875,3.4822047563715293,28.056939,12.587229354967342,83.21387825738434,124.23696525420557,0.0004962349751717061,7.934698794356884,1.6102708222811423e-05,639.4407806595435,274.96955974460997,21.017589172068753,345.8223601434295,34.174168899763686,289.0266438697325,0.5555025876747951,332.87549586877424,347.5687810981925,316.89956363900234,30.66921745919018,9.45437882789959,345.82215556174685,347.02201342145213,347.4983428854141,12337358544.816452,12277990855.332092,333.27715597757776,337.624732188239,6.05171228271313,36.619106083798094,5.927308832424204,2.2339188423793024,291.86267627821,7.75170860833896e-11,-1.1515871079310256e-05,125,9.339092912341584e-07,True,2.9238,3,k(T)_cubic_273_373K
PAR_057,GateA_converged_v1,GRAIL-CHT-1.0,parallel,0,498.5441645033722,302.9148890706814,286.88420254366304,4.848086826932395,0.002750560023139945,0.00022921333526166208,25.265965454043382,0.36874343464132736,1.8718770604771104,5.198875,1.9170510237709313,28.056939,3.8149502703490565,79.60242382159802,215.87482336879137,0.0007052032934417266,51.40118917373132,0.00014180747851867513,323.5087981553897,268.22486108735967,24.1227299423431,315.2454243369457,12.330535266264292,141.76836739532996,0.538569528924197,310.8898999295998,316.27386229723317,305.1531021168352,11.120760180397951,3.425220205993269,315.6068334866877,316.0550859452345,316.23851813954997,9348513101.901413,9341711531.86341,310.946473137005,170.81264542604575,3.1881474746747545,22.40271031869443,3.4534566670809776,2.2914602915525597,285.7992187278868,7.47184003557777e-11,-2.132730529667679e-05,102,9.052902782968886e-07,True,2.9238,3,k(T)_cubic_273_373K
PAR_058,GateA_converged_v1,GRAIL-CHT-1.0,parallel,0,633.3254159472383,309.7008713570577,293.6333232167413,4.692361696259868,0.0030819250482765443,0.0002568270873563787,32.61491306637416,0.4022292711423572,1.5492623498280758,5.198875,2.091139702010222,28.056939,4.5392868927264844,103.59035690589698,257.54057284715674,0.0006071866862673827,46.14766749960392,0.0001426516072081913,410.9692956860745,277.74553639141874,23.5309744457875,324.1512754433135,14.450404086255844,186.1565604606054,0.55669523821222,319.20585263021354,325.523930854145,312.4836766257183,13.040254228426704,4.002297381358975,324.7234817243449,325.2557038778057,325.47816781769836,10391846202.67826,10382056358.93916,319.2810754689509,216.99178812224733,3.617957160067264,23.538444021250235,3.6788609294399,2.283702618744738,292.8431676461239,7.419771463901271e-11,-1.5875769196469404e-05,95,8.386933814108488e-07,True,2.9238,3,k(T)_cubic_273_373K
PAR_059,GateA_converged_v1,GRAIL-CHT-1.0,parallel,0,775.6712950828678,325.92764931204005,302.02246752963833,3.213236161196484,0.004251872695119284,0.00035432272459327363,29.115092025343156,0.9187707174299194,0.7256619889046358,5.198875,4.776574113578473,28.056939,23.683974140248566,184.96913996416583,201.32241532640555,0.0004691378494329058,10.000202439578953,4.264753028937913e-05,503.3385330783385,289.7329944001359,17.910297412546637,338.6867780909482,12.759128778908178,226.76579950254035,0.5536890221393849,334.8084523968077,340.4712067125565,328.86659685992475,11.604609852631768,3.5489559036882925,339.7302855123057,340.1837066313443,340.4222059183703,12574139704.838245,12565670105.231993,334.86485561773407,265.76274546536274,5.058606034388863,29.221793800527625,4.716587741903002,2.252726355531067,302.0805055564024,7.816794322934584e-11,-1.5658326005958816e-05,78,9.472783517594507e-07,True,2.9238,3,k(T)_cubic_273_373K
PAR_060,GateA_converged_v1,GRAIL-CHT-1.0,parallel,0,896.9246727748694,288.7218265728315,309.0321513738707,0.8417747591941344,0.002305335259602569,0.0001921112716335474,31.322497819028527,0.9071850603213625,1.5757798322783383,5.198875,4.716341730478224,28.056939,23.090432470518124,60.75354490477901,66.96929608084329,0.0007744296394263528,8.576857005591352,1.98320269524163e-05,582.0206986363221,299.87797927259834,8.89874408493771,320.3083767256521,31.58655015282062,304.37751698937956,0.642721275881703,308.7373206559736,322.3612473240355,294.1024408239051,28.25880650013039,8.708406529932395,320.7112501028311,321.83722922322096,322.2829760873015,9128999529.525734,9085660892.338594,309.1048334685564,307.3069288799781,0.44264275839333556,2.529218604044185,-0.042414310736857155,-18.818014012416878,305.9046358253994,7.133394319680519e-11,-1.144168868815678e-05,110,8.749047424316814e-07,True,2.9238,3,k(T)_cubic_273_373K
PAR_061,GateA_converged_v1,GRAIL-CHT-1.0,parallel,0,458.32416957821846,329.043545766585,300.358446700877,2.650229725904891,0.001844656080857035,0.00015372134007141957,24.740659506760736,0.954943896646243,0.977437593547267,5.198875,4.964633950676737,28.056939,25.5856233709922,85.29002338932736,89.31417195174019,0.0004414044136292449,3.6786236901642133,6.8062142018517165e-06,297.40976190849295,287.3418293153651,15.770872958438584,343.6355077153453,14.591961948760286,112.51369260293525,0.4649419099463822,338.0166117873637,344.2704466820991,331.16041456463563,13.110032117463447,4.041491151036183,343.5359758514411,344.04255962546006,344.24035827626403,13065448723.88439,13054257546.753101,338.0890323802583,157.03235428768429,5.818574379120558,33.2826294877467,5.417498987725774,2.2389738569727196,300.7405932096057,7.927440037747149e-11,-2.6217427734990744e-05,144,9.864397156889027e-07,True,2.9238,3,k(T)_cubic_273_373K
PAR_062,GateA_converged_v1,GRAIL-CHT-1.0,parallel,0,678.7239024742914,289.0412026610334,308.43631030865515,0.2993414894685484,0.001591543010221549,0.0001326285841851291,33.78073126155855,0.7534350112665574,1.526605253659604,5.198875,3.917014444198424,28.056939,15.926923092162884,43.36545133926739,57.556989907288965,0.0007490210204089145,7.947405016822234,1.2686696994907823e-05,440.42869138288495,299.0111109291653,6.8374976599804835,323.1845461382449,34.14334347721149,227.14370656521277,0.6338312418068427,309.99019859110336,324.4330148064059,294.0500149791428,30.382999827263063,9.388124029654115,322.78233634291354,323.93054238686716,324.3836666361524,9284792276.546618,9234042080.30166,310.41524926543525,232.54634905016326,0.7470991883465543,4.432038411599681,0.2235421767860687,6.584950507186409,305.02638567394945,7.588994321849897e-11,-1.6036279204212637e-05,149,9.008217034534027e-07,True,2.9238,3,k(T)_cubic_273_373K
PAR_063,GateA_converged_v1,GRAIL-CHT-1.0,parallel,0,972.4084396183811,326.6163252559445,290.98794372316127,3.6955693561476988,0.0037515244268707124,0.0003126270355725594,28.196372413349547,0.8597666323960461,1.6520891035954854,5.198875,4.469819250997995,28.056939,20.73965177371182,171.203064890779,199.12736600821626,0.0004472143601990492,8.753988619581719,3.293962100191479e-05,631.0026433274447,274.0006361262021,19.743163553361256,344.3037052530842,17.687379997139715,277.36238728564683,0.5402128676336014,338.57875206572004,346.39734246023016,330.34915394610806,16.048188514122103,4.916773676672063,345.3828749224719,346.0221949403708,346.3308808700412,13157937239.70509,13141314218.828138,338.6857720672893,333.1693956768908,7.055031330878917,41.90560717381973,6.846407822280792,2.2209139817355017,291.6451348736463,7.335160034926957e-11,-1.138632057588849e-05,84,8.819951062832843e-07,True,2.9238,3,k(T)_cubic_273_373K
PAR_064,GateA_converged_v1,GRAIL-CHT-1.0,parallel,0,669.0608120745724,307.4246590172195,310.8266279883379,0.7989999166557895,0.0019742119929022778,0.0001645176660751898,20.45052530281511,0.7322691191785964,1.6295192870175887,5.198875,3.806975616969625,28.056939,15.044637481556338,70.51027184040095,96.29010700259215,0.0005714271800607312,7.78332681336298,1.5412173660600868e-05,434.15824438087446,302.4937481526803,8.736199683292,333.21533426302796,25.790675245808472,212.82996836885007,0.6024670015491999,323.39024522512403,334.48445229549,311.36155688782435,23.122895407665624,7.14074814544889,333.1681026037688,334.0727896151711,334.428082846393,10969207730.651333,10937237999.391415,323.62630541565653,229.23555303310172,2.143881735374057,12.454338587069403,1.8074004271357078,2.4731080620044814,309.4415830043039,7.686622893743333e-11,-1.5741592890692102e-05,131,8.814519674160692e-07,True,2.9238,3,k(T)_cubic_273_373K
PAR_065,GateA_converged_v1,GRAIL-CHT-1.0,parallel,0,648.9930926631724,313.6999522635069,283.68879330065494,0.45874124361804186,0.0012306058071204667,0.00010255048392670555,34.280078662665765,0.9406859729799403,0.7118612023516874,5.198875,4.8905087877760876,28.056939,24.827307550704376,51.43655710254615,54.67983852209841,0.0004882773352341203,2.853146762305735,3.521663966158872e-06,421.13616078078115,263.7559998949085,7.4432167257485595,345.79991806141334,32.099965797906464,165.12005005455723,0.4818654790982129,333.1847167289707,346.5317035302801,318.0030055518765,28.528697978403557,8.813323426602327,345.08658008415654,346.104400352478,346.4955854226029,12375328475.757154,12323676457.84587,333.5332872223899,222.35989289225245,6.904644438775011,43.2147638897708,7.120477443699837,2.1902570099579513,284.78486472263876,8.155240038831834e-11,-1.930858567144727e-05,198,9.541009262648004e-07,True,2.9238,3,k(T)_cubic_273_373K
PAR_066,GateA_converged_v1,GRAIL-CHT-1.0,parallel,0,623.9176492141837,290.31235534729996,299.21686136363166,4.0906953888072515,0.0033777622678429395,0.00028148018898691165,30.996873141786853,0.5315318183990226,0.8387462478725332,5.198875,2.763367482379219,28.056939,7.926816823301814,76.7174449955834,144.33274234956784,0.0008985752376644933,54.92143344757301,0.0001860697548596382,404.8645299986283,285.70521809254103,21.244642477467554,305.1922152040681,14.879859856768121,210.08942995142564,0.6377390479920252,300.3594218775805,306.86389868038464,293.473461602106,13.390437078278637,4.110017388498321,306.03725068122947,306.5700794186239,306.81307987834344,8148028321.630147,8138887377.919769,300.4437212678767,213.76847183927575,0.4468654126271012,3.0678481575918792,0.1643686147085913,6.0984799301970956,296.92348046681434,7.725674322500709e-11,-1.8850804854756075e-05,86,9.911062761602807e-07,True,2.9238,3,k(T)_cubic_273_373K
PAR_067,GateA_converged_v1,GRAIL-CHT-1.0,parallel,0,610.9926881155436,315.7110919008211,289.7658278542958,2.2434327763784983,0.00244724580813314,0.00020393715067776167,23.855069242254956,0.7248802101971221,1.4517265423259404,5.198875,3.7685616027885636,28.056939,14.742555608452124,92.86954069170898,128.11708663760356,0.0005378037085688704,9.562170169558886,2.347139504925651e-05,396.477432266993,272.27629311324387,14.225044550238295,331.9756458907623,16.26455398994119,166.37805137530182,0.5157343973435025,326.0046816660739,333.07401686862084,318.41933453307854,14.654682335542304,4.5116223453892506,332.20861140282227,332.79608526490927,333.0314884105861,11308210997.826231,11295236993.538023,326.0982557435839,209.3400842369723,5.10855437165163,32.64019700562383,5.213317042685638,2.245310707205399,289.44817730660765,7.081325748004019e-11,-1.6985896776112724e-05,113,8.728997045182041e-07,True,2.9238,3,k(T)_cubic_273_373K
PAR_068,GateA_converged_v1,GRAIL-CHT-1.0,parallel,0,522.3706289273963,332.0387752991311,288.33995168947916,0.6914402749313582,0.0023373925585374513,0.00019478271321145428,30.856270422065272,0.8183561372415897,0.7588139576633441,5.198875,4.25453126300187,28.056939,18.789921919734084,110.99287647378169,135.62906346361902,0.0004297897436898708,6.582297465220482,1.5431708238000285e-05,338.9699577053899,270.26904668492426,8.327473044739161,344.27674370720433,12.237968408073243,119.56863368654369,0.4335154640747016,339.7361093054122,345.05301683030564,333.9947357226132,11.058281107692437,3.400902410974396,344.40632379449386,344.847020963384,345.0222576532045,13329927422.646732,13321920436.69592,339.78714641683496,178.9761376684459,7.470267618481154,44.5434324108143,7.39384489971412,2.189156102440936,289.8481695717469,7.628045750607271e-11,-2.2878528904332796e-05,119,9.92333355043229e-07,True,2.9238,3,k(T)_cubic_273_373K
PAR_069,GateA_converged_v1,GRAIL-CHT-1.0,parallel,0,950.3622866703126,295.7814849782505,286.2211673831104,2.115864048942399,0.001486082338015767,0.00012384019483464726,27.604291821167436,0.44587207115821836,1.3931652955181915,5.198875,2.3180331639426823,28.056939,5.577772889092424,51.335791206650256,115.13569592573488,0.0005908022080819847,18.23810283144323,2.7184877128107457e-05,616.6967403563724,267.29553289306335,13.740283385981115,341.0978059176328,45.31632093938231,281.4970178384171,0.5609842676191841,323.4449367347577,342.53058638787286,302.20931866229387,40.32126772557899,12.467024412899088,340.3806696712655,341.88103418519313,342.4723518624687,11042025148.825275,10944638665.644745,324.16205956724076,325.61587890816463,5.198509324948513,33.565305625933476,5.35500687085391,2.244760550882693,285.8523253534649,7.413262892441708e-11,1.2053469801923341e-05,147,9.82961353201972e-07,True,2.9238,3,k(T)_cubic_273_373K
PAR_070,GateA_converged_v1,GRAIL-CHT-1.0,parallel,0,993.9093817115624,317.4956586458829,301.49548110473756,0.5959332915090165,0.003504414887031993,0.00029203457391933273,27.857231392334754,0.8807695609541049,1.1979703487290403,5.198875,4.579010851205273,28.056939,21.765311261147527,142.1900608075169,161.4384364662735,0.0005029974388110289,9.190227970518642,3.23032815597827e-05,644.9547551583047,288.975010731658,7.964546507734263,338.29239644810247,20.79673780221958,304.6400617832411,0.5805054511004211,331.3984829927118,340.5651810202883,321.74206833576335,18.823112684524972,5.774178552872298,339.3827477685725,340.1442831010355,340.4913673321593,12083483501.84367,12061520637.488169,331.54924124712176,340.5361107235849,4.594339158117844,26.999902060018716,4.301842165862577,2.2735155965138847,301.1590197568687,7.959982895044958e-11,-1.0114538296699275e-05,87,8.13709334579471e-07,True,2.9238,3,k(T)_cubic_273_373K
PAR_071,GateA_converged_v1,GRAIL-CHT-1.0,parallel,0,588.9630374185974,324.7739573130091,285.2035945780365,4.89751471772699,0.0027906377200309,0.0002325531433359083,23.562711812830784,0.8435587721278532,1.014753715184559,5.198875,4.3855566114461935,28.056939,19.96507655978825,119.0270020704607,141.10101868802627,0.0004784950639159434,7.773886254796513,2.1759378348911628e-05,382.18223772218977,265.87136791608293,24.31055592736256,337.2973110279198,12.52335371491074,146.08323881893747,0.469762588168671,332.82536389174027,338.30043132303433,326.98420025579384,11.316231067240494,3.478834990883397,337.6196289048385,338.07788234820885,338.26388487557153,12278637277.175842,12270596127.529654,332.8798771585577,201.7922215173162,6.699397279881052,42.158757795494296,6.850861863773554,2.21557154320988,285.60822200760487,7.881880037530208e-11,-1.696833006147161e-05,104,8.314120805152925e-07,True,2.9238,3,k(T)_cubic_273_373K
PAR_072,GateA_converged_v1,GRAIL-CHT-1.0,parallel,0,960.6991871640656,324.58808239149823,296.91197052618196,0.3820632780819372,0.003105908148534282,0.00025882567904452353,32.73016065231314,0.6388308372440215,0.8095196977501624,5.198875,3.3212016689770123,28.056939,11.450172562594963,141.5739446241465,221.61413690502215,0.0004477388426848677,16.229008859292215,5.055748330863665e-05,623.4044274450723,282.41036926404763,7.151840456711361,346.1750509042792,21.58696851278097,280.25705107707745,0.5525037145404755,338.71515662276903,348.1865728812002,328.6557106863114,19.53086219488881,5.990147816355552,346.97926340949164,347.7761977093254,348.1174843523031,13187194416.896599,13162504192.193483,338.87388548096584,329.1575376909982,6.340717818140148,36.54600234547011,6.013801199337759,2.215490411829442,297.7842120628127,8.493685754729086e-11,-1.0556959294005378e-05,95,8.287582886623568e-07,True,2.9238,3,k(T)_cubic_273_373K
PAR_073,GateA_converged_v1,GRAIL-CHT-1.0,parallel,0,999.4522266354367,320.0804704792867,284.1094494997233,2.9701313160026355,0.002868083862529738,0.00023900698854414484,32.08282035703057,0.3876734759063512,0.745653233584503,5.198875,2.0154659420526313,28.056939,4.216697673326098,123.93890893436507,319.69922276628625,0.00047228448013623986,59.4547413583696,0.00017103428710212566,648.5515460293212,264.34286683406344,16.986499000810014,343.6693481031953,23.588877623908616,282.7973952579824,0.5358946762123827,335.34296971756544,345.6413726774395,324.35368256813024,21.287690109309267,6.5340411865195005,344.3479772933457,345.2192986480037,345.5709362441661,12674899112.339128,12646106184.622179,335.53368598883395,342.43521630348164,7.247222482729831,45.020190143079965,7.370447903670884,2.204619517974168,284.92106886488557,7.986017180883209e-11,-1.1530350716312667e-05,99,9.494142432231456e-07,True,2.9238,3,k(T)_cubic_273_373K
PAR_074,GateA_converged_v1,GRAIL-CHT-1.0,parallel,0,680.1064988451002,320.8128609715633,287.39991389334205,3.5349710263752323,0.0013746926772524172,0.0001145577231043681,21.184574710495223,0.9649603371688646,0.6951238360053801,5.198875,5.016708172898781,28.056939,26.125175326379388,63.08927975594188,65.38017919062044,0.0004447024753876661,2.735725880781879,3.772098631174291e-06,441.32586784607736,268.94843919100117,19.132889900225884,350.8629125657494,30.05005159418613,172.6740689683053,0.4808573687888931,339.0561391976258,351.6583047779918,324.88024826268105,26.778056515310766,8.274243818441791,350.2587911121208,351.23684788363016,351.6196046013222,13262742604.131834,13215586746.978983,339.35819036274256,233.02005822272886,7.571452691368771,45.34331996239105,7.431258205305192,2.2125435151708257,288.27233805842843,7.387228606603458e-11,-1.785453225403655e-05,181,9.45903650517721e-07,True,2.9238,3,k(T)_cubic_273_373K
PAR_075,GateA_converged_v1,GRAIL-CHT-1.0,parallel,0,956.4854188814586,314.1584182568333,309.9423891297645,3.3764619958841906,0.00412840722057437,0.00034403393504786416,25.373863120720998,0.8618302393080226,1.4068994465700877,5.198875,4.480547685382496,28.056939,20.839329638566202,154.60802257870802,179.3949846814905,0.0005449667435721487,11.956491962413951,4.950979714179456e-05,620.6700837101106,301.2038663522953,18.530555584359924,331.9674793508184,17.80906109398512,307.32637580240356,0.6085377972718804,326.4969329932663,334.37542983110825,318.2450091965761,16.13042063453213,4.940261930582062,333.34638225339864,333.98561330028656,334.3074031847725,11379219072.201544,11363612714.615942,326.60897495374076,327.7138041989384,2.652442992062473,15.353489900541442,2.3815346397471093,2.3324444394053065,309.3012671587292,7.335160034926957e-11,-1.1942071301814828e-05,78,9.00115082913544e-07,True,2.9238,3,k(T)_cubic_273_373K
PAR_076,GateA_converged_v1,GRAIL-CHT-1.0,parallel,0,888.0400407821114,306.00548583089306,310.51997125564117,4.180149312646556,0.001317892528247537,0.00010982437735396142,29.410049366286675,0.7294833011691574,1.9241982238578366,5.198875,3.7924924973658034,28.056939,14.93038468181218,56.02650246734561,76.80299518515478,0.00048007156258294143,4.196574693177967,5.547276261155409e-06,576.2553987437975,302.04620511889163,21.58456738805691,355.6454766489143,49.63999081802126,273.45632314562863,0.5832053501452428,336.1942722145371,356.90652810090774,312.7883142879389,44.11821381296886,13.630964908757816,354.6324953147125,356.2301048314209,356.84870371278777,12900733408.971127,12775009746.346235,337.0183904820084,304.2628505367251,4.277277577490942,22.835707932708974,3.693501771420539,2.272532985800896,310.6186405340744,8.838640042085898e-11,1.318250846769511e-05,180,9.210112352775468e-07,True,2.9238,3,k(T)_cubic_273_373K
PAR_077,GateA_converged_v1,GRAIL-CHT-1.0,parallel,0,695.9524660531556,301.33984308613293,297.6489608499865,2.2843758590052206,0.0029792250796977044,0.0002482687566414754,31.607641949744,0.3894337058272441,0.9647010961228121,5.198875,2.024617157382614,28.056939,4.255076404226608,88.01983815078229,226.02008206713515,0.0006907839631774282,75.45223384371351,0.0002254655841388237,451.608426889155,283.4625135021757,14.380628264219837,318.90339820945434,17.563555123321407,218.7217767523784,0.5952213829386841,312.85575930130244,320.5176033919332,304.70332163586505,15.81428175606817,4.856905743281567,319.5506260571045,320.19757467221683,320.46353995732966,9594093345.686594,9580245028.438951,312.9687569141211,238.44924939747386,2.3088438806052958,15.231013531076188,2.1876481508685166,2.456969342036284,295.79726506329456,7.582485750390334e-11,-1.3804805261591666e-05,96,8.096453711914364e-07,True,2.9238,3,k(T)_cubic_273_373K
PAR_078,GateA_converged_v1,GRAIL-CHT-1.0,parallel,0,802.9924902014172,305.2677220228894,309.7660951785853,1.4430221549158342,0.0023537552345677345,0.00019614626954731122,35.32651494038419,0.7487757600745432,1.9019596944060897,5.198875,3.892791579657541,28.056939,15.73054760084829,81.31283799459202,108.59437809057421,0.0005907744122237501,8.859360508375651,2.0915512709640777e-05,521.067447839131,300.9469176255435,11.18348418868017,331.61681997304385,26.34909795015443,259.2407878059923,0.6114457439303028,321.9230676498123,333.32281948057613,309.6672298319646,23.65558964861151,7.285292265700723,331.9351757421751,332.8795691243616,333.2562097715371,10773082184.857723,10740101607.299553,322.1699229576792,275.1236124590612,2.0570822913251,12.07687701200054,1.7489005612840114,2.4743913312853674,308.3971564225649,7.465331464118207e-11,-1.279844374201838e-05,113,8.648173661640612e-07,True,2.9238,3,k(T)_cubic_273_373K
PAR_079,GateA_converged_v1,GRAIL-CHT-1.0,parallel,0,918.7612768848704,305.5290778681578,293.4282921625265,3.9545558085625574,0.0025025841430679078,0.0002085486785889923,31.934462292942506,0.7934159196471853,1.2657028001187962,5.198875,4.124870189255761,28.056939,17.662090606178698,87.17081329682588,109.86773914946004,0.000585918333757529,9.267778707315534,2.3263185591163742e-05,596.1906238995305,277.45468119714684,20.727312072537718,332.27906866133986,26.749990793182064,279.8263496464412,0.5768355288705366,322.5843207318834,334.174558514716,310.1369115420595,24.03764697265649,7.39138955496592,332.75360925127495,333.71773027254153,334.1035481289143,10862706479.381304,10828617625.959087,322.83789815630814,314.7886494189521,4.182715013124101,26.585241053294766,4.194382676315655,2.271107557888402,292.8092712646641,7.49787432141602e-11,-1.2379805843990222e-05,107,9.544763202029571e-07,True,2.9238,3,k(T)_cubic_273_373K
PAR_080,GateA_converged_v1,GRAIL-CHT-1.0,parallel,0,908.9600359421569,321.21226772648305,299.842529320521,0.5629212076970531,0.0033878969705078447,0.0002823247475423204,23.740096988694994,0.5953702403535246,1.6336346151782446,5.198875,3.09525545831793,28.056939,9.945223170568694,143.9229519989565,241.7368928509033,0.0004804184009211864,16.61291464083261,5.6452199782329204e-05,589.830530043117,286.6018086751454,7.839100589248802,340.3465341875553,19.13426646107223,270.96817971317,0.564598320905145,333.90544581391356,342.34705268061174,325.01069089846584,17.3363617821459,5.319325463214933,341.25870506682173,341.9630668120382,342.28100482207867,12449577203.928394,12430654875.123074,334.03244365109595,311.43051986276583,5.194059550727246,30.368033440291693,4.900286968261263,2.2497550964304596,299.89372870763617,7.452314321199082e-11,-1.2782846199991922e-05,89,9.437017070013098e-07,True,2.9238,3,k(T)_cubic_273_373K
PAR_081,GateA_converged_v1,GRAIL-CHT-1.0,parallel,0,686.4371720700185,309.4804801699975,302.38583987057604,0.230778096596235,0.0017702128710237273,0.00014751773925197726,23.45055794828122,0.5667583170952764,1.1116498442633933,5.198875,2.946505645788705,28.056939,9.012309380222176,66.6303125388424,117.56389016103552,0.0005422170137429695,12.986229972821269,2.3057564136371433e-05,445.43388601643943,290.25603139938664,6.576956767065693,337.2405823347771,27.760102164779596,205.41059283965066,0.5667455515823623,326.52875596455243,338.40278612245254,313.5324708120635,24.87031531038906,7.676271503705062,337.0148340239182,337.9747557911328,338.3547587171732,11405703559.302889,11368043712.37548,326.7988502794744,235.18909181668002,3.7696832351876486,22.535659066789403,3.4731969335064568,2.3360339772315744,301.28917426789207,7.927440037747146e-11,-1.7117483569137213e-05,143,9.689459830042324e-07,True,2.9238,3,k(T)_cubic_273_373K
PAR_082,GateA_converged_v1,GRAIL-CHT-1.0,parallel,0,966.7567607583318,321.54322816887117,299.19867659584054,4.219572046538799,0.0021313727364397498,0.00017761439470331247,28.413458528037964,0.6768330925611562,1.5945798571096983,5.198875,3.5187706440888813,28.056939,12.85296891392561,100.01680941591935,147.77174833082233,0.00043491652265700706,7.446761520507031,1.5919583229265096e-05,627.3352293534067,285.6791730824856,21.734373776847434,353.14688650140005,31.60365833252888,281.5613546003435,0.551597012748311,341.228535594876,354.877600303878,326.44060578079086,28.43699452308715,8.75866427188494,353.2358415253032,354.36083981706537,354.8075341687263,13611102463.562136,13557554826.39004,341.5649712803358,331.2330010985988,6.59535290729353,37.02992428936529,6.046410335145057,2.2382917836349696,299.75560611220004,7.868862894611086e-11,-1.2388122107451678e-05,122,9.836929848461295e-07,True,2.9238,3,k(T)_cubic_273_373K
PAR_083,GateA_converged_v1,GRAIL-CHT-1.0,parallel,0,738.0053867574957,289.3696945312351,305.5242122313295,4.3454273706794035,0.003909713395561054,0.0003258094496300878,28.64815475173655,0.513114346618246,1.7813151165350603,5.198875,2.6676173487749337,28.056939,7.387008576251062,87.71991022116629,170.95587133608134,0.0009096330698796735,47.040963659003964,0.00018447009604584608,478.89686150464615,294.78645686068364,22.21262400858173,305.07157762446667,15.701883093231572,256.6096259402899,0.6585359512993162,300.29571288711514,307.2051546123652,293.04238139119707,14.162773221168152,4.349635514581717,306.321295865852,306.8640638124092,307.14741950455516,8142218264.342411,8131984243.74708,300.3901481171898,252.85754287445317,-0.37304866010749616,-2.6268215942492565,-0.752171271211789,1.359131456253217,303.2377115228822,6.64525146021333e-11,-1.642832866088634e-05,78,9.940583822753979e-07,True,2.9238,3,k(T)_cubic_273_373K
PAR_084,GateA_converged_v1,GRAIL-CHT-1.0,parallel,0,766.4150109439472,321.9041126381467,294.18396443244046,2.3031848468391036,0.0018171311430569101,0.0001514275952547425,24.585703775069128,0.7773931328276449,0.5858195882900797,5.198875,4.041569723429323,28.056939,16.95593284307634,83.26674546727327,107.11021483352138,0.0004453835559635551,6.344546585496269,1.156356388072282e-05,497.3320655066039,278.52717358308115,14.452102417988595,349.5660363495317,27.661923711384986,210.10913396079616,0.5192147337311803,338.8997494655119,350.73633257056804,325.92308151486833,24.81325105569971,7.651937914414127,349.34766812605994,350.30608970122205,350.6840890460402,13231531797.110262,13191220840.377352,339.15836361819476,262.5913305874869,6.752735353103557,39.29669275880168,6.432807323343445,2.2228861597364045,294.8880751517133,8.025068609640585e-11,-1.4779070531964013e-05,142,9.250378525393899e-07,True,2.9238,3,k(T)_cubic_273_373K
PAR_085,GateA_converged_v1,GRAIL-CHT-1.0,parallel,0,884.3638675245929,303.35546539574943,288.02853974234205,0.8757428671543821,0.0017367782075718573,0.00014473151729765477,28.31474356375344,0.5768889486866042,0.5590624358151404,5.198875,2.99917353310307,28.056939,9.337373403385842,62.96829005615324,109.15149302047189,0.0005629138811487468,17.19141121178339,2.9947510882679927e-05,573.8699041837809,269.8313223221146,9.027822895186652,339.003458076037,35.64799268028759,258.79490555276305,0.5542309953810641,325.2701964726562,340.4621927567969,308.5832457723022,31.878946984494746,9.841199832945037,338.69708306280864,339.91946727600873,340.4035116293793,11255192211.757973,11193788271.438053,325.71535222560675,303.0033094090363,5.251594069870643,33.599268780759644,5.3575801469441915,2.248236114007914,287.63954689517084,7.90791432336846e-11,-1.291778010480332e-05,140,9.338517088508524e-07,True,2.9238,3,k(T)_cubic_273_373K
PAR_086,GateA_converged_v1,GRAIL-CHT-1.0,parallel,0,437.6104764645461,325.04950234994914,308.1722957690121,1.9461150757183907,0.0020633622140911563,0.000171946851174263,28.844420987806583,0.5083549308773084,1.9909328832864628,5.198875,2.642873741264767,28.056939,7.250607046952359,89.29505157211447,175.65493348910948,0.0004715932472088916,12.35583392063914,2.5571274659410822e-05,283.9685014511791,298.6272729259853,13.095237287729883,338.88942083210617,13.839918482157032,119.36727704033184,0.5166110056605961,333.6509495248798,339.6224792724221,327.15570355018787,12.466775722234217,3.842348339908175,338.91165626908025,339.3993504014825,339.59307973339935,12402657220.747133,12392800559.040272,333.7172723891376,149.93536876622258,4.04646742004531,22.85630622518607,3.6653559889076957,2.272259502874416,308.0522480826566,7.914422894828021e-11,-2.5283059394254626e-05,131,9.196768928632082e-07,True,2.9238,3,k(T)_cubic_273_373K
PAR_087,GateA_converged_v1,GRAIL-CHT-1.0,parallel,0,570.7020416945799,299.61215480901086,284.4494100011706,4.118973463653701,0.0010500771550855609,8.750642959046341e-05,22.222897554247933,0.9728284569128747,1.6076400060279614,5.198875,5.057613543932922,28.056939,26.55295258089301,35.34063943354327,36.32771963280298,0.0006064099299451415,2.7328353790721285,2.8783229690804726e-06,370.3325497699047,264.8174709598574,21.352099161884063,334.3805027560648,34.76834794705394,152.60949221893733,0.5064518927325188,320.7796254553198,334.9680765972405,304.32132261676304,30.646753980477456,9.48466549345651,333.49780304710407,334.5400976325736,334.9328554851648,10643738374.242481,10588321116.659658,321.19852905374114,195.5355862785097,4.921390696549449,32.77828911047499,5.226460317296221,2.2377907631727756,284.0684601226942,7.602011464769021e-11,-2.3558242864514585e-05,219,9.89627380931779e-07,True,2.9238,3,k(T)_cubic_273_373K
PAR_088,GateA_converged_v1,GRAIL-CHT-1.0,parallel,0,761.1395219900372,288.52883770572555,300.889705139258,4.958833775802377,0.003595088206244173,0.00029959068385368106,20.923380280253493,0.8178367762280855,1.176867077337373,5.198875,4.251831170012788,28.056939,18.766079839730995,80.54447945797907,98.48478547205382,0.0009109473322053085,19.7896411684462,7.135958432345546e-05,493.908763795989,288.1045192999049,24.543568348049032,305.78739080365955,17.258553097933998,259.3523665227452,0.6453451038576671,300.2803607394933,307.8570599164236,292.3420693089248,15.514990607498817,4.773800240841906,306.88839254749985,307.5102075683715,307.7948351910624,8142646946.314025,8130321431.473695,300.39410187077516,260.7838272842822,0.2033370860710485,1.315824264227351,-0.08766021024444884,-4.4492079162459275,298.8066583766298,6.51508003102208e-11,-1.548352035044294e-05,82,9.826497375797771e-07,True,2.9238,3,k(T)_cubic_273_373K
PAR_089,GateA_converged_v1,GRAIL-CHT-1.0,parallel,0,941.2806483603697,317.9837580546498,312.87214774953674,4.657341990965279,0.0037838391604702697,0.00031531993003918916,30.516799712070473,0.6344702687539743,0.6295318082332161,5.198875,3.298531618468318,28.056939,11.294391552163058,152.52017169491614,240.3897853156272,0.0005063197627223599,24.971201924661912,9.477132570365727e-05,610.8036016855823,305.48467829503335,23.39789956566806,336.9913835616356,19.00762550698579,300.6331145569051,0.6049002492230453,330.93578392752175,339.31286557683313,322.0878365770037,17.22502899982942,5.2710371858055,338.22924180146464,338.90186726015725,339.24158349227537,12012551604.436815,11994300327.329563,331.06160529730886,322.50430168998747,2.929627893693574,16.342961382083118,2.5986324741031175,2.293154185315619,312.6319256846388,7.810285751475021e-11,-1.0733747512967316e-05,83,8.071249339991482e-07,True,2.9238,3,k(T)_cubic_273_373K
PAR_090,GateA_converged_v1,GRAIL-CHT-1.0,parallel,0,599.4300317916748,302.25041189361133,283.38803806376586,1.7133627806887644,0.002605820229348092,0.00021715168577900767,27.28329748235987,0.49400816152116134,0.7716873631732212,5.198875,2.568286680728328,28.056939,6.847129407126639,76.90991532371234,155.68551557304147,0.000691483171295353,40.986301456712,0.00010712430638120292,388.97434363984024,263.33667612264986,12.210778566617304,317.89022982744973,15.639817933838401,170.35403553322584,0.5382450022541708,312.2903235045129,319.0972536104649,305.00738408876026,14.089869521704657,4.340861054344564,318.2591765521121,318.8263139390999,319.0543078641656,9522195063.738058,9511173637.50622,312.3807537250683,205.37845344183566,3.810423593521891,27.056149730441778,4.157879221109349,2.295116936787058,281.9878637674944,6.840508604000206e-11,-1.6864701537956202e-05,106,8.615522801846964e-07,True,2.9238,3,k(T)_cubic_273_373K
PAR_091,GateA_converged_v1,GRAIL-CHT-1.0,parallel,0,982.5815729841491,319.70282127600217,304.6887759454855,3.41107781356413,0.001938766633883145,0.00016156388615692875,33.42419824332431,0.6719359633417465,1.0494231994743561,5.198875,3.493311081418323,28.056939,12.66765012843518,91.51296677865935,136.19298827753894,0.00043237681583162523,7.909589467014676,1.5380991119720785e-05,637.6040607804252,293.5781719196401,18.662095691543694,355.7884085217554,36.08558724575323,292.4392059174884,0.5636805611338493,342.0171739636912,357.48559777805843,325.11508718480377,32.370510593254664,9.971085130960253,355.65226908670496,356.9135155352768,357.41612871318654,13753030052.531979,13683325453.14383,342.4519141007613,336.65494409206457,6.036643604384724,32.80907295855293,5.370058737928837,2.2433839330607555,305.2715312081424,8.695451469975523e-11,-1.1027994970526802e-05,130,8.793801384854305e-07,True,2.9238,3,k(T)_cubic_273_373K
PAR_092,GateA_converged_v1,GRAIL-CHT-1.0,parallel,0,443.2015252083547,315.43389663494753,298.37674792361594,2.34674717516609,0.0037152018913416945,0.00030960015761180787,30.019483388556928,0.6932035729264499,1.0903687325342892,5.198875,3.603878725197997,28.056939,13.482234384131607,130.63025552435093,188.44429057524638,0.0005804410777683484,18.755599592695987,6.989051061186724e-05,287.59657211837776,284.50279804644424,14.617639265631144,323.4310628328471,7.99716619789956,124.1923435923271,0.5307129117946705,320.87547467706145,324.4096612526,317.1436719067949,7.26598934580511,2.227428321722628,323.9559753618207,324.23663638395453,324.3799555734604,10604046508.81955,10600981986.866772,320.89866175911453,151.85099007850346,3.3309504107654964,21.09106819878936,3.2366640576348202,2.328300651733131,297.2538119027222,7.686622893743334e-11,-2.382665618709206e-05,85,8.577358130423818e-07,True,2.9238,3,k(T)_cubic_273_373K
PAR_093,GateA_converged_v1,GRAIL-CHT-1.0,parallel,0,604.0085123416559,312.50178100167483,294.9214320384538,0.23539236546438436,0.0044571787201553355,0.00037143156001294463,22.453050038987403,0.6506103277162673,1.6676524171734244,5.198875,3.382441767505909,28.056939,11.876328284464483,150.67239968292856,231.58624027966113,0.000603734286364608,22.925900895254287,0.0001024923145543807,391.94535171808684,279.5751578418846,6.594490988764661,321.97712643658093,9.475345434906103,176.53522760128314,0.5535468708477482,319.19925854363765,323.4158283523681,314.799978091556,8.615850260812124,2.638955602199172,322.8625206640663,323.2013359658477,323.3792620923248,10385455246.138918,10381198504.277937,319.23197490017134,206.94714570714987,3.583857080014494,23.335490095109314,3.492605128634173,2.372466486390831,293.06387874659896,7.257057177412207e-11,-1.6524939800857968e-05,76,7.819306233614043e-07,True,2.9238,3,k(T)_cubic_273_373K
PAR_094,GateA_converged_v1,GRAIL-CHT-1.0,parallel,0,718.5413119211787,293.0911658055025,284.7025441345629,3.147955923560219,0.00346399169049364,0.00028866597420780336,21.100348898067445,0.4141529347669638,0.5470594587262835,5.198875,2.153129338736599,28.056939,4.812400622891073,84.21518380232581,203.34320182884164,0.0008394714638620836,128.71013532752514,0.0004471924165063781,466.2664870948362,265.1710448295948,17.66223250952883,308.4621162430418,15.370950437539307,222.5634503888156,0.5866352836629846,303.47823144056696,310.2423822987206,296.3738825551546,13.86849974356602,4.264909352771787,309.37914163198764,309.92043385775173,310.18875440213895,8492281235.475992,8482232608.645264,303.5680717519568,246.18870518607352,2.4928142648874765,18.431412232079765,2.701068061614961,2.3831245175282643,282.83534127979215,7.432788606820395e-11,-1.615075080192018e-05,85,9.703729801913141e-07,True,2.9238,3,k(T)_cubic_273_373K
PAR_095,GateA_converged_v1,GRAIL-CHT-1.0,parallel,0,780.6350462867874,301.69141932713376,287.6973301068561,3.612136227905847,0.00327364687246849,0.00027280390603904084,22.585423296696675,0.5631531160074799,1.156892563528909,5.198875,2.927762655983387,28.056939,8.898017813930727,97.12732422548483,172.47054391543983,0.0006878755973413445,30.333562002958594,9.960017089449792e-05,506.55954598082025,269.36602969811656,19.42611766604222,318.980371803202,17.288952476068232,236.5793273424252,0.5739774430789426,313.18149611416777,320.77089497476527,305.1758757378043,15.59501923696098,4.793713511921828,319.8017571449606,320.4337167887344,320.7131733863497,9633725093.929592,9620206134.569687,313.29146409542625,267.4634402778731,3.4434831504726144,23.774513750356462,3.6661489807210086,2.29525416364561,286.5544167675158,7.536925750173396e-11,-1.2317983409100804e-05,90,8.018424750844133e-07,True,2.9238,3,k(T)_cubic_273_373K
PAR_096,GateA_converged_v1,GRAIL-CHT-1.0,parallel,0,544.3926230532685,294.9655547888966,292.7471677050869,2.5657500066625345,0.0029977182616669176,0.0002498098551389098,24.117809707756056,0.6089890768827295,1.6449495895598656,5.198875,3.1660580870787007,28.056939,10.405412317078431,74.52098243405693,122.36834002920405,0.0008209784150951288,23.949886188258336,7.201104432435938e-05,353.2601838476273,276.4891737989702,15.44985002531763,308.61879386222506,13.65323907332845,171.08139794226778,0.5951913846954865,303.9373147747519,309.9088669493232,297.6126049018062,12.296262047517018,3.7833649324262866,309.1551639157856,309.65633189822915,309.86660962651274,8541606111.481761,8533674803.341589,304.00791099608324,186.52137707154722,1.707480719025593,12.122718858747097,1.6098131781828755,2.6132261294238575,290.36006140425246,6.957662890272332e-11,-1.8028322895746417e-05,95,8.379373639400001e-07,True,2.9238,3,k(T)_cubic_273_373K
PAR_097,GateA_converged_v1,GRAIL-CHT-1.0,parallel,0,541.7312859970295,318.52929317080054,293.19699593611915,4.314126984962071,0.0012869744447284253,0.00010724787039403544,24.281296211934155,0.6107488358733526,0.857788209843899,5.198875,3.1752068541010763,28.056939,10.465634986725457,55.11971745120744,90.24940239531999,0.00047652143137941324,7.80296934565279,1.007243945923212e-05,351.5332236024744,277.12668842478536,22.093682542855866,344.0714303698912,25.542137199090632,137.40528536692352,0.4803807526326392,334.046429411726,344.693755277134,321.96153719483175,22.732218082302268,7.022246403429177,343.5318463483311,344.34842557017356,344.66433556540954,12484633733.273655,12451662363.56605,334.2673446639232,185.60954206210647,6.0427779727900495,36.284925501845926,5.876594464839814,2.2349377443653147,293.4078867870416,7.803777180015459e-11,-2.2220998117110556e-05,195,9.293570997215284e-07,True,2.9238,3,k(T)_cubic_273_373K
PAR_098,GateA_converged_v1,GRAIL-CHT-1.0,parallel,0,806.1361160482738,289.5104488831872,293.98315212821035,3.2346296889128157,0.002404683782770515,0.00020039031523087626,34.94278061939582,0.6644120270645906,1.2200746610626572,5.198875,3.4541950772054237,28.056939,12.385548910259706,60.637515069645076,91.26492688211111,0.0008093494501322293,17.834505538415304,4.3015392419215857e-05,523.1073686565371,278.2420349742157,17.9915928178687,315.38819183616494,25.877742952977712,260.11215724138924,0.6111085356862047,306.0049148522392,317.1723324183541,294.0270990210458,23.14523339730829,7.133480721242701,315.8142270059516,316.7377138221233,317.10592326803373,8796834827.59837,8768263803.066872,306.2538869200311,276.2006906506516,1.8226936897990371,12.536427519211882,1.7294493037175729,2.534628898772708,291.96431432586246,6.886068604217144e-11,-1.3433516779530169e-05,108,9.299710654886439e-07,True,2.9238,3,k(T)_cubic_273_373K
PAR_099,GateA_converged_v1,GRAIL-CHT-1.0,parallel,0,627.4821056623226,304.5387294240318,311.63690404417014,2.6881111746193764,0.002399604147210973,0.00019996701226758108,36.25760238446246,0.925033666774088,0.7989945421451929,5.198875,4.809134404350138,28.056939,24.007965948935976,77.59429788929894,83.8826744110807,0.0006311452137723853,7.418877835643714,1.7855937835568933e-05,407.17753073902065,303.6773490072921,15.91482246355363,325.11753393078794,20.578804506756114,206.41251579125338,0.6230182367456565,317.5919572833022,326.5018866928117,308.01828232088934,18.483604371922354,5.693128659368308,325.4168418289002,326.15459575347944,326.44908941539927,10193282202.602106,10173677888.132034,317.7448439438106,214.9897362302029,1.1136680680748952,6.606896822229557,0.8566932249821048,2.727890923473311,310.1923373471,7.719165751041146e-11,-1.7524714292815705e-05,112,9.316761975242116e-07,True,2.9238,3,k(T)_cubic_273_373K
PAR_100,GateA_converged_v1,GRAIL-CHT-1.0,parallel,0,862.6673334001889,315.0828062045532,307.69918393789743,4.2783953494967175,0.0033538612429187932,0.0002794884369098994,33.63780893580489,0.5729566369641569,1.4987588728099475,5.198875,2.9787299359970314,28.056939,9.210512515064922,129.22122097966582,225.5340328447049,0.0005297009449104164,20.389262784935905,6.858852379747546e-05,559.7908713147164,297.939849728901,21.957902328087524,334.4112729735535,19.328466769000272,270.96848153106225,0.5948966210008868,327.94976830577804,336.4301983261713,318.9673610726228,17.462837253548514,5.3548451745429855,335.3441661507443,336.0507532326879,336.3643501094955,11585725755.03265,11567228470.4967,328.0807967949412,295.5695800541703,3.1875442623248262,18.5003467467884,2.913246571145776,2.3008219802782346,307.22967257890235,7.328651463467396e-11,-1.3214198487627883e-05,89,9.304844184043759e-07,True,2.9238,3,k(T)_cubic_273_373K
PAR_101,GateA_converged_v1,GRAIL-CHT-1.0,parallel,0,533.5809995364458,303.0529767637454,290.0251873411365,2.930369919757814,0.003063093674860407,0.00025525780623836725,35.675600775417024,0.39382567457193196,0.5052310504689841,5.198875,2.047450453890153,28.056939,4.35159369736993,88.80743512112207,225.49935378807166,0.0007039315787676254,115.15691141756889,0.0003537978003807577,346.2444456661964,272.64193270388154,16.835405695079693,315.28830301269375,12.235326248948354,156.65783285177017,0.5560551092803194,311.1104468670431,316.46142069037563,305.430848278195,11.030572412180618,3.3908265459034492,315.78571681593604,316.2375603372726,316.42286215841426,9374923319.339382,9368247990.884474,311.1658523635699,182.81706731175169,2.9175110105555557,20.208433717314307,3.0333228365001927,2.349698593853359,288.47732075087106,7.276582891790896e-11,-1.8107931072722987e-05,95,8.146368486450228e-07,True,2.9238,3,k(T)_cubic_273_373K
PAR_102,GateA_converged_v1,GRAIL-CHT-1.0,parallel,0,478.81800269670526,296.1490231997349,283.87536729806993,2.4340338931688574,0.004092608016293807,0.0003410506680244839,32.21985657939021,0.4754785095051223,1.8666894770672506,5.198875,2.4719533361034434,28.056939,6.343107522506434,98.385460675925,206.91883798980632,0.0008489629240958618,52.48462104391787,0.00021544531676678122,310.70835367591087,264.01623982606947,14.949328794041659,304.38878524749913,8.239762047764202,140.95844575375898,0.5575537089623932,301.9398797559242,305.571868207231,298.1160701289325,7.455798078298471,2.2820148627110517,305.1029484161109,305.39079187064067,305.54116490366744,8314396054.952867,8311547879.905127,301.96574338432225,164.05401074088095,2.4050436806577005,18.091799619719104,2.5987585356171046,2.421410511711832,281.67735034916547,7.13339431968052e-11,-2.2461427042250578e-05,78,8.744925139581028e-07,True,2.9238,3,k(T)_cubic_273_373K
PAR_103,GateA_converged_v1,GRAIL-CHT-1.0,parallel,0,555.3822908147997,291.7674451398081,307.8208690161743,3.1283848827793355,0.0029019795047720755,0.00024183162539767296,26.420748303364608,0.3656932840984856,0.5335817704140112,5.198875,1.9011936723675147,28.056939,3.752098727294321,68.99210957773334,188.6611337361966,0.000858448830595737,158.71556792312055,0.00046197525095401814,360.3914561857592,298.1166055670517,17.587862554561475,307.7730463295092,16.00560118970111,194.15233324680497,0.662089444411169,302.2635451186358,309.2346136766063,294.8404516391187,14.394162037487547,4.4313160482513325,308.3622556999835,308.94461812863614,309.1865591899751,8358003546.289037,8347243579.875412,302.3609058397837,190.28668886608085,-0.3878416311419203,-2.678290428165363,-0.7994759309232138,1.3174139766905935,305.26318803427984,7.465331464118208e-11,-1.9124035338812638e-05,96,9.101083264795307e-07,True,2.9238,3,k(T)_cubic_273_373K
PAR_104,GateA_converged_v1,GRAIL-CHT-1.0,parallel,0,473.2882605849514,310.9020748240477,306.31455809504865,2.5297826909843812,0.004025205817363333,0.0003354338181136111,25.864301670635193,0.9845670263280123,1.7349276543969347,5.198875,5.118640899001045,28.056939,27.19761750667273,131.30638135432548,133.36459361638245,0.0006256360362514448,10.59659821973339,4.278183430123649e-05,307.120065311399,295.93104960940235,15.31317422574065,319.6959994111298,8.793924587082074,147.96094977447675,0.5920896309497006,316.98077436484544,320.872890310397,312.89818836260145,7.974701947795552,2.4439398796284997,320.3674453984626,320.68414418416495,320.8395959303371,10099189862.840649,10095589612.41937,317.00903070317594,162.15939448441867,1.7539197382528382,10.910124416731625,1.534440557891752,2.521137120102831,304.76160758917155,6.925120032974519e-11,-2.4668897178630052e-05,80,9.371104283673048e-07,True,2.9238,3,k(T)_cubic_273_373K
PAR_105,GateA_converged_v1,GRAIL-CHT-1.0,parallel,0,559.8612633227793,304.32163570035124,291.3383143496365,1.2389559173584728,0.004481481218729105,0.0003734567682274254,34.57206585868706,0.8299076324967585,0.6490161685520685,5.198875,4.314586042896585,28.056939,19.32412354446425,128.9155949654226,155.33728082194273,0.000709472588402734,20.691169645938242,9.300610648125374e-05,363.29789279899467,274.49566007351785,10.408032485962195,313.23493382795687,8.913298127605628,166.9691726912353,0.5648354591574645,310.687382224516,314.63812922776765,306.54898840031643,8.089140827451217,2.474006767127648,314.1226450857815,314.4387245659246,314.6042130686249,9320938456.65369,9317394058.584282,310.7169248921548,191.82128739786918,2.783142586470338,19.28545230076539,2.7835545195804596,2.432592586369624,289.0879806956056,7.354685749305646e-11,-1.8089849547671542e-05,75,7.9821455756246e-07,True,2.9238,3,k(T)_cubic_273_373K
PAR_106,GateA_converged_v1,GRAIL-CHT-1.0,parallel,0,702.4612224890176,305.7048032237939,311.4163153326797,0.0989742108258304,0.0037650226376469234,0.00031375188647057693,21.851943636623794,0.8927905275921258,1.5891685250007326,5.198875,4.6415063541355135,28.056939,22.36348258165086,117.83826760262349,131.98870727317828,0.0006520797892109677,12.09808393449672,4.5686619744767017e-05,455.83200450168084,303.35497412782246,6.076102001138156,320.4901151351226,14.785311911328733,232.68820233244173,0.62736182267946,315.77271003492154,322.30784075490516,308.9332132664383,13.374627488466842,4.106762528281192,321.46181558647226,322.0013356177194,322.2521927884595,9952651422.207476,9942563591.787258,315.8527761626474,240.6792983768875,1.0392556692101207,6.325172095231512,0.6267104049102566,3.4741231301976905,308.6886173367719,7.302617177629145e-11,-1.7502504959530152e-05,82,9.990031344386807e-07,True,2.9238,3,k(T)_cubic_273_373K
PAR_107,GateA_converged_v1,GRAIL-CHT-1.0,parallel,0,424.92315227560783,310.5788915202056,305.0096555785968,3.0991009893613937,0.0032456949699765456,0.0002704745808313788,33.32439143613722,0.4845776822072009,1.6938426264555733,5.198875,2.5192587975849614,28.056939,6.588205004080465,106.02080245424412,218.79010599772243,0.0006247929386104805,31.119314555850863,0.00010130772590074529,275.73560797370783,294.04206193527205,17.476583759573295,320.1644945332833,9.585603013077673,130.04792376202576,0.5796410117779931,316.9438303063789,321.148079062381,312.4818672067317,8.666211855649294,2.6592163895115424,320.6133390496834,320.9644483060141,321.1163472686429,10095145086.507103,10090883877.770836,316.97728500711617,145.58840101011774,1.905448336925007,11.91821719869219,1.716848905373319,2.4662553324497942,303.59561556043275,7.26356574887177e-11,-2.5546608303377392e-05,92,9.028923386722454e-07,True,2.9238,3,k(T)_cubic_273_373K
PAR_108,GateA_converged_v1,GRAIL-CHT-1.0,parallel,0,844.7858084449426,300.51673168130026,299.5217077402432,1.316794942542345,0.00162806305838533,0.00013567192153211082,24.482986329163964,0.852024438230002,1.7415625377164952,5.198875,4.429568551303001,28.056939,20.367812632538413,57.3993562717579,67.36820412217224,0.0005788735381200454,4.952838980283216,8.087797570641898e-06,548.1874246005823,286.1419500671168,10.703820781660912,338.6536721355672,38.13694045426695,259.5334575581502,0.5818523871979955,323.8519784557371,340.032226382981,306.0149903275609,34.017236055420085,10.506890499396436,338.17017299681476,339.46286227118094,339.96895549124486,11069209208.798487,10999836204.498869,324.3613870709589,289.44296018910745,3.7329615965857093,22.676429602434144,3.5001497462652735,2.3282431152658893,298.45473598579474,7.244040034493082e-11,-1.3237263686089557e-05,145,9.026348379848059e-07,True,2.9238,3,k(T)_cubic_273_373K
PAR_109,GateA_converged_v1,GRAIL-CHT-1.0,parallel,0,704.7325014664975,301.025554669013,289.2258830390811,3.784575157598952,0.003806015250363965,0.0003171679375303304,32.92222811405017,0.6561450729905808,0.658020327076907,5.198875,3.411216216343906,28.056939,12.079251730905202,107.34100824174422,163.59340740380011,0.0007236429758898487,32.39391871570425,0.00012366273686160585,457.3058533291205,271.515615085905,20.081385598876018,314.567846013439,13.542291344426019,215.44625965574573,0.5790028948428035,310.3420368492348,316.3000726562046,304.064014930945,12.23605772525957,3.7487943414553233,315.5323361838071,316.01235040523017,316.2497541888322,9284155241.545465,9276035984.710342,310.40992468571466,241.45749055777563,2.882060831950327,20.091435544082543,3.0377672844240493,2.3329861741450197,287.8399468364618,7.608520036228584e-11,-1.3566954147123014e-05,82,7.804010806466977e-07,True,2.9238,3,k(T)_cubic_273_373K
PAR_110,GateA_converged_v1,GRAIL-CHT-1.0,parallel,0,631.8048821459976,307.61894920336806,285.0524081380171,4.474742378443782,0.004340424310205533,0.0003617020258504611,33.905036863445105,0.42884884361904035,1.385961564273571,5.198875,2.229531531869938,28.056939,5.159988986112078,134.59011606244874,313.84045466147813,0.000658170657430652,65.20305635369043,0.00028386051243456297,409.9826106587128,265.6599882968376,22.70402103808637,317.6022601584347,9.983310955066656,181.12694726467836,0.5429579137840327,314.6781427722656,319.09334284661503,310.0421707237307,9.051172122884338,2.7681015998138574,318.5178488774479,318.87055021325926,319.0554344745175,9809974316.057846,9805422539.430214,314.7146556134103,216.47081842780037,3.9092380667177156,27.17271909959357,4.261954532916604,2.2594933343111467,284.24512718563494,7.178954319897457e-11,-1.872589856833437e-05,76,9.342292628389259e-07,True,2.9238,3,k(T)_cubic_273_373K
PAR_111,GateA_converged_v1,GRAIL-CHT-1.0,parallel,0,712.3927885917371,312.25512984604893,312.1469324985675,4.401046633044807,0.001095670021696725,9.130583514139374e-05,32.809634172778885,0.7679993285817746,0.9812080630842871,5.198875,3.992732509380574,28.056939,16.54862705367251,49.83986870743069,64.89571911406154,0.0004486652012284375,3.5241742498706303,3.872950929607616e-06,462.2766672666983,304.4231565845879,22.423977205570264,358.23164141791517,45.97651157186624,210.56785710361316,0.5598074068861505,340.2338401909281,359.06394832470136,318.4080656928067,40.655882631894656,12.557800280693842,357.0912488749564,358.4882432752243,359.0162575454767,13509405697.089668,13400161363.754337,340.9251662966604,244.08208031681673,4.72843209943426,24.74516872369594,4.040579078727154,2.2599108558336822,312.51964262748646,7.78425146563677e-11,1.7744582540772326e-05,213,9.406321623828262e-07,True,2.9238,3,k(T)_cubic_273_373K
PAR_112,GateA_converged_v1,GRAIL-CHT-1.0,parallel,0,461.7067738495987,298.6159238622741,283.5519573014938,2.6023320481287593,0.002936661474460285,0.0002447217895383571,23.674991128118307,0.7621286599894219,1.36231172485425,5.198875,3.9622116372025062,28.056939,16.296595096697363,76.46526640384518,100.33117820934132,0.0007838070707543287,15.458092824929672,4.5531781010633826e-05,299.6047574984215,263.5651906481452,15.588861782889285,309.276375248416,10.660451386141915,130.85965218364598,0.5367914537648705,305.58814122393414,310.247344904259,300.6415395465362,9.60580535772283,2.956036702652381,309.66510326623404,310.0569465126058,310.2149217693447,8725487148.888258,8720592384.618137,305.63101294397995,158.19131195916657,2.8858992572503377,21.275673367635292,3.1701227029778654,2.3490685743411914,281.75972358048267,7.191971462816582e-11,-2.247427021258346e-05,97,8.860113211994758e-07,True,2.9238,3,k(T)_cubic_273_373K
PAR_113,GateA_converged_v1,GRAIL-CHT-1.0,parallel,0,539.9165391542431,316.62380580909496,310.31439447504147,3.438045586596199,0.0011860848398625174,9.884040332187645e-05,26.11242051829703,0.6282015327542888,0.884203456149755,5.198875,3.2659412435979536,28.056939,11.072310886716373,51.53564242392138,82.03679828345584,0.0004697075681809162,6.543952341908216,7.785037778856723e-06,350.35562167296234,301.7463045621461,18.764573229065554,347.83335987654544,31.209554067450483,154.7318079619794,0.542774012912649,335.5808527509003,348.49325775938723,320.7890538566816,27.704203902705615,8.561272711171414,347.11190621840626,348.08672249466525,348.459134673942,12731466713.577343,12682027577.17976,335.90742964411464,184.98776824332413,4.111403431868209,22.509770747386685,3.6348295733081106,2.267945687229748,310.3702655624821,7.328651463467395e-11,-2.349950955670769e-05,206,9.546512842462107e-07,True,2.9238,3,k(T)_cubic_273_373K
PAR_114,GateA_converged_v1,GRAIL-CHT-1.0,parallel,0,784.2540376584225,298.2354716602246,308.63477909648185,1.2670324301722138,0.0031916247154852536,0.0002659687262904378,35.04355837149311,0.7718860621165198,1.7926405344733796,5.198875,4.012939151186022,28.056939,16.716551317913986,90.54418231719994,117.30252269217924,0.000719400549998041,14.108469466146369,4.5164433145257566e-05,508.9079348148139,299.2997633167322,10.514723234654411,317.93922528180536,19.703753621580745,262.86760585424116,0.6348138360936549,311.3142855474888,319.93115967174873,302.1967805430962,17.734379128652506,5.448810836376262,318.8359947781747,319.55613564679453,319.8668214317418,9410082407.643267,9392824329.037685,311.4571868819007,268.70338958222175,0.7570060295847356,4.693343417156063,0.38547346777509317,4.124871837042758,306.0578151573078,7.068308605084894e-11,-1.4583565681402432e-05,90,9.563025287206983e-07,True,2.9238,3,k(T)_cubic_273_373K
PAR_115,GateA_converged_v1,GRAIL-CHT-1.0,parallel,0,612.6121402946657,312.9106795264186,301.8771366201452,3.0023373308494827,0.0038357746913697034,0.0003196478909474753,22.804076373997983,0.43580338754895936,0.9575821288692166,5.198875,2.265687336443596,28.056939,5.3287027091541574,133.17692727311106,305.58947240434105,0.000587818968020638,62.381029989668626,0.00023999957478028624,397.52830612219054,289.5238935965765,17.108881857228035,324.53449702818017,11.62381750176155,186.37092205969296,0.5761806009980153,320.85783561272586,326.0145343230429,315.4543033015238,10.560231021519087,3.23867541128408,325.3481404534014,325.7581096959604,325.9711633148769,10605129025.137194,10598651163.855856,320.90685119745433,209.89494563251662,2.8809654037139567,17.912530620584246,2.730561017576839,2.3472831514764003,300.796084649408,7.719165751041147e-11,-1.59456204496066e-05,83,7.884523256507237e-07,True,2.9238,3,k(T)_cubic_273_373K
PAR_116,GateA_converged_v1,GRAIL-CHT-1.0,parallel,0,710.1379205145381,296.98967726126915,303.63214575097,1.6836120320473285,0.002815521440630627,0.00023462678671921892,24.89137934647924,0.5448489990144847,1.066866165983341,5.198875,2.832601839751429,28.056939,8.328995024480514,77.9780984901456,143.1187331374221,0.0007368951452224373,31.374187827880412,8.860050001180515e-05,460.81346758732735,292.05234708953935,12.097725721779849,316.82222991497633,19.832552653707182,233.40692477520435,0.6224967810896648,309.8662717527536,318.5283982775762,300.6747017021961,17.85369657538007,5.4958556503925875,317.44052359906385,318.164258798165,318.47016252806577,9236678195.220442,9219284715.658552,310.01232006058484,243.30951088610885,1.2072373746235463,7.798548125699515,0.896840598219613,3.0084245862135597,301.13202120562846,7.556451464552082e-11,-1.643488494139175e-05,98,9.916214480654162e-07,True,2.9238,3,k(T)_cubic_273_373K
PAR_117,GateA_converged_v1,GRAIL-CHT-1.0,parallel,0,895.8535012837485,298.1021951464812,307.48343079043104,3.3503598065710705,0.001406641332019554,0.0001172201110016295,32.40209743744876,0.41972497289216515,0.9007774320741916,5.198875,2.1820976684447553,28.056939,4.942764370042532,51.84277906448776,123.51606983796766,0.0005537510940786637,24.62660154135635,3.474503068731023e-05,581.3256079575334,297.6265395507104,18.431367264970067,346.15493931717793,48.05274417069671,282.5386399619982,0.5973198293775478,327.3979383768205,347.5220176626619,304.83303852350946,42.68897913915242,13.183995018277859,345.2767772229744,346.84730214436365,347.46353980153026,11601134948.386374,11489569627.594288,328.18983055455874,306.93992100157766,3.2485784710262857,18.287763429105052,2.864898606784119,2.320647257933271,306.91593260321014,8.265885753644398e-11,1.3205406418152565e-05,164,9.599121995051973e-07,True,2.9238,3,k(T)_cubic_273_373K
PAR_118,GateA_converged_v1,GRAIL-CHT-1.0,parallel,0,757.8895329228924,309.966876223687,312.42313520199514,3.4743902777469597,0.0025818137888329634,0.00021515114906941362,30.979218610136122,0.7101982137257143,1.80118759760193,5.198875,3.6922317383832737,28.056939,14.151401056204216,93.79471649771908,132.06836441571724,0.0005617796949480686,10.26406283688406,2.6579637875341273e-05,491.79982314039523,304.82729845209616,18.902683055438448,332.6242618082744,22.657385584587416,244.51808917858673,0.6110421394000533,324.455773180878,334.3006599992824,313.8956162419422,20.405043757340195,6.276006225305741,333.0860268114636,333.9089048508729,334.23891783907465,11106963806.651276,11082098976.308128,324.6376150579626,259.6703066181287,1.9923879927133246,11.428855126242315,1.731013816540423,2.3849617652128807,311.65563621558334,8.317954325320899e-11,-1.5210038696825533e-05,106,9.663235687185079e-07,True,2.9238,3,k(T)_cubic_273_373K
PAR_119,GateA_converged_v1,GRAIL-CHT-1.0,parallel,0,643.0499099151607,316.1107264634182,293.31987635489685,1.9689405476659152,0.00399752773419087,0.0003331273111825725,26.47366115968025,0.5580622970724971,1.0065446145721526,5.198875,2.9012961246927786,28.056939,8.737871481204712,146.02241669794375,261.659706208345,0.0005587164403194017,32.84006472291718,0.00013167409179787827,417.2795878933171,277.3009245786977,13.181974081130477,327.1114362585318,11.000709795113607,183.81818565732254,0.5413895527717274,323.69452659320586,328.58173116907847,318.57240963903286,10.00932153004561,3.067525667806174,327.9497066678792,328.33784194580784,328.54039864985316,10984374579.820633,10978459993.698803,323.7381149582517,220.32362240767145,4.355071288562555,27.780707997594394,4.369693439407985,2.2762100703055768,292.5805730576883,7.081325748004018e-11,-1.6328351739904737e-05,81,8.382784244531649e-07,True,2.9238,3,k(T)_cubic_273_373K
PAR_120,GateA_converged_v1,GRAIL-CHT-1.0,parallel,0,464.92171199874446,292.32951184129826,310.1534675886741,0.5095729336016643,0.0021438214986916077,0.00017865179155763397,20.81642274758594,0.7430204048728027,1.3266476633818038,5.198875,3.8628702073830925,28.056939,15.489655862124243,52.847503986171326,71.12523914497108,0.000827910972955376,12.608267015642966,2.7111207511915412e-05,301.6909533679692,301.51160969469436,7.636377147686325,310.48512478190054,18.155612940602282,162.69560417786454,0.6627688189663649,303.7172344500199,311.5468126117846,295.2854386062554,16.261374005529206,5.024262842718559,310.6106970196042,311.251558805067,311.50437919283036,8522948019.865651,8508984777.736258,303.8417578261936,159.29282337828775,-0.3112765094804109,-2.165553458604171,-0.9259157060187876,1.0013093787038574,306.14262006998047,6.996714319029705e-11,-2.2050882566073108e-05,121,8.868085501489986e-07,True,2.9238,3,k(T)_cubic_273_373K
PAR_121,GateA_converged_v1,GRAIL-CHT-1.0,parallel,0,564.2159049744023,331.6685536440082,309.5823988324818,4.5194830569460525,0.002541891451594107,0.00021182428763284224,24.071862115184977,0.4556491251185972,1.9507521941848092,5.198875,2.3688628453509475,28.056939,5.825072960751584,122.20101841118468,268.1910524449662,0.00042452343766602094,17.37694323696244,4.430321310819544e-05,366.1236502492244,300.6792576720435,22.874035616395,346.35117561681426,14.682621972806032,156.00441874899323,0.523669949202762,340.98059177993724,347.39321212189304,334.11286982588786,13.280342296005188,4.08362952770197,346.6019639377538,347.13665899990593,347.35375380654347,13529821967.806696,13518192938.72227,341.0539002965743,193.3132873315905,5.1172780607558614,27.67469095234686,4.5169401673874425,2.2504714226751426,309.9853756581707,7.979508609423647e-11,-2.100108765221391e-05,111,9.819876822803053e-07,True,2.9238,3,k(T)_cubic_273_373K
PAR_122,GateA_converged_v1,GRAIL-CHT-1.0,parallel,0,645.8153765816036,297.000943284548,291.5862381630841,3.7356127412644264,0.0029574406819834363,0.00024645339016528636,22.151216288868017,0.947443712491394,0.924421398598518,5.198875,4.925641430778696,28.056939,25.18529974341577,78.94443970232112,83.32361982194082,0.0007645642602844052,10.413274138418972,3.0889308495091555e-05,419.07411857143853,274.84612111970483,19.89532841680482,313.25006348714595,16.249120202597965,200.873282178457,0.5890875877273449,307.62608048442047,314.7222464148167,300.10960779343486,14.612638621381848,4.499423245008386,313.8364333901541,314.43040686505685,314.6718878393918,8967047996.114656,8955557123.388668,307.7247117729081,221.27113460571957,2.267239096681903,15.823156502190313,2.307489739331527,2.408520949882762,289.9043954849955,6.879560032757582e-11,-1.4873580884800491e-05,96,8.16671729353402e-07,True,2.9238,3,k(T)_cubic_273_373K
PAR_123,GateA_converged_v1,GRAIL-CHT-1.0,parallel,0,932.9058275900434,300.237765876956,285.7296924379367,3.531192350238388,0.0010772473818617461,8.977061515514551e-05,22.668895807611236,0.9762060933117818,1.6176464603410299,5.198875,5.07517345336629,28.056939,26.73765505884218,44.6756098688497,45.76452674792018,0.0004921125656790782,2.2625697589576754,2.444681393296608e-06,605.3691218639722,266.6073623686015,19.118530930905873,358.27724874695224,58.03948286999622,261.3456424391887,0.5305710319428829,335.52212338275444,359.2721761946284,308.0759467382811,51.19622945634728,15.840474658750713,356.78828944843997,358.5469818607175,359.2122676065178,12842096383.466215,12673152077.137236,336.634778012179,319.6348963441773,7.2797192232822505,43.84635624769361,7.163132978477318,2.2171304376831866,286.41489792577113,7.491365749956458e-11,1.4221080357617461e-05,232,9.80616448487126e-07,True,2.9238,3,k(T)_cubic_273_373K
PAR_124,GateA_converged_v1,GRAIL-CHT-1.0,parallel,0,455.57152759946644,303.83703474589026,304.4407115301796,3.8948559550853985,0.002517757742040796,0.0002098131451700663,36.581328331130315,0.6039204037248439,1.94850338909555,5.198875,3.139706688914998,28.056939,10.232922696753905,75.26303535844227,124.62409763643845,0.0006827342775473274,15.824047832484053,3.99610019465001e-05,295.6235532599869,293.21971694051786,20.500452629324514,317.59945784254427,13.762423096654004,144.83886971751824,0.6021360522179933,312.63212881348943,318.6034754223324,306.22857129614613,12.374904126186266,3.810891727190664,317.8736574121199,318.368488890314,318.56674868388836,9561395848.061874,9552882401.809658,312.70175931047544,156.0892361212731,1.3647373656925368,8.707248770835166,1.1784162807309655,2.6011996937011244,302.88014791719917,7.393737178063019e-11,-2.30723813473099e-05,109,8.964313451542694e-07,True,2.9238,3,k(T)_cubic_273_373K
PAR_125,GateA_converged_v1,GRAIL-CHT-1.0,parallel,0,574.596967545338,319.2840768735207,292.51888130599525,1.8083479297766956,0.0011322896871040651,9.435747392533876e-05,31.3808957085359,0.357954906778059,1.0500473720874892,5.198875,1.8609628159757814,28.056939,3.5949837197583867,50.92111015220125,142.25565619574985,0.00045381535417928274,22.077811722245315,2.5073699625801014e-05,372.85999441894256,276.1658244135995,12.571722133151443,349.6835823140805,30.399505440559835,143.87997438425305,0.4742453700189888,337.7553791868912,350.2729589720486,323.3194114680824,26.953547503966206,8.322307585676844,348.94813171698524,349.8846998237766,350.2406026901977,13061273436.433378,13013948919.774315,338.06201861056877,196.87007705320167,6.747877207289848,39.73455320838287,6.507717009450207,2.2185634970650185,293.2533080954263,7.836320037313272e-11,-2.2733863353338044e-05,217,9.67269727425446e-07,True,2.9238,3,k(T)_cubic_273_373K
PAR_126,GateA_converged_v1,GRAIL-CHT-1.0,parallel,0,509.9099419070453,327.2354444301948,295.8152415940718,1.4899774062118185,0.0028419412491144658,0.0002368284374262055,30.667437869130072,0.9977356128920284,1.1281350029975736,5.198875,5.187102734474045,28.056939,27.930019318601627,124.34239488635158,124.62459320854921,0.0004664610277811259,5.475353195044555,1.5607454461853364e-05,330.88413067307505,280.8470704063363,11.36191414360491,338.1221791465413,10.886734716346552,129.32694471674628,0.4803542256517115,334.2612395048289,339.02795358494984,329.17350812174044,9.854445463209402,3.0259816380798488,338.42749923482154,338.8292846099703,338.99568169815666,12489858490.819489,12483721665.873209,334.3023114849932,174.70682099538362,5.7273619269055525,34.12171308399922,5.530836520719754,2.2355183906452685,296.0454605714862,7.530417178713834e-11,-2.01783691001883e-05,103,8.5396760596268e-07,True,2.9238,3,k(T)_cubic_273_373K
PAR_127,GateA_converged_v1,GRAIL-CHT-1.0,parallel,0,793.2124464706053,332.28405291237516,292.81971464208846,4.238650959707973,0.003582555873325265,0.0002985463227771054,30.421070624914854,0.8701889864461484,1.0866771153584653,5.198875,4.524003766910219,28.056939,21.245524274451228,173.28683360337715,199.13701081311146,0.00042193631273473143,8.171869200264663,2.9364270811889673e-05,514.721109001901,276.5919571263278,21.806873646890296,346.58609266139973,14.302039749024573,214.1742401842094,0.5113800627521338,341.87775181257206,348.19581445984124,335.1992587594174,12.996555700423869,3.980211700995437,347.3814991251707,347.8900176843033,348.1442467292569,13672134203.2334,13661027245.987452,341.94722068044547,271.77274555300374,7.434288664140627,43.10677573722374,7.057483180620464,2.223653546734714,293.59884482898855,7.582485750390333e-11,-1.5532532671455833e-05,87,9.877396109914116e-07,True,2.9238,3,k(T)_cubic_273_373K
PAR_128,GateA_converged_v1,GRAIL-CHT-1.0,parallel,0,732.5331991543269,304.81550491049643,296.54260002550245,2.0655252134330615,0.0015433295778829249,0.00012861079815691041,35.75655571399654,0.39933896436432453,1.7009730459668493,5.198875,2.0761133583595783,28.056939,4.474285190782076,56.34259101869115,141.08964074762494,0.0005590380412394691,20.317983405700346,3.145169985250931e-05,475.3459206636368,281.8835383155503,13.548995811045634,338.34014289855804,33.52463798806161,216.27138335023474,0.5591622238850694,325.303782019655,339.4640991580293,309.57532335277705,29.888775805252237,9.229911186236176,337.85469482094044,338.9752195814906,339.418465525693,11252429701.058699,11198412214.704613,325.6953642289931,250.98264611040022,4.276959532300544,26.296764645391573,4.137580096674185,2.2857554313388344,295.8518215663071,8.630365755379898e-11,-1.6540665844220205e-05,157,9.766078505890619e-07,True,2.9238,3,k(T)_cubic_273_373K
PAR_129,GateA_converged_v1,GRAIL-CHT-1.0,parallel,0,923.1016308674249,314.03215355036,303.2761583458621,1.6281181890463596,0.001640921912373569,0.00013674349269779743,32.28901900436539,0.44972860862687314,1.4480277410182665,5.198875,2.338082820175035,28.056939,5.674679243904658,73.30606624089094,163.00067381684158,0.00045684354886986754,14.906556538194538,2.4534097554221577e-05,599.007109981288,291.53888130931284,11.886849118376166,354.05576170822906,40.023608157869035,274.5240733689335,0.5632445439940987,338.5253140238585,355.5100406210865,319.7287397527472,35.781300868339315,11.032548792064572,353.5532899475055,354.9113103292817,355.4502150291513,13216593573.644062,13133019783.82526,339.06259674310127,316.27575407012006,5.60568651913102,31.075095005617015,5.0709391911466035,2.2433204802269184,303.7216991483743,9.02088004295365e-11,-1.2651841807474676e-05,144,9.194357630804006e-07,True,2.9238,3,k(T)_cubic_273_373K
PAR_130,GateA_converged_v1,GRAIL-CHT-1.0,parallel,0,672.4296377406956,329.36468098198833,306.48399168588895,1.362693012568352,0.0034942712340603485,0.00029118926950502905,35.51235807354141,0.7385535151688397,1.4789881876562316,5.198875,3.839647406173402,28.056939,15.303974274173797,160.66878499205671,217.54521736360087,0.00044385856072131225,10.819962064170157,3.792164713586159e-05,436.3442989374015,296.1766187085316,10.878233447759737,342.56661618256993,13.201935200581602,192.8281752542419,0.5431124044480169,338.183700617901,344.0046358566501,332.0311874289959,11.973448427654205,3.670175582093074,343.2550021690373,343.73910781463366,343.9579515962576,13089329837.910683,13080088685.458933,338.2434169462741,230.38978983894802,5.029952781811327,27.971382459176684,4.560316219761922,2.244166396433469,306.8561947014077,8.402565754295211e-11,-1.600593665190648e-05,89,8.689040100762213e-07,True,2.9238,3,k(T)_cubic_273_373K
PAR_131,GateA_converged_v1,GRAIL-CHT-1.0,parallel,0,830.7895723760521,293.22766539722437,308.9360625408148,4.768780697743885,0.0036163291701698996,0.000301360764180825,20.021345686582976,0.788776438786889,1.2096714616805726,5.198875,4.100750108198188,28.056939,17.45613720993662,91.66861950343792,116.21622426301312,0.0008051313927720735,18.80182793324924,6.819819338768751e-05,539.1051690418268,299.7381264209471,23.821366651426764,312.15504284573757,18.927377448513198,286.1110816202342,0.6522434399042906,306.08323135477946,314.4053563403329,297.37375129985884,17.031605040474062,5.2393426498182505,313.33616587752385,314.0220074333684,314.3367077178585,8792669473.732906,8777243572.853386,306.217627219503,284.6475292540846,-0.12451126520217302,-0.9285918446894573,-0.41040794279286247,0.9716240816885083,307.1232395328155,6.476028602264706e-11,-1.4513902585040561e-05,82,9.956864914784092e-07,True,2.9238,3,k(T)_cubic_273_373K
PAR_132,GateA_converged_v1,GRAIL-CHT-1.0,parallel,0,926.5794371608814,291.25202907804385,286.7030419540362,1.7709791622691065,0.0016660713578903925,0.00013883927982419938,27.167300699707987,0.5520681363988706,1.5016639349242529,5.198875,2.8701332326206788,28.056939,8.55117218677289,50.555988844411736,91.57563262786263,0.0006725746371901377,13.890233630661415,2.3211755673471275e-05,601.263882829756,267.9708347156924,12.429720816622606,331.72298512854303,40.47095605049918,281.84695293510225,0.5760985251962686,316.11030838777833,333.29451829761746,297.2307026818582,36.06381561575927,11.146690384749615,331.3179055940433,332.69046189603756,333.2318496771958,10059540531.850883,9985150930.271542,316.69742790117783,317.4673301341112,4.066558513572394,27.32333164023136,4.230525724519396,2.294087271123445,285.5086091379496,7.068308605084893e-11,-1.2183714838337298e-05,135,9.014663078232843e-07,True,2.9238,3,k(T)_cubic_273_373K
PAR_133,GateA_converged_v1,GRAIL-CHT-1.0,parallel,0,809.9949337933795,294.76946839121695,308.21290835269576,4.45307239336638,0.002245329521956139,0.0001871107934963449,20.216095136383753,0.8993579984919039,1.6878583928836937,5.198875,4.6756498144095975,28.056939,22.69370947924353,65.1086456309073,72.39458117911364,0.0007038188955589053,7.648744714604695,1.7225629201211537e-05,525.6113825030603,298.68630690556546,22.62167509479224,323.58787144371485,28.8184030524979,270.47447060451054,0.6324264925136648,312.8879078034971,325.3168077964008,299.5443719456108,25.772435850789975,7.956941441989387,323.8134904748404,324.8364754949303,325.2451289069344,9621344115.086489,9584183431.30041,313.19075731469735,277.52280996161585,0.9113756111465191,5.464457513535852,0.6725448447678888,2.855428692721447,306.7678018224801,7.165937176978332e-11,-1.3913214903131542e-05,114,9.581229392097157e-07,True,2.9238,3,k(T)_cubic_273_373K
PAR_134,GateA_converged_v1,GRAIL-CHT-1.0,parallel,0,881.2739249847968,332.69332127602803,305.87155629588347,1.5469332780786256,0.0014274932510156396,0.00011895777091796997,34.71398964967647,0.4602800573415967,1.4228540122027726,5.198875,2.3929384831117937,28.056939,5.944079440574761,82.81570002679325,179.92458874952212,0.0003517878886319105,9.570514507154465,1.370295372889696e-05,571.8648188401095,295.2893045160128,11.578346456698778,373.24687766197377,40.55355638594574,241.9798992306905,0.5200372446085884,357.3395848619029,374.396748907825,338.17365286838947,36.22309603943552,11.174635575005126,372.48681792550497,373.8214713800859,374.34678728594565,16400650125.60641,16305139324.34414,357.8617373197964,301.9446243475778,8.773194450326468,43.78739071268001,7.404184245734979,2.206603950255083,308.2983998714465,8.714977184354212e-11,-1.4668866601774378e-05,164,9.745402849148377e-07,True,2.9238,3,k(T)_cubic_273_373K
PAR_135,GateA_converged_v1,GRAIL-CHT-1.0,parallel,0,451.63881063095863,322.3419577949397,284.9876282481248,0.18913035708911285,0.0016955333980452148,0.00014129444983710122,36.6755709562799,0.6605843763183242,0.9937521323790903,5.198875,3.434295599431928,28.056939,12.243254679868976,70.56795036572487,106.82655069595438,0.0004903637326495718,8.311209776488123,1.4134336764488985e-05,293.0715856901034,265.5694341748984,6.418695356938629,336.62055276250663,14.27859496756696,101.19710881472106,0.4243682925947238,331.0876512064003,337.18036345651547,324.37497610774517,12.805387348770296,3.950665041613384,336.47507188508695,336.9638259471734,337.15776629541665,12026591989.794664,12016332347.92329,331.15829991972356,154.7417972443746,6.388665318244037,40.52411786638155,6.63194362064689,2.1997905477165767,285.70128018692833,7.569468607471209e-11,-2.4799775898943206e-05,155,9.155928069048969e-07,True,2.9238,3,k(T)_cubic_273_373K
PAR_136,GateA_converged_v1,GRAIL-CHT-1.0,parallel,0,581.9420367705344,331.4027597592156,287.96431818624563,0.3415340704500176,0.0022790504803201633,0.00018992087336001362,24.84929936146778,0.4690982478345903,1.9146470886923663,5.198875,2.4387831532110558,28.056939,6.1740182586273065,109.06314006902375,232.49530470955997,0.0004264768329381061,14.883517645273454,3.4022355103624965e-05,377.6262612546571,269.74108115317983,6.997829467710067,345.98067442238994,14.57791466317434,138.87549827542662,0.4519724653273414,340.5256991762837,346.8699377244958,333.69705816611713,13.172879558378668,4.0553392131998445,346.0991329377655,346.62624309181996,346.8341591149597,13457637728.890894,13446200202.393717,340.59809007314465,199.38666594245896,7.631373183519808,45.31836191859139,7.56147379069143,2.1803933241325066,289.76985065136785,7.39373717806302e-11,-2.067629251646432e-05,121,9.981223456634325e-07,True,2.9238,3,k(T)_cubic_273_373K
PAR_137,GateA_converged_v1,GRAIL-CHT-1.0,parallel,0,502.49678993967154,316.8603209517608,300.4433205887951,0.6414837858008955,0.0036631044567883592,0.00030525870473236327,33.583715460601944,0.501728892024569,0.5908480233263039,5.198875,2.6084257935242317,28.056939,7.062826032159156,133.68334991811963,266.44538921942996,0.0005592313123951985,51.296115814272994,0.0001884684357624827,326.0736844693824,287.46363148832484,8.137638386043403,326.255383784725,9.395062832964186,143.8551035172939,0.5421981851930684,323.22531155654906,327.37156394793783,318.8511033371972,8.520460610740656,2.610637903653007,326.83685669919356,327.17789329882856,327.33698420941755,10919213981.424868,10914942469.499933,323.25693009701934,172.1669053998339,3.475675284301117,21.55874667732494,3.277414412591066,2.353650169322156,299.0798562837617,7.60201146476902e-11,-2.0033860204876076e-05,86,8.176300525519764e-07,True,2.9238,3,k(T)_cubic_273_373K
PAR_138,GateA_converged_v1,GRAIL-CHT-1.0,parallel,0,729.9377281305843,309.2858475546416,297.3094322388809,2.8170217868530645,0.0020027691746661463,0.00016689743122217887,21.93922619932155,0.7845903310425664,0.6052606466752714,5.198875,4.078987057298923,28.056939,17.27134627462354,73.9134705817643,94.20645100679208,0.0005530021255012371,8.419684401478847,1.6913424653660196e-05,473.661701348033,282.97763267964046,16.404682790041644,335.128721324853,25.84287377021144,216.3455598619893,0.5613429238352676,325.3149796775301,336.4213601107883,313.25134577711765,23.17001433367068,7.148079402085738,335.0998787124252,336.00728877806597,336.36427835556077,11232371551.0984,11199954188.335484,325.5501240869115,250.09337831176143,4.150846604006865,25.568136799757735,4.028874602656403,2.2822736445897873,296.6790708862097,7.647571464985958e-11,-1.5816751786038525e-05,129,9.643798648539814e-07,True,2.9238,3,k(T)_cubic_273_373K
PAR_139,GateA_converged_v1,GRAIL-CHT-1.0,parallel,0,637.8288814288446,319.19758799417485,288.7346004194854,4.583090429532864,0.002858853152232645,0.00023823776268605375,25.06002565649796,0.7613734489598922,1.3385005388208067,5.198875,3.9582853894613597,28.056939,16.264313747949544,113.17405686564248,148.64460669103826,0.0005155424855386182,9.960770317118552,2.856206581721137e-05,413.89162596134724,270.82410933092893,23.11574363222488,333.5665057090585,14.36891771488365,171.70865544007248,0.5098636895993218,328.48119402330536,334.7672584863429,321.7881181980389,12.979140288303995,3.9901944176816855,333.9810262693445,334.5103257245954,334.72446589152037,11652691522.223429,11642387303.672565,328.55385135543673,218.53477850759137,5.603186943713364,35.50503299177597,5.7179400568168095,2.2312815036935585,288.7161186739372,7.198480034276145e-11,-1.6896526725239243e-05,101,8.978414030025306e-07,True,2.9238,3,k(T)_cubic_273_373K
PAR_140,GateA_converged_v1,GRAIL-CHT-1.0,parallel,0,524.7151639764585,329.878256992289,306.1524214482363,3.5916280451402005,0.0018009568744558552,0.00015007973953798793,21.370048370085676,0.6406080190495319,0.7629884733064655,5.198875,3.3304410150361354,28.056939,11.513968303021176,86.6479702318148,135.2589534554596,0.0004241938978772511,9.05312511208996,1.635334794977668e-05,340.4913429104717,295.69611994175403,19.34818657153276,348.24930600715516,18.371049014866173,138.29725211972678,0.49917866272084777,341.1552331769282,349.0157419507517,332.5223145939517,16.493427356799998,5.087772602459759,348.0961592267963,348.7311813272165,348.98159329929524,13563972729.136267,13545908891.058392,341.26891129187857,179.77942905672907,5.625575892216012,30.821138830092785,5.03550018096317,2.244526229958636,306.63604520107526,7.745200036879397e-11,-2.111825022089403e-05,147,9.045617730407685e-07,True,2.9238,3,k(T)_cubic_273_373K
PAR_141,GateA_converged_v1,GRAIL-CHT-1.0,parallel,0,662.1996698599111,327.56429756077665,298.0842354353769,0.050517794934661645,0.002108694115273228,0.00017572450960610234,31.80652799035101,0.5992553918722227,0.614995765863469,5.198875,3.1154538754197016,28.056939,10.075443886140778,99.40118047160242,165.874486604198,0.00043295378535740067,13.94996024443739,2.9504713215386765e-05,429.70600116978534,284.0845337763931,5.891967620751714,347.74423712210137,20.179939561324716,177.8728767620556,0.5087294116051907,340.1191198267282,348.8354399611869,330.65729613257804,18.17814382860888,5.593405826995697,347.7880512560814,348.50544989769395,348.79123467527256,13403799876.346087,13382097386.83802,340.2569335523991,226.88476861764667,6.420556178298081,36.54424045888317,6.047133287464197,2.2082980386619115,299.19014855188055,8.44812575451215e-11,-1.677902602880582e-05,128,9.183781344290765e-07,True,2.9238,3,k(T)_cubic_273_373K
PAR_142,GateA_converged_v1,GRAIL-CHT-1.0,parallel,0,699.8022118984525,316.3438233525139,307.3116900384012,1.3880070988363564,0.0014504387691310536,0.0001208698974275878,28.749698114316992,0.3509522963261502,0.6381146734982046,5.198875,1.8245571195626142,28.056939,3.4557034354012766,63.9823616969307,182.31070822648226,0.00046265645951519844,42.74161047157237,6.218063077539256e-05,454.10655391638903,297.3772213959763,10.974426975578154,350.0824879662827,33.73866461376883,204.55192478949485,0.5535977764545403,336.88705518553866,351.09017393224315,320.9776672714829,30.112506660760232,9.293776541042488,349.4952749931273,350.60930006168434,351.0482679332044,12939366454.468603,12880635615.59084,337.2704197758112,239.76826046785342,4.756609881098507,26.205058209175075,4.254708384709178,2.2551743696017295,307.5378044901853,7.484857178496897e-11,-1.7015022800277653e-05,169,9.36557000841276e-07,True,2.9238,3,k(T)_cubic_273_373K
PAR_143,GateA_converged_v1,GRAIL-CHT-1.0,parallel,0,431.7950880123859,324.27121871295503,295.28054449588586,2.016884917746256,0.002615881036030273,0.00021799008633585607,28.07000504768562,0.981862103835164,0.7882533659414606,5.198875,5.104578345076039,28.056939,27.048381571172577,108.25839598514209,110.25824865048119,0.0004931464355829625,5.527666213332515,1.4503226901666796e-05,280.19485517685325,280.08595224844737,13.364162687435773,333.98048875685447,9.709270043899437,106.16487469480943,0.46566031902468386,330.4617215021552,334.6982510086489,325.9263526906479,8.771898318001035,2.697891415358892,334.17547146031353,334.52891159722935,334.67139528625984,11930488904.302576,11925720968.688236,330.4947464245871,147.94288353337853,5.173348636642045,31.54353765335434,5.061159787810763,2.249072472066922,295.13345827080417,7.302617177629146e-11,-2.5171361511232733e-05,109,9.093481594391051e-07,True,2.9238,3,k(T)_cubic_273_373K
PAR_144,GateA_converged_v1,GRAIL-CHT-1.0,parallel,0,515.5170261332279,328.20455242367234,302.61322434476426,3.2783695893216693,0.00386839968709734,0.000322366640591445,22.368856436620742,0.6822583075528494,1.1485579392629148,5.198875,3.54697565867882,28.056939,13.059842910935124,168.80776770049192,247.42500872723437,0.0004676903506886739,16.00486299374916,6.209950551359584e-05,334.52260687703443,290.5834878089119,18.157804439422343,336.81087583488465,8.606323411212315,139.16348094634753,0.5112676893311895,334.0604852188586,337.87459813953205,330.0525303888867,7.822067750645374,2.397893554986841,337.3789177400291,337.6925612591258,337.84187024079597,12457607629.681063,12453758230.439957,334.08629636614387,176.62793643107418,4.851296648467748,28.08919462655204,4.523999073265758,2.2563303175782896,302.60103153840066,7.608520036228583e-11,-1.9738417154306208e-05,84,8.120263146338402e-07,True,2.9238,3,k(T)_cubic_273_373K
PAR_145,GateA_converged_v1,GRAIL-CHT-1.0,parallel,0,877.2300704560305,299.17500443148873,301.09434278926784,0.007206435770659502,0.0036495972822383404,0.000304133106853195,31.152809300082232,0.42769990098601407,0.9136614138011007,5.198875,2.223558322738664,28.056939,5.132377440639268,104.39611601029343,244.08730460217532,0.0007134772016036812,77.76530705447607,0.0002846660514327441,569.2407333294113,288.3984827719268,5.727384455928506,317.82048378242524,18.64547935093651,284.4426913985736,0.6141116643184049,311.8778523772357,320.0681515030159,303.2438591985721,16.82429230444376,5.155456931105987,319.01356204475246,319.68356204752473,319.99979500221025,9476530884.504387,9461023905.923489,312.00556882457767,300.5591071979292,1.9285117139014825,12.636625558222473,1.551314360186674,2.8305733418705104,297.7250316320512,7.654080036445521e-11,-1.1922099222033978e-05,83,8.565766052015533e-07,True,2.9238,3,k(T)_cubic_273_373K
PAR_146,GateA_converged_v1,GRAIL-CHT-1.0,parallel,0,480.4133949351112,321.8543795061433,304.2278049965136,0.9426185645485928,0.004227786146869637,0.00035231551223913643,26.936690089729414,0.7085932103752396,1.8114825942703567,5.198875,3.683887526589574,28.056939,14.087510777006298,165.53232562429935,233.6069880441569,0.0005212543493737047,15.630211450843868,6.62800315391383e-05,311.7436148671582,292.9121818017305,9.281950545284653,329.5728742153863,7.718494709243032,136.40236612685348,0.5377406570212004,327.22773650729175,330.6635415624666,323.63267139937784,7.030870163088764,2.151968163960009,330.2139088483723,330.48919861596795,330.63385274104485,11468671170.490046,11465696272.172972,327.2489601320386,164.60062864985954,3.573569410901121,21.315962999271445,3.308767312247911,2.321998228905126,303.3541951136896,8.01205146672146e-11,-2.259980093539028e-05,79,8.552618169233028e-07,True,2.9238,3,k(T)_cubic_273_373K
PAR_147,GateA_converged_v1,GRAIL-CHT-1.0,parallel,0,690.5596278132505,293.582345160202,290.49415782175817,2.205166025483745,0.0030264634343190352,0.00025220528619325294,20.586813766899862,0.9666892278503977,1.1652403522489978,5.198875,5.025696459440737,28.056939,26.218874586608884,75.87021471371725,78.48459724996411,0.00081411098546739,10.792378334137268,3.276102146198939e-05,448.1089764054128,273.30349261834124,14.079630896838232,310.7745933036069,17.192248143404868,217.49254930377236,0.5964983911948529,304.8711203790359,312.3807007905246,296.94055943469203,15.440141355832566,4.757537083812641,311.4424222692302,312.0675382816419,312.3246400423143,8651651265.967052,8639033280.612947,304.9823815008088,236.601539542058,2.095332668248667,14.945428936880008,2.0682680614349076,2.517309845282453,288.1324763692889,6.755897175025893e-11,-1.66644215552265e-05,93,9.783731229617842e-07,True,2.9238,3,k(T)_cubic_273_373K
PAR_148,GateA_converged_v1,GRAIL-CHT-1.0,parallel,0,446.4428838510253,297.6234876439783,311.29564985328676,0.6293890807289575,0.0027373931489972384,0.00022811609574976987,22.83874422337759,0.6982700929684641,1.6747877925654509,5.198875,3.630218929581424,28.056939,13.68003381810461,71.9642101058648,103.06070792740499,0.0007763188119114223,15.852005462861076,4.3523742379039823e-05,289.69991243111724,303.1786783195985,8.09167850677004,311.17573265090067,13.552245006922362,155.06889861631186,0.657846964276464,306.383829175016,312.29466233320954,300.09653977396727,12.198122559242279,3.7578069324353427,311.5643888027789,312.05697512124857,312.2557545535996,8819724853.475067,8811774174.531084,306.45291672840034,152.96155376362992,-0.17936654702622257,-1.2213315286768003,-0.7066139173618754,0.8125670081495895,307.75170116870316,6.684302888970705e-11,-2.1482272000501622e-05,102,8.227596026699757e-07,True,2.9238,3,k(T)_cubic_273_373K
PAR_149,GateA_converged_v1,GRAIL-CHT-1.0,parallel,0,587.4093169618583,297.3368989051134,305.31976601208487,1.041031681386562,0.002720069440805736,0.000226672453400478,26.316324770730905,0.6922315378278048,1.3594849837051812,5.198875,3.598825236224529,28.056939,13.444450341333827,73.77526358895902,106.57599308529468,0.0007524691833385185,16.6054887158813,4.530399438887984e-05,381.1740176417685,294.49061503829097,9.655920389268935,314.44520519761653,17.10830629250313,194.51956512416177,0.6271747087466284,308.38738058976946,315.8461074721906,300.45199715034124,15.394110321849382,4.740528627494803,314.9207853969808,315.54492424044946,315.79728509214425,9057356190.138458,9044538099.344067,308.4965856790518,201.25988131485377,0.843770324270757,5.455279120079724,0.44130665504206046,4.161458370299761,302.277554264244,7.231022891573957e-11,-1.9829436587983247e-05,101,9.952364621312881e-07,True,2.9238,3,k(T)_cubic_273_373K
