case_id,geometry_version,solver,arrangement,f_interdig,G_T_W_m2,T_in_K,T_amb_K,v_wind_m_s,mdot_total_kg_s,mdot_channel_kg_s,bridge_mm,g_ratio,lambda_G,Dh_in_mm,Dh_out_mm,A_in_mm2,A_out_mm2,Re_in,Re_out,mu_Pa_s,dp_channel_Pa,W_pump_W,q_abs_W_m2,T_sky_K,h_wind_W_m2K,T_out_K,dT_fluid_K,Qu_W,eta,T_plate_mean_K,T_plate_max_K,T_plate_min_K,plate_spread_K,plate_std_K,P90_K,P95_K,P99_K,R4_K4,mean_T_pow4_K4,T_R4_K,Q_solar_W,Q_rad_W,Q_conv_W,Q_rear_W,U_L_W_m2K,T_glass_mean_K,lateral_bridge_W,energy_error_pct,outer_iters,residual,converged
PAR_000,GateA_converged_v1,GRAIL-CHT-1.0,parallel,0,665.0261485403818,289.92298855099943,289.9616569092876,1.8450970027167353,0.00323425763409006,0.000269521469507505,29.224789925588667,0.5215592297444251,1.2415122540389865,5.198875,2.7115212405375484,28.056939,7.632161619936409,73.54261739325268,141.0053033272752,0.0008975425089373311,44.93235352190753,0.00014576008765883932,431.5401229708934,272.55235370232197,12.711368610323593,305.68192427022205,15.75893571922262,213.04815508802662,0.6067435011584688,300.1357122484404,307.12067879582014,292.7137411698458,14.406937625974365,4.412789090689581,306.22064437503815,306.8064224688305,307.0681830375082,8125187849.25164,8114666871.451097,300.2329493589012,227.85318492863172,1.598412805595701,11.743020395737128,1.4636383470713714,2.7560130458170997,286.9837151506257,7.218005748654832e-11,-1.830468119768374e-05,98,9.490844377069152e-07,True
PAR_001,GateA_converged_v1,GRAIL-CHT-1.0,parallel,0,913.2766657605589,295.41924779204675,310.78004620024416,1.407915027025053,0.003159752907975586,0.00026331274233129884,20.238571220916803,0.41531641812097164,1.2974449544028175,5.198875,2.1591781432586665,28.056939,4.8394776392001555,87.99202790552575,211.86744387238693,0.0007328739626939556,59.51938802438314,0.00018863245676125566,592.6316213486868,302.42575121899785,11.050077102695202,318.92782489109493,23.508577099048182,310.49581247753844,0.643901539315804,310.5561827057328,321.0059109896645,299.51561531715873,21.490295672505795,6.590744088503678,319.65069480267437,320.53506611179324,320.92885926678144,9326790199.973282,9301665534.366499,310.7656809211824,312.90949607210666,0.3593430372100318,2.086588174801517,-0.03220497472776588,-20.420347918878743,308.2192369545965,7.029257176327519e-11,-1.3627811265845719e-05,98,9.694339837551524e-07,True
PAR_002,GateA_converged_v1,GRAIL-CHT-1.0,parallel,0,550.2224033401654,294.452308131461,306.8768345845313,0.7645911554854578,0.0015128861067452083,0.00012607384222876737,34.489845200834736,0.5823143267007471,0.8952351321581937,5.198875,3.027379395226347,28.056939,9.513826746357578,43.43381106122495,74.5882576980554,0.0007108824520102544,15.078313495789097,2.2880412237641024e-05,357.0431690842567,296.7462479246752,8.60544639084474,322.9061536275327,28.45384549607172,179.9382470941332,0.6193716078792428,311.6411280996644,323.7483539548299,298.12582415208635,25.622529802743543,7.888104737701854,322.36371137677895,323.32780314667195,323.7113900668019,9468544052.9827,9432331834.597616,311.9398083710084,188.51879327648754,1.1003622973276204,6.794835383078075,0.6853906778565806,3.411006140712805,304.03101994803313,8.389548611376085e-11,-2.2372256475725717e-05,179,9.218671834787528e-07,True
PAR_003,GateA_converged_v1,GRAIL-CHT-1.0,parallel,0,990.3463610124817,323.6548123267875,283.03741660372697,0.13488052817056873,0.003945113533167767,0.0003287594610973139,20.721900650096522,0.8876607722866804,0.8737015945043306,5.198875,4.6148373975219155,28.056939,22.107230715803382,171.1650408252953,192.8270868435037,0.00047039634107979525,9.88409894370599,3.911122618453734e-05,642.6426860855264,262.84810791057663,6.212546007048161,340.61265443979585,16.957842113008326,279.64455988780895,0.5347925424100087,334.9884912877972,342.5699584447881,327.0477257131016,15.522232731686472,4.750798735221122,341.56850689388875,342.2095300564874,342.502979396072,12607912644.398872,12592720016.77935,335.08948325927327,339.31533825315796,7.203066212031444,44.99407472870583,7.473675200739166,2.1753705481633494,284.5958392861354,7.634554322066833e-11,-1.1133044446301108e-05,86,8.361357117792068e-07,True
PAR_004,GateA_converged_v1,GRAIL-CHT-1.0,parallel,0,750.5296095401541,288.09102959418846,289.1408470901188,4.707045918844202,0.003041623399834007,0.0002534686166528339,27.54609390621322,0.722308447264888,0.576686820044626,5.198875,3.7551913287742447,28.056939,14.638132559327344,68.87348096245076,95.35189741065453,0.0009013073326515268,26.148396258606105,7.977289260612672e-05,487.0239173378726,271.3958805176535,23.58677449160797,307.1489457910487,19.05791619686022,242.30207611994246,0.6114421621260617,300.31462474309393,308.7435886779253,291.348463585289,17.395125092636306,5.3302375084660705,307.6616839153352,308.3747943501798,308.68333107046016,8149400659.724201,8134032963.55075,300.45637108660316,257.14862835439675,1.5946716182262632,11.644461825164601,1.6074582759155154,2.5164694532403877,287.2730116853687,7.042274319246643e-11,-1.5354875636430164e-05,102,9.033022365656507e-07,True
PAR_005,GateA_converged_v1,GRAIL-CHT-1.0,parallel,0,752.7035408603059,308.370338975068,291.99904397446386,4.561641313531132,0.0035659800492308597,0.00029716500410257164,26.75201571440574,0.518488522733044,1.8541632549854499,5.198875,2.6955570186237545,28.056939,7.542556680961535,117.74964245212394,227.1017337692355,0.0006180716292852198,27.93420986951207,9.991257280412018e-05,488.4345965890384,275.42998727003726,23.034236991418297,323.542930135945,15.172591160877005,226.15955782676386,0.5690586965944892,318.3568555566579,325.120771181789,311.2236625219411,13.897108659847902,4.253001642016652,324.24457552400196,324.7944828414512,325.06602279908,10283039459.01527,10272042933.36295,318.44202398005336,257.8934669990123,3.6846194481939603,24.257496922721284,3.7918315254410375,2.2802386502230654,291.1888426965514,7.57597717893077e-11,-1.5015544329749992e-05,92,8.712668773114274e-07,True
PAR_006,GateA_converged_v1,GRAIL-CHT-1.0,parallel,0,904.8476701097946,330.2677826801027,297.94940259513277,0.49406515295648845,0.002038001720948485,0.0001698334767457071,27.74319092217125,0.7163896625604447,1.8928515659161784,5.198875,3.724420306943932,28.056939,14.39921806186557,106.59689130014004,148.79736108859058,0.0003901930269704853,5.46329477722419,1.1167707279871384e-05,587.1619870679364,283.8918050700613,7.577447581234656,359.8130438974478,29.545261217345114,251.69156560451543,0.5268163769077634,348.3872016688421,361.2113298107951,334.42689566317426,26.784434147620857,8.234008395013173,359.6639245184751,360.72487417852403,361.1499140697224,14780892426.405727,14731561041.926817,348.67849603718855,310.02152917187044,7.94582772552989,43.128203964808925,7.255975557953804,2.190290176734681,300.08429540930456,8.350497182618711e-11,-1.4089646524189276e-05,136,9.950411481440824e-07,True
PAR_007,GateA_converged_v1,GRAIL-CHT-1.0,parallel,0,976.0613353878628,330.3353520294811,311.1448752058567,2.188219696293398,0.004055141020598762,0.00033792841838323017,25.771221017867575,0.7454726465389433,1.0342351603648545,5.198875,3.875619105275149,28.056939,15.592067748764316,195.2567242293927,261.92339200629885,0.00042385709746680126,12.971588043973735,5.27598984748509e-05,633.3730329625319,302.9584401496421,14.015234845914915,347.9025676259471,17.567215596465985,297.77290291665395,0.5777954835773064,342.1739761615388,350.02219748858766,333.9274978071247,16.09469968146294,4.91709976036871,348.98576113274646,349.6292066245063,349.95298745447735,13725416412.749012,13708435905.128798,342.2798888795907,334.4209614042168,5.086725692663035,27.09753113730639,4.463842638943928,2.236906630976042,311.825169903383,8.454634325971709e-11,-1.2254420388455393e-05,84,9.012031227939588e-07,True
PAR_008,GateA_converged_v1,GRAIL-CHT-1.0,parallel,0,853.6739958281371,323.0570571675325,306.771543602992,3.96702151100095,0.0013300254684142684,0.00011083545570118903,36.02720209587796,0.9589980584137747,0.8615435197441346,5.198875,4.985711030935913,28.056939,25.803329233579426,69.3681709486254,72.33400562182936,0.0003913084361245988,2.3431317093939255,3.125802256111315e-06,553.9550316108489,296.5935383357575,20.774681741803608,366.6035449030649,43.54648773553242,242.0969797876754,0.5371101959464359,349.3649701717507,367.6324841969829,328.6032377453802,39.02924645160266,12.02259427272722,365.6115969464441,367.02804139757956,367.58075531208715,15003276686.705435,14897638424.319159,349.9826616079134,292.4882566905282,7.175065517555214,37.08877689745484,6.127485096262039,2.2406749615026933,307.8261266989165,9.059931471711024e-11,-1.7302718359861828e-05,173,9.70993767168693e-07,True
PAR_009,GateA_converged_v1,GRAIL-CHT-1.0,parallel,0,824.5508425708031,300.7589069821375,301.7084103701508,4.049271608546458,0.001016299701749308,8.469164181244234e-05,25.913601854685783,0.5573418282120861,1.2189629953138037,5.198875,2.8975504971461095,28.056939,8.715324533937476,42.167309212962316,75.6578944527313,0.0004918870699276927,6.722161288994307,6.852287375241383e-06,535.0568136000919,289.2811949202156,21.08723211247654,357.8136594129223,57.05475243078479,242.37616253333044,0.5567222039850311,335.32912338329254,358.6513406727597,307.9493301094036,50.70201056335611,15.636408005456794,356.2475611153484,357.9557284398235,358.59458717066923,12808394480.62086,12644017679.603508,336.4137001117895,282.50999758084856,5.371907625634074,29.92520663478133,4.83667163009687,2.260839952937602,301.81336529476675,8.350497182618711e-11,1.7400094249605285e-05,264,9.657599093770841e-07,True
PAR_010,GateA_converged_v1,GRAIL-CHT-1.0,parallel,0,901.3440616144976,301.95778470743284,302.8938470755615,3.059405341709876,0.00392011975438753,0.00032667664619896085,30.292230791671805,0.7972371215877769,0.5180602101491205,5.198875,4.144736140494654,28.056939,17.832626474841213,117.6706631058935,147.59807329535874,0.000679908750403472,20.034343269432593,7.877334485123727e-05,584.8884709900786,290.9877822698524,17.32574029849753,319.90289757082206,17.945112863389227,294.05042417943105,0.6178702516333922,314.01013388511944,322.01688214654865,305.5576911659073,16.45919098064138,5.025049918817934,320.96800240852355,321.6085139763937,321.94721699419915,9737360574.88155,9722426222.388346,314.1306500771437,308.82111268276157,1.7870653693964416,11.384474530812014,1.5991876502676472,2.5165587494568937,301.259702484716,7.65408003644552e-11,-1.2643936564410097e-05,86,8.637945256850799e-07,True
PAR_011,GateA_converged_v1,GRAIL-CHT-1.0,parallel,0,928.9456810647171,291.59030031696295,312.76070787117067,4.812675917127515,0.002317334309788612,0.00019311119248238435,29.621934738630102,0.38001983501300113,1.4188691471028188,5.198875,1.9756756197532164,28.056939,4.051844950048254,65.6109951655544,172.651501633618,0.0007208278599299677,50.07460533803491,0.00011638876730085484,602.7993550626624,305.32147995322066,23.988168485084554,324.3882202970604,32.79791998009745,317.69565518504965,0.6477195910407952,311.9623639017971,326.26310915735144,296.47272472146847,29.79038443588297,9.148069038086938,324.5098355207574,325.70256230739625,326.1819623440268,9520103771.702515,9471282930.113403,312.363600821037,318.27805947308576,0.14684196566764368,0.5504544881063456,-0.11484966503293612,-1.3816581155817862,311.34586358194065,7.26356574887177e-11,-1.3353325393175785e-05,121,9.701262797534582e-07,True
PAR_012,GateA_converged_v1,GRAIL-CHT-1.0,parallel,0,771.8174733830637,291.94279192024027,311.8715512665953,1.5762318209862358,0.0034095096554271815,0.0002841258046189318,35.87332746500598,0.9518801654980772,1.9606799146600045,5.198875,4.948705995403816,28.056939,25.421714837914998,84.06913499072931,88.31903220374345,0.0008277035975912176,12.419704352692802,4.247251946645647e-05,500.8377612005836,304.0203946660905,11.689680919747696,310.8947227077322,18.95193078749196,270.09818641737553,0.6627857144062926,304.3328605500896,312.7425969879018,295.43001108135684,17.31258590654494,5.2972736664759825,311.6496935651935,312.3596247833563,312.6764933283305,8593772920.278503,8578184691.843665,304.47102442006246,264.44233791390815,-0.5932128091440979,-3.9780795546260195,-1.0845151172833596,1.4209144120234114,308.78824672793445,7.087834319463582e-11,-1.5512801100387886e-05,94,9.26291534142365e-07,True
PAR_013,GateA_converged_v1,GRAIL-CHT-1.0,parallel,0,562.924600032789,299.7791555313195,303.8651219233999,2.1664994111482425,0.00407094533307417,0.0003392454444228475,36.8832382999269,0.9116754511866948,1.881367714064413,5.198875,4.739686711288228,28.056939,23.319584563334047,108.96357778684411,119.52014024838576,0.0007624887016227861,14.570948775064952,5.949602398627228e-05,365.285713433477,292.3885480940689,13.932697762363322,310.7318637739767,10.952708242657252,186.3773237907685,0.6270597441358462,307.18237651624764,312.0713163433928,302.0411277412233,10.030188602169517,3.0632279761431778,311.42586672119853,311.827786259448,312.02824251459,8909312211.594738,8904000669.111311,307.2281774836528,192.87085669287586,0.791586825558501,5.224765597583358,0.47721983685366137,3.7073903810877034,301.33072168976673,7.445805749739521e-11,-2.040634278267548e-05,85,8.672627700434532e-07,True
PAR_014,GateA_converged_v1,GRAIL-CHT-1.0,parallel,0,838.4220336863228,293.95984013715275,299.6206455704648,4.134651374192369,0.004115655094195177,0.0003429712578495981,34.18477798000709,0.9316976972565207,0.8271843176286602,5.198875,4.843779865824495,28.056939,24.355123276497515,102.92952687841554,110.47524017876407,0.0008160532388566192,16.14897083760881,6.666358484835914e-05,544.0579266132905,286.2837391295052,21.411675221931002,310.17756013530436,16.21771999815161,279.00054525328693,0.630243603287105,304.95733634000675,312.1964983622422,297.3344495160385,14.86204884620372,4.534347458326083,311.2412745764656,311.82461801716664,312.132821654988,8660279265.72995,8648809720.738667,305.05839023988113,287.2625852518174,0.9665130490498138,6.527827171514011,0.7677356763241155,2.9321172432973635,297.6462731619206,7.191971462816583e-11,-1.2496704856745396e-05,84,7.878583119236282e-07,True
PAR_015,GateA_converged_v1,GRAIL-CHT-1.0,parallel,0,798.0382816002146,318.1956130841734,303.0469146489685,3.1966450121689083,0.0026454515377392056,0.00022045429481160048,35.53790413595273,0.887172994831354,1.9889681639490555,5.198875,4.612301503503856,28.056939,22.082941153190863,109.26445152157606,123.16025415352792,0.0004941290842775765,6.351740183826527,1.6853782183173313e-05,517.8526271983503,291.2083863900321,17.84725104624185,339.8066817801118,21.6110686959384,238.97492593992578,0.5671457583385845,331.81781163177635,341.29747427595316,321.64489494645443,19.652579329498735,6.027636412170834,340.1135951067104,340.9124195638762,341.23680785057957,12146673020.266369,12122683846.929754,331.98184574680045,273.426187160729,4.447901751934819,25.864418459834923,4.138977693744712,2.26786814592417,302.85007206760935,8.025068609640584e-11,-1.3416678051015312e-05,113,8.442694934274186e-07,True
PAR_016,GateA_converged_v1,GRAIL-CHT-1.0,parallel,0,419.67766139420814,290.5577996847044,297.10667679223724,1.1536383617017183,0.0044400039265955794,0.00037000032721629827,25.513787548873577,0.536873852766715,1.7530438682578398,5.198875,2.791140051302555,28.056939,8.086950675148298,93.13144690779008,173.46988762415668,0.0009729857974191811,52.51200364852318,0.0002338550675956312,272.3317722223314,282.6882096058014,10.08382577446653,298.1562264307997,7.598426746095299,141.02084638039815,0.6364049385884173,295.7787676254825,299.20248434812527,292.2080175599943,6.994466788130978,2.133424227767118,298.74460249449675,299.02398658102527,299.1720683215165,7656027982.6223345,7653639113.783564,295.8018446867312,143.791175733391,0.35711351230175375,2.604288462431704,-0.1910328490558108,-3.9512009007682174,292.86200574093294,6.54111431686033e-11,-2.766003171760701e-05,81,8.629069156995683e-07,True
PAR_017,GateA_converged_v1,GRAIL-CHT-1.0,parallel,0,420.62734038751023,296.0346824353978,295.0860820936869,0.7148942807234453,0.0011535632406231052,9.613027005192543e-05,23.09827031633141,0.9040517563473457,0.8473214639426637,5.198875,4.700052074780308,28.056939,22.931204978402732,33.14969861486495,36.667921257960046,0.000710201068137256,4.203915119232922,4.864074170759074e-06,272.94802556883803,279.809314218778,8.416598266749093,321.41944621090363,25.384763775505803,122.40264891869636,0.5511367817795225,311.320785462699,321.8824481903042,299.1972628951021,22.685185295202132,6.995846177089498,320.7473579631282,321.5483793894185,321.85456294789316,9422025831.235575,9393608802.820667,311.55596646136735,144.1165575003465,2.511666677586414,16.86676841800393,2.3355224256322598,2.533143102428508,292.43027162491086,7.322142892007832e-11,-3.395832742749764e-05,234,9.994307106353517e-07,True
PAR_018,GateA_converged_v1,GRAIL-CHT-1.0,parallel,0,833.3940397409776,323.26131588705084,298.58867496754783,1.8711517102065234,0.0033296958711766023,0.00027747465593138353,21.255356230959027,0.47941310137200444,1.2506909313589545,5.198875,2.4924087873953797,28.056939,6.448520493967963,144.13572708714895,300.65037162033184,0.0004714682174065151,29.385060050281623,9.813772630260707e-05,540.7952261461984,284.80596112286304,12.810376498784787,340.7118619492352,17.450546062184344,242.87894670327512,0.5519573973228901,334.5965317221724,342.35499661916526,326.4022048515253,15.952791767639951,4.888382840733579,341.34568292180165,342.00006227324315,342.29531022799864,12549932422.181345,12533885984.58577,334.7035716825695,285.5398794051928,5.461724005633487,32.01916181962542,5.180085834515426,2.2438775397533814,298.7355769477904,7.621537179147709e-11,-1.364357817790267e-05,96,8.840457894621068e-07,True
PAR_019,GateA_converged_v1,GRAIL-CHT-1.0,parallel,0,843.7684152486023,318.67625783289697,291.06401622014175,1.0038396397859009,0.0018824696054904277,0.00015687246712420231,30.579805720022197,0.5878372187125208,1.3795245135427758,5.198875,3.056092220434057,28.056939,9.69514809894959,83.5854768275187,142.1915356271373,0.0004596387612394199,9.774531206988188,1.8455624779411162e-05,547.5272310337248,274.1080904482044,9.514590631186422,348.6082509575603,29.931993124663336,235.5265612677156,0.5286676114471277,336.9573330042326,349.86752106934694,322.7780291233113,27.08949194603565,8.327945581889058,348.33318354845477,349.38968629346874,349.8128241699247,12938586343.913393,12891387067.829739,337.26533617755155,289.0943779858067,6.75979163450714,40.2058593421057,6.602206895906594,2.2106529978431957,291.92740649789044,7.816794322934584e-11,-1.4235637722929806e-05,146,9.298396435042378e-07,True
PAR_020,GateA_converged_v1,GRAIL-CHT-1.0,parallel,0,412.9220497852431,294.2961977224101,297.58100765129586,1.089179494414088,0.004212618070204632,0.00035105150585038595,35.14611779220589,0.4659905763965939,1.5668394198669648,5.198875,2.422626757863842,28.056939,6.092486229537332,96.52442914625958,207.13815694013059,0.0008907059255977486,65.64587922303735,0.0002773731364588144,267.9480085599927,283.3654473893814,9.838882078773533,301.97752585734776,7.681328134937644,135.25853712443197,0.6203870003062517,299.5259059255406,302.95853182748255,295.9183534535019,7.040178373980666,2.1481361180416707,302.50391942324893,302.7846976640982,302.9281606162169,8051402707.927156,8048919085.340466,299.54900912838826,141.47654851967613,0.7284119007990552,5.209842709717768,0.27979282601136096,6.055091358436316,293.6909644974262,7.165937176978332e-11,-2.5475094211071147e-05,84,7.903620939941902e-07,True
PAR_021,GateA_converged_v1,GRAIL-CHT-1.0,parallel,0,875.4536789017523,325.775013389468,305.7690239849724,4.74464009680789,0.003446100549552857,0.0002871750457960714,26.910571712988776,0.8482533923778348,1.7292879502444003,5.198875,4.409963355298316,28.056939,20.187916431099048,155.8781477773796,183.76365974843907,0.0004511928465090822,8.238407255374938,2.8475807191763104e-05,568.0880204150992,295.1408394656134,23.729632367869982,343.9625456418628,18.187532252394817,261.9859512401502,0.5667752911094798,337.6659447425779,345.73715600727746,329.1258155304916,16.61134047678587,5.083898625476918,344.68673912117936,345.36998181078184,345.67323070588975,13017846123.590767,13000170509.001507,337.7806627070506,299.9504747791724,5.067533993467355,28.308346741316004,4.588687088684129,2.2542146700963026,305.9610441600263,7.836320037313271e-11,-1.4763919051588989e-05,93,9.992584182327846e-07,True
PAR_022,GateA_converged_v1,GRAIL-CHT-1.0,parallel,0,953.8114044988463,307.8843379718956,295.4861083758742,2.5992249751432173,0.0019257529370206423,0.00016047941141838685,27.080605732254007,0.8339389468071343,0.9327479958952514,5.198875,4.335544342081941,28.056939,19.512315140865105,75.33200392925148,90.33275663365026,0.0005217236759510131,6.079365257447294,1.1742583249498876e-05,618.9348970591327,280.37848205866766,15.577054905544227,343.4341471928828,35.549809220987186,286.1634249845695,0.5682215384787342,329.6000213819493,344.959481704202,312.79017359721485,32.16930810698716,9.89355807459289,343.12480669665126,344.3859221255027,344.88909632698295,11865546834.686775,11801818321.99512,330.0440741111281,326.7976256472221,5.078287221803843,30.648332135315517,4.907623320290116,2.2559333302670663,295.27437417087424,7.862354323151522e-11,-1.2856506152042805e-05,140,9.471465318711125e-07,True
PAR_023,GateA_converged_v1,GRAIL-CHT-1.0,parallel,0,531.7725858232911,330.9172651187181,288.9585387164728,3.7231615847216553,0.0022305724509895618,0.00018588103758246347,29.699153868439048,0.9926589321225803,1.3169377670858027,5.198875,5.16070970573878,28.056939,27.646515237024474,104.97361215499308,105.74992956596923,0.0004336663148851497,4.029364322904998,9.014833554335102e-06,345.0709533488343,271.13924119053877,19.84801402194229,344.1662178731587,13.248952754440609,123.53049089740314,0.4399611211643176,339.11139952664354,344.8762211303147,332.85855525815924,12.017665872155476,3.6903745920127737,344.1721866159741,344.6521798481371,344.84403615910264,13233597373.867758,13224204508.414019,339.17159936134055,182.19746336818451,7.368340726676884,44.0836854695637,7.214984374481656,2.215460663473017,289.73836909512437,7.57597717893077e-11,-2.0911345393259878e-05,131,8.786078069533687e-07,True
PAR_024,GateA_converged_v1,GRAIL-CHT-1.0,parallel,0,743.7271045448539,298.98086309716166,290.2499396811121,3.8335513224652544,0.002190668703651887,0.00018255572530432391,28.522836401271444,0.5467410126012517,1.2842576267577013,5.198875,2.8424381818873328,28.056939,8.386941108503985,66.23606017164637,121.14704886782206,0.0006749967921899338,20.229017574375757,4.444842096871512e-05,482.60972422888744,272.9589161159466,20.267495025367968,323.6239910057056,24.64312790854393,225.65700350983104,0.5746471869236734,314.20073768636564,324.9287131586578,302.5568489725209,22.37186418613686,6.876466060166289,323.62589989729605,324.51558581829113,324.87236751663954,9774041063.731928,9746053731.835846,314.42606443857056,254.81793439285258,3.3193285140129762,22.396084074077812,3.4455588489426083,2.3059371863594706,289.1174777738126,7.510891464335145e-11,-1.5914897024440605e-05,130,9.301521117777156e-07,True
PAR_025,GateA_converged_v1,GRAIL-CHT-1.0,parallel,0,820.1821239042806,320.6421309052611,287.02409856660813,2.7500998617712287,0.0012704591843071562,0.00010587159869226302,24.348695262100602,0.37330452706702716,1.836854270120929,5.198875,1.9407635731555912,28.056939,3.9099103646581033,62.62215838986434,167.75086785545588,0.0004140494212187275,13.729522834718356,1.7495284234225435e-05,532.221921476355,268.4210804945882,16.15037947473067,360.8761473890036,40.234016483742494,213.66352469074516,0.4933852551350792,344.9161076609617,361.7607896832808,325.71092398824425,36.049865695036544,11.112174950924313,359.92192247270356,361.21440260980535,361.71442214720867,14241141722.104115,14153175956.116508,345.4507994664522,281.01317453951543,8.703485296114891,50.31787351577141,8.328337292743326,2.2033464896462096,288.56088522705795,7.78425146563677e-11,-1.6460388174542113e-05,195,9.503197020421794e-07,True
PAR_026,GateA_converged_v1,GRAIL-CHT-1.0,parallel,0,791.7805039860735,317.30760216951785,295.71990328715196,3.3189656435484864,0.003975480795289555,0.00033129006627412956,31.528801456415408,0.4084856822739875,1.4646972621041592,5.198875,2.123666001432177,28.056939,4.681596346445454,152.16317763302652,372.505535043367,0.0005332115986229889,52.336019647355954,0.00020868690171510574,513.7919115000909,280.711310024783,18.312069445484248,331.3978673113056,14.090265141787768,234.14511801176923,0.5600752489718765,326.7986209547799,333.0703639006773,320.16826968031955,12.902094220357753,3.934350695322867,332.24500701920743,332.7598145309559,333.0153617568933,11415587923.663044,11405671544.419987,326.8696295538311,271.282129272048,4.539901069145219,28.12616715944016,4.470980493008862,2.263132261479216,295.2977586223008,7.57597717893077e-11,-1.3808987556635073e-05,86,8.280380825453904e-07,True
PAR_027,GateA_converged_v1,GRAIL-CHT-1.0,parallel,0,495.2617992036387,327.8332698730215,292.33292334818515,2.0678419451632473,0.003525337671568306,0.0002937781392973588,29.021882808546998,0.48288076353769444,0.6745568969633634,5.198875,2.510436729537031,28.056939,6.542143975061469,152.5337651846356,315.88287772562836,0.000471687348973682,43.11659203984373,0.0001524579199475459,321.3788483358355,275.9025231020515,13.557799391620339,336.0798820871023,8.246612214080812,121.52134749065821,0.4647119313204336,333.2605832346533,336.9212878450173,329.3767696105314,7.5445182344858495,2.306677342800404,336.4452163710647,336.74919040114827,336.89175678041454,12338449732.220833,12334904747.81986,333.28452497338503,169.68803192132117,5.966620353344207,36.31225219608716,5.887848106664412,2.2289273653009727,292.5914351446592,8.109680038614897e-11,-2.134825444693387e-05,94,8.18355488263478e-07,True
PAR_028,GateA_converged_v1,GRAIL-CHT-1.0,parallel,0,723.0279553610814,323.7924955719351,304.9810536258315,2.3922037167086865,0.0012555858983657531,0.0001046321581971461,36.33650959458871,0.4386569949102722,0.5284643868636877,5.198875,2.2805228844141414,28.056939,5.398715057199856,63.61450602544435,145.021068314337,0.0004028188333561664,19.440234719429817,2.4482331569344426e-05,469.17790142949315,294.0007026872332,14.79037412349301,361.6485621802563,37.856066608321214,198.68185141619162,0.5204382243699252,346.64454098972027,362.45613527579974,328.57880199062504,33.8773332851747,10.438924954085634,360.7285565192139,361.9426108487145,362.41262795198537,14517426758.950924,14439011457.551935,347.11422433740614,247.7259319547724,6.836173568780555,36.214249814880866,5.993704156870559,2.2294465021682894,306.08515401652295,9.040405757332336e-11,-1.8973367395975645e-05,202,9.718577302919584e-07,True
PAR_029,GateA_converged_v1,GRAIL-CHT-1.0,parallel,0,618.9247322077965,308.459823980049,288.5582366086826,3.637669881380784,0.0015725785126363555,0.00013104820938636297,29.970130599624447,0.6175092711914679,1.8279088836566384,5.198875,3.210353512265543,28.056939,10.698607448728422,57.2188291145544,92.66068022614814,0.0005609095932969942,7.999788606643113,1.261815011879648e-05,401.6245912027645,270.5760115407388,19.52314554924698,334.3099800154284,25.85015603537937,169.92285170545463,0.5199720838873083,324.1145628046884,335.12750724767506,311.8270881673651,23.30041908030995,7.172913613128588,333.8637215088369,334.7423902856358,335.0918138439363,11067947613.72727,11035554987.680218,324.3521445358685,212.05778415505966,4.964145831966491,32.055702158046216,5.115128704006642,2.2443547172836635,288.21268342925254,7.634554322066833e-11,-2.0864319836481944e-05,173,9.75211492004746e-07,True
PAR_030,GateA_converged_v1,GRAIL-CHT-1.0,parallel,0,470.11640994774154,302.6023840379518,301.20681553418734,0.3056149554394315,0.004335434188787515,0.0003612861823989596,21.598768107164,0.8384744813914886,1.4859370968243448,5.198875,4.359124019444176,28.056939,19.725135130034353,119.61169754310251,142.65395095221166,0.0007397388727402875,17.746191544171317,7.716895239856793e-05,305.0618292299591,288.56009323766057,6.86133683066984,310.8338472948186,8.231463256866789,149.17152301123636,0.6009614170165272,308.21557028066,311.9113563727204,304.35737446939896,7.553981903321414,2.3089307662275935,311.42087262755734,311.7216607684907,311.8786129914392,9027437447.94304,9024399185.05191,308.24150889735455,161.0726458334184,1.410244573223371,9.482640523906234,1.0082785939525027,3.2159786096646514,297.59516288570154,7.39373717806302e-11,-2.537296129127788e-05,82,8.912392672755232e-07,True
PAR_031,GateA_converged_v1,GRAIL-CHT-1.0,parallel,0,655.7991262084852,296.6202907184971,298.6751857806534,1.2207335571072282,0.003870850152624984,0.000322570846052082,26.57660503869469,0.9284069807424187,1.2758472353159427,5.198875,4.826671842007242,28.056939,24.183384587392073,99.24277360275654,106.89576410056195,0.000796025468668848,14.471536791467491,5.618570752053161e-05,425.5526435905694,284.9297463594676,10.338787517007468,309.82112886286706,13.200838144369982,213.59158932591325,0.616849747234747,305.4275638969162,311.31832780846986,299.23288897453426,12.085438833935598,3.6941924079970963,310.54245811912693,311.03494462712956,311.2669189973561,8709913910.609589,8702277196.731646,305.49454911477966,224.69179581582065,1.2889988449356624,8.839855398671919,0.9713962835306076,3.1134391454566495,295.52706567495625,7.042274319246645e-11,-1.959894913892493e-05,87,9.789127943804488e-07,True
PAR_032,GateA_converged_v1,GRAIL-CHT-1.0,parallel,0,819.5574545373693,326.2791836055744,285.9847573438376,4.971388242420731,0.0017684770724361067,0.00014737308936967555,34.06900665267826,0.4891669850265414,1.773092502709974,5.198875,2.5431180092798606,28.056939,6.713586109710769,87.0945102241099,178.04658304849477,0.0004144080179693888,10.739456857369118,1.9049632119031103e-05,531.8165691514805,266.9644342307593,24.591275321198776,355.11683098126633,28.837647375691915,213.17464210487717,0.4926315418597037,343.84558696366184,356.20718962217484,330.1792336623346,26.027955959840256,8.003652834851456,354.75580119571396,355.7581248633239,356.1595738304458,14023676375.935556,13978282693.530193,344.1244024277153,280.79914851198174,8.613494007359607,50.687204397273376,8.323851817380621,2.213530596115765,287.076719784373,9.092474329008838e-11,-1.5603647399378802e-05,154,9.825049573919387e-07,True
PAR_033,GateA_converged_v1,GRAIL-CHT-1.0,parallel,0,579.0553231501474,332.8947961003202,286.45234180833114,1.746344087842149,0.0024364679095118203,0.00020303899245931837,20.556175891957338,0.913510271340797,1.0258242067564085,5.198875,4.749225711916886,28.056939,23.413544097005033,118.00304956769907,129.17539437679346,0.0004213926553175411,5.062454275915331,1.2371622253398799e-05,375.75305257939266,267.61943119371085,12.336107533800167,346.1551828059964,13.260386705676183,135.04955790608622,0.4417119878304169,341.1443559352017,346.94985819227907,334.91021097598673,12.039647216292337,3.700779301394428,346.23070186375196,346.7168690532442,346.9141956425325,13553741330.6694,13544181406.73983,341.204537704793,198.39761176191934,7.95828145602875,47.52182416913711,7.867986411141619,2.1936909189089624,287.92066454297355,7.465331464118208e-11,-1.9244422359686742e-05,122,8.829507009977533e-07,True
PAR_034,GateA_converged_v1,GRAIL-CHT-1.0,parallel,0,594.3601219132995,326.9945405788925,296.0311937635885,2.842228210237338,0.0031453022545347062,0.00026210852121122554,21.712227390844223,0.6213962857512316,1.7104063420141242,5.198875,3.230561615084935,28.056939,10.833719676942843,138.2965002883177,222.5576551702837,0.00046416318684942506,13.442797614818517,4.240888831007267e-05,385.6844436303934,281.15466409919856,16.500467198901884,339.0067811337013,12.012240554808784,157.92929211004278,0.5032445764048139,334.7248996163521,340.04419180941136,329.08503739481466,10.959154414596696,3.360882043554989,339.35778405831496,339.8148767215357,340.00507726022863,12560722884.289474,12553131548.040707,334.7754932315178,203.64138623684772,5.787218210289975,34.358441313290406,5.566471754725177,2.2374681860573955,296.24398881065576,8.116188610074459e-11,-1.824359051292373e-05,101,8.501970683028048e-07,True
PAR_035,GateA_converged_v1,GRAIL-CHT-1.0,parallel,0,410.70690440714503,320.1420542511898,296.2981592874637,0.9875956476776576,0.002665405669300759,0.00022211713910839657,29.7908730579627,0.5361920901861852,1.2383548732189122,5.198875,2.787595652866704,28.056939,8.06642488615299,102.86295980659521,191.83975610471518,0.0005288393923134538,20.517594809665454,5.485227033710946e-05,266.5105852181272,281.53507428982994,9.452863461175099,329.5468753792392,9.404821128049434,104.78283365347333,0.48319698143710865,326.07347697236867,330.20612676672533,321.638604999864,8.567521766861319,2.627936303490233,329.68824724941265,330.0381617565049,330.17952857139466,11309178862.768963,11304774344.821224,326.10523317219855,140.71758899517116,4.384066626766344,27.26725648674966,4.28347353214694,2.285727039873657,295.53458100746974,8.109680038614897e-11,-2.935238260656077e-05,114,9.538215977045184e-07,True
PAR_036,GateA_converged_v1,GRAIL-CHT-1.0,parallel,0,724.3637728008248,328.54542615735176,284.2217641623046,2.959598059007493,0.004375715283514851,0.00036464294029290423,36.46722767851432,0.7041326473680166,0.7364006413203552,5.198875,3.6606976170853978,28.056939,13.910708497285976,194.44724615664578,276.15144232194285,0.00045926860223455306,19.079822857592404,8.373908975398504e-05,470.0447227168647,264.49963307672726,16.946472624228473,338.8450027941473,10.299576636795564,188.38430229603995,0.4925542451394267,335.6179378227982,340.2219413971278,330.7830172005339,9.438924196593916,2.879546076050773,339.61093625050364,339.9837377593586,340.18107395524567,12693237487.039331,12687634474.80875,335.6549849193195,248.18361359450458,7.25498842127761,45.15051878481395,7.393847207882616,2.2035934454331456,285.0500709528516,7.588994321849897e-11,-1.7372423961407836e-05,81,9.356548389405361e-07,True
PAR_037,GateA_converged_v1,GRAIL-CHT-1.0,parallel,0,658.1298889177431,306.95255190810747,300.6576072828619,2.8824762853579693,0.0017186943461405665,0.00014322452884504722,21.522253270562796,0.8245673574504752,0.5691613145964778,5.198875,4.2868226204653395,28.056939,19.076230626286584,61.78755919345364,74.93330730978481,0.0005676976622586016,6.597298134914502,1.1372857577012296e-05,427.0650918279459,287.77123000765647,16.653409884360283,334.43528938759096,27.48273747948349,197.43989868385654,0.5681845002780229,323.6236460852517,335.41725707687317,310.6102435239057,24.807013552967476,7.639072384935088,334.03660787589934,334.9914098731865,335.36486897785477,11005477674.144352,10968847186.559677,323.89349384282923,225.49036848515544,3.4847448705086506,21.26187646617412,3.303891511396667,2.3132369596823565,299.810680753204,7.602011464769021e-11,-1.909029677043963e-05,159,9.634863999963272e-07,True
PAR_038,GateA_converged_v1,GRAIL-CHT-1.0,parallel,0,969.5017450068754,310.2364778902219,309.27629426195597,1.503492704081898,0.004398783510533091,0.0003665652925444243,27.44244315317582,0.6878851094786527,1.136876073865622,5.198875,3.5762286985408305,28.056939,13.276148600906486,152.99009365333356,222.40646227868575,0.0005867982026562714,22.512985860242228,9.932773417743046e-05,629.1164688471764,300.23341575580815,11.413272275511211,327.4033996174705,17.166921727248564,315.646731881411,0.6166216648472256,322.01701847673047,329.7259117841328,313.9465209334748,15.77939085065799,4.814699173656319,328.7015327826754,329.32637329220603,329.6574871298716,10767064208.071491,10752644768.524252,322.12492150502754,332.17349555130914,2.1153808223077872,12.578544351516548,1.8328790151595158,2.4567432934816535,307.9292477643562,7.458822892658647e-11,-1.2198169397426417e-05,80,8.763086043472867e-07,True
PAR_039,GateA_converged_v1,GRAIL-CHT-1.0,parallel,0,490.97741315638746,308.9782780362449,300.00981062917305,0.8255660325588331,0.004167247376564268,0.000347270614713689,26.13694728558865,0.8071372894371404,0.6826332099655632,5.198875,4.196205875622513,28.056939,18.278270996719304,130.78383803250063,162.03419138732042,0.0006503014175923192,18.72654581662315,7.827296782992318e-05,318.5986802390719,286.84168364520804,8.837150923723566,317.5036978987792,8.525419862534307,148.50509026514587,0.5728565777507524,314.7534129423163,318.56855940840893,310.7513882036102,7.81717120479874,2.3874469778473264,318.0632305258182,318.3755020687034,318.534778635052,9818195271.993858,9814807629.467365,314.780569207208,168.22010316622996,2.342476255138235,15.25156419411496,2.1210128115229603,2.5325587866745787,297.67190228676543,7.608520036228584e-11,-2.3992193146078944e-05,84,8.871315912983846e-07,True
PAR_040,GateA_converged_v1,GRAIL-CHT-1.0,parallel,0,815.8476947248176,325.35193455815187,294.42282505480074,2.4195100375647853,0.00441984712507604,0.0003683205937563367,25.159633795530585,0.645257927335211,1.5183819399680023,5.198875,3.3546153069748454,28.056939,11.681725194453719,190.34014907524391,294.98304633204816,0.0004739105097975812,18.785099107273624,8.327709757628066e-05,529.4092800407971,278.86646473106765,14.894138142746183,337.95486134574384,12.602926787591969,232.8385806700715,0.5405202015171784,334.00197912291793,339.65669025457174,328.0846339614433,11.572056293128469,3.530911948723245,338.90343949065345,339.3626405510333,339.6062663695945,12453379593.813158,12445036104.758158,334.0579460460428,279.52809986154085,5.855720961608537,35.139991521226364,5.693852225848642,2.2341841750489873,294.6457444465162,7.517400035794709e-11,-1.6283591601974528e-05,80,9.85355313787295e-07,True
PAR_041,GateA_converged_v1,GRAIL-CHT-1.0,parallel,0,779.8499430685895,306.76166915060537,286.03677296093764,1.9082136365869848,0.0013529015806768116,0.0001127417983897343,32.50776152332047,0.8547083910787595,1.3029267184809685,5.198875,4.443522086669587,28.056939,20.4963355904654,53.0901381674247,62.11491395377274,0.0005200820269669874,3.838737542106107,5.209061272335779e-06,506.0500870068092,267.0372717728001,12.951211819030542,344.9379833402945,38.17631418968915,215.8919664926763,0.52431407325186,329.8070104550502,345.877419091861,311.6066419443667,34.2707771474943,10.550565069978823,344.088448988514,345.34175808633387,345.8314536258391,11904008746.14795,11831492465.265709,330.31120728344524,267.19444593959525,6.173695530274507,38.83204785897448,6.296780970933766,2.219859712763843,286.31573107953005,8.363514325537834e-11,-1.680920560552486e-05,189,9.474564990341605e-07,True
PAR_042,GateA_converged_v1,GRAIL-CHT-1.0,parallel,0,869.7658698174889,313.2634633102325,302.47416790926746,2.473346351499189,0.0019047284888435835,0.00015872737407029864,35.296107727784,0.8113966517710781,1.5578514606237859,5.198875,4.218349767976363,28.056939,18.471693359923535,79.50505781116073,97.98543984328857,0.0004889425316576798,5.412905435857983,1.0341138606915741e-05,564.3971612856571,290.3832180003473,15.098716135696918,346.06466862816023,32.801205317927725,261.155491192602,0.5686733520792793,333.3149414606679,347.4621479769476,317.79975673510853,29.66239124183909,9.120050094219971,345.77731514348716,346.93629561274315,347.4013341088257,12398338728.416592,12342954515.968346,333.6882192663286,298.00170115882696,4.8067596791886364,27.60274181168753,4.436749881776554,2.262734702684748,302.40030723838305,8.701960041435088e-11,-1.389469510637399e-05,143,9.345009743810806e-07,True
PAR_043,GateA_converged_v1,GRAIL-CHT-1.0,parallel,0,403.4113645979184,311.7820829515005,292.0568649838342,2.7891417862930625,0.0015145289118908356,0.00012621074265756964,33.088814697795925,0.5903226114236678,1.345063151913,5.198875,3.069013466465221,28.056939,9.777304143074534,53.68977994999726,90.94989571975708,0.0005757122114172624,9.873488868893384,1.4998680394354438e-05,261.7764583671414,275.51180138159435,16.29873878791364,328.00844344945887,16.226360497958353,102.72472101529105,0.48227296733746394,321.59690917824884,328.48876329447756,313.8833619887753,14.605401305702287,4.494374996822525,327.7019600790337,328.24983603830424,328.46770226197,10709167162.985271,10696642091.935825,321.691010126041,138.21797001785066,4.180612847362485,27.063053202906744,4.249627116804014,2.2756249808711506,291.2867176612654,7.628045750607271e-11,-3.195280152264353e-05,183,9.686459065960662e-07,True
PAR_044,GateA_converged_v1,GRAIL-CHT-1.0,parallel,0,407.1103843616275,292.59571952535975,285.5252012208292,0.9052673843098158,0.004297860498504322,0.0003581550415420268,33.95485951785578,0.5253587897373839,1.9745618709378565,5.198875,2.731274677995942,28.056939,7.743767292511268,93.72226565279084,178.39668334023816,0.0009358991077121265,48.04436883181752,0.00020710932294668082,264.17677818495054,266.3212049804733,9.1400160603773,299.3983431150127,6.802623589652967,122.209519746842,0.5685372632434736,297.24899234716526,300.29069378945997,294.0517421818038,6.23895160765619,1.9022891990435384,299.8874095234517,300.133633020383,300.2637514042282,7808871190.193911,7806952990.352939,297.26724948416825,139.4853388816539,1.790430308265365,13.798842571892315,1.6865831464004395,2.7908510198968175,281.7945069300565,7.667097179364647e-11,-2.644847589981403e-05,83,8.059104175117682e-07,True
PAR_045,GateA_converged_v1,GRAIL-CHT-1.0,parallel,0,506.9897909791295,328.0718185107346,303.4332431436064,2.705642686347121,0.00418952867827738,0.00034912738985644836,33.25382599592861,0.7819796529205675,1.0773170684353048,5.198875,4.065414468077416,28.056939,17.156598725388914,181.4185955043366,231.9991253311611,0.0004713058867319266,13.321319822094821,5.5977985383321146e-05,328.9892242948939,291.76541868091874,15.98144220811906,335.9458560521775,7.874037541442874,137.8919554716979,0.515116894308304,333.4332961069897,336.94759893140275,329.7308344875588,7.2167644438439424,2.2003696240505177,336.48334662193685,336.7666064527878,336.91663490076036,12363724242.4236,12360494975.182646,333.4550719288346,173.70631042770398,4.639959182201331,26.85862970188993,4.315803921608753,2.261003265644195,303.35205567767315,8.304937182401772e-11,-2.178947549935959e-05,84,8.305681831188849e-07,True
PAR_046,GateA_converged_v1,GRAIL-CHT-1.0,parallel,0,519.429501557912,330.85869739746215,298.9358113391366,1.1223309006793645,0.002690484201381819,0.00022420701678181826,25.576727561677338,0.361488278186669,1.1803064659210583,5.198875,1.8793323722577193,28.056939,3.6663061415480453,125.0900048454018,346.0416627418456,0.0004389624123710188,45.57510848821959,0.00012298807358457098,337.06143956743995,285.302774528696,9.964857422581584,342.5714109524558,11.712713554993627,131.7237998395879,0.48029018930833406,338.24805902552947,343.40230832759755,332.72924687247416,10.673061455123388,3.277410458126773,342.7565057003274,343.1929681889676,343.3689645406856,13097419883.49722,13090048408.671522,338.29566887011725,177.9684400916083,6.013389835609088,34.57583507541417,5.655455106671733,2.2279200780008406,299.5236706448838,7.660588607905084e-11,-2.2344228325874322e-05,113,9.177863944387354e-07,True
PAR_047,GateA_converged_v1,GRAIL-CHT-1.0,parallel,0,434.9156509085758,322.5566745201821,312.212011826538,0.12725248327003338,0.004276363943564164,0.0003563636619636804,36.094862609983096,0.6261101430217562,0.8140189959446189,5.198875,3.255068369802233,28.056939,10.998710393541787,168.7399642355329,269.5052397987897,0.0005172210641040138,27.054214801971494,0.00011604179408283933,282.21981028413114,304.51836505044434,6.183559436426127,329.81202397413165,7.2553494539495205,129.6908318758197,0.5647683062434083,327.51163035813323,330.7561363007723,324.10526160586744,6.650874694904871,2.0295374276741747,330.3259105581935,330.5903630899301,330.7273795026482,11508188010.521564,11505537382.57819,327.5304916347212,149.01205983002126,2.538735406442978,14.581529981877116,2.201001236176811,2.3917743234039914,311.18054742201195,8.057611466938397e-11,-2.5951117909807277e-05,83,8.451729627267923e-07,True
PAR_048,GateA_converged_v1,GRAIL-CHT-1.0,parallel,0,938.7686621181698,312.7447562790327,304.1210819057889,1.1717093838419304,0.00370576664262986,0.0003088138868858217,36.92648287942697,0.38298232699126317,0.948131022028728,5.198875,1.9910772452367034,28.056939,4.115264512229664,136.92993411276163,357.5359082192985,0.0005523306776780094,79.2490464586354,0.0002945621593045488,609.1735562291151,292.75806496329017,10.152495658599335,331.8112493485233,19.066493069490605,295.34197135700003,0.5958441273216806,325.3933576574648,333.8745463775621,316.4447959903967,17.429750387165427,5.329481187840048,332.7632430360627,333.47792888880485,333.8031330964004,11228790258.004969,11210751687.782036,325.52417164601644,321.6436376889728,3.3233594044573747,19.918119316901155,3.0602269676883824,2.341722276162588,303.08537907770284,7.699640036662459e-11,-1.223623587210426e-05,89,8.779459790275723e-07,True
PAR_049,GateA_converged_v1,GRAIL-CHT-1.0,parallel,0,744.1663692835425,290.8408288575277,289.53154926421473,4.621950134602884,0.0021854694041808878,0.0001821224503484073,27.969645651978194,0.4449839761600678,0.7081933959452977,5.198875,2.3134160690591723,28.056939,5.555575226568418,56.51633629651164,127.00757628221162,0.0007892057254166882,54.08967951778877,0.00011856704079044832,482.89476619267566,271.94615267854357,23.26341051149096,316.40604681510086,25.565217957573168,233.5449669283164,0.594383233883119,306.631899883935,317.7515805844114,294.5490153409027,23.202565243508673,7.129438648243862,316.3994174238883,317.3226861477549,317.6933801420396,8868997912.308842,8840347475.597233,306.88003722212653,254.96843654973276,2.364574429625417,16.598881385366074,2.460054332422421,2.3727439263188708,288.04141528539384,7.595502893309459e-11,-1.5894515455046265e-05,130,9.287988973483152e-07,True
PAR_050,GateA_converged_v1,GRAIL-CHT-1.0,parallel,0,946.0517563959519,314.6546171857806,290.694913322091,0.4013355600521526,0.0012058388333087311,0.00010048656944239427,23.1941079131769,0.9906510268750374,1.1029922924825484,5.198875,5.15027085734496,28.056939,27.53478413165473,59.228944380350526,59.787899849239025,0.0004155035805288704,2.0978160238962893,2.537239745989431e-06,613.8996070876278,273.58685455320847,7.2250751281981795,366.3689786046246,51.71436141884402,260.66139429736864,0.521828620687362,345.8025274776746,367.3831400308102,321.1201681353788,46.262971895431406,14.264186900138489,365.041349711037,366.68964582920177,367.3248288755839,14444844583.67203,14299230036.833666,346.6795453783626,324.1389925422675,8.421668963422803,47.12810805586858,7.927774580046845,2.18159914543299,293.0197919046964,7.920931466287584e-11,1.4390604551802766e-05,212,9.767193773768668e-07,True
PAR_051,GateA_converged_v1,GRAIL-CHT-1.0,parallel,0,602.2517194113565,311.159284433603,294.7815903088029,1.6511668535070043,0.0031943509018916363,0.0002661959084909697,23.044657277721473,0.4993332297802373,1.9395399635080806,5.198875,2.5959710449737314,28.056939,6.995539692241914,108.97220675980685,218.23543930326218,0.0005982550500667248,25.52165893129111,8.177044556162537e-05,390.80535648806506,279.3763338442246,11.974434043326617,324.32636434814583,13.167079914542853,175.8119436492507,0.552887032564759,319.6558730006858,325.50402825119056,313.4694105006687,12.034617750521875,3.686100745590062,324.7443338374006,325.24032490598637,325.46047878502,10449055135.833296,10440727293.12831,319.719595763427,206.34522822569835,3.606472728723436,23.348444416795296,3.5784112421355516,2.324818415952436,293.5059845682639,7.966491466504523e-11,-2.123199407998357e-05,99,9.999012604566815e-07,True
PAR_052,GateA_converged_v1,GRAIL-CHT-1.0,parallel,0,866.1545675969296,314.9107665076464,294.2312382309998,3.920820950692851,0.002482337431213045,0.00020686145260108709,30.16716640500593,0.8696339233518403,1.4335014347606192,5.198875,4.521118063265799,28.056939,21.21842936614473,99.51788995854326,114.4365316097264,0.0005090719334832184,6.592354469004855,1.6413689326213992e-05,562.0537619956207,278.59431303344206,20.599119612632833,339.3976329872183,24.486866479571916,254.0799006837938,0.5555728170415661,330.22698226836326,340.94741274579866,318.6787212022878,22.26869154351084,6.832010526783772,339.61927933219755,340.51971869632945,340.8823202055415,11922392907.902817,11891871926.340696,330.4386639484148,296.76438633368775,5.284724876508119,32.22145434379639,5.178343300503228,2.2458718674758145,294.1394630666751,7.686622893743334e-11,-1.2424305435132991e-05,118,8.48786044116423e-07,True
PAR_053,GateA_converged_v1,GRAIL-CHT-1.0,parallel,0,487.4752547849894,329.49880162174867,307.0299739486133,3.8276700837653372,0.0033027374125444197,0.00027522811771203497,31.738506221770237,0.8759544709847902,0.6681874268396631,5.198875,4.553977800341051,28.056939,21.527983667009053,148.13266079530823,169.110000236394,0.00045503281716284175,8.521146243390504,2.8227791871422424e-05,316.32610515676305,296.9684015485935,20.24514631830828,339.11398022437044,9.615178602621768,132.74179421455352,0.5157285643063592,335.76320052670485,340.01800539588055,331.23589877446204,8.782106621418507,2.6842288868353874,339.46840148707616,339.8206721813759,339.9854884000638,12714487352.266548,12709614670.607443,335.79537758453364,167.0201835227709,4.55028526744682,25.594582152403287,4.133558433965346,2.2594466268930895,307.0976733587212,7.836320037313271e-11,-2.1880947142000657e-05,98,8.320001256834075e-07,True
PAR_054,GateA_converged_v1,GRAIL-CHT-1.0,parallel,0,857.9231859787683,304.0073605933861,287.5237770299491,4.928132681844895,0.0010420916260504278,8.684096883753566e-05,23.385168888239434,0.9363016776952913,1.8480371831785234,5.198875,4.867715384628108,28.056939,24.59641947743408,44.495205088115945,47.52229558921756,0.0004779827133113202,2.251331839067095,2.3531535175050443e-06,556.7123608439246,269.1223243489409,24.4269041910106,358.2010022327598,54.19364163937365,236.06441377503867,0.521132544338089,336.81024072368587,359.01225526220037,310.8292570560837,48.18299820611668,14.85869367030288,356.70613764536307,358.34169801833974,358.95721592811685,13018671979.760199,12868891848.895685,337.786019806938,293.9441265255922,7.2997873099214825,43.489530831003584,7.09034459210059,2.224153649353826,288.10265408930366,7.348177177846085e-11,1.701599840169873e-05,253,9.931036970556306e-07,True
PAR_055,GateA_converged_v1,GRAIL-CHT-1.0,parallel,0,849.0316169448743,306.3072413396251,296.7120410053293,4.381966459521962,0.0020932231152168725,0.00017443525960140604,34.74491404411993,0.8044373437494027,1.5389022466247435,5.198875,4.1821691954851765,28.056939,18.156190654315868,75.6906026228027,94.0913586507761,0.0005644078637767203,6.988145245801985,1.467176244835066e-05,550.9425594568474,282.12517026839697,22.351472546183455,335.74696737461426,29.439726034989178,257.5879648759417,0.5746028585351236,324.43186969825774,337.1948184066803,310.52652133179765,26.668297074882673,8.193244516525981,335.6519800106205,336.7077799812359,337.13202134749326,11121189516.63488,11078833551.436846,324.7415134812824,290.8976713932155,4.082382083366834,25.239596177305906,3.987771139113724,2.27586418633671,296.1639212073868,8.259377182184836e-11,-1.4741442395305491e-05,133,9.778596563592146e-07,True
PAR_056,GateA_converged_v1,GRAIL-CHT-1.0,parallel,0,985.4120554402151,311.6481912436658,291.6735362494474,4.030944518965462,0.0020233156310307324,0.0001686096359192277,29.380230195502392,0.6697996694230057,1.7687145819975836,5.198875,3.4822047563715293,28.056939,12.587229354967342,83.23447806340181,124.26772042915992,0.0004961121613514544,7.932735025738712,1.609872294323181e-05,639.4407806595435,274.96955974460997,21.017589172068753,345.8532679610992,34.20507671743343,289.28804548089164,0.5560049955825128,332.6451304627214,347.46339136087533,316.46330359327754,31.00008776759779,9.530267270687439,345.68761274580504,346.90615083112823,347.3938190437701,12304276033.89082,12244038345.934227,333.05351107367716,337.624732188239,6.014275505371318,36.428283773591225,5.894168493503507,2.2343957291730785,291.8460288412541,7.68011432228377e-11,-1.2162947423719311e-05,135,9.306048127655231e-07,True
PAR_057,GateA_converged_v1,GRAIL-CHT-1.0,parallel,0,498.5441645033722,302.9148890706814,286.88420254366304,4.848086826932395,0.002750560023139945,0.00022921333526166208,25.265965454043382,0.36874343464132736,1.8718770604771104,5.198875,1.9170510237709313,28.056939,3.8149502703490565,79.61524300401848,215.90958787228126,0.0007050897457174335,51.392912853823404,0.00014178464550495656,323.5087981553897,268.22486108735967,24.1227299423431,315.2615611616362,12.346672090954826,141.9538979697877,0.5392743484542697,310.72348376641514,316.16509723357404,304.91039957541057,11.25469765816348,3.4544294234262822,315.4794869584277,315.9413981993696,316.1293371771699,9328636091.227404,9321725498.416582,310.78105590740813,170.81264542604575,3.1656543838067344,22.263616752038153,3.4295160583571245,2.292716720627939,285.78858515924253,7.432788606820396e-11,-2.3264052769918368e-05,111,9.16385829441424e-07,True
PAR_058,GateA_converged_v1,GRAIL-CHT-1.0,parallel,0,633.3254159472383,309.7008713570577,293.6333232167413,4.692361696259868,0.0030819250482765443,0.0002568270873563787,32.61491306637416,0.4022292711423572,1.5492623498280758,5.198875,2.091139702010222,28.056939,4.5392868927264844,103.60604158937636,257.5795672332063,0.0006070947656530932,46.1406813089635,0.00014263001150515545,410.9692956860745,277.74553639141874,23.5309744457875,324.167888158723,14.467016801665295,186.37057288143973,0.5573352355096666,319.0155729295683,325.39743458210387,312.20898948367795,13.188445098425916,4.035437826830963,324.5770685990174,325.1238858389743,325.3512188431994,10367264024.788836,10357323367.823206,319.092090856424,216.99178812224733,3.590158738977083,23.379607107026427,3.6514873151582923,2.284853647372128,292.8307827770039,7.81028575147502e-11,-1.747547892529027e-05,102,8.673666798131308e-07,True
PAR_059,GateA_converged_v1,GRAIL-CHT-1.0,parallel,0,775.6712950828678,325.92764931204005,302.02246752963833,3.213236161196484,0.004251872695119284,0.00035432272459327363,29.115092025343156,0.9187707174299194,0.7256619889046358,5.198875,4.776574113578473,28.056939,23.683974140248566,184.9854009351575,201.34011394335442,0.0004690966103031035,9.999323381010234,4.264378139757798e-05,503.3385330783385,289.7329944001359,17.910297412546637,338.6981738991775,12.770524587137459,226.96833524058874,0.5541835491579843,334.629655269011,340.33923822401067,328.6290324438109,11.710205780199772,3.5730014818183315,339.5832771899006,340.0443199267397,340.2887266627474,12547425444.450758,12538849914.257904,334.68685531238725,265.76274546536274,5.0286648864579115,29.074923425274456,4.690866009136092,2.2533148941460457,302.0662009257648,7.810285751475023e-11,-1.6592278343267278e-05,82,9.625593406781263e-07,True
PAR_060,GateA_converged_v1,GRAIL-CHT-1.0,parallel,0,896.9246727748694,288.7218265728315,309.0321513738707,0.8417747591941344,0.002305335259602569,0.0001921112716335474,31.322497819028527,0.9071850603213625,1.5757798322783383,5.198875,4.716341730478224,28.056939,23.090432470518124,60.78050918015616,66.99901909608741,0.0007740860764266446,8.573052023742916,1.982322879913912e-05,582.0206986363221,299.87797927259834,8.89874408493771,320.3504785470156,31.628651974184095,304.7832228289013,0.6435779612814304,308.3517442877257,322.1679446420259,293.4168683870868,28.75107625493905,8.823829243008502,320.4728841335415,321.62768580980776,322.0898875329451,9084738572.812834,9040358187.353743,308.72948508674193,307.3069288799781,0.3961032104740921,2.2255298330362385,-0.09788327954818088,-7.024833230262617,305.8591860770784,7.54343432163296e-11,-1.4224503651988218e-05,122,9.995615641855693e-07,True
PAR_061,GateA_converged_v1,GRAIL-CHT-1.0,parallel,0,458.32416957821846,329.043545766585,300.358446700877,2.650229725904891,0.001844656080857035,0.00015372134007141957,24.740659506760736,0.954943896646243,0.977437593547267,5.198875,4.964633950676737,28.056939,25.5856233709922,85.29718621176534,89.32167273001954,0.0004413673467390158,3.6783147781182364,6.805642650714243e-06,297.40976190849295,287.3418293153651,15.770872958438584,343.6468554389926,14.60330967240759,112.60119106919217,0.46530348108566066,337.93912355757186,344.22931055532945,331.03055806968854,13.19875248564091,4.059981431805428,343.48343084376364,343.99723594423494,344.1991395542751,13053579780.283972,13042291229.2579,338.012224314824,157.03235428768429,5.80532079771994,33.219533999677665,5.40635154053886,2.2391808071722425,300.73377092843737,7.719165751041146e-11,-2.7458955538474243e-05,153,9.781969652067346e-07,True
PAR_062,GateA_converged_v1,GRAIL-CHT-1.0,parallel,0,678.7239024742914,289.0412026610334,308.43631030865515,0.2993414894685484,0.001591543010221549,0.0001326285841851291,33.78073126155855,0.7534350112665574,1.526605253659604,5.198875,3.917014444198424,28.056939,15.926923092162884,43.384068808131104,57.58170002639057,0.0007486995919235549,7.9439945352903525,1.2681252734081789e-05,440.42869138288495,299.0111109291653,6.8374976599804835,323.22606614557543,34.18486348454201,227.41992463295892,0.6346020121862491,309.7233408765633,324.3298388619792,293.50020133477847,30.82963752720076,9.487583840955228,322.6417701131654,323.81430528209523,324.2815684867131,9254024014.743378,9202286299.082968,310.1577629048961,232.54634905016326,0.7153102794251519,4.2260061684490235,0.18515205886430014,7.543827936873703,304.99028081281983,7.18546289135702e-11,-1.895946090773665e-05,167,9.692041089692793e-07,True
PAR_063,GateA_converged_v1,GRAIL-CHT-1.0,parallel,0,972.4084396183811,326.6163252559445,290.98794372316127,3.6955693561476988,0.0037515244268707124,0.0003126270355725594,28.196372413349547,0.8597666323960461,1.6520891035954854,5.198875,4.469819250997995,28.056939,20.73965177371182,171.22224558413123,199.14967519379,0.00044716426226068594,8.753007978481328,3.2935931032965834e-05,631.0026433274447,274.0006361262021,19.743163553361256,344.31870811005166,17.702382854107157,277.59765266838116,0.5406710890539808,338.3728857786365,346.2557624936743,330.058576482945,16.197186010729297,4.951379091939552,345.22225126456675,345.8755063227529,346.18885474569,13126219183.845692,13109382065.472525,338.4814813322406,333.1693956768908,7.019115355149912,41.73587956196751,6.816791923595318,2.2211594803782435,291.629360827168,8.207308610508336e-11,-1.3156131278795649e-05,88,9.76894057203026e-07,True
PAR_064,GateA_converged_v1,GRAIL-CHT-1.0,parallel,0,669.0608120745724,307.4246590172195,310.8266279883379,0.7989999166557895,0.0019742119929022778,0.0001645176660751898,20.45052530281511,0.7322691191785964,1.6295192870175887,5.198875,3.806975616969625,28.056939,15.044637481556338,70.52610857956249,96.31173394103153,0.0005712988652652221,7.7815790561276135,1.540871283482881e-05,434.15824438087446,302.4937481526803,8.736199683292,333.24093168441556,25.816272667196074,213.04120356654553,0.6030649541643911,323.1929928074475,334.38732783499756,311.0098448681947,23.37748296680286,7.197647681884843,333.044623431521,333.9661045230717,334.3304184505096,10943018142.23946,10910577658.074047,323.432963310782,229.23555303310172,2.11601988398496,12.299345122230752,1.7790237186414235,2.4802047216443457,309.41792081563517,7.218005748654834e-11,-1.7125747043927847e-05,142,8.946527145781147e-07,True
PAR_065,GateA_converged_v1,GRAIL-CHT-1.0,parallel,0,648.9930926631724,313.6999522635069,283.68879330065494,0.45874124361804186,0.0012306058071204667,0.00010255048392670555,34.280078662665765,0.9406859729799403,0.7118612023516874,5.198875,4.8905087877760876,28.056939,24.827307550704376,51.44662008811961,54.69053601931054,0.00048818182793408996,2.8525886853191644,3.520975126860483e-06,421.13616078078115,263.7559998949085,7.4432167257485595,345.824607829503,32.124655565996136,165.24705254946542,0.4822361071233097,333.0651879627596,346.4947615894079,317.7312302498259,28.763531339582016,8.86269148286884,345.0304013116896,346.0608915609348,346.4581519014682,12358194415.241798,12306001681.18546,333.41778020672695,222.35989289225245,6.8861284055056124,43.123477697622846,7.10328205012541,2.190687654803446,284.76757504771257,7.667097179364646e-11,-2.150138958329655e-05,214,9.913269423122983e-07,True
PAR_066,GateA_converged_v1,GRAIL-CHT-1.0,parallel,0,623.9176492141837,290.31235534729996,299.21686136363166,4.0906953888072515,0.0033777622678429395,0.00028148018898691165,30.996873141786853,0.5315318183990226,0.8387462478725332,5.198875,2.763367482379219,28.056939,7.926816823301814,76.73856339898066,144.37247356163496,0.000898327950335786,54.90631910433634,0.00018601854858251877,404.8645299986283,285.70521809254103,21.244642477467554,305.21622588936987,14.90387054206991,210.4284379284061,0.6387681270111419,300.0499743775788,306.6530693671148,293.0348181465996,13.61825122051522,4.162024753852351,305.7965519244218,306.35128795165485,306.6015711049224,8114752827.869088,8105398581.545029,300.13650705889495,213.76847183927575,0.40985820722562794,2.8103676066782493,0.1198515354997826,7.592993621500338,296.90240711113324,7.204988605735706e-11,-2.0320365136772382e-05,95,9.83460040515638e-07,True
PAR_067,GateA_converged_v1,GRAIL-CHT-1.0,parallel,0,610.9926881155436,315.7110919008211,289.7658278542958,2.2434327763784983,0.00244724580813314,0.00020393715067776167,23.855069242254956,0.7248802101971221,1.4517265423259404,5.198875,3.7685616027885636,28.056939,14.742555608452124,92.88201765444327,128.13429908534152,0.0005377314646943332,9.560885670751931,2.346824210610619e-05,396.477432266993,272.27629311324387,14.225044550238295,331.99156189886895,16.280469998047863,166.54086398092872,0.5162390796639698,325.85722908058773,332.98524646432224,318.19063300587703,14.794613458445212,4.5422646907153945,332.1018716294372,332.7005756789152,332.9423226738839,11287954193.57673,11274815418.499392,325.9521196622981,209.3400842369723,5.086050738634905,32.521103458917985,5.192104531912096,2.2459402106493926,289.434107609668,7.602011464769021e-11,-1.8378430269610762e-05,121,8.889031164471817e-07,True
PAR_068,GateA_converged_v1,GRAIL-CHT-1.0,parallel,0,522.3706289273963,332.0387752991311,288.33995168947916,0.6914402749313582,0.0023373925585374513,0.00019478271321145428,30.856270422065272,0.8183561372415897,0.7588139576633441,5.198875,4.25453126300187,28.056939,18.789921919734084,111.00024496379876,135.63806747749726,0.0004297612131092685,6.581860514895033,1.5430683840368232e-05,338.9699577053899,270.26904668492426,8.327473044739161,344.2858809288834,12.247105629752298,119.65790709168951,0.4338391392767013,339.6539021217668,345.00190498449496,333.87027385595246,11.131631128542494,3.4162619942216157,344.34485869381706,344.7920163827212,344.971131901464,13317106424.77429,13309030901.611633,339.70541336782605,178.9761376684459,7.456286321629384,44.479966378995314,7.382018584407461,2.189368246289018,289.8370433398638,7.907914323368459e-11,-2.2745085640860126e-05,126,9.397078883921495e-07,True
PAR_069,GateA_converged_v1,GRAIL-CHT-1.0,parallel,0,950.3622866703126,295.7814849782505,286.2211673831104,2.115864048942399,0.001486082338015767,0.00012384019483464726,27.604291821167436,0.44587207115821836,1.3931652955181915,5.198875,2.3180331639426823,28.056939,5.577772889092424,51.35680010379519,115.18281459161221,0.0005905605243556328,18.230642038992563,2.717375641407683e-05,616.6967403563724,267.29553289306335,13.740283385981115,341.14347743357837,45.36199245532788,281.78072126518106,0.5615496489518403,323.1852571421705,342.44983086466186,301.6068720311149,40.84295883354696,12.58399981564612,340.2642806208222,341.78802464649755,342.39201067574356,11008584681.785345,10909533111.336205,323.91635139314235,325.61587890816463,5.161486798474882,33.356104526386346,5.317649396671543,2.2459942187333666,285.82694768332885,7.231022891573957e-11,-2.5514280651451176e-05,140,9.957035445040674e-07,True
PAR_070,GateA_converged_v1,GRAIL-CHT-1.0,parallel,0,993.9093817115624,317.4956586458829,301.49548110473756,0.5959332915090165,0.003504414887031993,0.00029203457391933273,27.857231392334754,0.8807695609541049,1.1979703487290403,5.198875,4.579010851205273,28.056939,21.765311261147527,142.21181014072008,161.46313002309856,0.0005029205122963728,9.188822452016721,3.229834121879761e-05,644.9547551583047,288.975010731658,7.964546507734263,338.3113244305643,20.815665784681414,304.91732746795776,0.5810337934347778,331.14032146202385,340.3957660403693,321.3635930707604,19.03217296960895,5.823339856827179,339.1884784299458,339.96831598871216,340.32138628401856,12046283687.178429,12023980526.113008,331.2937719820759,340.5361107235849,4.554438052671876,26.799682146316332,4.2647030798779175,2.27560060904293,301.1251013625458,7.31563432054827e-11,-1.1753008776322892e-05,92,9.004273238133464e-07,True
PAR_071,GateA_converged_v1,GRAIL-CHT-1.0,parallel,0,588.9630374185974,324.7739573130091,285.2035945780365,4.89751471772699,0.0027906377200309,0.0002325531433359083,23.562711812830784,0.8435587721278532,1.014753715184559,5.198875,4.3855566114461935,28.056939,19.96507655978825,119.03749667007627,141.1134595516179,0.00047845287877046995,7.773200892402451,2.1757459995703243e-05,382.18223772218977,265.87136791608293,24.31055592736256,337.30858964436504,12.534632331355965,146.2148023647114,0.4701856595098535,332.7105272419777,338.22515971430556,326.81718996402986,11.407969750275697,3.4986702271136165,337.5313421847318,337.99763492163095,338.18831390946315,12261797155.08207,12253669712.919825,332.765682418292,201.7922215173162,6.680173997472933,42.06294137146473,6.834341477493097,2.2156821677206464,285.60069823717765,7.250548605952645e-11,-1.86795237711847e-05,110,8.694862572156126e-07,True
PAR_072,GateA_converged_v1,GRAIL-CHT-1.0,parallel,0,960.6991871640656,324.58808239149823,296.91197052618196,0.3820632780819372,0.003105908148534282,0.00025882567904452353,32.73016065231314,0.6388308372440215,0.8095196977501624,5.198875,3.3212016689770123,28.056939,11.450172562594963,141.59206447611163,221.64250098970422,0.00044768154454758504,16.226931996869453,5.055101335485306e-05,623.4044274450723,282.41036926404763,7.151840456711361,346.1921763835565,21.604093992058267,280.4793859694314,0.5529420294853642,338.5083716456808,348.05534273426883,328.3438464607087,19.711496273560158,6.031833902048879,346.82660643339455,347.63931258646767,347.985775628843,13155394899.306713,13130390876.911613,338.66941089872245,329.1575376909982,6.306531884149467,36.387606248605465,5.984053138021457,2.2163809052802215,297.7548282087801,7.95998289504496e-11,-1.2015282981521075e-05,100,9.011456540974905e-07,True
PAR_073,GateA_converged_v1,GRAIL-CHT-1.0,parallel,0,999.4522266354367,320.0804704792867,284.1094494997233,2.9701313160026355,0.002868083862529738,0.00023900698854414484,32.08282035703057,0.3876734759063512,0.745653233584503,5.198875,2.0154659420526313,28.056939,4.216697673326098,123.958779141823,319.7504777751864,0.00047220877440031346,59.445210947911164,0.0001710068708368908,648.5515460293212,264.34286683406344,16.986499000810014,343.690036779967,23.609566300680285,283.0454233327235,0.5363646838115819,335.1230014741682,345.50930075978465,324.0080938015917,21.501206958192938,6.583513306529885,344.1938325336473,345.0784388296051,345.43833833146266,12642149469.660753,12612957961.03784,335.31673610394034,342.43521630348164,7.210303028290579,44.84072981233517,7.338803299288284,2.2049174023712514,284.9020933533059,8.513211469107772e-11,-1.2606517623320335e-05,105,9.8783499424826e-07,True
PAR_074,GateA_converged_v1,GRAIL-CHT-1.0,parallel,0,680.1064988451002,320.8128609715633,287.39991389334205,3.5349710263752323,0.0013746926772524172,0.0001145577231043681,21.184574710495223,0.9649603371688646,0.6951238360053801,5.198875,5.016708172898781,28.056939,26.125175326379388,63.09989127044612,65.39117603069303,0.00044462768973157953,2.73526581350951,3.7714642770014032e-06,441.32586784607736,268.94843919100117,19.132889900225884,350.8855234103396,30.07266243877632,172.80399575149104,0.4812191848477327,338.9419907792015,351.61822246862914,324.636954357439,26.98126811119016,8.317579625038183,350.20042298598565,351.1903816668561,351.5801413875553,13245416295.534098,13197798817.32681,339.247302524397,233.02005822272886,7.551839418799289,45.24943043103179,7.41483682790022,2.2126693325678,288.2633444300274,7.387228606603459e-11,-1.8971110826855263e-05,194,9.459620855523099e-07,True
PAR_075,GateA_converged_v1,GRAIL-CHT-1.0,parallel,0,956.4854188814586,314.1584182568333,309.9423891297645,3.3764619958841906,0.00412840722057437,0.00034403393504786416,25.373863120720998,0.8618302393080226,1.4068994465700877,5.198875,4.480547685382496,28.056939,20.839329638566202,154.63248607363457,179.42337019619026,0.0005448805275931844,11.95460039623734,4.950196448837258e-05,620.6700837101106,301.2038663522953,18.530555584359924,331.9860654426168,17.82764718578352,307.6471111967395,0.6091728863034245,326.211267728202,334.1762021245668,317.8469656826194,16.329236441947444,4.987451379721294,333.12241963296475,333.77975512453673,334.1057428393923,11339772770.013384,11323894956.0335,326.325557039547,327.7138041989384,2.608512866910833,15.11778243284153,2.340438869925079,2.336061465637988,309.27959052918226,7.250548605952646e-11,-1.2562021494358845e-05,83,9.019222488859668e-07,True
PAR_076,GateA_converged_v1,GRAIL-CHT-1.0,parallel,0,888.0400407821114,306.00548583089306,310.51997125564117,4.180149312646556,0.001317892528247537,0.00010982437735396142,29.410049366286675,0.7294833011691574,1.9241982238578366,5.198875,3.7924924973658034,28.056939,14.93038468181218,56.044321674326746,76.82742234743881,0.00047991892455853755,4.195240398626164,5.545512513090913e-06,576.2553987437975,302.04620511889163,21.58456738805691,355.6860702644478,49.68058443355471,273.6799448801221,0.5836822723479007,335.9975848535688,356.8557031371105,312.2910910945614,44.56461204254907,13.728570453808846,354.5536815387489,356.1697852199409,356.7971688588573,12872508227.012144,12745140364.41178,336.83390058619096,304.2628505367251,4.245568563256866,22.67208561741331,3.665206351914653,2.2734534999339076,310.6052075781388,7.966491466504522e-11,1.4830603908051039e-05,188,9.786664918465249e-07,True
PAR_077,GateA_converged_v1,GRAIL-CHT-1.0,parallel,0,695.9524660531556,301.33984308613293,297.6489608499865,2.2843758590052206,0.0029792250796977044,0.0002482687566414754,31.607641949744,0.3894337058272441,0.9647010961228121,5.198875,2.024617157382614,28.056939,4.255076404226608,88.0390633442487,226.0694491177493,0.0006906331158736165,75.43575725096008,0.00022541634895491296,451.608426889155,283.4625135021757,14.380628264219837,318.9255548053233,17.585711719190385,218.99769640424958,0.5959722605111202,312.6022164429086,320.35547344267735,304.3255742466224,16.02989919605494,4.9059931390489,319.36361758079795,320.028367841852,320.30081247358225,9563333341.089329,9549226880.518967,312.7175993471962,238.44924939747386,2.2750647863885853,15.025352972876751,2.1511735065108026,2.4636817218990648,295.7740587770449,8.330971468240022e-11,-1.6050606978211193e-05,104,8.768498673816794e-07,True
PAR_078,GateA_converged_v1,GRAIL-CHT-1.0,parallel,0,802.9924902014172,305.2677220228894,309.7660951785853,1.4430221549158342,0.0023537552345677345,0.00019614626954731122,35.32651494038419,0.7487757600745432,1.9019596944060897,5.198875,3.892791579657541,28.056939,15.73054760084829,81.3331727867025,108.62153547626262,0.0005906267077331326,8.857145504976703,2.091028344600501e-05,521.067447839131,300.9469176255435,11.18348418868017,331.6447305472023,26.377008524312885,259.51539148489786,0.6120934246141776,321.66993587149665,333.18728206170215,309.23734321774657,23.94993884395558,7.3529031133439515,331.7693451271366,332.73293357122884,333.1205261366757,10739902553.122892,10706361171.75615,321.92157603039163,275.1236124590612,2.0212574372980985,11.874519877615894,1.7124850548556705,2.483318227694564,308.3706614339728,7.881880037530209e-11,-1.5046184505324586e-05,122,9.505381513008615e-07,True
PAR_079,GateA_converged_v1,GRAIL-CHT-1.0,parallel,0,918.7612768848704,305.5290778681578,293.4282921625265,3.9545558085625574,0.0025025841430679078,0.0002085486785889923,31.934462292942506,0.7934159196471853,1.2657028001187962,5.198875,4.124870189255761,28.056939,17.662090606178698,87.1934518309614,109.89627214656143,0.0005857662084325093,9.265372460972262,2.3257145637359338e-05,596.1906238995305,277.45468119714684,20.727312072537718,332.3082033002682,26.77912543211039,280.13112132739667,0.5774637868383471,322.31244913447745,334.02623752086464,309.68020996014565,24.346027560718994,7.462997871083579,332.5739839023381,333.55792396810193,333.95456570636384,10826851152.55706,10792158645.029259,322.571164124444,314.7886494189521,4.142343567795307,26.359954382960623,4.15527126182281,2.2725003818840697,292.789717174557,6.886068604217144e-11,-1.3063057825876215e-05,116,9.442493364986149e-07,True
PAR_080,GateA_converged_v1,GRAIL-CHT-1.0,parallel,0,908.9600359421569,321.21226772648305,299.842529320521,0.5629212076970531,0.0033878969705078447,0.0002823247475423204,23.740096988694994,0.5953702403535246,1.6336346151782446,5.198875,3.09525545831793,28.056939,9.945223170568694,143.9416098847532,241.76823114182227,0.00048035612850623845,16.610761254717453,5.644488237982582e-05,589.830530043117,286.6018086751454,7.839100589248802,340.36307279784415,19.150805071361106,271.2023897433313,0.5650863287218125,333.6877881079975,342.20314014457915,324.69385726312873,17.509282881450417,5.359320349245366,341.0932647071401,341.81346294806923,342.1366023485871,12417457239.132696,12398274648.999159,333.81678358816094,311.43051986276583,5.159533394035797,30.199657660359406,4.868974757515912,2.251117087215439,299.86464921195767,7.60201146476902e-11,-1.1460815274917555e-05,95,8.080805855570361e-07,True
PAR_081,GateA_converged_v1,GRAIL-CHT-1.0,parallel,0,686.4371720700185,309.4804801699975,302.38583987057604,0.230778096596235,0.0017702128710237273,0.00014751773925197726,23.45055794828122,0.5667583170952764,1.1116498442633933,5.198875,2.946505645788705,28.056939,9.012309380222176,66.64462691859673,117.58914674628987,0.0005421005527377418,12.983440703288181,2.3052611678168598e-05,445.43388601643943,290.25603139938664,6.576956767065693,337.26589913070615,27.785418960708625,205.59792421291846,0.5672624150069969,326.3507864550042,338.3220325548515,313.19811151716374,25.12392103768775,7.732207888787487,336.9091857924285,337.88510315465567,338.2747628300889,11381447679.371113,11343280053.0025,326.62496527888,235.18909181668002,3.744102152707476,22.39951391898163,3.4475942617987676,2.3385772148494226,301.2636851704105,7.15942860551877e-11,-1.8168243253912408e-05,155,9.603396051716118e-07,True
PAR_082,GateA_converged_v1,GRAIL-CHT-1.0,parallel,0,966.7567607583318,321.54322816887117,299.19867659584054,4.219572046538799,0.0021313727364397498,0.00017761439470331247,28.413458528037964,0.6768330925611562,1.5945798571096983,5.198875,3.5187706440888813,28.056939,12.85296891392561,100.03517453511654,147.79888222749352,0.00043483667780426857,7.445394394757586,1.5916660606848197e-05,627.3352293534067,285.6791730824856,21.734373776847434,353.17195186318105,31.628723694309883,281.78466536843086,0.5520344930721514,341.03436382696566,354.7822537986731,326.088453076918,28.69380072175511,8.817197557770188,353.1160830909995,354.25664896985194,354.7129182217123,13580923959.36348,13526722138.196505,341.3754843971072,331.2330010985988,6.561156587698772,36.868745436872516,6.018476808546435,2.238570875786403,299.7419521096327,8.135714324453147e-11,-1.3012879050014791e-05,130,9.826042628446885e-07,True
PAR_083,GateA_converged_v1,GRAIL-CHT-1.0,parallel,0,738.0053867574957,289.3696945312351,305.5242122313295,4.3454273706794035,0.003909713395561054,0.0003258094496300878,28.64815475173655,0.513114346618246,1.7813151165350603,5.198875,2.6676173487749337,28.056939,7.387008576251062,87.74608722495564,171.00688726257388,0.0009093617020150744,47.02693008186223,0.00018441506368422256,478.89686150464615,294.78645686068364,22.21262400858173,305.0974314476931,15.727736916458014,257.0321446832885,0.659620258956688,299.9108906559076,306.93516811514763,292.50941075206555,14.425757363082084,4.411438812490949,306.017870662261,306.58281479784534,306.8741845513159,8100880177.741977,8090380477.845612,300.00814946183255,252.85754287445317,-0.41896180656990367,-2.94806398679694,-0.8075317499614421,1.408514141499126,303.2126756900714,6.664777174592018e-11,-1.750610503112959e-05,86,9.799943541111134e-07,True
PAR_084,GateA_converged_v1,GRAIL-CHT-1.0,parallel,0,766.4150109439472,321.9041126381467,294.18396443244046,2.3031848468391036,0.0018171311430569101,0.0001514275952547425,24.585703775069128,0.7773931328276449,0.5858195882900797,5.198875,4.041569723429323,28.056939,16.95593284307634,83.28012595022827,107.12742682368436,0.00044531199690896656,6.343527217472075,1.156170598164258e-05,497.3320655066039,278.52717358308115,14.452102417988595,349.58761575931294,27.68350312116621,210.27304270220637,0.5196197795848432,338.75371101888663,350.6687698132419,325.6514247550062,25.01734505823572,7.69683892673256,349.25957185128283,350.23111943606807,350.6171969028211,13209247224.056843,13168498125.940678,339.0154705353857,262.5913305874869,6.727879180565912,39.178654027197794,6.411798250412132,2.2232046183436864,294.87423821740487,7.829811465853708e-11,-1.6593424935552527e-05,151,9.824710218708788e-07,True
PAR_085,GateA_converged_v1,GRAIL-CHT-1.0,parallel,0,884.3638675245929,303.35546539574943,288.02853974234205,0.8757428671543821,0.0017367782075718573,0.00014473151729765477,28.31474356375344,0.5768889486866042,0.5590624358151404,5.198875,2.99917353310307,28.056939,9.337373403385842,62.98702422100446,109.18396749392794,0.0005627464542607981,17.1862979882957,2.9938603625785376e-05,573.8699041837809,269.8313223221146,9.027822895186652,339.0376890928811,35.68222369713169,259.04341359220854,0.5547631961899165,325.0374415264212,340.36719926471557,308.1136563057146,32.25354295900098,9.925585460554622,338.57069601452713,339.8133984626821,340.3094329987221,11224150547.452862,11161782703.098732,325.4905399728477,303.0033094090363,5.217961614226072,33.417882585229705,5.324096049067408,2.249658174855061,287.60994161885037,8.81260575624765e-11,-1.4663765715230812e-05,153,9.884950600280717e-07,True
PAR_086,GateA_converged_v1,GRAIL-CHT-1.0,parallel,0,437.6104764645461,325.04950234994914,308.1722957690121,1.9461150757183907,0.0020633622140911563,0.000171946851174263,28.844420987806583,0.5083549308773084,1.9909328832864628,5.198875,2.642873741264767,28.056939,7.250607046952359,89.30307367806458,175.6707140106759,0.0004715508839302423,12.354723994578022,2.5568977588703754e-05,283.9685014511791,298.6272729259853,13.095237287729883,338.9010254786926,13.851523128743452,119.46736542349842,0.5170441793206199,333.56097386261524,339.57100175738236,327.0115121314069,12.55948962597546,3.861876536410122,338.847969408833,339.34334900138833,339.54198058675183,12389389759.392046,12379438097.740498,333.6279899442673,149.93536876622258,4.031878290299907,22.783755881436896,3.6524121012244075,2.2728458556493947,308.0435276578249,8.031577181100146e-11,-2.8632495055165887e-05,139,9.840710504249728e-07,True
PAR_087,GateA_converged_v1,GRAIL-CHT-1.0,parallel,0,570.7020416945799,299.61215480901086,284.4494100011706,4.118973463653701,0.0010500771550855609,8.750642959046341e-05,22.222897554247933,0.9728284569128747,1.6076400060279614,5.198875,5.057613543932922,28.056939,26.55295258089301,35.3514660268305,36.338848617785175,0.0006062242133564187,2.7319984322493935,2.877441465832152e-06,370.3325497699047,264.8174709598574,21.352099161884063,334.41414102926836,34.801986220257504,152.75714144864867,0.5069418834320523,320.64735951961507,334.94006985647707,303.9826251224324,30.957444734044657,9.549537822463922,333.44770465248524,334.50474164587297,334.9043058198704,10626996635.386963,10570868533.66326,321.0721496637669,195.5355862785097,4.902472997946355,32.6685868618491,5.207432556088387,2.2382423024667064,284.0590589702335,7.348177177846082e-11,-2.4336246775712687e-05,245,9.362207720187143e-07,True
PAR_088,GateA_converged_v1,GRAIL-CHT-1.0,parallel,0,761.1395219900372,288.52883770572555,300.889705139258,4.958833775802377,0.003595088206244173,0.00029959068385368106,20.923380280253493,0.8178367762280855,1.176867077337373,5.198875,4.251831170012788,28.056939,18.766079839730995,80.57094712220687,98.51714848750768,0.0009106480847845048,19.783140244771555,7.133614260426547e-05,493.908763795989,288.1045192999049,24.543568348049032,305.8158376690162,17.28699996329067,259.7798509015655,0.6464088109467756,299.89261506200296,307.5952248819681,291.7894823625828,15.805742519385262,4.842115812231523,306.5903661470017,307.23883583265734,307.53217186879124,8101056367.785964,8088408652.233929,300.009780704882,260.7838272842822,0.15679345933919037,0.9906645294359385,-0.1434412556160147,-1.9070197018172754,298.78308645888654,6.827491461081081e-11,-1.547275489964108e-05,91,9.063448374035943e-07,True
PAR_089,GateA_converged_v1,GRAIL-CHT-1.0,parallel,0,941.2806483603697,317.9837580546498,312.87214774953674,4.657341990965279,0.0037838391604702697,0.00031531993003918916,30.516799712070473,0.6344702687539743,0.6295318082332161,5.198875,3.298531618468318,28.056939,11.294391552163058,152.54310529876233,240.42593138105468,0.0005062436417017799,24.96744770940989,9.475707761269696e-05,610.8036016855823,305.48467829503335,23.39789956566806,337.00990999409595,19.02615193944615,300.92613690681094,0.6054898359448779,330.6790544008944,339.1389510031792,321.72045775332117,17.418493249858045,5.316628553442913,338.0319617646805,338.7216949627916,339.0666353430462,11975663630.3363,11957124418.015738,330.8071572738257,322.50430168998747,2.8880837005473583,16.128418623693904,2.5616993960461087,2.295049731653294,312.61548065387393,7.80377718001546e-11,-1.1453214932281762e-05,88,8.215297953029221e-07,True
PAR_090,GateA_converged_v1,GRAIL-CHT-1.0,parallel,0,599.4300317916748,302.25041189361133,283.38803806376586,1.7133627806887644,0.002605820229348092,0.00021715168577900767,27.28329748235987,0.49400816152116134,0.7716873631732212,5.198875,2.568286680728328,28.056939,6.847129407126639,76.92458039603844,155.71520146381894,0.0006913513454125582,40.97848773745415,0.0001071038839662495,388.97434363984024,263.33667612264986,12.210778566617304,317.9095608675778,15.659148973966467,170.56459557368166,0.5389102808259114,312.09444503851586,318.97522771259815,304.7104313420546,14.264796370543536,4.3795570989939705,318.11627800853256,318.69760591873825,318.9317898379459,9498537777.721397,9487333231.7946,312.18655018660223,205.37845344183566,3.7844554117137417,26.89974335306112,4.129700169134334,2.296885741552406,281.96715797020346,6.899085747136269e-11,-1.9995162346360494e-05,115,9.474248940932739e-07,True
PAR_091,GateA_converged_v1,GRAIL-CHT-1.0,parallel,0,982.5815729841491,319.70282127600217,304.6887759454855,3.41107781356413,0.001938766633883145,0.00016156388615692875,33.42419824332431,0.6719359633417465,1.0494231994743561,5.198875,3.493311081418323,28.056939,12.66765012843518,91.53164534677951,136.22078641477108,0.00043228858208713724,7.907975382562217,1.53778523703921e-05,637.6040607804252,293.5781719196401,18.662095691543694,355.81638377809986,36.11356250209769,292.66591864063173,0.5641175530022846,341.8186792468679,357.39707026250875,324.73122741344423,32.66584284906452,10.038084614618114,355.5378895148645,356.81569790622166,357.32837223295286,13722146684.245998,13651587815.77094,342.2595022066419,336.65494409206457,6.001944571196581,32.64561793072072,5.34150331243241,2.2438126899288044,305.25610353703865,8.064120038397959e-11,-1.1989402674831869e-05,139,9.08807066934969e-07,True
PAR_092,GateA_converged_v1,GRAIL-CHT-1.0,parallel,0,443.2015252083547,315.43389663494753,298.37674792361594,2.34674717516609,0.0037152018913416945,0.00030960015761180787,30.019483388556928,0.6932035729264499,1.0903687325342892,5.198875,3.603878725197997,28.056939,13.482234384131607,130.64032829912776,188.45882133528605,0.0005803963239597526,18.754153477756127,6.988512183658173e-05,287.59657211837776,284.50279804644424,14.617639265631144,323.43976473623843,8.0058681012909,124.32748018310703,0.5312903929139433,320.7527157302756,324.3180574913238,316.9824500467523,7.335607444571508,2.242342529555052,323.8532259738167,324.14194716248664,324.28808429443876,10587871920.540812,10584768609.755281,320.77622323381576,151.85099007850346,3.313086589545191,20.99146340927772,3.2190039706810545,2.3296359782416842,297.24260874468905,7.523908607254271e-11,-2.9024576998753795e-05,90,9.874120792119356e-07,True
PAR_093,GateA_converged_v1,GRAIL-CHT-1.0,parallel,0,604.0085123416559,312.50178100167483,294.9214320384538,0.23539236546438436,0.0044571787201553355,0.00037143156001294463,22.453050038987403,0.6506103277162673,1.6676524171734244,5.198875,3.382441767505909,28.056939,11.876328284464483,150.6864590741926,231.6078498217559,0.0006036779565748997,22.92376185626732,0.00010248275178702434,391.94535171808684,279.5751578418846,6.594490988764661,321.9874008952372,9.485619893562387,176.72665111294586,0.5541471016760502,319.0156776759239,323.27490640009705,314.5646645613018,8.710241838795241,2.6599138416722146,322.70697348564335,323.05309121215834,323.2368402699825,10361656598.972044,10357336970.825727,319.0489346230653,206.94714570714987,3.5587354945342455,23.195599576241335,3.4661952076324076,2.3754960448849034,293.0369730472968,7.797268608555896e-11,-1.7243148657645337e-05,81,7.73739827764075e-07,True
PAR_094,GateA_converged_v1,GRAIL-CHT-1.0,parallel,0,718.5413119211787,293.0911658055025,284.7025441345629,3.147955923560219,0.00346399169049364,0.00028866597420780336,21.100348898067445,0.4141529347669638,0.5470594587262835,5.198875,2.153129338736599,28.056939,4.812400622891073,84.23685891015697,203.3955378284485,0.0008392554582472518,128.67701673670538,0.00044707734877979795,466.2664870948362,265.1710448295948,17.66223250952883,308.48543499933345,15.39426919383095,222.90109397696804,0.5875252484876976,303.1679303588214,310.0306096134087,295.93494656714745,14.09566304626128,4.317146753768029,309.1378630452331,309.70086900822673,309.97631746211704,8457869089.102434,8447594053.352203,303.26007616567983,246.18870518607352,2.4545221064121576,18.176698160919155,2.6564281862416914,2.388540576623683,282.81031592880265,7.693131465202896e-11,-1.5128422523294513e-05,94,8.417205208388623e-07,True
PAR_095,GateA_converged_v1,GRAIL-CHT-1.0,parallel,0,780.6350462867874,301.69141932713376,287.6973301068561,3.612136227905847,0.00327364687246849,0.00027280390603904084,22.585423296696675,0.5631531160074799,1.156892563528909,5.198875,2.927762655983387,28.056939,8.898017813930727,97.148523427867,172.50818767835187,0.000687725493011528,30.326942784290278,9.957843670744506e-05,506.55954598082025,269.36602969811656,19.42611766604222,319.00256829622793,17.311148969094177,236.88306068871717,0.5747143463893073,312.90684045202255,320.5901407222662,304.77611653803183,15.81402418423437,4.844218876541561,319.59341449220676,320.24571091363725,320.53179631609265,9600284200.819263,9586503373.259735,313.0192326468553,267.4634402778731,3.405976223866266,23.54780672907878,3.626637051017914,2.297441909522348,286.53366938325973,7.21149717719527e-11,-1.5110404251588375e-05,97,9.188135550175502e-07,True
PAR_096,GateA_converged_v1,GRAIL-CHT-1.0,parallel,0,544.3926230532685,294.9655547888966,292.7471677050869,2.5657500066625345,0.0029977182616669176,0.0002498098551389098,24.117809707756056,0.6089890768827295,1.6449495895598656,5.198875,3.1660580870787007,28.056939,10.405412317078431,74.53724696229203,122.39504745114724,0.0008207992720873454,23.944660162130297,7.199533103051789e-05,353.2601838476273,276.4891737989702,15.44985002531763,308.63881876487,13.673263975973384,171.33231923059748,0.596064338686083,303.705285422888,309.75452212731994,297.27872648123207,12.475795646087875,3.823297673781224,308.9772190598155,309.4955120951792,309.71171172297863,8515732931.523137,8507645794.255387,303.777433210924,186.52137707154722,1.6790252099491603,11.933638997909865,1.5764334642228777,2.625191273047514,290.3397985057525,6.775422889404582e-11,-2.135472769176036e-05,104,9.144998216470412e-07,True
PAR_097,GateA_converged_v1,GRAIL-CHT-1.0,parallel,0,541.7312859970295,318.52929317080054,293.19699593611915,4.314126984962071,0.0012869744447284253,0.00010724787039403544,24.281296211934155,0.6107488358733526,0.857788209843899,5.198875,3.1752068541010763,28.056939,10.465634986725457,55.128535254608046,90.26384008702348,0.00047644521182671387,7.801721261528786,1.0070828373602767e-05,351.5332236024744,277.12668842478536,22.093682542855866,344.0919508053709,25.56265763457037,137.51567614084232,0.48076668831857156,333.949582997949,344.6606567924863,321.7543746134453,22.906282179041,7.058702410043487,343.4826926482453,344.3097804107611,344.6308185974236,12470523183.869308,12437228746.904682,334.17285458088156,185.60954206210647,6.026780033576933,36.204467390185535,5.862662151690805,2.235118647484256,293.4011521856768,8.636874326839461e-11,-2.351936685337274e-05,210,9.20097591006197e-07,True
PAR_098,GateA_converged_v1,GRAIL-CHT-1.0,parallel,0,806.1361160482738,289.5104488831872,293.98315212821035,3.2346296889128157,0.002404683782770515,0.00020039031523087626,34.94278061939582,0.6644120270645906,1.2200746610626572,5.198875,3.4541950772054237,28.056939,12.385548910259706,60.66189376497053,91.3016190164079,0.000809024190196675,17.827338238652366,4.29981054688586e-05,523.1073686565371,278.2420349742157,17.9915928178687,315.4253779062447,25.914929023057482,260.48593593319225,0.6119866928298037,305.6625099950252,316.9875770898577,293.4502874532142,23.53728963664355,7.224337724457494,315.58933745952714,316.538289708702,316.9203265033609,8758320824.714268,8729084553.46039,305.9181275758607,276.2006906506516,1.7799904058656275,12.254614924011191,1.680190983162413,2.548324434004868,291.9375351176981,7.582485750390333e-11,-1.5059911609942863e-05,120,9.556103464092303e-07,True
PAR_099,GateA_converged_v1,GRAIL-CHT-1.0,parallel,0,627.4821056623226,304.5387294240318,311.63690404417014,2.6881111746193764,0.002399604147210973,0.00019996701226758108,36.25760238446246,0.925033666774088,0.7989945421451929,5.198875,4.809134404350138,28.056939,24.007965948935976,77.61142847266139,83.90119328663923,0.0006310059058648889,7.417240322873749,1.7851996629516855e-05,407.17753073902065,303.6773490072921,15.91482246355363,325.14118547073923,20.602456046707402,206.64974890467744,0.6237342812910008,317.37659649642035,326.3789638620711,307.6700720574077,18.70889180466338,5.743831372337177,325.2680118985604,326.022088255265,326.3256118226882,10166038129.472256,10146110644.968855,317.5323178518725,214.9897362302029,1.083755547374276,6.430558858580516,0.8257114487259198,2.7519646169500667,310.17447229027664,7.445805749739521e-11,-1.792139286062233e-05,122,8.876490937836934e-07,True
PAR_100,GateA_converged_v1,GRAIL-CHT-1.0,parallel,0,862.6673334001889,315.0828062045532,307.69918393789743,4.2783953494967175,0.0033538612429187932,0.0002794884369098994,33.63780893580489,0.5729566369641569,1.4987588728099475,5.198875,2.9787299359970314,28.056939,9.210512515064922,129.24230954691376,225.57083941240552,0.0005296145131990272,20.38593585321453,6.857733215519044e-05,559.7908713147164,297.939849728901,21.957902328087524,334.43079697033426,19.34799076578105,271.24219117520175,0.5954975356958871,327.70829652784056,336.27260744998233,318.61227355239475,17.660333897587577,5.400837333558413,335.1627083735441,335.8868171424293,336.2062181237901,11551986259.142376,11533197944.198475,327.8416795003575,295.5695800541703,3.1496100396970035,18.299310628374137,2.8785084709346624,2.302680838165672,307.2133580736968,8.389548611376086e-11,-1.3621170782840614e-05,95,9.105490335059585e-07,True
PAR_101,GateA_converged_v1,GRAIL-CHT-1.0,parallel,0,533.5809995364458,303.0529767637454,290.0251873411365,2.930369919757814,0.003063093674860407,0.00025525780623836725,35.675600775417024,0.39382567457193196,0.5052310504689841,5.198875,2.047450453890153,28.056939,4.35159369736993,88.82145826057733,225.5349612671181,0.0007038204419895389,115.13873043450839,0.0003537419427536611,346.2444456661964,272.64193270388154,16.835405695079693,315.30414264002985,12.25116587628446,156.86063918820662,0.5567749679526696,310.9253092118888,316.3357189943892,305.16855706230524,11.167161932083957,3.4208703273724885,315.642090300133,316.10665237304704,316.2967175333455,9352754204.302973,9345968213.314539,310.9817335983736,182.81706731175169,2.892869488527619,20.05690635980581,3.0066889562491315,2.352134693431277,288.4618913393399,7.784251465636772e-11,-2.006433974423582e-05,103,8.403106903642765e-07,True
PAR_102,GateA_converged_v1,GRAIL-CHT-1.0,parallel,0,478.81800269670526,296.1490231997349,283.87536729806993,2.4340338931688574,0.004092608016293807,0.0003410506680244839,32.21985657939021,0.4754785095051223,1.8666894770672506,5.198875,2.4719533361034434,28.056939,6.343107522506434,98.39922557335326,206.94778755777432,0.0008488441641411723,52.47727906108194,0.00021541517849415354,310.70835367591087,264.01623982606947,14.949328794041659,304.401381468843,8.252358269108072,141.17393059090713,0.558406047887774,301.7397076428391,305.419315719714,297.8578636359816,7.5614520837324335,2.3050709998073096,304.93370147772004,305.23357586684654,305.3869312391912,8292431258.190819,8289529107.678234,301.7661138202034,164.05401074088095,2.3808207710185005,17.929337597689248,2.5699618001012112,2.4256974674810516,281.6591331310082,8.304937182401774e-11,-2.4393695073745077e-05,85,8.817764296509267e-07,True
PAR_103,GateA_converged_v1,GRAIL-CHT-1.0,parallel,0,555.3822908147997,291.7674451398081,307.8208690161743,3.1283848827793355,0.0029019795047720755,0.00024183162539767296,26.420748303364608,0.3656932840984856,0.5335817704140112,5.198875,1.9011936723675147,28.056939,3.752098727294321,69.01097573268268,188.7127238412647,0.0008582141486704033,158.67217841202435,0.0004618489565990299,360.3914561857592,298.1166055670517,17.587862554561475,307.7975123120598,16.030067172251677,194.44911232689503,0.6631015069136572,301.99078899524056,309.05905813214844,294.4366173235294,14.622440808619046,4.482863184186688,308.1575972042257,308.761407883134,309.0103584446174,8328146482.526338,8317154845.209448,302.09051448791655,190.28668886608085,-0.420564222206153,-2.9031040474003373,-0.8387145932158706,1.3521903195817415,305.24221960843477,6.892577175676705e-11,-2.133517171474429e-05,106,9.321707352683006e-07,True
PAR_104,GateA_converged_v1,GRAIL-CHT-1.0,parallel,0,473.2882605849514,310.9020748240477,306.31455809504865,2.5297826909843812,0.004025205817363333,0.0003354338181136111,25.864301670635193,0.9845670263280123,1.7349276543969347,5.198875,5.118640899001045,28.056939,27.19761750667273,131.3190002830792,133.37741034537734,0.000625575916569219,10.595579953392049,4.277772323644131e-05,307.120065311399,295.93104960940235,15.31317422574065,319.70635084891757,8.804276024869864,148.13511644505095,0.5927865870037216,316.8223310733078,320.7535186496182,312.69201050035394,8.061508149264228,2.4629011036014834,320.2343471294727,320.5609834489352,320.7188325642036,10079072223.342176,10075419562.375591,316.85104172057606,162.15939448441867,1.7318018587255135,10.780867314134145,1.5116469255003195,2.527760421287496,304.74793020801684,7.250548605952646e-11,-2.347011246767316e-05,86,8.42221311359026e-07,True
PAR_105,GateA_converged_v1,GRAIL-CHT-1.0,parallel,0,559.8612633227793,304.32163570035124,291.3383143496365,1.2389559173584728,0.004481481218729105,0.0003734567682274254,34.57206585868706,0.8299076324967585,0.6490161685520685,5.198875,4.314586042896585,28.056939,19.32412354446425,128.93047828737966,155.3552145309174,0.0007093906891567747,20.688781123506626,9.299537015385374e-05,363.29789279899467,274.49566007351785,10.408032485962195,313.24646120037715,8.924825500025918,167.1851102497871,0.5655659484332274,310.4844029017872,314.4814459228284,306.2898825761531,8.19156334667531,2.49671871170265,313.95002812082953,314.2741424520864,314.4459169545965,9296673864.27702,9293068825.36845,310.5145098982436,191.82128739786918,2.756913331094179,19.124953834940808,2.7543539392312186,2.4370213419691367,289.0647571159132,7.367702892224769e-11,-2.291569654306038e-05,80,9.497730957264139e-07,True
PAR_106,GateA_converged_v1,GRAIL-CHT-1.0,parallel,0,702.4612224890176,305.7048032237939,311.4163153326797,0.0989742108258304,0.0037650226376469234,0.00031375188647057693,21.851943636623794,0.8927905275921258,1.5891685250007326,5.198875,4.6415063541355135,28.056939,22.36348258165086,117.85748300952311,132.01023013470711,0.0006519734745488796,12.09611147080947,4.567917102818282e-05,455.83200450168084,303.35497412782246,6.076102001138156,320.5072406526102,14.802437428816347,232.9577202095149,0.6280884827546611,315.513322277641,322.1252427091933,308.57549199452984,13.549750714663446,4.146987867616703,321.2555083523081,321.8123933829389,322.06869504259384,9920204397.463951,9909935017.858604,315.5950298699042,240.6792983768875,1.005764461658536,6.126456635459711,0.5893949141191189,3.569484082167546,308.6517877512508,7.654080036445521e-11,-1.5723772266482247e-05,89,8.4554432078221e-07,True
PAR_107,GateA_converged_v1,GRAIL-CHT-1.0,parallel,0,424.92315227560783,310.5788915202056,305.0096555785968,3.0991009893613937,0.0032456949699765456,0.0002704745808313788,33.32439143613722,0.4845776822072009,1.6938426264555733,5.198875,2.5192587975849614,28.056939,6.588205004080465,106.03182695365331,218.8128567347332,0.0006247279767063006,31.11607897201917,0.00010129719258262345,275.73560797370783,294.04206193527205,17.476583759573295,320.1757041583417,9.5968126381361,130.20000480095575,0.5803188573346737,316.80640835515345,321.05072796864357,312.2937064530508,8.757021515592783,2.678762140897361,320.5021268751373,320.8633188773186,321.0186720888979,10077714559.217709,10073394250.943094,316.84037111980405,145.58840101011774,1.8861353244836385,11.805219944264731,1.6970794004081753,2.4705688372140746,303.58474874683014,7.406754320982145e-11,-2.6416935892803894e-05,99,8.767791541686165e-07,True
PAR_108,GateA_converged_v1,GRAIL-CHT-1.0,parallel,0,844.7858084449426,300.51673168130026,299.5217077402432,1.316794942542345,0.00162806305838533,0.00013567192153211082,24.482986329163964,0.852024438230002,1.7415625377164952,5.198875,4.429568551303001,28.056939,20.367812632538413,57.41851800855581,67.39069377849914,0.0005786803561508578,4.95118611635997,8.085098506756266e-06,548.1874246005823,286.1419500671168,10.703820781660912,338.6914080687201,38.17467638741982,259.79026203928294,0.5824281214474294,323.6141515492435,339.94367331456823,305.51293750299243,34.4307358115758,10.599731119515889,338.0486013075863,339.3627294578774,339.88148108977487,11038055070.232164,10967560018.173447,324.13291811923193,289.44296018910745,3.6991792178802974,22.487626972558537,3.46593599681084,2.3310384620080074,298.4283650383733,8.07062860985752e-11,-1.5214543525919364e-05,160,9.668345910540665e-07,True
PAR_109,GateA_converged_v1,GRAIL-CHT-1.0,parallel,0,704.7325014664975,301.025554669013,289.2258830390811,3.784575157598952,0.003806015250363965,0.0003171679375303304,32.92222811405017,0.6561450729905808,0.658020327076907,5.198875,3.411216216343906,28.056939,12.079251730905202,107.36097223274227,163.62383358822154,0.0007235084130076764,32.387895000678384,0.00012363974152434178,457.3058533291205,271.515615085905,20.081385598876018,314.5862006124742,13.560645943461225,215.73826561020658,0.5797876487448407,310.0776713792921,316.1120024530264,303.70228106293723,12.409721390089146,3.788534617320564,315.3205981604455,315.8178580513619,316.0601108855635,9252747188.770487,9244469111.360405,310.14706383013106,241.45749055777563,2.8468501957899717,19.87268159370562,2.999735700502885,2.3360419986546357,287.82058233079727,7.341668606386521e-11,-1.7619014152242233e-05,88,9.472944952904072e-07,True
PAR_110,GateA_converged_v1,GRAIL-CHT-1.0,parallel,0,631.8048821459976,307.61894920336806,285.0524081380171,4.474742378443782,0.004340424310205533,0.0003617020258504611,33.905036863445105,0.42884884361904035,1.385961564273571,5.198875,2.229531531869938,28.056939,5.159988986112078,134.6063269529719,313.8782556040815,0.0006580913927132001,65.19520382823896,0.0002838263265846472,409.9826106587128,265.6599882968376,22.70402103808637,317.61483873010326,9.995889526735198,181.35515995859598,0.5436420189934441,314.47381488203456,318.9386502406596,309.7769327324188,9.161717508240827,2.792882741715733,318.3465507352933,318.7080977068412,318.89906774220697,9784607365.970243,9779979771.43515,314.5110081890073,216.47081842780037,3.880533333199993,27.002602563923205,4.232559947812724,2.2604945269135097,284.2313271245337,7.641062893526395e-11,-1.7265944574304686e-05,82,8.134118729685724e-07,True
PAR_111,GateA_converged_v1,GRAIL-CHT-1.0,parallel,0,712.3927885917371,312.25512984604893,312.1469324985675,4.401046633044807,0.001095670021696725,9.130583514139374e-05,32.809634172778885,0.7679993285817746,0.9812080630842871,5.198875,3.992732509380574,28.056939,16.54862705367251,49.85230962890536,64.91191824472698,0.00044855323432904106,3.523294772561915,3.87198441313628e-06,462.2766672666983,304.4231565845879,22.423977205570264,358.2649935973202,46.00986375127127,210.72060677310634,0.5602135011379413,340.10044651290445,359.03703273619493,318.04678347083274,40.990249265362195,12.627865598509613,357.043438120984,358.45435889280895,358.9888280134755,13489530600.212301,13379158798.429743,340.79970440814094,244.08208031681673,4.706044942162598,24.633992954997673,4.021389080648307,2.2603458352997574,312.51076405188024,8.161748610291397e-11,1.9077968260996464e-05,222,9.5787822829152e-07,True
PAR_112,GateA_converged_v1,GRAIL-CHT-1.0,parallel,0,461.7067738495987,298.6159238622741,283.5519573014938,2.6023320481287593,0.002936661474460285,0.0002447217895383571,23.674991128118307,0.7621286599894219,1.36231172485425,5.198875,3.9622116372025062,28.056939,16.296595096697363,76.47746089642499,100.34717877882518,0.0007836820910623217,15.455627999397521,4.55245208720365e-05,299.6047574984215,263.5651906481452,15.588861782889285,309.2913997559926,10.675475893718499,131.04408169460066,0.5375479908918649,305.4178989896696,310.13152386185465,300.4012847211641,9.730239140690571,2.982892851739891,309.53228867238283,309.9342443095806,310.09867940988613,8706154268.718168,8701175754.42879,305.4615770303879,158.19131195916657,2.86448122878848,21.137157400310105,3.1456316761400354,2.351383241006647,281.7446170386438,7.745200036879395e-11,-2.5311549804269185e-05,106,9.214301144311321e-07,True
PAR_113,GateA_converged_v1,GRAIL-CHT-1.0,parallel,0,539.9165391542431,316.62380580909496,310.31439447504147,3.438045586596199,0.0011860848398625174,9.884040332187645e-05,26.11242051829703,0.6282015327542888,0.884203456149755,5.198875,3.2659412435979536,28.056939,11.072310886716373,51.5452195401326,82.05204357610778,0.0004696202963833393,6.542736473732307,7.783591316659413e-06,350.35562167296234,301.7463045621461,18.764573229065554,347.85742914188637,31.23362333279141,154.85113939922036,0.5431926081834665,335.47551094050584,348.4630671609209,320.5442097865192,27.918857374401682,8.606231777375818,347.0642992855597,348.0506153148738,348.4285030401246,12716037622.787508,12666111069.234282,335.80561295344273,184.98776824332413,4.094160089564845,22.422841521682873,3.619675113448832,2.268458502098703,310.36228310987144,8.148731467372272e-11,-2.5883112833024123e-05,222,9.830645240072045e-07,True
PAR_114,GateA_converged_v1,GRAIL-CHT-1.0,parallel,0,784.2540376584225,298.2354716602246,308.63477909648185,1.2670324301722138,0.0031916247154852536,0.0002659687262904378,35.04355837149311,0.7718860621165198,1.7926405344733796,5.198875,4.012939151186022,28.056939,16.716551317913986,90.56748334215162,117.33270982224323,0.0007192154640317849,14.104839666720242,4.515281332824585e-05,508.9079348148139,299.2997633167322,10.514723234654411,317.9647096914384,19.729238031213754,263.2075931417142,0.635634890606943,310.9959207018414,319.72713750426664,301.7228246222934,18.00431288197325,5.511743954468885,318.5998683898155,319.34368098877684,319.6620859798519,9372083452.81849,9354461025.733215,311.1422849738653,268.70338958222175,0.7164291131886147,4.439737310986383,0.33967354032081554,4.408335932128143,306.0234851391518,7.191971462816582e-11,-1.6197781625728663e-05,98,9.89552233932045e-07,True
PAR_115,GateA_converged_v1,GRAIL-CHT-1.0,parallel,0,612.6121402946657,312.9106795264186,301.8771366201452,3.0023373308494827,0.0038357746913697034,0.0003196478909474753,22.804076373997983,0.43580338754895936,0.9575821288692166,5.198875,2.265687336443596,28.056939,5.3287027091541574,133.19231730476332,305.62478656685556,0.0005877510470421108,62.373822021180125,0.00023997184344317051,397.52830612219054,289.5238935965765,17.108881857228035,324.54743520390025,11.63675567748163,186.5783667944676,0.5768219329753183,320.67100839662584,325.87893612772683,315.2030194084007,10.675916719326153,3.264605528476378,325.19586360013204,325.6161554936979,325.83420220634355,10580561727.227905,10573987434.476446,320.72084044312453,209.89494563251662,2.853670131437745,17.759265407757937,2.7036840772963644,2.349712061382608,300.7809120473985,7.719165751041146e-11,-1.942802524285987e-05,88,9.083485679184378e-07,True
PAR_116,GateA_converged_v1,GRAIL-CHT-1.0,parallel,0,710.1379205145381,296.98967726126915,303.63214575097,1.6836120320473285,0.002815521440630627,0.00023462678671921892,24.89137934647924,0.5448489990144847,1.066866165983341,5.198875,2.832601839751429,28.056939,8.328995024480514,77.99898007735413,143.1570585950192,0.00073669786648593,31.365788450881187,8.857678022641974e-05,460.81346758732735,292.05234708953935,12.097725721779849,316.8483770073312,19.85869974606203,233.71464675758958,0.6233174762926449,309.57977426272805,318.3527068844666,300.23464154898863,18.11806533547798,5.5565630487184485,317.2337395198634,317.98050920849596,318.2937947696519,9202982427.781837,9185235949.861454,309.72919814896443,243.30951088610885,1.1708416662779069,7.568435711822822,0.8556251046172294,3.055350736276419,301.103245979338,7.458822892658646e-11,-1.5763542716534312e-05,108,8.819759500511282e-07,True
PAR_117,GateA_converged_v1,GRAIL-CHT-1.0,parallel,0,895.8535012837485,298.1021951464812,307.48343079043104,3.3503598065710705,0.001406641332019554,0.0001172201110016295,32.40209743744876,0.41972497289216515,0.9007774320741916,5.198875,2.1820976684447553,28.056939,4.942764370042532,51.86316654340005,123.56464326158792,0.0005535334137959964,24.616920791933044,3.473137237009484e-05,581.3256079575334,297.6265395507104,18.431367264970067,346.2006600861036,48.098464939622374,282.8074671454028,0.5978881615792775,327.1571554131621,347.45451607876265,304.2469802746847,43.20753580407796,13.299093282727627,345.175775895641,346.76834912472486,347.3951758137912,11569148132.992146,11455807139.854746,327.963373848724,306.93992100157766,3.212994805642888,18.08915716405834,2.830259599310307,2.32316990844865,306.8975855149463,7.82981146585371e-11,1.3777016415649146e-05,170,9.624518497730605e-07,True
PAR_118,GateA_converged_v1,GRAIL-CHT-1.0,parallel,0,757.8895329228924,309.966876223687,312.42313520199514,3.4743902777469597,0.0025818137888329634,0.00021515114906941362,30.979218610136122,0.7101982137257143,1.80118759760193,5.198875,3.6922317383832737,28.056939,14.151401056204216,93.81397537400494,132.09548202304666,0.000561664368360513,10.261955748728191,2.6574181396650088e-05,491.79982314039523,304.82729845209616,18.902683055438448,332.64791684908965,22.68104062540266,244.77337394469492,0.6116800870879442,324.2279116424777,334.1691349637485,313.52839620716134,20.640738756587155,6.329995161519994,332.93029331672454,333.76896701703726,334.1068313079719,11076258656.328312,11051000435.751806,324.4130172881991,259.6703066181287,1.9582498659613363,11.240492220350005,1.6982336837115843,2.3900399792684093,311.63873815234916,7.458822892658647e-11,-1.659665663653564e-05,114,9.912734526551503e-07,True
PAR_119,GateA_converged_v1,GRAIL-CHT-1.0,parallel,0,643.0499099151607,316.1107264634182,293.31987635489685,1.9689405476659152,0.00399752773419087,0.0003331273111825725,26.47366115968025,0.5580622970724971,1.0065446145721526,5.198875,2.9012961246927786,28.056939,8.737871481204712,146.03694875667347,261.68574641712814,0.0005586608427449994,32.83679682562609,0.00013166098897936913,417.2795878933171,277.3009245786977,13.181974081130477,327.12294154543514,11.01221508201695,184.01043515789377,0.5419557746107835,323.5192959562623,328.45230681798625,318.340031106693,10.11227571129325,3.0905434478061307,327.8051786432146,328.20100848941007,328.40947244084396,10960703867.85789,10954706722.48424,323.5635644637761,220.32362240767145,4.328953050697157,27.639788326676815,4.344484781575601,2.277360848641676,292.56317022317324,7.667097179364646e-11,-1.766000915628077e-05,86,8.608723760517023e-07,True
PAR_120,GateA_converged_v1,GRAIL-CHT-1.0,parallel,0,464.92171199874446,292.32951184129826,310.1534675886741,0.5095729336016643,0.0021438214986916077,0.00017865179155763397,20.81642274758594,0.7430204048728027,1.3266476633818038,5.198875,3.8628702073830925,28.056939,15.489655862124243,52.86203324151657,71.1447934603707,0.0008276834196587739,12.60480160351827,2.71037559321614e-05,301.6909533679692,301.51160969469436,7.636377147686325,310.51022932981255,18.18071748851429,162.9205703964945,0.6636852579554952,303.5005259929288,311.4256347416189,294.9322889629373,16.4933457786816,5.075190565757877,310.46155754591393,311.1200891887629,311.3826114308299,8498952480.385418,8484725418.991482,303.62767236395234,159.29282337828775,-0.3361062284310181,-2.3345073645226915,-0.9570913579451721,1.032736104796392,306.11513731508705,6.931628604434081e-11,-2.640879041077551e-05,134,9.671102247921226e-07,True
PAR_121,GateA_converged_v1,GRAIL-CHT-1.0,parallel,0,564.2159049744023,331.6685536440082,309.5823988324818,4.5194830569460525,0.002541891451594107,0.00021182428763284224,24.071862115184977,0.4556491251185972,1.9507521941848092,5.198875,2.3688628453509475,28.056939,5.825072960751584,122.21117059589332,268.2133331520915,0.00042448817214707274,17.37549971967549,4.4299532803028006e-05,366.1236502492244,300.6792576720435,22.874035616395,346.3627085942765,14.694154950268285,156.1269578601122,0.5240812840265421,340.87454534376565,347.32710009034975,333.95250718152096,13.374592908828788,4.1040150218311595,346.5233604770304,347.06723163495326,347.2873629506517,13513121948.099209,13501383916.806318,340.9486098301184,193.3132873315905,5.098387013498231,27.58630092956522,4.501684340150699,2.250681469762573,309.9783246494039,8.03808575255971e-11,-2.214629757749185e-05,117,9.883910365715565e-07,True
PAR_122,GateA_converged_v1,GRAIL-CHT-1.0,parallel,0,645.8153765816036,297.000943284548,291.5862381630841,3.7356127412644264,0.0029574406819834363,0.00024645339016528636,22.151216288868017,0.947443712491394,0.924421398598518,5.198875,4.925641430778696,28.056939,25.18529974341577,78.96321974468083,83.34344162466337,0.0007643824218380843,10.410797520443474,3.088196200486641e-05,419.07411857143853,274.84612111970483,19.89532841680482,313.2727984672988,16.271855182750812,201.15433432322695,0.5899118104820716,307.3706667763743,314.5578114155496,299.7325073389654,14.825304076584246,4.547583841843442,313.6464417268452,314.2556598635768,314.50684037103696,8937570363.8629,8925851905.812597,307.47150136191806,221.27113460571957,2.234296845143584,15.611794060702646,2.2707459547734317,2.4137712848816264,289.88570436818685,6.794948603783268e-11,-1.6530907707317777e-05,105,8.402342928093276e-07,True
PAR_123,GateA_converged_v1,GRAIL-CHT-1.0,parallel,0,932.9058275900434,300.237765876956,285.7296924379367,3.531192350238388,0.0010772473818617461,8.977061515514551e-05,22.668895807611236,0.9762060933117818,1.6176464603410299,5.198875,5.07517345336629,28.056939,26.73765505884218,44.69198029868594,45.78129618825496,0.0004919323075170065,2.2617409919341265,2.4437859197697353e-06,605.3691218639722,266.6073623686015,19.118530930905873,358.32325131231124,58.085485435355224,261.5527871173129,0.5309915668506322,335.33786692672976,359.2443704688267,307.52807513313564,51.71629533569103,15.95071460320184,356.73362407007335,358.5102946461668,359.1838075780921,12816428110.614449,12645336477.573765,336.4664387230738,319.6348963441773,7.250744820363963,43.694689104905,7.136625867424419,2.217457019562375,286.40050627067217,7.270074320331332e-11,1.5465824163563718e-05,248,9.923033985614893e-07,True
PAR_124,GateA_converged_v1,GRAIL-CHT-1.0,parallel,0,455.57152759946644,303.83703474589026,304.4407115301796,3.8948559550853985,0.002517757742040796,0.0002098131451700663,36.581328331130315,0.6039204037248439,1.94850338909555,5.198875,3.139706688914998,28.056939,10.232922696753905,75.27575050961653,124.6451519858127,0.0006826189539604872,15.821374924422472,3.995425196157952e-05,295.6235532599869,293.21971694051786,20.500452629324514,317.6167161401415,13.779681394251213,145.02049996530766,0.6028911404106905,312.46838916339794,318.50146005815054,305.98123931493114,12.520220743219397,3.842513779663927,317.752240465858,318.25918187597136,318.4643044715651,9541531152.34554,9532885004.81573,312.5392158175714,156.0892361212731,1.3425977161505025,8.571314661023465,1.1548607148507959,2.6114047430302545,302.86865231995694,7.510891464335146e-11,-2.3663425000436343e-05,119,8.530145123586408e-07,True
PAR_125,GateA_converged_v1,GRAIL-CHT-1.0,parallel,0,574.596967545338,319.2840768735207,292.51888130599525,1.8083479297766956,0.0011322896871040651,9.435747392533876e-05,31.3808957085359,0.357954906778059,1.0500473720874892,5.198875,1.8609628159757814,28.056939,3.5949837197583867,50.92952143365918,142.27915435515112,0.0004537404041588136,22.07416545416457,2.5069558570892044e-05,372.85999441894256,276.1658244135995,12.571722133151443,349.70548174788973,30.421404874369046,143.98362376702542,0.47458701061279274,337.6619565321984,350.24720165007216,323.09898452827895,27.14821712179321,8.362482624734394,348.90657660574794,349.8535957139475,350.2144473676968,13047310891.978252,12999556333.989664,337.9716350161654,196.87007705320167,6.732409469987542,39.659812993593064,6.4942772378610485,2.2188062461966473,293.2435932990935,8.03808575255971e-11,-2.357659737004917e-05,234,9.393804702995112e-07,True
PAR_126,GateA_converged_v1,GRAIL-CHT-1.0,parallel,0,509.9099419070453,327.2354444301948,295.8152415940718,1.4899774062118185,0.0028419412491144658,0.0002368284374262055,30.667437869130072,0.9977356128920284,1.1281350029975736,5.198875,5.187102734474045,28.056939,27.930019318601627,124.35118734139681,124.63340561830148,0.00046642804588762894,5.474966051199342,1.5606350911138166e-05,330.88413067307505,280.8470704063363,11.36191414360491,338.131380821078,10.895936390883207,129.43625430176965,0.48076023014818525,334.1620751485891,338.9610896353012,329.0323027991225,9.928786836178745,3.0417908076559406,338.3500287510745,338.7594578332722,338.92856448210875,12475111620.817142,12468914212.292238,334.2035894491991,174.70682099538362,5.711141864078774,34.04289066029582,5.516570748653756,2.2359006389693388,296.0345760830193,8.005542895261896e-11,-2.0937599441798492e-05,109,8.43347208956402e-07,True
PAR_127,GateA_converged_v1,GRAIL-CHT-1.0,parallel,0,793.2124464706053,332.28405291237516,292.81971464208846,4.238650959707973,0.003582555873325265,0.0002985463227771054,30.421070624914854,0.8701889864461484,1.0866771153584653,5.198875,4.524003766910219,28.056939,21.245524274451228,173.3010136152047,199.15330613751618,0.0004219017886325335,8.171200553270074,2.9361868138652314e-05,514.721109001901,276.5919571263278,21.806873646890296,346.59750098303533,14.313448070660172,214.34508075387348,0.5117879757726739,341.7296868905674,348.0918637331719,334.9939729044581,13.097890828713844,4.00298010853817,347.2634905160962,347.7822570144066,348.03996654206276,13648601204.226847,13637376625.101282,341.7999824587893,271.77274555300374,7.407529861160803,42.98398948076077,7.036182579190853,2.223769748068135,293.58829857204887,8.207308610508335e-11,-1.3659199745894098e-05,92,8.352117788490432e-07,True
PAR_128,GateA_converged_v1,GRAIL-CHT-1.0,parallel,0,732.5331991543269,304.81550491049643,296.54260002550245,2.0655252134330615,0.0015433295778829249,0.00012861079815691041,35.75655571399654,0.39933896436432453,1.7009730459668493,5.198875,2.0761133583595783,28.056939,4.474285190782076,56.35825081006938,141.12885503116763,0.0005588827060583292,20.3123378191751,3.1442960634185434e-05,475.3459206636368,281.8835383155503,13.548995811045634,338.3722621813337,33.556757270837295,216.47858862179018,0.5596979459887008,325.11500591244493,339.39315976966293,309.1809315318974,30.212228237765544,9.30113194187299,337.75635115167927,338.8946857175013,339.34831968683943,11227228283.122282,11172440758.535797,325.5128505888564,250.98264611040022,4.249184550728527,26.14449368672645,4.110422789158851,2.2871225470828227,295.83358652425375,7.706148608122021e-11,-1.7347017596298552e-05,172,9.519177979200322e-07,True
PAR_129,GateA_converged_v1,GRAIL-CHT-1.0,parallel,0,923.1016308674249,314.03215355036,303.2761583458621,1.6281181890463596,0.001640921912373569,0.00013674349269779743,32.28901900436539,0.44972860862687314,1.4480277410182665,5.198875,2.338082820175035,28.056939,5.674679243904658,73.32351870021357,163.03948046375672,0.000456734810997016,14.903008480542166,2.4528257949860348e-05,599.007109981288,291.53888130931284,11.886849118376166,354.0871822333777,40.05502868301767,274.7395884348708,0.5636867190046473,338.33075590747353,355.4365487149608,319.31573475417116,36.12081396078963,11.10827102036,353.4529254029813,354.8283599829692,355.3775063507099,13187476447.638727,13102854433.243855,338.87569731606703,316.27575407012006,5.573709713022761,30.919547755071633,5.042950084504029,2.2441273282777314,303.70135149222904,8.246360039265711e-11,-1.3253418464048244e-05,157,9.155773454949667e-07,True
PAR_130,GateA_converged_v1,GRAIL-CHT-1.0,parallel,0,672.4296377406956,329.36468098198833,306.48399168588895,1.362693012568352,0.0034942712340603485,0.00029118926950502905,35.51235807354141,0.7385535151688397,1.4789881876562316,5.198875,3.839647406173402,28.056939,15.303974274173797,160.681582530985,217.56254520601908,0.0004438232094562823,10.819100304635944,3.791862685346332e-05,436.3442989374015,296.1766187085316,10.878233447759737,342.57733785261826,13.212656870629928,192.9847765433473,0.5435534816015685,338.0422542322204,343.904977904597,331.8359494031681,12.069028501428875,3.6913972677027354,343.1416734604642,343.63571239659905,343.85797176826077,13067559708.515364,13058219259.411055,338.1026878146826,230.38978983894802,5.006155822582325,27.85893386748721,4.539967760152098,2.2448266316106262,306.8406889597618,8.513211469107774e-11,-1.9165181296631574e-05,93,9.958026225831418e-07,True
PAR_131,GateA_converged_v1,GRAIL-CHT-1.0,parallel,0,830.7895723760521,293.22766539722437,308.9360625408148,4.768780697743885,0.0036163291701698996,0.000301360764180825,20.021345686582976,0.788776438786889,1.2096714616805726,5.198875,4.100750108198188,28.056939,17.45613720993662,91.69655191670809,116.2516365951983,0.0008048861353187712,18.7961005594594,6.817741899560662e-05,539.1051690418268,299.7381264209471,23.821366651426764,312.18331124981773,18.955645852593364,286.53839405107965,0.6532175780894673,305.69767813367025,314.1490261245944,296.81723269037843,17.331793434215967,5.310564911034199,313.04373179713616,313.756217778409,314.0795566058072,8748910307.848478,8733102561.955448,305.83591979758995,284.6475292540846,-0.17335059819143123,-1.2515969912014056,-0.4658735816596715,1.105854919428752,307.0994469666606,7.016240033408394e-11,-1.532630290759711e-05,90,9.776392744242912e-07,True
PAR_132,GateA_converged_v1,GRAIL-CHT-1.0,parallel,0,926.5794371608814,291.25202907804385,286.7030419540362,1.7709791622691065,0.0016660713578903925,0.00013883927982419938,27.167300699707987,0.5520681363988706,1.5016639349242529,5.198875,2.8701332326206788,28.056939,8.55117218677289,50.578843685649026,91.61703121570069,0.0006722707238257131,13.8839571114442,2.3201267078792188e-05,601.263882829756,267.9708347156924,12.429720816622606,331.76958067713247,40.51755159908862,282.17145264234625,0.576761806458752,315.8090690209613,333.1839290295279,296.588314000654,36.59561502887391,11.26773003659652,331.1673498360803,332.5659403988824,333.1224068929592,10023004354.374817,9947143645.232521,316.40947472825746,317.4673301341112,4.026486365346969,27.08224601922619,4.187189466338837,2.296715132972441,285.47738185328285,7.309125749088708e-11,-1.3972822663799937e-05,154,9.698078997644188e-07,True
PAR_133,GateA_converged_v1,GRAIL-CHT-1.0,parallel,0,809.9949337933795,294.76946839121695,308.21290835269576,4.45307239336638,0.002245329521956139,0.0001871107934963449,20.216095136383753,0.8993579984919039,1.6878583928836937,5.198875,4.6756498144095975,28.056939,22.69370947924353,65.13262708126805,72.42124625620302,0.0007035597535794833,7.645928491769611,1.721928682581332e-05,525.6113825030603,298.68630690556546,22.62167509479224,323.6248209342744,28.85535254305745,270.82125921316435,0.6332373575942931,312.57628882593144,325.1600954598572,298.9955587855714,26.164536674285785,8.047843181837038,323.6184196473481,324.6657904288159,325.08763306637235,9583995770.994524,9546059175.586681,312.8863761896657,277.52280996161585,0.8696583820418066,5.204217801277221,0.6277153770643792,2.908829757301529,306.7476472062983,7.628045750607271e-11,-1.4705793703207219e-05,126,9.357866019854555e-07,True
PAR_134,GateA_converged_v1,GRAIL-CHT-1.0,parallel,0,881.2739249847968,332.69332127602803,305.87155629588347,1.5469332780786256,0.0014274932510156396,0.00011895777091796997,34.71398964967647,0.4602800573415967,1.4228540122027726,5.198875,2.3929384831117937,28.056939,5.944079440574761,82.82795758192648,179.9512193952295,0.0003517358281976562,9.569098184542517,1.3700925854303363e-05,571.8648188401095,295.2893045160128,11.578346456698778,373.27040827837544,40.57708700234741,242.12030457841203,0.5203389887220026,357.21592084065617,374.352196224543,337.90301086167324,36.44918536286974,11.222852384379326,372.4233992925835,373.7702957069946,374.30172893677417,16378846420.326202,16282580249.170532,357.74273891455516,301.9446243475778,8.74907921684337,43.68889062460782,7.3863939548808295,2.2067394724039997,308.2850543908139,8.617348612460774e-11,-1.4581205524425388e-05,176,9.321940410700336e-07,True
PAR_135,GateA_converged_v1,GRAIL-CHT-1.0,parallel,0,451.63881063095863,322.3419577949397,284.9876282481248,0.18913035708911285,0.0016955333980452148,0.00014129444983710122,36.6755709562799,0.6605843763183242,0.9937521323790903,5.198875,3.434295599431928,28.056939,12.243254679868976,70.57445782061305,106.83640175377755,0.0004903185177096692,8.310443425256292,1.41330334805289e-05,293.0715856901034,265.5694341748984,6.418695356938629,336.63215769048196,14.290199895542287,101.2793567643109,0.42471319792201695,331.00947781209624,337.1403575346253,324.24092057086943,12.899436963755875,3.97002235470039,336.42318705195675,336.91951104978574,337.1181209298824,12015343073.818996,12004987619.75971,331.0808365947835,154.7417972443746,6.376614822570788,40.46516909396227,6.620697605777687,2.200142390639613,285.68912848531073,7.855845751691961e-11,-2.6523051806746552e-05,166,9.193112191496766e-07,True
PAR_136,GateA_converged_v1,GRAIL-CHT-1.0,parallel,0,581.9420367705344,331.4027597592156,287.96431818624563,0.3415340704500176,0.0022790504803201633,0.00018992087336001362,24.84929936146778,0.4690982478345903,1.9146470886923663,5.198875,2.4387831532110558,28.056939,6.1740182586273065,109.07153250498669,232.51319528152797,0.00042644401796404355,14.882372442983975,3.401973727631514e-05,377.6262612546571,269.74108115317983,6.997829467710067,345.991322654214,14.588562894998404,138.97693792125298,0.4523026022296418,340.4312145271905,346.81300786530994,333.5506863713901,13.262321493919842,4.074319346882652,346.0301758956369,346.5648423939918,346.777603582318,13442821257.854908,13431282904.31342,340.5043041747461,199.38666594245896,7.615351214975478,45.24653761098565,7.547881240718738,2.180658122657805,289.7558080907109,7.57597717893077e-11,-2.108740506003189e-05,128,9.695857556835108e-07,True
PAR_137,GateA_converged_v1,GRAIL-CHT-1.0,parallel,0,502.49678993967154,316.8603209517608,300.4433205887951,0.6414837858008955,0.0036631044567883592,0.00030525870473236327,33.583715460601944,0.501728892024569,0.5908480233263039,5.198875,2.6084257935242317,28.056939,7.062826032159156,133.6943642729865,266.46734202111617,0.0005591852403549829,51.2918898050022,0.00018845290886840619,326.0736844693824,287.46363148832484,8.137638386043403,326.2649033763575,9.404582424596697,144.00086537797378,0.5427475700560217,323.08844642860834,327.27083456394337,318.6693078986082,8.601526665335143,2.628183485445688,326.7234801008075,327.07366633836256,327.2359521733919,10900792540.730692,10896467104.210838,323.1205047684741,172.1669053998339,3.4559910636149653,21.452365027340605,3.257725012155034,2.355684536532228,299.06213692111,7.34166860638652e-11,-2.3861293431510444e-05,91,9.220813694810204e-07,True
PAR_138,GateA_converged_v1,GRAIL-CHT-1.0,parallel,0,729.9377281305843,309.2858475546416,297.3094322388809,2.8170217868530645,0.0020027691746661463,0.00016689743122217887,21.93922619932155,0.7845903310425664,0.6052606466752714,5.198875,4.078987057298923,28.056939,17.27134627462354,73.92978350965579,94.22724265721912,0.000552880103179936,8.417826561539513,1.6909692633036365e-05,473.661701348033,282.97763267964046,16.404682790041644,335.15440371760207,25.868556162960488,216.56056194292245,0.5619007808895962,325.121539565185,336.32602404290293,312.90634303595107,23.419681006951862,7.203981647612394,334.9788028918368,335.90260389871423,336.26841294862686,11206224979.554462,11173338890.548677,325.3605056258516,250.09337831176143,4.121741243236982,25.410068557363378,4.001046331937211,2.2835062861494966,296.6626647050994,7.46533146411821e-11,-1.5899540747548628e-05,140,9.069879070011666e-07,True
PAR_139,GateA_converged_v1,GRAIL-CHT-1.0,parallel,0,637.8288814288446,319.19758799417485,288.7346004194854,4.583090429532864,0.002858853152232645,0.00023823776268605375,25.06002565649796,0.7613734489598922,1.3385005388208067,5.198875,3.9582853894613597,28.056939,16.264313747949544,113.18704691368428,148.6616680267856,0.0005154833186830694,9.959627157291688,2.8558787857256973e-05,413.89162596134724,270.82410933092893,23.11574363222488,333.5804814998674,14.38289350569255,171.87566622655794,0.510359603655501,328.3342529347291,334.6718738377337,321.5724677296048,13.099406108128903,4.0167181856321506,333.8705135016838,334.40874795250704,334.62870961851826,11632001316.38049,11621569095.220112,328.40791130000684,218.53477850759137,5.579677239192821,35.38266989781103,5.6968011299256895,2.2315733907329904,288.7062223151215,7.152920034059206e-11,-1.6466896642906757e-05,108,8.288324693239701e-07,True
PAR_140,GateA_converged_v1,GRAIL-CHT-1.0,parallel,0,524.7151639764585,329.878256992289,306.1524214482363,3.5916280451402005,0.0018009568744558552,0.00015007973953798793,21.370048370085676,0.6406080190495319,0.7629884733064655,5.198875,3.3304410150361354,28.056939,11.513968303021176,86.65656405164479,135.27236855420085,0.00042415183013580255,9.05222730444015,1.6351726171583233e-05,340.4913429104717,295.69611994175403,19.34818657153276,348.26308187115166,18.384824878862673,138.40095682024491,0.49955298088645883,341.0647295631544,348.97015017191643,332.3648442258429,16.605305946073543,5.111480926967809,348.0372199089575,348.6807240657158,348.93644277509225,13549763163.39037,13531540464.822351,341.1794981581352,179.77942905672907,5.609590170890221,30.74644111346709,5.0224803422408275,2.2447189218125017,306.62920184838987,8.265885753644398e-11,-2.1910245340282607e-05,156,8.902981676328636e-07,True
PAR_141,GateA_converged_v1,GRAIL-CHT-1.0,parallel,0,662.1996698599111,327.56429756077665,298.0842354353769,0.050517794934661645,0.002108694115273228,0.00017572450960610234,31.80652799035101,0.5992553918722227,0.614995765863469,5.198875,3.1154538754197016,28.056939,10.075443886140778,99.41189140260921,165.89236033742102,0.00043290713763690503,13.948457234489409,2.9501534290379237e-05,429.70600116978534,284.0845337763931,5.891967620751714,347.758992620657,20.19469505988036,178.00293676387943,0.5091013927043085,339.9968490719955,348.7678878973085,330.4546852170321,18.313202680276447,5.622659376904933,347.7044054408359,348.43196214167193,348.7241795873369,13384778649.230928,13362864630.589102,340.1361552746636,226.88476861764667,6.400316235680799,36.45201028868399,6.0295434317590235,2.2088631312385116,299.1711741289187,8.396057182835648e-11,-1.67937040501567e-05,136,8.736137715459336e-07,True
PAR_142,GateA_converged_v1,GRAIL-CHT-1.0,parallel,0,699.8022118984525,316.3438233525139,307.3116900384012,1.3880070988363564,0.0014504387691310536,0.0001208698974275878,28.749698114316992,0.3509522963261502,0.6381146734982046,5.198875,1.8245571195626142,28.056939,3.4557034354012766,63.99512263324088,182.3470691121176,0.00046256420358427075,42.73308758816221,6.216823165751605e-05,454.10655391638903,297.3772213959763,10.974426975578154,350.1085852129588,33.764761860444935,204.71014806538363,0.5540259907273003,336.74345473400064,351.038248223863,320.67069504958533,30.367553174277646,9.348911238594797,349.4217259179033,350.5498320531723,350.99576806994804,12918064254.219185,12858687811.433239,337.1315211319102,239.76826046785342,4.733383502799903,26.090722684062325,4.234050041450622,2.2559958888948444,307.52225801826955,8.005542895261898e-11,-1.8278417241618463e-05,182,9.458029808229185e-07,True
PAR_143,GateA_converged_v1,GRAIL-CHT-1.0,parallel,0,431.7950880123859,324.27121871295503,295.28054449588586,2.016884917746256,0.002615881036030273,0.00021799008633585607,28.07000504768562,0.981862103835164,0.7882533659414606,5.198875,5.104578345076039,28.056939,27.048381571172577,108.265929102141,110.26592092642451,0.0004931121225739886,5.527281599662626,1.4502217770668539e-05,280.19485517685325,280.08595224844737,13.364162687435773,333.98921290113645,9.717994188181422,106.26026782738568,0.46607873233394376,330.375605487643,334.6414629969307,325.8020532195554,8.839409777375351,2.7120083633921577,334.1084825497684,334.46822374188037,334.61437419988283,11918110222.719788,11913294788.938475,330.40898543817843,147.94288353337853,5.159645226496585,31.47423738966931,5.048771148577405,2.2494432463462206,295.12495745546113,7.999034323802335e-11,-2.5725299878178765e-05,116,8.80404968484072e-07,True
PAR_144,GateA_converged_v1,GRAIL-CHT-1.0,parallel,0,515.5170261332279,328.20455242367234,302.61322434476426,3.2783695893216693,0.00386839968709734,0.000322366640591445,22.368856436620742,0.6822583075528494,1.1485579392629148,5.198875,3.54697565867882,28.056939,13.059842910935124,168.81767905058223,247.43953599642347,0.0004676628924104557,16.003923342160714,6.209585962802841e-05,334.52260687703443,290.5834878089119,18.157804439422343,336.8185026904636,8.613950266791278,139.28680651992065,0.5117207707043154,333.95162030071253,337.79311402256906,329.91009311582775,7.883020906741308,2.411026795032741,337.2876042171005,337.6083545121062,337.7596533867863,12441421382.369335,12437532249.393179,333.9777233484373,176.62793643107418,4.833153515988074,27.999678398834803,4.50833777955958,2.256715278355489,302.59242337937354,7.582485750390334e-11,-2.2523746655965023e-05,88,8.863868856678891e-07,True
PAR_145,GateA_converged_v1,GRAIL-CHT-1.0,parallel,0,877.2300704560305,299.17500443148873,301.09434278926784,0.007206435770659502,0.0036495972822383404,0.000304133106853195,31.152809300082232,0.42769990098601407,0.9136614138011007,5.198875,2.223558322738664,28.056939,5.132377440639268,104.42044769493836,244.1441942217166,0.0007133109496611355,77.74718645674511,0.0002845997195528731,569.2407333294113,288.3984827719268,5.727384455928506,317.8436773901513,18.66867295866257,284.79651722845284,0.6148755741527466,311.5327067904897,319.8352983300231,302.74940752434014,17.085890805682936,5.216933129143508,318.74891480666196,319.4422508067699,319.7662198652099,9435055955.054296,9419212485.283846,311.66362667317145,300.5591071979292,1.8856937230850062,12.37527427414123,1.5016617586188592,2.8599682948602556,297.67259534954815,7.478348607037333e-11,-1.323745238882378e-05,90,8.901185992726823e-07,True
PAR_146,GateA_converged_v1,GRAIL-CHT-1.0,parallel,0,480.4133949351112,321.8543795061433,304.2278049965136,0.9426185645485928,0.004227786146869637,0.00035231551223913643,26.936690089729414,0.7085932103752396,1.8114825942703567,5.198875,3.683887526589574,28.056939,14.087510777006298,165.5424687255994,233.62130246483093,0.0005212224111302467,15.629253758118203,6.627597043578972e-05,311.7436148671582,292.9121818017305,9.281950545284653,329.5802819233069,7.725902417163638,136.53327622344747,0.538256745439254,327.1066067427968,330.570160565486,323.4780806137079,7.092079951778089,2.165136122785295,330.110426041975,330.390783570745,330.53944115182,11451737866.640347,11448728687.011742,327.128098769544,164.60062864985954,3.5553243521598747,21.220730432085286,3.2913415992577133,2.3234549183764845,303.3397243181006,7.907914323368459e-11,-2.670529946349478e-05,83,9.630840054342116e-07,True
PAR_147,GateA_converged_v1,GRAIL-CHT-1.0,parallel,0,690.5596278132505,293.582345160202,290.49415782175817,2.205166025483745,0.0030264634343190352,0.00025220528619325294,20.586813766899862,0.9666892278503977,1.1652403522489978,5.198875,5.025696459440737,28.056939,26.218874586608884,75.89073682569945,78.5058265255068,0.000813890836375307,10.789459896314797,3.275216233926618e-05,448.1089764054128,273.30349261834124,14.079630896838232,310.79952918913335,17.217184028931342,217.808003645,0.59736356109442,304.57798116600407,312.19199516540164,296.5077796982005,15.684215467201113,4.813332344693628,311.22293069226015,311.8671583882317,312.1352535359946,8618745355.597918,8605854811.312151,304.6919725303696,236.601539542058,2.0592651857904922,14.70821113490224,2.026097090379478,2.5272837578862757,288.10501734227586,6.80145717524283e-11,-1.5855355084271004e-05,103,8.597972964707878e-07,True
PAR_148,GateA_converged_v1,GRAIL-CHT-1.0,parallel,0,446.4428838510253,297.6234876439783,311.29564985328676,0.6293890807289575,0.0027373931489972384,0.00022811609574976987,22.83874422337759,0.6982700929684641,1.6747877925654509,5.198875,3.630218929581424,28.056939,13.68003381810461,71.978057633721,103.08053911879587,0.000776169459501443,15.84895576835083,4.351536904618237e-05,289.69991243111724,303.1786783195985,8.09167850677004,311.19396121887576,13.570473574897449,155.27747542095236,0.6587318072009678,306.18443536689773,312.1654021269776,299.80413331637965,12.361268810597949,3.793542355531678,311.4128005124579,311.9192602648864,312.1259920533472,8796949800.043682,8788857837.618828,306.25488758067735,152.96155376362992,-0.20309405737591743,-1.3774866608188174,-0.7352986860211679,0.8581551941834429,307.72719863859777,7.628045750607271e-11,-2.762335076478123e-05,111,9.7500571882847e-07,True
PAR_149,GateA_converged_v1,GRAIL-CHT-1.0,parallel,0,587.4093169618583,297.3368989051134,305.31976601208487,1.041031681386562,0.002720069440805736,0.000226672453400478,26.316324770730905,0.6922315378278048,1.3594849837051812,5.198875,3.598825236224529,28.056939,13.444450341333827,73.7925534062922,106.600970013372,0.000752292877544394,16.601597999902886,4.5293379526657444e-05,381.1740176417685,294.49061503829097,9.655920389268935,314.4678108615474,17.130911956433977,194.776589042368,0.6280034115094534,308.144476974694,315.694608437723,300.08424902749505,15.610359410227943,4.789100497844276,314.7441442492362,315.38491314465824,315.64518950987895,9029136985.569952,9016075758.344954,308.25601553517816,201.25988131485377,0.8138048168297417,5.2631662647565065,0.4063625709167736,4.346980204283248,302.2498140083824,6.586674317077269e-11,-2.0560489734420273e-05,111,9.539298275740293e-07,True
ALT_000,GateA_converged_v1,GRAIL-CHT-1.0,alternating,1,833.0998180592153,292.06544238494786,289.5494984747478,3.0065091853244392,0.003751271843434751,0.0003126059869528959,23.829625230697392,0.9381791981459208,1.926904166501923,5.198875,4.877476378760875,28.056939,24.69516240019809,90.33557584179485,96.28818888792331,0.000847499044168749,14.292969733954976,5.3778149370160865e-05,540.6043036373511,271.97144160341844,17.12473490423287,308.62782423175,16.562381846802168,259.70338613127757,0.5904004094963318,310.26128127695466,314.10874816474814,300.4228144285466,13.685933736201548,3.2277547065684393,313.7394055893666,313.8804834179642,314.0330875273953,9272373788.531015,9266384707.48414,310.311401410594,285.4390723205214,2.85318565739621,19.902750446963992,2.9795945210622037,2.3533382118451622,287.9705155884249,175.3051855946605,5.449983429819852e-05,240,9.77854995198868e-07,True
ALT_001,GateA_converged_v1,GRAIL-CHT-1.0,alternating,1,484.5320756111663,326.79041688252545,287.06705190862976,3.33261531333765,0.0028023535364404407,0.00023352946137003672,20.21086700464004,0.6723063356073826,0.5626446050661631,5.198875,3.495236600530832,28.056939,12.681618838501977,120.13066492481282,178.6844159608923,0.00047608943036587625,15.503518847718192,4.35770720864334e-05,314.416255588615,268.4813368312973,18.36393819068307,335.926686009744,9.136269127218554,107.02077449186599,0.41832289539218714,337.61144023556307,340.2125937901735,331.3095863435615,8.903007446612037,2.199197199277867,339.99113650562725,340.0822741007934,340.17047082534515,12995077251.887281,12991778826.58916,337.63286686475436,166.01178295078873,7.299661888366221,44.42018772191097,7.271309474784776,2.210441129209023,287.8615326040447,91.3116664422605,-9.073219777410135e-05,276,9.787662520466256e-07,True
ALT_002,GateA_converged_v1,GRAIL-CHT-1.0,alternating,1,419.95032765710994,290.3043677028324,297.28222061625,3.0624161357873176,0.002287071793785387,0.00019058931614878227,28.382706470356656,0.8240635844809214,1.4522044719395197,5.198875,4.284203567768251,28.056939,19.05292833666524,51.17562064654763,62.10154363122745,0.0009120868125027288,11.951290487678579,2.7415706493184834e-05,272.5087072689922,282.9387837388334,17.337181315991806,303.9036727841672,13.599305081334819,130.00881393840118,0.5863284251996611,307.35716918334526,311.6788729040089,297.2229052400399,14.455967663969034,3.6873677335917794,311.3751226439606,311.5020528987085,311.6213757118252,8931953142.66892,8924284162.447239,307.42317887118037,143.8845974380279,1.5909931254683352,10.835259642894693,1.4493808590587351,2.608439419487195,295.22184977019396,127.42043727931002,0.00010416139574517176,417,9.883057145998464e-07,True
ALT_003,GateA_converged_v1,GRAIL-CHT-1.0,alternating,1,882.516114248624,309.9996398235053,296.54320210335237,2.43910756139583,0.002390127427989617,0.0001991772856658014,24.91944925697403,0.6606925390638025,1.5280476574877842,5.198875,3.4348579240253265,28.056939,12.247264379472528,88.6826168044316,134.2267568665061,0.0005500498532462602,11.230151941897532,2.6922260959699248e-05,572.6708841487317,281.88439678877205,14.968608733304155,335.038920950122,25.039281126616743,250.16076345909423,0.5368619530947808,340.9938158058089,348.7800626542258,322.5778636586307,26.202198995595097,6.624061566159675,348.1903914118332,348.43851236865237,348.670830086369,13550658801.555273,13520290129.437778,341.185136002167,302.3702268305304,6.830586979740979,38.98406574729495,6.394659808405297,2.224526304124665,297.3322787999152,238.1865223111033,4.9884539398752666e-05,434,9.924434607455623e-07,True
ALT_004,GateA_converged_v1,GRAIL-CHT-1.0,alternating,1,475.1486762466718,302.63575277943465,311.734161120509,4.9430841329226505,0.0014730988373608993,0.0001227582364467416,27.529365867418345,0.7968689795538508,1.9054237368625886,5.198875,4.142822216078026,28.056939,17.81616105081785,46.63541346820493,58.52331395095222,0.0006446671672359958,5.467518849621672,8.078430953486946e-06,308.32730205719906,303.81951963093314,24.483719705106072,324.76407567599534,22.12832289656069,136.2563241383811,0.5431167818829901,333.81787550497813,342.1415957235189,314.67220061136504,27.469395112153848,7.245974368464284,341.7292643760021,341.9072360545431,342.07134369283705,12452417873.844156,12417619710.255531,334.0514964012019,162.79681548620113,3.5922294094289424,19.77115282660822,3.17696042938689,2.2761606685827576,311.67449706969956,167.90026866735406,9.133003954923081e-05,714,9.982434789890249e-07,True
ALT_005,GateA_converged_v1,GRAIL-CHT-1.0,alternating,1,602.7356684887246,315.60430496369514,284.3833122762884,3.6742844047716505,0.003590308016397938,0.0002991923346998282,20.987311756247063,0.5130161233668782,1.8617415602498641,5.198875,2.667106698368979,28.056939,7.384180720986087,129.34274568079354,252.12218444895817,0.0005665120212694814,26.284321035938536,9.46527668213712e-05,391.1193944320128,264.72517256773557,19.66228073813227,326.02296587263794,10.418660908942798,156.35792344670827,0.49131393121762884,327.185248005056,329.71277902564634,320.8276110374163,8.885167988230023,2.1193406597938615,329.4741982089752,329.56559958094425,329.66394739438834,11462619090.4908,11459742432.28182,327.205778823037,206.5110402601028,5.8534434391464085,38.14234390658319,6.157481198320801,2.219221211481105,284.46642614681093,110.29462437060657,-7.34733870376617e-05,160,9.594392622602754e-07,True
ALT_006,GateA_converged_v1,GRAIL-CHT-1.0,alternating,1,728.7408385376815,324.7919895324646,305.4446873685101,0.2335732121363339,0.0020068750396046104,0.00016723958663371753,20.352289447683003,0.6676807849631763,0.6991053871866466,5.198875,3.4711889409254337,28.056939,12.50771692834246,92.7289864990713,138.88221525528166,0.00044169686361037873,9.769534960924206,1.9665231556292267e-05,472.8850313129712,294.6713694499947,6.587578206118069,347.7975891749731,23.005599642508514,192.98794023961202,0.5015602848722786,354.77271890929194,362.63203437093824,336.4111824362559,26.220851934682344,6.727888752272518,362.09226551453446,362.3190221823,362.53308746414945,15875585554.211157,15841666467.31214,354.96247035865684,249.6832965332488,8.14209125216507,41.456790959821454,7.096324537453002,2.1768062779714668,308.34176877773876,205.45964831292002,5.9893552890938575e-05,526,9.958812938748451e-07,True
ALT_007,GateA_converged_v1,GRAIL-CHT-1.0,alternating,1,874.7908753666511,320.13997790194884,301.64373464543695,4.08516320030322,0.004235471876394564,0.000352955989699547,30.967642103974345,0.3823835204628353,0.5324706569091636,5.198875,1.9879641249462232,28.056939,4.102405846890012,170.64174964465985,446.25811655825504,0.0005065659612759368,120.69182103472393,0.0005127249886694272,567.6579225615474,289.18818225839686,21.223620161152233,334.7752751844551,14.635297282506258,259.1072903786074,0.5609723630224848,335.84068409913993,338.86381960085737,327.88254311474907,10.9812764861083,2.556008904913176,338.58716984257245,338.6922367754932,338.80384216090425,12725756344.307327,12721350647.466928,335.86975766533766,299.723383112497,5.279397508999429,30.416967640911242,4.919568933411073,2.2494526349712016,301.7741614621861,156.78732809017666,5.293232921188926e-05,200,9.711304755910533e-07,True
ALT_008,GateA_converged_v1,GRAIL-CHT-1.0,alternating,1,551.3601150513252,327.3107326896822,296.25551266708277,2.2553945248509737,0.0038415657189747494,0.00032013047658122914,33.13680713974689,0.8007489895717985,0.6410268919641401,5.198875,4.162993903160085,28.056939,17.990079667096687,165.56150795466604,206.758310170582,0.0004735527804639367,12.979069993809585,5.000998029327253e-05,357.78143817761026,281.4742938545409,14.2704991944337,336.0933107038593,8.78257801417709,141.0283956061633,0.4844369892039037,336.91040266244505,338.8695534417768,331.90477204002786,6.964781401748951,1.6555703502927221,338.69677955582324,338.7628375819916,338.8335314203231,12886069280.958271,12884206683.127224,336.9225783164103,188.90859935777823,6.11949484468107,35.91226089522139,5.848607463750597,2.2305362057398965,296.68923850255186,92.74183065601486,-8.44069770576485e-05,213,9.907551543619775e-07,True
ALT_009,GateA_converged_v1,GRAIL-CHT-1.0,alternating,1,664.23833401132,292.46794144455544,311.34424210841786,3.090601604823307,0.0018414546183838584,0.0001534545515319882,26.378163573875806,0.9050876313544999,1.7020758506653522,5.198875,4.705437459458126,28.056939,22.983784868228888,49.95385016276647,55.19228020828053,0.0007523354922155373,6.633302833475239,1.2251681181385871e-05,431.0289046082836,303.2496689225302,17.444286098328565,319.3313035652407,26.86336212068528,206.77482817345737,0.5895760191794143,328.2997808595213,337.75467883447203,306.4324562040079,31.322222630464125,8.136234785348341,337.18192425025677,337.41757746575854,337.64963949213416,11659073197.921072,11616689232.547724,328.5988258073717,227.58326163317375,2.768791605238427,15.600270635025852,2.4392217148522226,2.3243090316406874,310.8277245058199,230.47796096090883,6.569226524250691e-05,585,9.986169402509404e-07,True
ALT_010,GateA_converged_v1,GRAIL-CHT-1.0,alternating,1,939.2449105405487,314.72828944652827,300.4743681037212,0.28098576792685104,0.002040957418356762,0.0001700797848630635,30.176335304290497,0.4072603995417007,1.8042564112225776,5.198875,2.117295909667359,28.056939,4.653552886336211,85.60561056378255,210.1987098674864,0.0004865765914941335,21.495512492934616,4.400343599181079e-05,609.4825971641358,287.50819194956523,6.767745918122034,345.21245060885695,30.48416116232869,260.0665369425461,0.5244108898896382,354.1845711416414,364.37091898015785,330.51624258920623,33.854676390951624,8.740303419666034,363.7413518323717,363.9987941474055,364.25284300528506,15793810103.742249,15736877158.90966,354.5044800880388,321.8068113026637,8.711746731127405,45.30163668082142,7.726743188899891,2.1770972960332506,303.4474546184762,272.51528400762504,4.591551938465691e-05,531,9.791380080059753e-07,True
ALT_011,GateA_converged_v1,GRAIL-CHT-1.0,alternating,1,434.8821241620741,320.9100904278072,291.0778239157642,1.1652801234327317,0.004072181417403835,0.00033934845145031957,20.339255117031765,0.856707988038188,1.0130279055926943,5.198875,4.453917741312035,28.056939,20.592350447528943,154.97751861354462,180.89888360727699,0.000536263096802669,12.311198926826625,5.028428836086802e-05,282.19805454363893,274.1275956726007,10.12806446904438,327.1168226565257,6.206732228718522,105.64924771438224,0.46010921366765173,327.62556012037953,328.99951985273435,324.0560247214672,4.943495131267127,1.1518661804292971,328.86357329862074,328.91508042470093,328.9716323458059,11522408324.594688,11521555223.282354,327.63162462359855,149.00057279904135,5.207289632717488,32.88644160911757,5.2577528256474135,2.246508016191181,290.7932656999782,67.15368900157628,-0.00010669947126810072,215,9.901402791001601e-07,True
ALT_012,GateA_converged_v1,GRAIL-CHT-1.0,alternating,1,857.3034172462809,311.29728731059436,285.3093332729495,4.527094762474661,0.003587817107497725,0.00029898475895814375,33.30602017031029,0.729045322617176,0.9296834865476368,5.198875,3.790215501621371,28.056939,14.912461789805983,126.02164172526676,172.85844626622907,0.0005810381660709582,17.023439846552925,6.126077102299e-05,556.3101885750324,266.01923858215486,22.90296009740371,327.4516791332331,16.15439182263873,242.26863397158556,0.5352155381212673,329.22390726532456,333.0114999946148,319.69392488674134,13.317575107873438,3.204355324412828,332.68771208733557,332.81291090674927,332.94383377032415,11754690238.482695,11748041160.740683,329.27048036794815,293.73177956761714,6.089365726089583,39.05607541580058,6.317545201783384,2.219492754211537,285.48172056971856,168.72705446754435,5.4216931607173976e-05,250,9.987537623601384e-07,True
ALT_013,GateA_converged_v1,GRAIL-CHT-1.0,alternating,1,888.5517730810826,324.1227465461296,290.3728773971053,0.5669463751235433,0.0018944939391162964,0.00015787449492635802,30.411111120150004,0.9722093263379317,1.1786881563015223,5.198875,5.054394761465115,28.056939,26.519165506997766,90.05369219401685,92.62788347569806,0.00042934972959201493,3.5240174274617972,6.6963186135070985e-06,576.5874654147259,273.1323554222001,7.854396225469465,352.3338060773096,28.211059531180013,223.40294782509474,0.4761811932927446,361.38150355797177,371.1227081820287,338.79411352866026,32.32859465336844,8.38292524561268,370.54794713233343,370.78285040328313,371.01341496157164,17110023562.024872,17055469610.550385,361.670138024608,304.4381817389753,11.381193210894832,59.4386015532305,10.215292207222678,2.1613686970777346,294.8112099893739,244.0857850511922,4.82667882508425e-05,570,9.785895258573873e-07,True
ALT_014,GateA_converged_v1,GRAIL-CHT-1.0,alternating,1,646.9750452546116,331.8155890653097,286.7166566650029,4.985774134418909,0.0019166059664500528,0.00015971716387083775,27.705656401626324,0.9898720703305586,0.8577232950183382,5.198875,5.146221159639784,28.056939,27.491499529514897,94.33231575870802,95.29748195360902,0.0004146597073093201,3.3410760622291034,6.4227946993297365e-06,419.82663569103414,267.98992269998433,24.645941710791853,349.4947195253074,17.67913045999768,141.63481453095218,0.41461839488399954,355.1337197285463,361.2365101345629,340.98208811077575,20.25442202378713,5.246499643484195,360.8584725022536,361.0137122524114,361.1674098373209,15926948710.649006,15906244029.96975,355.24923008749914,221.66846364486605,10.716292533656956,59.47473839084973,9.84247025946895,2.2155128283829275,288.5229534734098,154.3427757891694,6.673476948128121e-05,529,9.858774774329504e-07,True
ALT_015,GateA_converged_v1,GRAIL-CHT-1.0,alternating,1,641.1758263136524,330.89281848046704,303.7740273078725,4.701725738622171,0.0012767344342036106,0.00010639453618363422,33.86625759785724,0.8650362200405126,1.6170680577232628,5.198875,4.4972151784631205,28.056939,20.994661286680984,66.01222709413818,76.3115180206519,0.0003947259545956411,2.610788534472167,3.3433135630738172e-06,416.0634819257131,292.25707680558617,23.566557806764248,357.49296062595505,26.600142145488007,141.95830686515495,0.41932402725571893,369.38606630161206,379.50946049029267,346.1177537952327,33.39170669505995,8.892637503086947,379.0876244986364,379.2950875723691,379.4433947857426,18681642971.159912,18617528920.812405,369.70367442934025,219.68151845677653,11.792258838964074,56.49186449044358,9.438939842524604,2.243537230582097,306.11607163327534,182.4175629572751,6.756129981578034e-05,819,9.945845818037924e-07,True
ALT_016,GateA_converged_v1,GRAIL-CHT-1.0,alternating,1,442.5428206356087,305.832052238647,292.4692619619114,4.167839372881797,0.0017752152251071546,0.00014793460209226288,22.50049661108444,0.813100691887475,1.7758041048522588,5.198875,4.227208859536497,28.056939,18.549360820947523,55.83557073925964,68.66993386716577,0.0006488727728664077,6.508058643989707,1.1587968696791124e-05,287.16913411019084,276.0955592778319,21.53778961695083,320.88144525568094,15.049393017033935,111.67251054008254,0.4779220384328077,326.08867477686226,331.47966522109084,313.58176843770303,17.897896783387807,4.636482215757949,331.1434346609086,331.28169792443646,331.41968483504814,11320517916.697334,11306882087.700096,326.18694412957325,151.62530281018078,4.807484309061014,30.308675289268898,4.83648458374539,2.250728398937593,292.14343786083197,126.75338211242533,9.766709131004261e-05,563,9.916633985085355e-07,True
ALT_017,GateA_converged_v1,GRAIL-CHT-1.0,alternating,1,931.5965195246023,328.1698452762267,288.0415165537854,4.402313844891903,0.003951260399433582,0.00032927169995279853,21.965495043440868,0.6061610860236604,0.573954648379831,5.198875,3.1513557161012575,28.056939,10.308996510501675,181.29897805975267,299.09372646972594,0.0004447948937046413,26.760127383202306,0.00010605439479743781,604.519502695151,269.84955796102264,22.428792610589227,343.47799517985845,15.308149903631772,252.83351358175932,0.5140115290737288,344.8200284094931,348.2362526823331,335.96948624478944,12.266766437543652,2.8749021531400403,347.9126984797688,348.0336279048095,348.17002559155134,14143286378.224308,14137412604.500448,344.85583905233966,319.1862974230397,8.515118584918858,49.66935896923953,8.168149717237585,2.2133047715993177,289.19113200981593,163.84298321709747,4.905282140235165e-05,221,9.75022885540966e-07,True
ALT_018,GateA_converged_v1,GRAIL-CHT-1.0,alternating,1,854.4474224561814,297.9633716660752,303.11988818633796,0.5544396679637325,0.0033314333993990416,0.00027761944994992015,24.06222780866954,0.932491986717556,1.1102894745920222,5.198875,4.8479092774462345,28.056939,24.396667360570778,93.75619071555501,100.54369587194422,0.0007251881164003973,11.363665672193788,3.797120898691148e-05,554.4569135637731,291.31357696085917,7.806870738262184,317.4196570386543,19.45628537257909,270.93639307911684,0.6005484885533764,319.9446799491634,324.86351541714987,307.67352493614317,17.189990481006703,4.134845626573913,324.41107468053315,324.58391903375315,324.7712312778537,10488952360.660221,10478510970.333305,320.024352998813,292.7532503616722,2.6861180102996576,16.71017018627537,2.4204124692339635,2.4558880752795846,301.2295536539161,201.62615891652578,5.3497867632774206e-05,285,9.992463674279861e-07,True
ALT_019,GateA_converged_v1,GRAIL-CHT-1.0,alternating,1,739.0229220561592,306.3072583328939,286.91081370228204,1.997329379786492,0.001520964024683455,0.0001267470020569546,31.994648889612314,0.8170667829732507,1.6491924824416198,5.198875,4.247828071330059,28.056939,18.730759949272183,54.76193975554796,67.02259949458839,0.0005668388597466871,4.898468976920294,7.472813530515283e-06,479.557147282696,268.2621824514243,13.289851643188669,335.2539287365546,28.946670403660676,184.03220925064946,0.47163063614286155,346.6431559217837,357.32190067859165,322.0003363236402,35.32156435495142,9.288539859582002,356.80080539809836,357.02624510664015,357.2303935422436,14500320899.272512,14438780686.377693,347.0119280979465,253.20617376526351,8.979081607840614,51.60164830503088,8.59308738929399,2.1933058634760867,288.85012603003736,222.11548135861008,5.8139359871913546e-05,712,9.860881391432486e-07,True
ALT_020,GateA_converged_v1,GRAIL-CHT-1.0,alternating,1,740.7045886655048,295.68314810912653,287.9219982084813,2.684940974452723,0.0038491279832270357,0.00032076066526891966,25.751871110368008,0.6300501947959543,1.2157414675819438,5.198875,3.275552206469817,28.056939,11.137573633323488,97.55975050344898,154.84440971412496,0.0008052137227030204,31.857189661017422,0.00012299137431413557,480.6483925171667,269.68162057205126,15.902775702920348,309.690073807122,14.006925697995484,225.3623995919097,0.5762388042833876,310.9991687463942,314.1879662902842,302.86557884840573,11.322387441878448,2.683319990069589,313.8930477234947,314.0012293382497,314.1272592288752,9359014034.638071,9354851824.199068,311.03375582732684,253.78235124906405,3.1338926322523823,21.96602436579247,3.3198789091713072,2.33242051615075,286.39756890464446,149.32876615913605,6.137146157511303e-05,223,9.727301630846341e-07,True
ALT_021,GateA_converged_v1,GRAIL-CHT-1.0,alternating,1,575.8091286642341,332.27796013766084,294.47440566283205,1.4149459569252847,0.004332089091958844,0.0003610074243299037,32.09088448750022,0.6764081104688351,0.91528275687836,5.198875,3.5165612153136654,28.056939,12.836833276339465,199.98692256361733,295.660148759898,0.0004420946702058434,18.66394294063537,8.109715509134278e-05,373.64657425412213,278.9397508211588,11.076794636316082,340.1900704531212,7.912110315460382,143.27354119048044,0.47125234780374553,340.7269365062159,342.3349793016898,336.4695547610125,5.865424540677338,1.3574128861827544,342.18308227160145,342.2403529534202,342.3021090529222,13479294187.753035,13478013096.154842,340.7350327822531,197.28539120617648,6.973549294770682,40.384577788510235,6.653883386200976,2.2116664454677197,295.4968481667824,84.80848195678709,-8.133079944409134e-05,193,9.793832873583597e-07,True
ALT_022,GateA_converged_v1,GRAIL-CHT-1.0,alternating,1,481.30889358517777,293.4261382564862,285.901627169421,3.64468997088623,0.001590809109006416,0.00013256742575053467,21.690379866721738,0.5764008796456099,0.8464371531420695,5.198875,2.9966361231675704,28.056939,9.32158057157931,40.44466485421573,70.16759738306166,0.0008027426266633824,18.8198019888443,3.0028798830040698e-05,312.3247102096769,266.84804068226003,19.549821889367674,312.23247651730486,18.806338260818677,125.05428980769085,0.49208574577478603,319.4648232092573,326.4277862819929,303.3442309276011,23.08355535439182,6.035812473221372,326.05280808963073,326.20837953580826,326.3599397605583,10437926739.46673,10415789084.447403,319.6344352343814,164.9074469907094,4.538685862905296,30.48592535820903,4.828397245406486,2.248875949483196,285.3210690196697,149.48463595024202,9.01817961767294e-05,653,9.979847277463705e-07,True
ALT_023,GateA_converged_v1,GRAIL-CHT-1.0,alternating,1,840.5578545131132,314.36622555450464,305.38920059074565,2.218798755709883,0.0016515560946089598,0.00013762967455074665,22.23381372332959,0.7580689848174975,1.93852390057473,5.198875,3.9411058934430683,28.056939,16.123441455386054,70.04459726057897,92.39871128277588,0.00048121392205745174,4.938865390140527,8.181357307462231e-06,545.4438756985406,294.59107853532447,14.131435271697555,346.9816122662419,32.615386711737244,225.16046813351448,0.5073300764084954,359.0981856273939,371.06083138264887,331.40303405430467,39.6577973283442,10.329023970625956,370.36769923527766,370.6542495139634,370.93634994774976,16710083715.113115,16628491137.167372,359.5378825807221,287.99436636882945,9.224032605705494,45.88314959255238,7.726567967387027,2.2157111154016422,307.7097838411796,264.60528305915454,5.141408560946334e-05,664,9.931940212482004e-07,True
ALT_024,GateA_converged_v1,GRAIL-CHT-1.0,alternating,1,663.4160035645798,310.5827117804662,298.916339551277,4.290005907723083,0.0031277797126653926,0.0002606483093887827,34.931395342996524,0.783806408221136,1.2722145457524183,5.198875,4.074911540540659,28.056939,17.236850212094293,107.12827132732197,136.67695262973376,0.0005958700517722263,12.04957361799815,3.7801817360724926e-05,430.49528862508066,285.27489932392865,22.002022449347713,325.3458380713538,14.763126290887612,193.0148728760894,0.5510244995478842,327.54188009489764,331.3612149711381,318.2369156929462,13.124299278191927,3.2428267418766934,331.06490677584605,331.17813307683457,331.29814332031236,11516529463.502287,11509788684.412561,327.5898262992949,227.3015123940426,4.257996810978091,25.91042034858055,4.118066734319365,2.2684922637494904,298.52261914297105,150.5437653068817,6.846592155137203e-05,290,9.925043400471623e-07,True
ALT_025,GateA_converged_v1,GRAIL-CHT-1.0,alternating,1,421.5005918573323,298.6573392290255,310.43000087410496,1.8860925711040535,0.004410445175473992,0.000367537097956166,21.54457777508085,0.8089643779785041,1.6980640840407666,5.198875,4.205704680562996,28.056939,18.36111642743867,111.59343977769112,137.94604906652194,0.0008066093657275452,20.442008677529355,9.042964749128067e-05,273.51468456036594,301.91494185263116,12.867151770195402,306.55530347502105,7.897964245995524,145.60419011413524,0.6542470328799478,307.0730852987895,308.71534006679747,302.7271331705656,5.988206896231873,1.3763716299025002,308.55027129500513,308.61208948708685,308.68055933934903,8892405251.75461,8891335751.69136,307.0823190033903,144.41575344787321,-0.09357695158729538,-0.6117795384985302,-0.48292546090298843,0.6705045059776722,307.75826870507535,86.20650727707499,-0.00010713185335613223,191,9.510993095318554e-07,True
ALT_026,GateA_converged_v1,GRAIL-CHT-1.0,alternating,1,408.50907704273624,296.4790712363447,312.56910287978417,1.2345751946256387,0.0018717639114603098,0.0001559803259550258,30.58581891513459,0.6131362993740954,1.628735291461313,5.198875,3.1876189784085005,28.056939,10.547616831912851,49.67182129256172,81.01269056043155,0.0007690604581088445,13.880557453075125,2.605930442489213e-05,265.08439965657084,305.04095162594473,10.391385739577427,313.21248391210895,16.73341267576427,130.9217714814445,0.6069825971262289,318.6439834880901,324.4456623676886,305.2225155897679,19.223146777920704,4.9955428675444535,324.11077324605526,324.24679742526683,324.3825545257065,10324258077.747595,10309150762.469755,318.7606568229289,139.9645630186694,1.1804889015079567,6.9882211884966265,0.8739315755419512,2.8192322166983295,310.817286293273,143.83785468033275,0.0001070783026307938,543,9.977819104278751e-07,True
ALT_027,GateA_converged_v1,GRAIL-CHT-1.0,alternating,1,533.7717249623478,328.4800653141074,305.64624468197803,1.6442984620085008,0.0032209435954548213,0.0002684119662879018,29.379524285696817,0.5079446953905744,1.335486918080236,5.198875,2.6407409782486724,28.056939,7.2389094870090265,143.24036088494998,281.99991492146216,0.00045892023800216044,23.360035725286412,7.546776074118064e-05,346.3682087301421,294.9630898616225,11.948334155632303,339.0101782756444,10.530112961537043,141.77264159403228,0.5030404915448248,340.47816767100034,343.1794970908335,333.84763559425613,9.331861496577346,2.2809622855142613,342.9488471399673,343.03961240930613,343.13274678967247,13442302760.41143,13438694345.00696,340.5010207649339,182.88241420951505,5.534146355909973,30.564553617523924,5.010916147937457,2.2352891012331426,306.24635107468384,108.1180760276234,8.557089105188005e-05,225,9.966561265173368e-07,True
ALT_028,GateA_converged_v1,GRAIL-CHT-1.0,alternating,1,774.0704827830687,292.8302858882695,287.7378441888248,0.8734692354637669,0.0043438929660902705,0.00036199108050752256,28.640103531612404,0.5047817753499757,1.6718012767768196,5.198875,2.6242973523226047,28.056939,7.14903826175152,102.51983479097491,203.09733789397566,0.0008647502874728773,53.22021002968394,0.00023187853159658067,502.2997547713127,269.4229306516038,9.019183094762314,306.05714457965075,13.226858691381267,240.16632424977718,0.587621505678506,306.95972639891716,309.70232923568955,299.7987316899509,9.903597545738648,2.3060575613795726,309.4391093116287,309.53832116191654,309.6462770207823,8881209750.555237,8878213741.270355,306.98561949693806,265.2142705192531,2.715131526666042,19.567399855688727,2.7652576055206493,2.4679837103637015,285.0445480682025,143.2347835156211,5.930359636717428e-05,188,9.622126526664943e-07,True
ALT_030,GateA_converged_v1,GRAIL-CHT-1.0,alternating,1,850.1571477206317,305.2806660151805,306.4101430036952,1.9029389276206157,0.002573002238258382,0.0002144168531881985,30.026066320708033,0.6171630365983197,1.1913618613072217,5.198875,3.20855348189509,28.056939,10.686613492691576,87.02895330115186,141.0145263735142,0.000603386932935743,16.82901278272623,4.343138170274174e-05,551.6729242559518,296.06957754500706,12.93116792495834,329.2616228729996,23.980956857819137,257.91877270371964,0.5745790944294857,334.2979979280065,341.37988445414044,317.45752804929475,23.922356404845686,6.021402040924951,340.85146423116197,341.0654084546469,341.2805204702969,12513345879.313381,12489213868.61063,334.45936605117055,291.28330400714253,4.411326164219442,24.941110596483007,4.011943372050126,2.265875248109901,306.36434856635685,232.1667447996397,5.189815833643331e-05,396,9.851713116404426e-07,True
ALT_031,GateA_converged_v1,GRAIL-CHT-1.0,alternating,1,542.6066359886486,322.4070601926028,306.85082459930993,4.480982479310116,0.0013349104657197817,0.00011124253880998181,23.676514265123775,0.6881033543242737,1.4122110122696674,5.198875,3.5773633262126086,28.056939,13.284574166740319,59.5194690991293,86.49786216720042,0.0004577333820595075,4.953824691210311,6.632810858212347e-06,352.1012443394859,296.70852170471807,22.72773342137844,345.4242031927874,23.017143000184603,128.4339488424057,0.4482918178629089,355.47298800519656,364.2789554455609,335.07963173722464,29.199323708336237,7.6980568274468135,363.86020250377686,364.04143337183166,364.21029260612636,16011647217.18712,15967113744.375751,355.7205893668784,185.90945701124858,8.31731222824146,42.16326879031422,6.99477843456984,2.238796496958792,308.2507938782156,163.38264519177795,7.999362686953193e-05,780,9.99473854790267e-07,True
ALT_032,GateA_converged_v1,GRAIL-CHT-1.0,alternating,1,412.81067601091894,329.7280985667402,307.2950056532993,1.3739993882014443,0.0034573680040505886,0.00028811400033754907,24.32794892888765,0.4488959135365547,0.9705208258507926,5.198875,2.333753742487356,28.056939,5.653684791202711,152.87160406620288,340.55022435341056,0.00046157075366646145,40.6572708672612,0.0001409901177818325,267.87573733821733,297.35300418149967,10.921197675165487,337.00589020125307,7.27779163451288,105.17717645796361,0.4825437165578136,337.869815730347,339.66008181031003,333.39274047932145,6.267341330988586,1.5079008310379372,339.50125361792124,339.5620860045095,339.6269047134418,13033149497.425837,13031595162.8814,337.8798900771897,141.43838931457876,4.857070356449368,27.00580514136661,4.3984884091379115,2.246180412179243,307.62374113676634,75.96894171863963,-0.00010679585611238854,251,9.561766773913405e-07,True
ALT_033,GateA_converged_v1,GRAIL-CHT-1.0,alternating,1,829.0544753828651,291.82627592162214,298.6826178963398,2.823196513764824,0.002151273215328523,0.00017927276794404358,26.562236360125908,0.6200758348768931,0.7400631040593887,5.198875,3.223696756045608,28.056939,10.787725854152129,58.13112415016472,93.74841088865494,0.0007552771495431529,21.12993008443602,4.5593031727594336e-05,537.9792524572688,284.94038154500583,16.42814675230633,319.59692032440415,27.77064440278201,249.72257773017282,0.5704805191490578,327.22730222070277,336.3304183865154,305.9976487161518,30.332769670363632,7.788204688704826,335.7293692819143,335.97327296464323,336.2168425450656,11504231655.760489,11465635404.616148,327.50233789952836,284.0530452974379,4.286699939538654,25.93718406918593,4.106434768583016,2.2778260288031125,298.17806632503374,254.0147838547069,5.2381046411591996e-05,495,9.845496720117808e-07,True
ALT_034,GateA_converged_v1,GRAIL-CHT-1.0,alternating,1,648.1786574243745,315.06896520412084,283.65089960658884,0.48103562906764297,0.0028663792839233333,0.00023886494032694444,22.467043912510267,0.8369267388620002,1.2616291811870377,5.198875,4.351077499501182,28.056939,19.65238096986744,105.45599607817636,126.00385575154252,0.0005547302835686623,9.072109972289798,2.6082355151500262e-05,420.60766805327853,263.70315489907034,7.527935390457044,328.9828674616551,13.913902257534232,166.70893857223632,0.48711357967015306,331.43516238900247,335.34731170806873,321.94724514936735,13.400066558701383,3.2973376019323397,335.00515434125515,335.14480232553433,335.28142631854047,12073997102.351164,12066861431.398512,331.48414960916614,222.08084873213107,6.579237849525634,41.91828423571363,6.874238154153777,2.194677407644218,284.48734708812714,139.78514328339102,6.75071725325047e-05,321,9.728033774081268e-07,True
ALT_035,GateA_converged_v1,GRAIL-CHT-1.0,alternating,1,777.928354023067,327.009682742087,304.33671808611285,3.5831041509768413,0.001289013111125129,0.00010741775926042742,27.720357440741786,0.4964095834602711,0.7597024038798685,5.198875,2.580771373212017,28.056939,6.913860336712068,66.38376442945834,133.7278059112475,0.00039629168083731063,11.570296548701467,1.495914137500704e-05,504.8031544240463,293.06948904923297,19.315795773711997,360.79834680352434,33.788664061437316,182.05584950724773,0.4432320065154152,375.8298515978509,388.73522671083117,346.0809587442161,42.654267966615066,11.323979243237606,388.1697625254467,388.4343382889746,388.64274026584195,20058377991.041805,19951019355.65427,376.33443000888866,266.53606553589646,13.2338298404449,60.96124395832188,10.284993375000344,2.2379828843129173,307.554222619971,233.53236908727325,5.584793236085471e-05,831,9.974685326596955e-07,True
ALT_036,GateA_converged_v1,GRAIL-CHT-1.0,alternating,1,721.7222206335316,299.7673309231766,295.2715434436647,2.7956692328925214,0.0034287722670498116,0.00028573102225415095,32.868052273629424,0.7563880390076596,0.7762977237580619,5.198875,3.932366866295947,28.056939,16.052016339349656,96.03948257647708,126.9711809595452,0.0007286321440321109,19.648157871857975,6.757177413203919e-05,468.330601024643,280.0731455340344,16.32354308499158,315.1493417669336,15.38201084375703,220.45910296479033,0.5785275386020982,317.01207167321326,320.73954081608963,307.70485674331076,13.034684072778873,3.1539659233115915,320.4278039876147,320.54772344845225,320.67368797152784,10105549667.985956,10099577382.093525,317.0589267780198,247.27855734101152,3.138575992816213,20.553133607837157,3.1275897114399553,2.3363931469727826,293.99288713195165,159.1928161906183,6.270827908740268e-05,262,9.78614593805105e-07,True
ALT_037,GateA_converged_v1,GRAIL-CHT-1.0,alternating,1,897.5503011312926,307.73504501989765,297.14675672344185,1.0470198756190778,0.001815191805281359,0.00015126598377344659,23.04639837726351,0.7831511504405185,1.12796701009407,5.198875,4.07150493724645,28.056939,17.208042437640287,68.93667379695654,88.02473667845602,0.0005373926156821391,6.49218579864779,1.182002252765244e-05,582.4266732562037,282.74541383738153,9.678675527352496,340.04230736987284,32.30726234997519,245.13140949137477,0.517256840694538,350.96154553868547,362.41070594567907,324.3414713790305,38.06923456664856,9.848499629421926,361.6965580528944,361.9895658152919,362.28190622120906,15242709174.815199,15171835864.181652,351.37069760423446,307.52128347927555,8.586936821870665,46.06099938916065,7.741788885934754,2.19572802811277,299.37395479341194,274.9155910983646,4.841646504331059e-05,605,9.95656762370345e-07,True
ALT_038,GateA_converged_v1,GRAIL-CHT-1.0,alternating,1,509.2857061209411,326.3963026081709,306.3473805418597,0.3606541378373432,0.0027766647716522073,0.00023138873097101726,31.59571397665398,0.4337701938054675,0.8227371734645809,5.198875,2.2551170163203995,28.056939,5.279097716520414,120.59608181677808,278.01836903266275,0.0004699046575116527,40.058440082663026,0.00011156355003497609,330.4790597018215,295.9786156215591,7.070485723781904,338.0065340394591,11.610231431288184,134.75367213302601,0.501123995948405,340.14792960440207,343.38917597584674,332.316252949888,11.072923025958744,2.756956132078706,343.14755454560003,343.24308218953,343.3417641626139,13391890738.778551,13386632083.25393,340.18132966612984,174.49294352256175,5.358390282904058,29.51818835419317,4.862542821997655,2.22670263231012,307.08802555211685,114.6242710248214,8.592349800300533e-05,311,9.693800393506535e-07,True
ALT_039,GateA_converged_v1,GRAIL-CHT-1.0,alternating,1,911.2767113616077,304.4841084243859,290.4213121530768,3.9748200956011197,0.00254499635520968,0.00021208302960080668,33.702028953511395,0.7163572621824095,0.897854825543216,5.198875,3.7242518614285745,28.056939,14.397915615493655,85.24911117837006,119.00362525627982,0.0006092798312728436,13.314866587329547,3.3988251689926625e-05,591.3338369395267,273.2006967773528,20.804316363284254,328.99084585266644,24.50673742828053,260.70475007016825,0.541832124303114,334.24680629607076,341.47191056801057,317.1046769193075,24.367233648703063,6.1657342003335165,340.97277933764923,341.1728792770748,341.3748337458903,12506857366.924139,12481565645.733145,334.4160010337615,312.2242659040701,6.3839789603624855,38.83065338034625,6.304730185631104,2.2264401691888214,290.7570887145571,236.45891559331398,4.9101744720016384e-05,401,9.98800032903091e-07,True
ALT_040,GateA_converged_v1,GRAIL-CHT-1.0,alternating,1,978.1818278723043,307.36132531735495,291.6226272516569,3.7136140900761077,0.0029165425852604376,0.0002430452154383698,36.99179327542463,0.3578468699139378,1.769066633281616,5.198875,1.8604011458238239,28.056939,3.592813993075868,101.81413803038593,284.5187329845088,0.0005846281599325919,50.4796400479735,0.0001476690269694413,634.7490353791333,274.8975726830812,19.811733542289208,330.6943031298792,23.332977812524234,284.4557859422649,0.55075856397976,334.71300431323635,341.0454549733289,319.5415261918396,21.50392878148932,5.394385275482669,340.5875228558698,340.76549584382167,340.9525867183323,12570777316.029768,12551347212.96078,334.8424672318625,335.1474906801824,6.318539963975115,38.17403381467059,6.19897633290682,2.228038441434029,291.95869025918904,235.0302947380537,4.6136811177828216e-05,341,9.933075943990843e-07,True
ALT_041,GateA_converged_v1,GRAIL-CHT-1.0,alternating,1,923.1339815959126,310.84368599832607,308.9976325984736,3.142215523225316,0.0030071379514563608,0.00025059482928803004,23.942064644954225,0.7007078303881513,0.5915372220969815,5.198875,3.6428924217092007,28.056939,13.775717542827623,110.77199891122768,158.08585848093983,0.0005540422138776443,17.090196950089457,5.154722151101078e-05,599.0281025954587,299.82773628898383,17.6404189882562,333.3523487334584,22.50866273513236,282.9302134999149,0.5804711859450681,336.9767847294632,343.0631787965624,322.07740241637885,20.98577638018355,5.141201002427831,342.5443641586306,342.7505153805344,342.9620826415788,12912255913.119598,12894364078.970049,337.0936186821296,316.2868381704022,4.497805088590825,24.83359189008041,4.025077376949891,2.2579463886725057,309.1635546183057,228.56116538407633,4.7524856561943906e-05,328,9.683957387096598e-07,True
ALT_042,GateA_converged_v1,GRAIL-CHT-1.0,alternating,1,945.0807838995427,316.9883043035671,290.75384461665925,2.2984434467965404,0.0032735088278597196,0.0002727924023216433,25.20515222680213,0.5355046623692137,1.468434836621316,5.198875,2.784021801574746,28.056939,8.045754941931678,130.38332096774687,243.47747112209387,0.0005124021871504214,22.439385100532448,7.367655488298578e-05,613.2695362379004,273.6700533496607,14.434085097826852,336.52124420336156,19.532939899794485,267.27442999940786,0.5356172515537911,339.1446569049148,344.13586383286804,326.8115989101201,17.324264922747943,4.208962742771532,343.6977871189689,343.8695804774123,344.0462473786715,13241553148.576904,13229392975.390387,339.2225636728827,323.8063151336114,7.155166380865626,42.41506811868249,6.9614962913029945,2.212568031128303,291.6404515130014,201.83110175312206,4.7665331166701285e-05,290,9.843218435889867e-07,True
ALT_043,GateA_converged_v1,GRAIL-CHT-1.0,alternating,1,623.6177753792288,301.6694788206025,297.46236950498917,1.572673311399337,0.0041054448502160995,0.00034212040418467494,34.257158420830166,0.38722830010723774,1.1852093849312113,5.198875,2.0131515287200155,28.056939,4.20701894073423,114.56968726440488,295.8711623935449,0.0007313242794291562,97.2576456082279,0.00040048736239362253,404.6699397680091,283.1960081459901,11.67615858331748,312.8850807767103,11.215601956107832,192.46824752380584,0.5845298361582839,313.7851006506887,316.1664166454068,307.6356080206117,8.5308086247951,2.0147492494433092,315.9550202357532,316.0351607894603,316.12089641549267,9696977191.125977,9694586123.937023,313.80444680599606,213.66572819750883,2.474718753321524,16.374423044234774,2.348186090736509,2.459560433964034,295.44600584384125,120.13782978817365,7.150674629361701e-05,169,9.395628808306355e-07,True
ALT_044,GateA_converged_v1,GRAIL-CHT-1.0,alternating,1,425.17913013078527,321.2444889961351,304.16353842488115,0.8537803208435086,0.0033436026777931872,0.0002786335564827656,29.287591639481306,0.5218412470951989,1.5991287240233685,5.198875,2.712987413492052,28.056939,7.640417571709593,130.06115450856908,249.23509828429138,0.0005246703916475399,23.72420580669568,7.956300708503947e-05,275.9017137957774,292.8193723975928,8.944365219205332,329.39475328922526,8.150264293090174,113.91020625311175,0.5074073765760055,330.4443110418532,332.48504626424887,325.4051725362478,7.0798737280010755,1.7210794772934015,332.30821997251735,332.37711012963905,332.448287642513,11925144219.947964,11923207928.661812,330.4577260028743,145.67610488417048,4.075749983325863,23.90955529507091,3.7807487093997536,2.289228238381191,303.6659873011428,84.39457308715262,-0.00010664531284482358,253,9.853907272372453e-07,True
ALT_046,GateA_converged_v1,GRAIL-CHT-1.0,alternating,1,557.5515560772545,300.1845732762989,310.0564934816611,2.4742335106668594,0.004464986127505153,0.0003720821772920961,31.298542106128934,0.593770270286919,1.9987451679949064,5.198875,3.086937413937906,28.056939,9.891842340824622,119.41746476127904,201.11728514729222,0.000763082974827083,32.013143402832235,0.00014336834623016953,361.79910759942294,301.37021259671485,15.102087340534066,310.251885245151,10.067311968852096,187.8927066195592,0.6382502120599813,310.88537433023976,312.89970506931706,305.53723531302506,7.3624697562920005,1.6967220291074099,312.70268544762604,312.7771555876838,312.8570500662536,9342832765.795137,9341167597.555893,310.89922810825925,191.0299288124953,0.41369905581916255,2.604435142332715,0.11924269671151051,7.168350805705567,307.9684481665211,108.48466701805444,-8.098308376467017e-05,172,9.406606409356755e-07,True
ALT_047,GateA_converged_v1,GRAIL-CHT-1.0,alternating,1,588.3968017441084,309.8345946600553,291.44483805960346,0.7202051941766018,0.0017598300760551546,0.00014665250633792956,26.24918412926116,0.7062301066083121,0.9043748749366921,5.198875,3.6716020454932887,28.056939,13.993705927939248,62.41531497100468,88.37815661917305,0.0005754387001193195,8.966086919987887,1.5826268231012448e-05,381.81480342936413,274.6462219836867,8.436779737871086,330.00984437427724,20.175249714221934,148.41094697906564,0.47770711557630857,337.0644104670036,344.2898033394562,320.4035276100666,23.886275729389638,6.2338927671755755,343.8803669994602,344.05002541151,344.2136126674057,12934075213.01467,12907781251.925093,337.2359348387376,201.59821621070427,6.703948183515408,39.92034668599512,6.562826063616647,2.2081194351028293,292.35425361940423,169.30729358647395,7.356142045772542e-05,597,9.918112482409924e-07,True
ALT_048,GateA_converged_v1,GRAIL-CHT-1.0,alternating,1,445.1665721547005,303.2963651146308,292.68545440730384,4.827817380207294,0.0030704416866582634,0.0002558701405548553,34.495692274508535,0.6411486573233709,1.449668791998859,5.198875,3.3332517258420404,28.056939,11.533410827928959,87.30010280254523,136.16203013978142,0.0007178035397744112,20.378711823705085,6.275992608214618e-05,288.8717048371902,276.40174942064016,24.045706044787714,313.0985671153873,9.802202000756495,125.80583471262129,0.5352347666097006,314.61051659242383,317.1777445397338,308.36796370476037,8.809780834973424,2.18030214881687,316.9798281602926,317.0553842035381,317.13667499788045,9799811144.114048,9796996284.772894,314.6331125219537,152.52426015403643,3.0557626014523005,20.508678285355142,3.154136743543441,2.308001594717105,291.64112130916925,99.51343128886708,-9.978015011815952e-05,227,9.728141776577104e-07,True
ALT_049,GateA_converged_v1,GRAIL-CHT-1.0,alternating,1,505.0827965899125,323.81834502149036,299.335071835944,4.3036154145363215,0.002227814446337938,0.00018565120386149483,24.8563718704958,0.5621516797847197,0.9933728823728836,5.198875,2.9225563142407847,28.056939,8.866399860620552,94.2107839339732,167.58961561771363,0.00048261175437427776,15.63551441372406,3.493783840202559e-05,327.7517622867703,285.87454353133757,22.05373857523802,337.1602077588862,13.341862737395843,124.24295320825023,0.46588128736351714,340.65426911998384,344.9549212066566,330.55656145257694,14.39835975407965,3.6717245385336623,344.6546455174469,344.7799766939883,344.8983945511845,13475864311.765612,13466518863.069405,340.7133552666608,173.05293048741473,6.423664909191984,36.441988623283905,5.944174628419515,2.237292708055681,299.8398182836374,123.65963582345071,8.616916724574356e-05,425,9.853415008365118e-07,True
ALT_050,GateA_converged_v1,GRAIL-CHT-1.0,alternating,1,813.60303068945,320.6877453785677,284.6842950955919,2.184816863883737,0.003037252345544624,0.00025310436212871865,24.596733812822805,0.5173767316928177,1.3720216647113257,5.198875,2.689776955979498,28.056939,7.510244466422677,125.70984762665015,242.97545661811458,0.0004930955386373526,22.38537880906947,6.819462817828602e-05,527.9527018355989,265.1455495928042,14.0023040827582,337.57690309313006,16.889157714562373,214.41992963021957,0.49913574096234187,340.2153599360321,344.75447687763875,329.1224826976568,15.631994179981973,3.8333415254715937,344.368612748468,344.5215993111911,344.6784124450583,13407406260.638689,13397250210.38962,340.27981835897936,278.75902656919624,7.993875330911899,48.35637908967052,7.988692143377234,2.1943456444306033,286.0569802333922,171.58241121763376,5.394444759939446e-05,310,9.674205330156838e-07,True
ALT_051,GateA_converged_v1,GRAIL-CHT-1.0,alternating,1,992.1226315517079,289.4104568102605,294.83928731718356,4.249013025426163,0.0041995516635108514,0.00034996263862590427,32.748052710190095,0.8961414622365942,1.8506267088702892,5.198875,4.658927444485275,28.056939,22.531672544925772,97.18563218857727,108.44898521492453,0.0008819020687486373,17.862285925194065,7.523931050276349e-05,643.795320472324,279.45836051035474,21.846249496619418,307.73637954745897,18.325922737198482,321.6955559424401,0.6141094526809684,309.0822937373104,312.90431219505547,299.0849498578181,13.81936233723735,3.2243554620338033,312.5458809605975,312.68189048133786,312.8284943008539,9132267741.20592,9126337096.99989,309.132494890515,339.9239292093871,2.065854238109716,14.113364611222167,2.04899714805535,2.4238867272374063,293.2755486111095,195.56094602508807,4.62661043459595e-05,213,9.648016998653475e-07,True
ALT_052,GateA_converged_v1,GRAIL-CHT-1.0,alternating,1,904.6212533037924,289.75481160261467,289.04974368376395,2.934315161800085,0.0032055742948291256,0.00026713119123576045,22.827932107674986,0.8603523291488546,1.65218165234625,5.198875,4.472864215203751,28.056939,20.767918244463594,76.94641870443563,89.43593932099728,0.0008502309940284315,14.204831878942297,4.567165891023745e-05,587.015063617604,271.26762222216706,16.850397614840322,310.64867091924407,20.893859316629403,279.9631006827824,0.5861382797453224,313.6032031903367,319.0527035541108,300.13291529767247,18.919788256438324,4.580091646628764,318.5559381728381,318.7484182123772,318.95157141710234,9684426436.592382,9672126321.565485,313.7028585601054,309.94395359009496,3.368530120552429,23.07991551467104,3.5322576582404004,2.3125832174428034,287.7540628808338,215.29898112750385,4.8271259031964903e-05,302,9.592108085598738e-07,True
ALT_053,GateA_converged_v1,GRAIL-CHT-1.0,alternating,1,757.9965837759712,313.56765729185474,307.87759054425794,2.5447388010128065,0.0038208860368233173,0.00031840716973527644,32.316199110187256,0.9255393370406811,0.9640894742765107,5.198875,4.811763320857371,28.056939,24.034221064136116,137.797075958331,148.88300307032145,0.0005659050630804267,10.430771712654808,3.997471413257211e-05,491.86928918831404,298.19900937752493,15.370007443848664,328.18250036739306,14.614843075538317,233.41809632153712,0.5832212668815371,329.53857903871784,332.8098099637533,321.1527138921098,11.657096071643537,2.7597787715346067,332.5146179957165,332.6260521030528,332.74917621982945,11797964666.783802,11793020644.96398,329.57311196076057,259.70698469142985,3.4153439520177655,19.757240984748833,3.1161471349538936,2.2985821408542533,307.4107816462709,153.55330250917248,6.0182506229636485e-05,226,9.726190342007612e-07,True
ALT_054,GateA_converged_v1,GRAIL-CHT-1.0,alternating,1,682.4552492307023,325.81844378980793,304.55202246175054,1.3541067919116747,0.0012400006871916907,0.00010333339059930756,21.74136584354759,0.8829246737401965,1.2993397534505677,5.198875,4.590215013191065,28.056939,21.871954563895216,61.35957010665029,69.49581536409248,0.00041243842020252143,2.628319007728978,3.268924148187478e-06,442.8499884125473,293.38054403324475,10.845605809264363,356.2513397674148,30.432895977606847,157.73987384844676,0.4377572909188835,370.1464297222369,381.9427855157735,342.76689994450885,39.175885571264644,10.339947382940904,381.39783381595373,381.63458250141025,381.8547824855048,18858184684.67605,18771296035.71152,370.5740220336161,233.82479388182497,11.663249304472288,54.98512032842596,9.436403343552033,2.1968370986827805,308.56396468241036,205.2500241348675,6.289193096183692e-05,860,9.883731877380342e-07,True
ALT_055,GateA_converged_v1,GRAIL-CHT-1.0,alternating,1,940.3440115406308,332.9786828301657,288.3488469749876,0.20347150900025573,0.002375431832665235,0.0001979526527221029,35.98761971073191,0.4164481305175868,0.8184543210885478,5.198875,2.1650617745446192,28.056939,4.865888147941294,124.1157608694661,298.03414104706764,0.0003906026048042318,31.77621504586241,7.570936082402965e-05,610.1958114967961,270.28155347870336,6.473191734200972,356.94759789818755,23.96891506802183,237.99466968057894,0.4793431711413263,362.7438343547593,370.11863282495074,345.503690513716,24.614942311234756,6.319250186678044,369.6588922878127,369.83930960800404,370.0283095312042,17345415176.78272,17314109406.15152,362.90769325319013,322.18338847030833,11.801749792848403,61.68436711523168,10.702453714783111,2.1432671293726013,293.6583188791524,227.52668939269415,4.598836299197479e-05,437,9.704238550511946e-07,True
ALT_056,GateA_converged_v1,GRAIL-CHT-1.0,alternating,1,677.9394753174302,311.53058807732316,305.07826983900713,0.8071805352617755,0.0017319537560844397,0.0001443294796737033,20.85060684532825,0.7618515373640897,1.1060519496225985,5.198875,3.9607709113137326,28.056939,16.284745826673184,66.19728772008142,86.89001002625221,0.0005339684454918624,6.548431059342599,1.13757068903595e-05,439.9196711098076,294.14128803937143,8.767286033994747,337.00598765236344,25.475399575040285,184.43085444368558,0.5152390049646335,346.0706550429637,355.30752462018035,324.6676012479703,30.639923372210035,7.953075120412929,354.7423458418139,354.97355139214784,355.2064813628947,14388661080.584543,14343630860.465708,346.3419483663523,232.27758634597842,6.624899441801528,35.324523895432804,5.897159482860461,2.210625460561457,306.5077470262944,212.3430641213014,6.418277389576684e-05,622,9.991646834350831e-07,True
ALT_057,GateA_converged_v1,GRAIL-CHT-1.0,alternating,1,633.8700490007586,315.40324526932875,288.52614251986074,0.7344947086683111,0.004257045613849879,0.0003547538011541566,31.531133416626087,0.5672023291729881,1.6340532253338138,5.198875,2.9488140090792183,28.056939,9.026435830798437,151.8923920610472,267.79225727530877,0.0005719944028265418,27.396450448061504,0.00011697887584250328,411.3227118869352,270.5308716972988,8.491079892939583,325.12370546392236,9.720460194593613,172.9702493824678,0.5168175555879354,325.81759887885215,327.8250462181054,320.5313220457386,7.293724172366808,1.6947615001273426,327.6352030543589,327.70658293109943,327.78464584014546,11271156539.719114,11269331523.547998,325.83078924151533,217.17839187630182,5.213233337017596,33.63032397506065,5.3647443153875605,2.245220508310092,288.1521679749656,103.98122737260071,-7.32732342391379e-05,184,9.745660918270005e-07,True
ALT_058,GateA_converged_v1,GRAIL-CHT-1.0,alternating,1,562.337144877923,323.31638293466455,284.4093689770492,0.17557027937310882,0.004097883779426829,0.00034149031495223574,28.831023649637554,0.8932065063084175,1.5082713588898202,5.198875,4.643668975484174,28.056939,22.38432711282362,164.76280919219252,184.46216863460816,0.0005075980513517713,10.299032718363916,4.233123281882617e-05,364.90450967129834,264.7615566784233,6.367167061617813,331.3483351129716,8.031952178307051,137.58054737321677,0.4633683207365696,331.9930497771605,333.73092343439623,327.4994720503641,6.231451384032141,1.462766726914331,333.56723834004686,333.6285424206522,333.6969969721997,12149724999.781769,12148312851.897085,332.00269726594473,192.66958110644552,6.577029225539879,41.66677484747555,6.845382454902798,2.1926696171258393,285.326921012858,86.375284335532,-7.930400253867999e-05,206,9.449807976125157e-07,True
ALT_059,GateA_converged_v1,GRAIL-CHT-1.0,alternating,1,866.4153144402918,321.8615883547729,297.8475357131905,4.219494113433405,0.003937573230343683,0.00032813110252864026,23.207920976211668,0.7897338902079141,0.7987063061793274,5.198875,4.1057277784546695,28.056939,17.498540979333807,163.74002420898336,207.33569400937748,0.0004907872712403457,13.631890190259016,5.3838080132546196e-05,562.2229624475063,283.7462264880199,21.734077631046937,336.99230260951674,15.13071425474385,249.03727479481842,0.5443826966492532,338.3262202215501,341.7115456924616,329.5624684378237,12.14907725463786,2.8449982799948423,341.3855982727869,341.50854379317957,341.64500641884206,13107689218.265,13102151816.218477,338.36196151591497,296.85372417228336,6.190503568709074,35.80252775454045,5.823258564108868,2.2372628521459736,298.2279554435138,161.6637661063769,5.372683364271764e-05,221,9.947761441253533e-07,True
ALT_060,GateA_converged_v1,GRAIL-CHT-1.0,alternating,1,704.0813911518162,316.47674272813026,301.47067969121514,4.92479675835873,0.0029392442569768805,0.00024493702141474,22.683773826630386,0.6026525476077063,1.3273039890729785,5.198875,3.1331152634440143,28.056939,10.19000228857883,113.05413264765572,187.59421676127675,0.0005306018170895801,16.99809939608885,5.0111901734680376e-05,456.8833432881515,288.93935427014634,24.414227681763172,332.8141510592155,16.337408331085214,200.72206849409895,0.5399310896884718,335.56073415244924,340.05505759331163,324.5939721831466,15.461085410165026,3.7973700442272156,339.6674707865903,339.8236528339566,339.9796425711634,12688681839.308006,12678986620.883047,335.62486392539523,241.234405256144,5.261513599176467,30.346478823504384,4.904191032970004,2.250741799823999,301.5731578760331,164.98276144227037,6.355079990360504e-05,320,9.90782666576706e-07,True
ALT_061,GateA_converged_v1,GRAIL-CHT-1.0,alternating,1,878.4982171724637,323.6474617044083,284.90120691856634,3.278138147711482,0.004174590402578809,0.0003478825335482341,22.85467638550525,0.9858657313038334,1.075988089753513,5.198875,5.125392703832217,28.056939,27.2694155173422,176.53651159237864,179.06749974857578,0.0004826127895645475,8.516992212598504,3.566193976885875e-05,570.0636426107318,265.44864407057463,18.15692496130363,337.33081825636174,13.683356551953466,238.77166935602799,0.5147637888276727,338.36846208420087,341.31536878319963,330.6447116215391,10.670657161660529,2.4715925153509275,341.0232706623374,341.13276685158013,341.25492162645594,13112878669.304247,13108696540.529896,338.39544667433427,300.9936032984664,7.663043740236809,46.866939048884674,7.691792737937798,2.2040512739173126,285.8782316679998,147.77822189179767,5.263081254450873e-05,200,9.817617865337525e-07,True
ALT_062,GateA_converged_v1,GRAIL-CHT-1.0,alternating,1,807.5823423459337,297.20401060336997,304.791563530537,4.136068769747092,0.0024771274095797997,0.00020642728413164998,24.43981940587149,0.9651560871735122,1.5746752833013855,5.198875,5.017725852704194,28.056939,26.13577580746239,71.97162080675218,74.56992890913965,0.0007024356726277547,7.565730519300677,1.87976714572258e-05,524.0458350246728,293.72674353710653,21.417061325038947,321.3508059864416,24.146795383071662,250.02539875313303,0.586358724496632,326.7670334657971,334.1298230227162,309.2342087198797,24.89561430283652,6.2436345994173035,333.536042702815,333.7830906577708,334.01910987426845,11426040023.731068,11401262415.746159,326.94442424862166,276.69620089302725,3.4032303350608,20.106035189869957,3.1613883962655045,2.2986030783196036,304.2485920806724,231.9394081172336,5.3567305039752406e-05,415,9.73599696862948e-07,True
ALT_063,GateA_converged_v1,GRAIL-CHT-1.0,alternating,1,803.7772489893591,317.87736814793766,298.31415320241445,2.8476205909392056,0.004274621709469486,0.0003562184757891238,35.38701490861975,0.8399625099545129,0.6214219584771916,5.198875,4.366860093939769,28.056939,19.795209079889638,163.91525260136783,195.14591503642757,0.0005322281203309703,14.464542435997322,6.20164966042696e-05,521.5766833099381,284.41327646288954,16.52095824556898,331.04815941065704,13.170791262719376,235.3346280972971,0.5545187095951855,331.99987361285605,334.71483947334195,324.9495885633965,9.76525090994545,2.29678710735146,334.4711166894618,334.56270892069597,334.6610555289853,12152789366.01096,12149311675.77994,332.0236294607621,275.3924887876473,5.05370974152864,30.157972978127532,4.846023586259824,2.25220536993099,298.22342090156775,141.95459941748538,5.605978394895162e-05,191,9.43173176892742e-07,True
ALT_064,GateA_converged_v1,GRAIL-CHT-1.0,alternating,1,948.2689122006215,331.2788464917761,308.00678466228857,1.7572985008909228,0.0013705039669492406,0.00011420866391243672,34.07600369999834,0.7466580612285383,0.7369690454449611,5.198875,3.8817819280695174,28.056939,15.641694684580447,77.92825817242453,104.36940578154707,0.0003589259221746312,4.044286935474265,5.559389456919225e-06,615.3383350093685,298.3867281358114,12.377734303385505,371.4915322909175,40.21268579914141,230.36667781132,0.4601021087418045,388.7392972483668,403.90197911795923,353.95888205087374,49.94309706708549,13.281873140982041,403.24536307659275,403.557454137061,403.79441447159485,22994509938.790398,22836722830.983864,389.40904920787824,324.8986408849466,15.861615876314989,67.05603037948295,11.614169309820772,2.2176667505631342,313.6376038831671,290.0678154383562,4.540123882256356e-05,801,9.880624247671221e-07,True
ALT_065,GateA_converged_v1,GRAIL-CHT-1.0,alternating,1,963.4240487094532,300.9633121512385,309.2254595924308,4.113453040920692,0.0023399517880437794,0.00019499598233698161,26.873088552622875,0.9554797785356102,0.5122552021293847,5.198875,4.9674199336343206,28.056939,25.614346983504657,77.39821221081266,81.00455284300719,0.0006170146520692116,6.699247120726815,1.572308453228872e-05,625.172609175905,300.15939631307253,21.33112155549863,331.13580244653025,30.172490295291766,295.11708153572243,0.5801535339434842,338.5744413807857,348.05552865717294,316.26061808741275,31.79491056976019,8.077888665351118,347.3592884746369,347.6485660124825,347.9241577841774,13185089678.656565,13140644986.242872,338.8603632051984,330.09113764487785,4.777527577001494,25.974235886217592,4.222140902617962,2.2569349461131374,309.483708036109,285.24957940331933,4.597012796175409e-05,453,9.996415997193253e-07,True
ALT_066,GateA_converged_v1,GRAIL-CHT-1.0,alternating,1,431.7773274232726,290.61811713720545,309.8972067396232,1.704638787195056,0.0037004467696886145,0.0003083705641407179,28.992609655636734,0.9588171964075473,1.5541203962516423,5.198875,4.984770751973288,28.056939,25.793597406115058,79.95191929006108,83.38598805864278,0.0009445930909952493,15.36610066888277,5.703253518844264e-05,280.1833302062535,301.1380059774616,12.177627391341211,300.58920862300687,9.971091485801423,154.23152190581675,0.6765180489393816,301.6212200547895,303.94694255556215,295.74176742411265,8.205175131449494,1.9590480398447945,303.7362780228046,303.8145584174364,303.9031949993736,8278605044.400684,8276516197.606346,301.64024922368077,147.93679834890187,-0.663908116326749,-4.440076399243574,-1.1905824244104548,1.4405321531325028,306.59403539096365,105.51877453808814,-0.00010586746221738376,203,9.828757470131677e-07,True
ALT_067,GateA_converged_v1,GRAIL-CHT-1.0,alternating,1,448.268413193491,332.6775322385884,308.3979160226597,2.0415495746556016,0.0018245911123538512,0.00015204925936282093,32.65295780781436,0.720817099169812,1.220333952251119,5.198875,3.747437996446456,28.056939,14.57774834409756,88.32291010972362,122.53165222002632,0.00042161075620766154,5.947420531227651,1.0884263433007817e-05,290.8845112001486,298.95528111706636,13.457888383691285,346.30025499008656,13.622722751498145,103.89765722829641,0.4389688413708196,350.8324774988619,355.56927855215184,339.86997995273066,15.699298599421184,4.090445034061966,355.3125326969169,355.4166337509189,355.5215526469946,15161828575.52705,15149530068.03445,350.90365797336165,153.58702191367848,7.068260748914107,36.51632602712837,6.104630783628038,2.2177357786587035,309.93476994604276,115.42179145323655,9.579306227664988e-05,534,9.800107250157453e-07,True
ALT_068,GateA_converged_v1,GRAIL-CHT-1.0,alternating,1,969.3078098836351,308.9591787324391,299.57770915054334,2.9939404665584224,0.0016756596166923555,0.00013963830139102963,30.8182535358784,0.6624711618185593,1.5372944290167307,5.198875,3.4441047613994624,28.056939,12.313293834097784,67.69120594767833,102.17985302463313,0.0005052112921574951,7.177999836931451,1.2064076685426626e-05,628.9906229881599,286.2222035245213,17.076973772922006,346.28620059793025,37.32702186549113,261.44806157283546,0.5108457584194332,359.8177775934959,373.2385429400196,328.84067660279385,44.397866337225764,11.622878456126857,372.52832909729335,372.82986995272506,373.1094140224362,16865777273.218504,16762178737.108906,360.3724565281996,332.10704893774846,10.204449195982805,51.78826101605017,8.666128821219047,2.2215087592904363,301.81574441715753,303.01031237050967,4.466380988929543e-05,659,9.90932619515661e-07,True
ALT_069,GateA_converged_v1,GRAIL-CHT-1.0,alternating,1,516.731903831309,300.7075560738815,300.9319502190371,0.01785256976537215,0.0015423489408754132,0.00012852907840628442,26.080567916901778,0.7102569019115562,0.9451511776777121,5.198875,3.692536850925442,28.056939,14.153739993009825,46.92107750836957,66.06212115938347,0.0006708634940842308,8.921216828093288,1.3801032423399795e-05,335.3109495194631,288.16519647856063,5.767839765108414,322.5302485372012,21.822692463319697,140.69130362081717,0.5156654743716809,331.16193080850496,339.31818695414347,312.41815489978296,26.90003205436051,7.07944888639362,338.8970744074126,339.07818642965964,339.245008120198,12059815209.936544,12027119446.737343,331.38676792605213,177.04418134627653,4.648140273889286,27.355707546884933,4.34888128155718,2.277545200650802,300.52397105533066,170.62078232896744,8.394691473970876e-05,693,9.976005799217091e-07,True
ALT_070,GateA_converged_v1,GRAIL-CHT-1.0,alternating,1,845.5913062004126,300.3883463484109,304.8056576744347,3.452040339656957,0.0015600404004720023,0.00013000336670600018,24.730317067437074,0.5854662224389796,1.396641218457709,5.198875,3.0437657071824504,28.056939,9.617096554026737,53.91123735482435,92.08257502924222,0.0005905763382870182,10.439021293040012,1.633429785208616e-05,548.7101177325911,293.7471175008741,18.817753290696437,336.5336267404211,36.14528039201019,235.70224837732397,0.5279214322197624,350.5944320265445,364.00322832556515,319.6533301527526,44.34989817281257,11.634224307875323,363.3002375468836,363.6023738279866,363.8790328554879,15206960537.453125,15108455098.570469,351.1644992526475,289.7189421628081,7.661626706032414,39.76775170477176,6.587167434527314,2.2342669297933693,306.0551791442417,283.4300609732798,5.106333453453808e-05,708,9.925021799972455e-07,True
ALT_071,GateA_converged_v1,GRAIL-CHT-1.0,alternating,1,839.0997367755554,319.66709918860795,303.48380808996086,2.641896115961422,0.0037796218176947274,0.00031496848480789397,33.52342791924864,0.6463497701759189,0.931386884242832,5.198875,3.3602916614233305,28.056939,11.721292004979587,152.40802058080536,235.79805797613886,0.00050612760104068,20.593497254001196,7.806984104700038e-05,544.4976928918152,291.83835260139887,15.739205240653401,335.3548198709758,15.687720682367853,247.84746268888952,0.5594186873162736,336.8837821957391,340.4247788605703,327.8828089731041,12.541969887466223,2.9951620998319655,340.11850538130795,340.23625043723905,340.36059450019087,12886219729.538797,12880135061.188864,336.9235617292071,287.4947818468784,5.2155985281462405,29.626648364005472,4.804916158091078,2.248193947084905,303.70240464803214,165.49453633050533,5.42993320116444e-05,234,9.718915521261806e-07,True
ALT_072,GateA_converged_v1,GRAIL-CHT-1.0,alternating,1,787.7986819744215,322.01898520006836,296.8382842064268,3.5651232880144597,0.0016272956035373563,0.00013560796696144637,27.32382566597441,0.3599891967744044,0.5873943912200745,5.198875,1.871538835380532,28.056939,3.6359610617566087,75.19494084341834,208.88110398085362,0.00044166941515901226,45.02856974366564,7.349527941568938e-05,511.2080793239759,282.3052447237944,19.247468494454946,350.5789870801143,28.560001880045945,194.26786377502472,0.46703754220284055,361.2928297570897,371.67022392206746,337.35542148941806,34.3148024326494,9.020183406507183,371.1426362352343,371.3679346670333,371.57505657408456,17101822503.135166,17038735862.468369,361.62679192153263,269.9178658830593,10.838179156564513,55.53925101377126,9.272422978472266,2.222907910061765,299.08974711464725,228.85896210082615,5.518687176651838e-05,662,9.95718437479809e-07,True
ALT_073,GateA_converged_v1,GRAIL-CHT-1.0,alternating,1,611.6248231830864,308.50693112332186,300.7908575274762,4.022694128037421,0.002684350804184307,0.00022369590034869227,28.49264688113984,0.7726025503625662,1.6677555828916009,5.198875,4.0166640840161865,28.056939,16.747599349299136,89.3910372896959,115.7011936444509,0.0006128649592894288,10.263024284833937,2.7632454856927838e-05,396.88762913726697,287.96255978379355,20.9862376865422,324.3268209120569,15.819889788735054,177.50843960376184,0.5496674003070009,327.44430042903844,332.0267293501027,316.50115450483025,15.525574845272445,3.8880186521187268,331.6666219893299,331.8135508295305,331.9580767894594,11505755903.454763,11496079053.862627,327.5131854271503,209.55666818447696,4.0127420389064925,24.20097603185423,3.834361010606843,2.2772818820878524,300.33959007268294,155.73515566075767,7.134077328285784e-05,355,9.726949201649404e-07,True
ALT_074,GateA_converged_v1,GRAIL-CHT-1.0,alternating,1,598.691251494639,297.37144475680077,299.807624560191,3.9000123636439845,0.0028708031201714196,0.0002392335933476183,28.088002590417776,0.4297578798350955,0.7669906843326609,5.198875,2.234257497527682,28.056939,5.1818875562590065,76.58029411066575,178.19404298078433,0.0007650782867779467,72.0634344718515,0.00020750243985161475,388.49494393363165,286.5517650256159,20.52004698184714,312.8153402240204,15.443895467219647,185.3260821726628,0.5862727522324557,315.51782197809916,319.79268072109994,305.2124508823418,14.580229838758157,3.624793287641829,319.45353071160696,319.58827635824287,319.72685615919886,9918310646.434948,9910500353.011446,315.5799671459448,205.1253303969575,2.3556322901957145,15.18339769775102,2.2600670641552445,2.3868940144336745,298.51265672025124,154.42893909349343,7.36974767701468e-05,326,9.749115861268365e-07,True
ALT_076,GateA_converged_v1,GRAIL-CHT-1.0,alternating,1,793.1198994196101,329.5966579468162,312.65952270772414,4.663431157591021,0.0029941709785816363,0.0002495142482151364,34.80971918769022,0.8466051230903913,1.6816278564703337,5.198875,4.401394209306559,28.056939,20.10953703661005,143.21377830603967,169.16242814981038,0.00042668884686835956,6.819450735214055,2.0480041606063315e-05,514.6610545726809,305.1733243303434,23.42103839884588,347.71801266756364,18.121354720747433,226.80025578132134,0.5415901672547981,350.6462785608628,355.46992202479726,338.97129687983096,16.498625144966297,4.099193960128887,355.10322400121464,355.2439502579187,355.3952780474572,15129729522.256523,15117394143.115467,350.71778612137615,271.7410368143755,6.486400194476045,32.9894610035976,5.464770014915365,2.240652397956035,313.6986040481548,182.78665806672848,5.5133397187621885e-05,318,9.601394594938029e-07,True
ALT_077,GateA_converged_v1,GRAIL-CHT-1.0,alternating,1,902.3377616140087,291.2585884885454,294.16033022768835,1.8431012020880426,0.002106673464000436,0.00017555612200003635,32.13565505448048,0.6351473491026028,1.0473639667056829,5.198875,3.3020516745657944,28.056939,11.31851022671543,57.7361777672162,90.90202115901359,0.0007446782893616669,16.80568608688601,3.5510624797957956e-05,585.5332898756615,278.49360970725,12.703784567934562,321.53052079425555,30.271932305710152,266.57145973847076,0.5595135329320133,330.02020889461323,339.90236350931406,306.899028203723,33.003335305591065,8.4806307323948,339.29824165474014,339.54338734692976,339.7892022280053,11908632284.019686,11862115255.041939,330.34327597603163,309.16157705434927,5.2831199310749914,32.14805222122026,5.158797725058232,2.2493969298184404,294.01489890917105,272.95867365855054,4.768979587318243e-05,511,9.74782324192347e-07,True
ALT_078,GateA_converged_v1,GRAIL-CHT-1.0,alternating,1,714.8181029033261,312.4100249407437,303.2128840557551,3.257152820822901,0.0022087483376648127,0.00018406236147206772,22.077358723763986,0.46898544927701424,0.8303494114967831,5.198875,2.4381967276100376,28.056939,6.171049427994423,83.07248269280991,177.13232429891815,0.0005426359251466591,29.930606363341493,6.630810135439356e-05,463.85047070068856,291.44764785900594,18.07718071912702,334.22004659676014,21.81002165601643,201.3625091425282,0.5335180893972027,339.99788840656373,347.06779622830874,323.3513283401728,23.716467888135924,6.038528593980684,346.57091134339856,346.77769366043685,346.97424765443014,13388135613.826485,13363028026.818953,340.15748020064717,244.91304852996356,5.818262907170459,32.44023973956083,5.291886191913928,2.242274634157,303.6653330222608,201.52481583873376,6.14703018227895e-05,466,9.955951441042998e-07,True
ALT_079,GateA_converged_v1,GRAIL-CHT-1.0,alternating,1,782.8822847730177,290.7940573537935,293.98202861883925,0.03870524549779805,0.004015846669850334,0.0003346538891541945,26.175682696446827,0.9285574877424297,1.6028161114264592,5.198875,4.827454309086924,28.056939,24.191226113289844,92.18979136277397,99.2828043279387,0.0008890246185840745,16.49418455546022,6.64374284041542e-05,508.0177947652045,278.24043994793885,5.847079932891633,305.64536893523865,14.851311581445145,249.29766685733085,0.6030979130089407,306.90562707810136,310.18529774535693,298.45960254319164,11.725695202165298,2.7564167602483014,309.8730580522881,309.9893987962429,310.12077703360296,8876232782.145239,8871956524.680283,306.94260230238314,268.233395636028,2.12878647707457,14.947600625769203,1.8591872814310484,2.7750105978589827,290.1645508111492,159.58524549296382,5.755973149289107e-05,217,9.59905378294934e-07,True
ALT_080,GateA_converged_v1,GRAIL-CHT-1.0,alternating,1,817.7127149495946,328.71827584869766,306.0663986186383,1.8121349404397893,0.0038823962537956488,0.0003235330211496374,28.5345388923311,0.42728891638625577,1.4357199719550677,5.198875,2.2214216651775955,28.056939,5.1225185903680295,178.49457005220182,417.7374212319805,0.00044390940584647343,38.7888650228829,0.0001510468849085513,530.6195047197964,295.571501475876,12.5861127736712,343.1976030452147,14.479327196517033,234.9765500806998,0.5442392379544237,344.5239809732613,347.7861209497748,336.2290270402601,11.557093909514663,2.7447325137114262,347.48646595887595,347.59997949371797,347.72472469451236,14094270175.252491,14088924031.159185,344.5566593525246,280.1670984920525,6.200038682627989,33.457848596523256,5.532503057386438,2.225521071001426,307.0517197652046,154.20621876047448,5.6421619764452406e-05,222,9.827385838434566e-07,True
ALT_081,GateA_converged_v1,GRAIL-CHT-1.0,alternating,1,869.5122304910899,330.4186489395952,310.2453012018009,1.313973845299512,0.001951890022557539,0.0001626575018797949,36.287418770556584,0.7926667085063208,1.8176757284783696,5.198875,4.120975134185799,28.056939,17.628750243241818,101.48249429320016,128.02668915467763,0.00039253981019629733,4.49199085401759,8.79425489405883e-06,564.2325729512816,301.645531863483,10.693100612138146,358.7804228302216,28.36177389062641,231.4008853428328,0.5040288533902743,367.64578407546855,377.26132096257635,345.52394425394914,31.73737670862721,8.298812240415431,376.74114904747404,376.9524239766856,377.16429170917394,18324503165.104435,18269150795.01518,367.9239440330192,297.91479851827665,10.26238412452159,47.9937519233687,8.257626391219288,2.1946386877143778,313.8935410632257,249.34049168439003,5.059712878828069e-05,550,9.998750556405867e-07,True
ALT_082,GateA_converged_v1,GRAIL-CHT-1.0,alternating,1,406.7253863748329,308.00612877747545,299.16730201486916,2.504706911099875,0.0014312183724453187,0.00011926819770377655,30.72723611260912,0.5567560541055047,1.545179675653558,5.198875,2.8945051307877554,28.056939,8.697014303627794,47.649616059959925,85.58436986646647,0.0006130077907525657,10.53556086113259,1.512406044981824e-05,263.92695029633364,285.6342389129517,15.217886262179526,324.80220355552166,16.796074778046204,100.48239637453554,0.46790187007353595,331.78366493923136,338.09766916079485,317.25625584130796,20.84141331948689,5.508936653401743,337.7994925427806,337.9326024543734,338.0468366286032,12137605141.335596,12117694534.723328,331.91986963411495,139.35342975646418,4.93325298995745,29.245447609012047,4.6921859501177865,2.2571303114296413,299.02922620746807,124.64027709555077,0.0001053672246256,711,9.845269914876553e-07,True
ALT_083,GateA_converged_v1,GRAIL-CHT-1.0,alternating,1,762.2330277669787,325.64237690952456,290.0636947950302,0.5042379016290078,0.003768291839555993,0.0003140243199629994,33.02682852923413,0.5498485767832646,0.804662293443466,5.198875,2.858594019624095,28.056939,8.482551371666649,163.41884185474805,297.20699253380684,0.0004706108097806663,30.077508369972488,0.00011368187496965337,494.61834734918676,272.6962336521644,7.6161040261902295,338.56611667079045,12.923739761265892,203.56776846990056,0.5058099058905419,339.83528355922846,342.75951613151017,332.3936361175218,10.365880013988374,2.4733472098069442,342.50652779200254,342.60367047555764,342.7064408580231,13341708012.97482,13337482752.383015,339.86219497324174,261.15848740037063,7.28899769778878,43.14142891914634,7.160134624942328,2.191477789155228,291.51756556001885,136.28235056763396,6.038042040835273e-05,221,9.82371261670778e-07,True
ALT_084,GateA_converged_v1,GRAIL-CHT-1.0,alternating,1,578.870251913161,295.1917615729956,299.78883041670207,4.687112851971675,0.0019742711487100305,0.00016452259572583588,31.43020341174597,0.7011456751751051,1.4094414740924777,5.198875,3.6451687220259745,28.056939,13.79293873064394,53.17775840965054,75.84409387730996,0.0007576982240840132,11.695476568862642,2.315952052188535e-05,375.63295855821355,286.52482069458705,23.511028837492365,315.92366770832353,20.73190613532796,171.0890893083035,0.5597668303791516,322.2142772194763,329.19475979244197,305.9551087551323,23.23965103730967,6.004122119503749,328.7783110888601,328.94505927014467,329.1161360956886,10801304331.530994,10779016081.970007,322.3807124079761,198.33420211873675,3.3386597114170056,20.680182124983364,3.226122012963483,2.300983917859729,299.0528003486028,181.81728241229308,7.510609255069775e-05,524,9.887139640341047e-07,True
ALT_085,GateA_converged_v1,GRAIL-CHT-1.0,alternating,1,604.6497254265487,295.40155465562555,302.17807467165505,0.12650212669628474,0.0038978894485139316,0.0003248241207094943,29.45338146109527,0.4980388218075956,1.2546231725153825,5.198875,2.589241579724964,28.056939,6.95931800624476,96.09853922303142,192.9539124565607,0.0008278129737483611,55.19716984457058,0.0002157998655215477,392.3614393773654,289.95693633145754,6.180708081445882,307.4238922893173,12.022337633691734,195.88208577694684,0.6135598565901307,308.5136900098627,311.2104260210303,301.64061398096084,9.56981204006945,2.2691685907703056,310.96083730586315,311.0554361062653,311.15959834902327,9062295958.162117,9059365066.843481,308.538639617522,207.16683999124893,1.349376173126611,9.02378443685867,0.9114408416483509,3.373411960240094,298.4071941744341,127.88849361246561,7.37389576789561e-05,204,9.491739092482021e-07,True
ALT_086,GateA_converged_v1,GRAIL-CHT-1.0,alternating,1,913.0524835170876,288.8562826344793,294.27410301321936,3.8511523341626774,0.0028312233930489457,0.0002359352827540788,31.786439669856904,0.5974666402653156,1.0268515248593761,5.198875,3.1061543794093427,28.056939,10.015384123503418,69.00634268701266,115.49823544352066,0.0008373453723750745,29.44709615403978,8.362217401071119e-05,592.4861479216227,278.6551953494347,20.334378869818174,312.92692954892857,24.07064691444924,284.8644026734423,0.5908925542549602,317.1908759651963,323.82186428789953,301.11184357556266,22.71002071233687,5.633146826238626,323.3153632155663,323.514766367576,323.7227885056502,10141396574.282265,10122382522.306986,317.33972531228363,312.8326861026168,3.273708843728906,21.39762111299569,3.2968041322286137,2.3114176624421394,293.2258787758516,238.35125395523494,4.7738049084356096e-05,354,9.636980848881649e-07,True
ALT_087,GateA_converged_v1,GRAIL-CHT-1.0,alternating,1,895.1566764974949,319.8816216412551,292.9842523597807,4.629535554775596,0.004008421334950344,0.000334035111245862,36.783449293720686,0.5660411098661491,1.9490025548925127,5.198875,2.9427769750553763,28.056939,8.989514465752567,161.6233190860402,285.5328283916675,0.0005061611881498978,21.095114494430373,8.481254463660476e-05,580.8734334759598,276.82511869074943,23.292235108147263,335.13211926889903,15.250497627643938,255.52515584769665,0.5406306756220793,336.445470059973,339.74708947083684,328.0366754810757,11.71041398976115,2.796703298587611,339.4640210731969,339.57263561958854,339.68526111825025,12818525963.213566,12813233518.689604,336.4802064761541,306.7011728753068,6.44724553350089,38.47628874858234,6.252325421469116,2.2301325135921184,293.3526352608667,163.27571974757902,5.129555139917744e-05,217,9.701823842078738e-07,True
ALT_088,GateA_converged_v1,GRAIL-CHT-1.0,alternating,1,654.5634611246254,294.7668693177051,288.70547122825917,4.898255941294296,0.0026314718663920248,0.0002192893221993354,29.7128034802204,0.6948444229369339,0.5444145594097068,5.198875,3.6124092992962527,28.056939,13.546136267097536,67.85283821009578,97.65184258556582,0.000791498707242427,22.379968129937616,5.9069464899379105e-05,424.75081186799724,270.7831269463156,24.313372576918322,312.2079724082222,17.441103090517117,191.84432738443215,0.5550898434093983,315.72149295271697,320.792729450333,303.6091385674977,17.18359088283529,4.310850402036276,320.40773670829867,320.5637571159699,320.7202465138426,9947166132.528582,9936114583.35037,315.8092475065213,224.26842866630255,3.6684987690706805,24.86893263378663,3.886521555378375,2.2730690461068477,287.86868176761124,169.6354238853162,6.61366540079837e-05,369,9.645826821724768e-07,True
ALT_089,GateA_converged_v1,GRAIL-CHT-1.0,alternating,1,495.30543888896716,313.25106482325407,302.57859437451157,1.2211047682777543,0.0024194331491037683,0.0002016194290919807,24.134653631723772,0.4821609180897274,1.2829272127705251,5.198875,2.5066943430337316,28.056939,6.522653356502587,85.94445185669743,178.24848226438723,0.0005745333955253103,25.303372113033447,6.140402936246839e-05,321.40716643312294,290.5336092403303,10.340198119455465,326.77211998638865,13.521055163134577,136.74154832325254,0.522869697814344,329.90125964562895,334.07981273487735,319.99896594801965,14.080846786857705,3.553016049223491,333.7646445877616,333.8967883995317,334.0212125223723,11853229601.70271,11845022640.695486,329.95838878064325,169.70298387668893,4.1986630502129225,24.831988007576477,3.9306352582049895,2.2848049652549394,302.0898258575064,128.89702484421076,8.794037593627811e-05,389,9.808783829612366e-07,True
ALT_092,GateA_converged_v1,GRAIL-CHT-1.0,alternating,1,953.4980033383824,294.0825931162371,284.0843926688483,4.454856961952879,0.0021801860010933825,0.00018168216675778189,28.85439543518953,0.9977812091820023,1.5165241446490125,5.198875,5.187339783886083,28.056939,27.93257216795935,62.9205943735922,63.06051245961583,0.0007071641361222868,6.3632424669594165,1.3914796537640763e-05,618.7315288522997,264.30789730836125,22.628456455420938,323.7997064462112,29.717113329974097,270.81732810514507,0.5379262509873548,331.87416764901127,341.53610472786465,309.27721389567074,32.25889083219391,8.261775565708007,340.8818298066271,341.1508664224453,341.41271848650314,12175576167.77411,12130921623.496561,332.17915841919375,326.69024723401424,6.69878046623735,42.2989604437314,6.875031138242579,2.214279574165812,284.50000101650795,273.5675853503524,4.502144128554963e-05,491,9.72900124907028e-07,True
ALT_093,GateA_converged_v1,GRAIL-CHT-1.0,alternating,1,585.6455261877147,298.9078502584365,312.2178164209703,3.205340735479715,0.0016928207556923926,0.00014106839630769938,25.0414514878917,0.464745532837856,0.5026134079014769,5.198875,2.416153932032409,28.056939,6.059973652290455,51.2181836201143,110.20694122085021,0.0006745378119874628,38.335213211831,6.508991434190646e-05,380.02948146189135,304.5268574230393,17.880294794822916,323.76698299654544,24.85913273810894,175.90299352649723,0.5688587960713221,332.7276917002739,341.70549239832576,312.0359634234027,29.669528974923082,7.766782643516605,341.2227813676092,341.4233579393969,341.61750717566895,12295893953.604897,12256198564.4256,332.9967748074633,200.65556621187864,3.349740955488418,18.452134489421354,2.9505481297037752,2.28572196913836,312.06159293905114,203.6780452609142,7.431180239876846e-05,631,9.966614697987097e-07,True
ALT_094,GateA_converged_v1,GRAIL-CHT-1.0,alternating,1,886.9076774957017,294.5654070126553,309.5619253747827,2.356523012856888,0.002453141236248825,0.00020442843635406875,35.513701705825454,0.40201248658065675,1.344482685142399,5.198875,2.0900126661720115,28.056939,4.534395244056858,69.84315233399161,173.7337885398712,0.0007168333744825072,47.74391917117959,0.00011747500190466547,575.5206002807032,300.64943115909546,14.654787448856176,321.96369628650285,27.398289273847524,280.94563006105983,0.5999429363721384,328.2601331251193,336.53090060739663,308.83186695661567,27.69903365078096,7.076768316625246,335.9965020363723,336.2078236555448,336.42563281616276,11643175821.156282,11611078604.584904,328.48675573886317,303.8748769482113,3.013603146278453,17.225569584128127,2.6899218622865075,2.322500879912227,308.9677676566152,262.5173343556732,5.011748911481156e-05,426,9.949526429409161e-07,True
ALT_095,GateA_converged_v1,GRAIL-CHT-1.0,alternating,1,567.387269522867,306.76362210339795,283.33071271090296,3.4279689563034936,0.00308800234880566,0.00025733352906713835,36.14293580270677,0.6402701473724689,1.7947981313266388,5.198875,3.3286844624210445,28.056939,11.501826032672739,95.74841513680822,149.54377543563317,0.0006582115896009218,17.356551752898365,5.3758347622986104e-05,368.18157090427496,263.2567762905773,18.726282033953275,318.4510926565296,11.687470553131675,150.86011465221057,0.5035712457107218,320.24825631044394,323.3019909362173,312.8516326937311,10.450358242486175,2.5957619778507888,323.07043819043406,323.15966192617304,323.2529738269583,10522469416.691505,10518337336.917355,320.2797036866208,194.3998694374572,4.90158985632283,33.327058624216654,5.310953271900235,2.2336712779358683,282.9224778025983,119.14909398973184,7.872063255648497e-05,272,9.772205089575436e-07,True
ALT_096,GateA_converged_v1,GRAIL-CHT-1.0,alternating,1,752.1003822141879,302.26544068469707,298.1784587921558,3.3565903296601918,0.00396559586286261,0.0003304663219052175,28.27305500541182,0.901565209410934,1.5639657442193626,5.198875,4.68712482807627,28.056939,22.805236299084388,115.29874336805207,127.88730328601095,0.0007019454703704715,13.51973389863491,5.377512619401202e-05,488.0432027214619,284.2192415721634,18.455043252708727,316.3595087238612,14.094068039164142,233.6259596513163,0.5883169572762069,317.5924368382556,320.71945595826895,309.5694134080888,11.15004255018016,2.632207006769047,320.42845860783063,320.53591379583673,320.6594772425953,10177916636.373083,10173739336.144985,317.6250323935956,257.6868110369319,2.8583414559707303,18.409457040836344,2.792892488811603,2.34726722069687,296.9741361443968,150.94165566419653,6.224610265188379e-05,215,9.970691507987794e-07,True
ALT_097,GateA_converged_v1,GRAIL-CHT-1.0,alternating,1,744.2641944266941,293.33694594149074,309.0569154525399,0.3978800420406315,0.001506301923060609,0.00012552516025505077,36.51318576131675,0.7425947356606241,0.6093248493943755,5.198875,3.860657206357627,28.056939,15.471913197462552,44.873436172405455,60.427894270601506,0.0006850814382475038,9.026877030157213,1.3638116579495937e-05,482.9582456128427,299.91402576780075,7.2119441597544,327.74930094385644,34.4123550023657,216.67195744151073,0.5513681281907422,341.67524971699976,354.48799639706016,312.51144848633885,41.97654791072131,11.176863178693823,353.91417296532444,354.1798999340984,354.3886281960369,13715067935.822952,13628689023.232418,342.21535390773283,255.00195368358095,5.337234872933555,28.300143453367745,4.6924695468612505,2.225579309594087,309.9795366871946,265.2617958060371,5.818343958811705e-05,740,9.932777516041824e-07,True
ALT_098,GateA_converged_v1,GRAIL-CHT-1.0,alternating,1,932.2672438749544,309.3275172585491,287.4491626962222,2.307020924983441,0.002092715120179394,0.00017439292668161617,36.371078721665135,0.7339319175051557,0.8604514965177116,5.198875,3.815620297619617,28.056939,15.11304020429199,79.19976566500645,107.91159748744693,0.0005392693192735326,9.274623934896315,1.946754838769832e-05,604.954740421165,269.0175725941896,14.466679514937077,338.0370898943333,28.709572635784184,251.1383992099595,0.5101980260698918,346.2894571814494,355.7211657974284,324.4975503255873,31.22361547184107,8.118625528581633,355.18220492874957,355.3985429083541,355.6195614981383,14426922122.196198,14379940148.14611,346.5719595228414,319.4161029423751,8.85018575466835,50.962611238125724,8.464757512192017,2.1977087973108462,289.212138696658,260.02642439271153,4.671881854493016e-05,512,9.85982978818356e-07,True
ALT_100,GateA_converged_v1,GRAIL-CHT-1.0,alternating,1,690.3159902301778,331.6022235322919,295.8993037493724,0.6908206850886045,0.003652051875380365,0.0003043376562816971,35.27163002446471,0.45907943001485263,0.6522465490080417,5.198875,2.386696571718467,28.056939,5.913109963382606,171.75677086661798,374.13301410838886,0.00043395287340121174,47.896684422882124,0.00017544751872727,447.95087827229395,280.9667918601548,8.325118603336698,343.39092662582715,11.788703093535275,179.96135290757985,0.49373895503224163,344.6570768703642,347.3923729379465,337.8052942733513,9.587078664595197,2.3182553012682448,347.166347260067,347.25393735166466,347.3438094602795,14114527047.615833,14110707883.544771,344.6803954798348,236.51806372777122,7.47590858909029,42.06636292192025,7.014287231470096,2.196880123056364,297.54341578317445,124.23950259901672,6.429856068063858e-05,219,9.508090101917333e-07,True
ALT_101,GateA_converged_v1,GRAIL-CHT-1.0,alternating,1,824.1105658094325,325.1719441653927,295.77900429741374,4.596162574095141,0.004439273543789526,0.0003699394619824605,34.36942190537758,0.3525120292009156,1.3030624487371603,5.198875,1.8326659758119102,28.056939,3.4864879699808333,190.49255317622405,540.3859652904272,0.0004756126542351944,80.86643760854122,0.00036006844238325314,534.7711149277013,280.79546643790786,23.165417781561533,337.6738053023475,12.501861136954801,231.9865782244701,0.5331426844806724,338.49140857360874,340.98770752922087,331.917360842095,9.070346687125891,2.1122978274691353,340.7591728540116,340.8454837945619,340.93776245834454,13130817560.605556,13127759154.402525,338.5111216445906,282.3591486818263,6.47117150128263,37.75663955701568,6.144601214589047,2.233603965402285,296.2045694859946,135.28773224944396,5.6022434400026014e-05,176,9.604590331946383e-07,True
ALT_102,GateA_converged_v1,GRAIL-CHT-1.0,alternating,1,400.05312036349414,304.69414116100955,292.37514189177887,3.738868662592456,0.0031753839608944004,0.00026461533007453335,25.62454189962877,0.5465703673121804,1.785178412845015,5.198875,2.8415510183601125,28.056939,8.381706569262615,91.4737537905719,167.3595190321131,0.0007084663743760395,26.13429168107135,8.323611899038107e-05,259.59727017571385,275.9622937726567,19.907700917851333,313.0042006740318,8.310059513022225,110.30029211142599,0.522185824230144,314.1949495842963,316.36384592851937,308.87324284710695,7.4906030814124165,1.8299854030029528,316.17639440466314,316.24998683788164,316.326122327892,9747314177.06742,9745335597.366446,314.21089599317895,137.0673586527769,3.0512411519161473,20.576982994168937,3.138994845210938,2.323356946919669,291.1490541075811,85.33954951830964,-0.00011122264746842292,265,9.758999794939882e-07,True
ALT_103,GateA_converged_v1,GRAIL-CHT-1.0,alternating,1,521.6209208565308,305.51523868580455,298.4611634569098,4.342836584555979,0.0026540595860295763,0.00022117163216913135,23.320563790631237,0.9472111647374385,1.3647276077367683,5.198875,4.92443244407435,28.056939,25.172937919607087,81.80095673953996,86.35978943746375,0.0006621734792534438,7.931887596778246,2.11150474539001e-05,338.48346689024874,284.62354214346504,22.20277902131272,319.07390454813157,13.558665862327018,150.41941970174656,0.5461538316347505,321.7886917706493,325.7700966398422,312.2205396620694,13.549556977772795,3.3645936180682625,325.43386078617647,325.5738911551007,325.70605687999796,10729182811.061394,10722180465.72142,321.84121662631526,178.71927051805133,3.4254766512782595,21.518330710389076,3.3558953479434783,2.2976374343114254,297.6885017415499,132.99651657615547,8.287113836437683e-05,348,9.67863570622285e-07,True
ALT_104,GateA_converged_v1,GRAIL-CHT-1.0,alternating,1,983.1650887015024,321.5094214115607,311.5456317270946,2.7570508807523315,0.0031174745236878867,0.00025978954364065725,32.56174526949035,0.40127568810032915,0.6167587187095118,5.198875,2.086182142972599,28.056939,4.517789421876189,136.6749695529862,340.6011717281361,0.00046551472641696503,65.30378500185192,0.0002041954724610476,637.9827082140258,303.5439470961433,16.176793346858858,344.11264624243086,22.603224830870147,294.5436062151254,0.5673998654494185,347.484810408834,353.3316059471752,333.13376420222085,20.19784174495436,4.964113820031742,352.8785344990607,353.05081650601403,353.235443167567,14597267666.295326,14579522490.310734,347.59049574116267,336.8548699370057,6.010111257988492,31.130793360259727,5.170205815415206,2.2297384667542235,312.61881425715956,229.9803727881345,4.5505714927164316e-05,313,9.780030154615815e-07,True
ALT_105,GateA_converged_v1,GRAIL-CHT-1.0,alternating,1,615.1602152306772,329.1717686974042,293.1093657930649,2.7050780872034452,0.002608437334417308,0.000217369777868109,33.165667471141056,0.4877578115594764,0.6852225067929573,5.198875,2.535791892571273,28.056939,6.67496134219149,120.03499817335054,246.09549109950788,0.0004434983561917841,28.966825128441865,7.578550463848064e-05,399.18176978469296,277.00245708684656,15.97929673137309,342.86884223554375,13.697073538139534,149.3428643946158,0.4597929564977604,345.69751267439176,349.67513086525844,336.2178511576622,13.457279707596228,3.3933246502517496,349.3992338214205,349.5090901686607,349.62070915731897,14290091257.720654,14281868140.189985,345.747262778353,210.76797444631788,8.071443899694627,45.78819182180409,7.565324328513169,2.212198805303215,294.4154620894196,133.23056783816995,7.116910934748684e-05,355,9.750568210620258e-07,True
ALT_106,GateA_converged_v1,GRAIL-CHT-1.0,alternating,1,624.1820808313238,304.0054009187005,285.57626017315744,1.0005554785615667,0.0022542180438299454,0.00018785150365249544,30.440041364253183,0.8856975812869429,1.1681824591254002,5.198875,4.604631012913155,28.056939,22.009552133571965,70.18131675050745,79.23846494932512,0.0006555320148075234,7.64493609358643,1.7285208511624218e-05,405.0361215260118,266.3926453798722,9.502110818533954,321.6358479294434,17.6304470107429,166.12520400865023,0.5040693699171183,326.15700574619285,331.7681100055842,312.99019838292054,18.77791162266368,4.7923948329037875,331.3860258245568,331.5414939024112,331.69588447847804,11330934048.358383,11316362369.038631,326.261950293041,213.85907216573423,5.583747810000307,36.31203127927023,5.837941056293442,2.2277819702721744,285.48810507953937,163.50756107939588,6.920983923190377e-05,445,9.758405212778598e-07,True
ALT_107,GateA_converged_v1,GRAIL-CHT-1.0,alternating,1,479.83770536428483,301.4274661775026,290.98388217733736,4.5537636302594215,0.004361603921306915,0.0003634669934422429,23.43958517997594,0.7366945559267061,1.1450334408875098,5.198875,3.829982909443454,28.056939,15.22703019416404,116.85303737031411,158.6180275532535,0.0007617732464686615,25.00830497748597,0.0001094045346590191,311.3700458748219,273.99489948514815,23.0043017949858,309.1734399098355,7.745973732332914,141.22075411408542,0.5574041941023397,309.695872874046,311.3006151792744,305.4378841599692,5.862731019305215,1.3488421520864038,311.1419320133949,311.2009551689933,311.2671325127537,9200067117.975746,9199022291.932337,309.70466632301634,164.40338422190598,2.5764258853261928,17.91446006766237,2.691904675252753,2.346436417588096,289.63196096051973,84.0155653266433,-9.763814870257329e-05,193,9.86099792044115e-07,True
ALT_108,GateA_converged_v1,GRAIL-CHT-1.0,alternating,1,674.6621779799772,309.00295320588293,301.36535952259914,1.4731536446593185,0.0034195854821093643,0.00028496545684244704,27.47710876051156,0.7683078744158002,1.9125768919058006,5.198875,3.994336600603443,28.056939,16.5619266372084,113.17104758311459,147.29908588945116,0.0006166768220331667,12.863397082599906,4.4119845450618445e-05,437.793009926453,288.78795405650146,11.29798384970541,323.15566975114433,14.152716545261399,202.2970524478448,0.5678965998300972,324.90742783531863,328.4118913944336,316.2063845951939,12.205506799239686,2.9538226278250446,328.1014030185707,328.22091978356264,328.34699611738984,11149439192.42389,11143934739.59356,324.9475417286393,231.1547092411672,3.581569005063422,21.889175932117265,3.386759045753279,2.321573970972076,300.39189702373386,147.79586530599187,6.610740873135735e-05,259,9.692819844531186e-07,True
ALT_109,GateA_converged_v1,GRAIL-CHT-1.0,alternating,1,669.1468958966466,306.2676291218688,289.85543697389545,2.3914126621628244,0.004051113687223751,0.0003375928072686459,35.84100874601778,0.4768526762579901,0.9806899898918333,5.198875,2.4790974572807585,28.056939,6.379824568293146,124.17644878226105,260.40841325818263,0.000665816713060091,58.78900000954432,0.00023887755526265017,434.2141047756052,272.4026036858944,14.787368116218733,317.75153295528156,11.48390383341274,194.46446800961255,0.5504081673895395,318.7124707204766,321.17903602427117,312.39936607654994,8.779669947721231,2.0886361329200005,320.9657112035527,321.0465056513449,321.13277072141534,10320667642.286472,10318016743.341576,318.73293960481533,229.26504732151957,3.999520829115754,26.649532893788052,4.151369317964215,2.284025055019448,288.86541540884207,123.07672999141869,6.816173718375402e-05,183,9.624861263546336e-07,True
ALT_110,GateA_converged_v1,GRAIL-CHT-1.0,alternating,1,790.4050892565067,317.25988754299954,285.7372374692516,1.0850208740335952,0.002713781989708252,0.00022614849914235434,21.382292134067207,0.5739429259586738,0.5556756764564335,5.198875,2.9838575291934,28.056939,9.242249806673392,107.58911243710945,187.45611727403067,0.0005147852896805144,24.97177381660208,6.79718656314572e-05,512.899395254172,266.6179225635888,9.823079321327661,335.6832637021533,18.423376159153747,208.98757039518708,0.5007682741357914,339.26239194464773,344.5906523782749,326.404497221933,18.186155156341897,4.515263484991231,344.1527039252345,344.33367468019196,344.5086320807723,13261773791.735218,13247773030.41816,339.351992862007,270.8108806942028,7.686018081320895,46.437019403375,7.700122125503634,2.1875621656144393,287.2536647311567,182.30832240786486,5.564356048443447e-05,361,9.8108279189546e-07,True
ALT_111,GateA_converged_v1,GRAIL-CHT-1.0,alternating,1,985.5464013389994,302.891402363758,300.36480374510984,0.9819696977569864,0.0019967121552103926,0.00016639267960086605,20.785491715277725,0.9436105759726071,1.873057785166725,5.198875,4.905713433159588,28.056939,24.98192427237786,70.728552612735,74.955235150722,0.0005761561314890139,5.137347545382737,1.0288670300306907e-05,639.527958653686,287.3509516876711,9.431484851476547,336.8117104606022,33.920308096844224,283.1076024091825,0.5440521523877481,347.2002746877935,358.8629873036462,319.96765088730064,38.89533641634557,9.968751703349769,358.0423808243741,358.3838469989586,358.7177650562278,14602872150.083197,14531827716.082605,347.6238544649923,337.67076216914626,7.48243344121098,40.34283311752782,6.737745077035055,2.20643276660266,302.0169397195633,303.0638375800224,4.386645410365603e-05,551,9.883075904326688e-07,True
ALT_112,GateA_converged_v1,GRAIL-CHT-1.0,alternating,1,656.3288353018759,296.3540637673613,301.08724762328643,4.034770102692552,0.004396840465230032,0.0003664033721025027,27.244101573754833,0.921701674820073,1.0090896923678332,5.198875,4.791811794680208,28.056939,23.83532298138883,110.22183061359759,119.58514736898377,0.0008141278009297227,17.35534449034498,7.653829583064785e-05,425.89637552923426,288.38828884219174,21.0321263902317,308.0009704745222,11.646906707160895,214.05608914608112,0.6176922876775623,308.7805585232948,311.17431183625695,302.4819571280423,8.692354708214623,2.0140189708873018,310.94303127457584,311.02895259262044,311.1246280213452,9093065020.864098,9090751655.35192,308.80020085227324,224.8732862794357,1.2691444237756113,8.441136672316981,1.1067587578241074,2.6629777542002326,299.32661896811265,126.69952963070213,6.994136140911371e-05,166,9.633012041376787e-07,True
ALT_113,GateA_converged_v1,GRAIL-CHT-1.0,alternating,1,546.385655027363,288.26974480816324,303.99312280180527,1.679393284605857,0.004487108910831986,0.0003739257425693322,34.001141648218905,0.4206930978683639,1.987974838153841,5.198875,2.1871308291803904,28.056939,4.965592329598487,91.7894996062405,218.18636928282032,0.0009976842255070742,84.5983896365818,0.0003807444212440748,354.553476246841,292.57331723686406,12.081694481502257,298.36487811811116,10.095133309947926,189.3454837980153,0.6563292200846952,299.00393240608236,301.005485565815,293.7132182645618,7.292267301253162,1.6921106013794744,300.8192171863967,300.8892227545672,300.96476045083006,7994491112.137019,7992959276.294215,299.01825726410067,187.20423545833205,-0.17719512705561247,-1.2461523961667444,-0.7177443153782103,0.8128362040883392,300.3996033787539,109.27085746851982,-8.359911424743109e-05,171,9.492796380072832e-07,True
ALT_115,GateA_converged_v1,GRAIL-CHT-1.0,alternating,1,820.3977875911369,304.99374429454565,296.65541476362637,2.1105470053374282,0.003534725916168764,0.0002945604930140637,35.896441513363094,0.5267399468171658,1.8304706900035486,5.198875,2.7384551410090934,28.056939,7.7845372126690116,111.25942507492265,211.22268350294948,0.0006483931674206605,28.322328512488127,0.00010041290732130121,532.3618671524018,282.0444105234577,13.720078620282226,321.7976603274298,16.80391603288416,248.28045272725848,0.5731708901189903,323.74198438038377,327.73554845352135,313.8204494524159,13.915099001105432,3.3856112993693825,327.4107258552597,327.53610302942326,327.6660063078171,10992075275.943073,10984899744.355375,323.7948399381618,281.0870658564682,3.9721707298783215,24.937612714866905,3.8966705664691066,2.2938946446987463,295.81225259081646,176.043866022005,5.660808152258776e-05,258,9.99248470634484e-07,True
ALT_116,GateA_converged_v1,GRAIL-CHT-1.0,alternating,1,926.9084279233429,330.96256115011613,295.53544628804866,0.4074848306730378,0.0037186929138691414,0.0003098910761557618,25.53679671928863,0.8183152282757173,0.7098117770599105,5.198875,4.25431858240192,28.056939,18.78804338048491,179.2491012760756,219.04651787279303,0.0004234019232373413,10.44395636973091,3.895473073708809e-05,601.4773672384525,280.4487080318603,7.248442356557543,347.42473855888437,16.46217740876824,255.89033075320427,0.522857235236786,349.11122099051124,352.9539611888147,339.3635942089223,13.590366979892394,3.233492781924267,352.59951951701885,352.72946369901257,352.8805189092515,14862018129.742018,14854404014.770376,349.15594951301273,317.58004990190295,8.31339716549777,45.66876446456006,7.707404345130137,2.180772745623172,297.96292715660826,174.66705338406376,4.823146503421554e-05,243,9.619341767574952e-07,True
ALT_117,GateA_converged_v1,GRAIL-CHT-1.0,alternating,1,998.9176257812499,296.8310898993229,307.16895772303246,3.6250340604616267,0.0041400787180890745,0.0003450065598407562,31.1220898225412,0.9483121375034237,1.2095141920516117,5.198875,4.930156263863113,28.056939,25.231490493644007,113.3259751894339,119.50282054575597,0.0007455875215194474,13.990507092833607,5.8096088937126036e-05,648.2046397928334,297.1700681447704,19.47512942975418,315.839639527236,19.008549627913112,328.9530076247796,0.6236921281753904,317.28698258132846,321.32184303693197,306.7675547921185,14.55428824481345,3.3986445563696996,320.9406081274944,321.08562535326826,321.24228077694113,10141598893.058577,10134656143.455193,317.3413080160098,342.25204981061603,1.6535033693829546,10.189803252893164,1.4555778090014313,2.4893771511903022,305.8745641154622,202.853022553423,4.609309394990611e-05,218,9.715811870592006e-07,True
ALT_118,GateA_converged_v1,GRAIL-CHT-1.0,alternating,1,462.62582989594335,303.5960643373923,311.8556773182949,1.949591204220835,0.0036238781016049676,0.00030198984180041395,30.278033631351096,0.37594717048015713,1.38917464055387,5.198875,1.954502345930027,28.056939,3.9654632459387886,103.97429015950749,276.56622611818636,0.0007113234293967315,80.49793613929144,0.0002925924854559412,300.2011394002869,303.9971834629651,13.108446576039173,313.70056155143146,10.104497214039156,153.0610086394429,0.6266149773858115,314.7921222524815,317.16343631329005,308.81101536577125,8.352420947518794,2.0034266151120326,316.95497707618114,317.035163780322,317.12055080093205,9822016443.4476,9819636737.0699,314.81119232535445,158.50620160335149,0.7051196021673108,4.317794245651606,0.4224366062959519,3.5120241288655003,309.95626099413045,105.93539344826961,-9.93590185615008e-05,201,9.876466151581553e-07,True
ALT_120,GateA_converged_v1,GRAIL-CHT-1.0,alternating,1,538.1740661057468,327.77228840410015,291.92996825938684,1.5418814112848336,0.0013769774666337867,0.00011474812221948222,20.658488056125016,0.8876670025988689,0.872528641505915,5.198875,4.614869788136195,28.056939,22.107541049292593,64.68531316273089,72.87114759628142,0.00043445084411033384,3.1866982665668493,4.401215352079739e-06,349.2249187144818,275.3322588776184,11.559149362882367,347.0641246049119,19.29183620081176,111.03929122696239,0.39076890020287686,355.37391869725076,362.78417526484924,338.21546593521265,24.56870932963659,6.458366494447978,362.4074865329585,362.5688268013259,362.720606777617,15980692488.907585,15949321227.939863,355.5485392038387,184.39075708124642,10.05020309291563,54.17407758256565,9.12703889010749,2.1897001971951324,294.69980870410626,140.48373397510454,7.933624091176933e-05,751,9.845020372267754e-07,True
ALT_121,GateA_converged_v1,GRAIL-CHT-1.0,alternating,1,553.3646629963365,298.36121755614164,312.8319080192398,1.4379459409532733,0.003493041672257852,0.00029108680602148764,35.56553147598944,0.5299127333574625,1.0693598196642116,5.198875,2.754950061633778,28.056939,7.878599037808295,92.56253443260131,174.67505233576173,0.0007701725336104562,43.37711864568455,0.00015197400506705033,359.0822033709637,305.4257457922826,11.164194575622439,311.1927601041575,12.831542548015875,187.35225166939907,0.6412296153111454,312.71675883246957,315.7932255267423,305.0853562530425,10.707869273699771,2.608495782038976,315.54512396890954,315.64055394337976,315.73984739604333,9567208526.380169,9563230525.128622,312.7492738297424,189.59540337986886,0.31819406229092656,1.9413717557959749,-0.01656534781587122,-36.89468862267115,310.54245317365655,134.13858282772287,7.976997124529029e-05,244,9.513875625088986e-07,True
ALT_122,GateA_converged_v1,GRAIL-CHT-1.0,alternating,1,764.4003052189355,318.0538907868739,308.58086155248674,2.904577632808949,0.0017001527562989557,0.0001416793963582463,29.90937504750812,0.4127477028105749,0.7252653026004119,5.198875,2.145823713449327,28.056939,4.779798818882747,74.1363357286617,179.61659198545706,0.0004680328371309722,30.058101391145296,5.125713533527497e-05,496.0247088587037,299.2213366239117,16.737395004674006,346.86647085479376,28.81258006791984,204.76059140957355,0.5073312343665886,357.21085987169636,367.4961320859401,333.42302628580836,34.073105800131714,8.923614326372821,366.96302312064074,367.18988514806654,367.3993529403835,16342013888.684067,16281657514.463886,357.5414473103186,261.90104627739555,8.399397165150619,41.745003985444896,6.995905564234794,2.22538684355733,310.45711571025896,235.97595801966585,5.656830845086478e-05,635,9.889665193441033e-07,True
ALT_123,GateA_converged_v1,GRAIL-CHT-1.0,alternating,1,568.0148604829012,297.6532278659657,307.51520350418144,2.884283980765398,0.002769768690989766,0.0002308140575824805,20.07801571094827,0.9673640005896861,1.7121773720182283,5.198875,5.029204518565705,28.056939,26.255490193702318,74.57082304647174,77.08662199649235,0.0007580433851470631,9.072605917811314,2.520463371799624e-05,368.58881907137794,297.672672022482,16.660279126908513,313.41845110968893,15.765223243723256,182.52397090216238,0.6085920684116664,316.4189696015333,320.97802629488206,305.40803955488065,15.569986740001411,3.8451380842339193,320.57837964727014,320.7476114204498,320.9008830789996,10033043583.96676,10024207497.106821,316.4886754057108,194.61489646968755,1.5070713292729443,9.302807007092511,1.2808946933173855,2.571886996035944,305.9999729008867,157.94436197294823,7.837932506781964e-05,344,9.953241715265904e-07,True
ALT_124,GateA_converged_v1,GRAIL-CHT-1.0,alternating,1,990.0515585313489,289.88197728307114,301.8344692729305,0.142426650521995,0.0033821752032368955,0.0002818479336030746,21.334440660972355,0.6538059183198034,1.0565045477830783,5.198875,3.3990552436048684,28.056939,11.99328027624044,83.0201678498386,126.97983533582821,0.0008314420615368568,28.132940279688658,9.54368435387236e-05,642.4513866919019,289.46251375780264,6.241221271983581,312.5444755763676,22.662498293296437,320.39089624272015,0.6128983229456962,315.4374142708227,321.15465053285493,301.17766172142865,19.97698881142628,4.805927358640208,320.62796228947474,320.8289703152169,321.0471498317184,9914098946.270634,9900401702.6318,315.54645993012144,339.21433217332424,2.2761246727906705,14.590242487393411,1.9569179907444572,2.620788869159537,299.09657346633344,236.8826311539844,4.4449677165781654e-05,288,9.604358410797431e-07,True
ALT_125,GateA_converged_v1,GRAIL-CHT-1.0,alternating,1,732.0187656714647,318.77005711253054,288.9153375708755,0.4479301097759308,0.0013987863318884555,0.0001165655276573713,27.92217607385199,0.3774292475444692,0.6311385765822997,5.198875,1.962207479327752,28.056939,3.9967905553359175,61.772048892349765,163.66524135115338,0.0004621456510495639,33.93508726685255,4.761076854595316e-05,475.0121011755731,271.07843789295214,7.402134417148537,347.8008608330012,29.030803720470658,169.7409862523511,0.43916789528553557,360.12448441893827,371.10360677899683,334.86258330562066,36.241023473376174,9.604815452565617,370.6059764201361,370.83096337961365,371.0193302486722,16890421628.480574,16819403832.955763,360.5040289485644,250.8063894207026,11.284926482548784,59.53618902554151,10.24413908856724,2.156084819745277,293.4448944249434,212.7503137572358,5.923760328648452e-05,776,9.958500299944717e-07,True
ALT_126,GateA_converged_v1,GRAIL-CHT-1.0,alternating,1,638.0006636752368,288.5212444622331,286.1964462863453,1.2805536217400584,0.00296284409540995,0.00024690367461749585,25.890943076644575,0.6798850082572961,1.8988811157333934,5.198875,3.5346371723036505,28.056939,12.969141174417393,65.05631173496862,95.68722790597063,0.000929477451621183,20.685369444438926,6.147194054145363e-05,414.00309666350677,267.2609039235616,10.566103762612222,304.06122296557055,15.539978503337466,192.45779024489784,0.5713213345509637,306.6380900876577,310.88962810923385,296.32788506476953,14.561743044464322,3.5918347370319066,310.53134262279593,310.67371286128093,310.8206882110834,8848303662.095505,8841061363.604496,306.7008676949185,218.59363503833157,2.811361693242678,20.383597802923084,2.9407323576899365,2.4215129922668917,283.8087829662645,157.3688945413936,6.996524761637304e-05,316,9.870412327472877e-07,True
ALT_127,GateA_converged_v1,GRAIL-CHT-1.0,alternating,1,582.0602776758244,322.7069301518482,296.1891486028719,3.9640469251467163,0.0031652145240998455,0.00026376787700832044,21.165481979174768,0.44337284925084747,1.483245879548506,5.198875,2.3050400216490003,28.056939,5.515418575887135,129.62538441841218,292.3620258602571,0.0004983478507540434,31.92870200769569,0.00010136528719199027,377.7029886057861,281.37971975636634,20.76337831555752,334.2338689322055,11.526938780357284,152.50827831226593,0.4962397319927442,335.9118542044164,338.9512977329541,328.4303769053688,10.520920827585314,2.561210674361565,338.6826614345411,338.7871415598645,338.8968219111823,12736564002.710796,12732137520.475077,335.94104635772186,199.42717798385507,5.970999843163945,35.23324303974311,5.714503531753815,2.2370468240425625,296.45117930228315,118.68471095130596,7.684856689003919e-05,261,9.830114322539885e-07,True
ALT_128,GateA_converged_v1,GRAIL-CHT-1.0,alternating,1,702.2304908098218,293.7252403344399,312.0126028896009,3.185308584074141,0.004301124639441072,0.000358427053286756,35.179191223854886,0.581758393642783,0.6693963518673411,5.198875,3.0244891687496236,28.056939,9.49566979628344,103.88827947990988,178.57633102531634,0.0008449577059816876,57.9629054796997,0.0002500558484777636,455.68228109992896,304.22666909973435,17.804172619481736,307.23890480997267,13.513664475532778,242.95813292348782,0.6552663050718692,308.2038471212599,310.9759018488528,300.9910464825732,9.98485536627959,2.345909057289681,310.72829942348733,310.82132303856304,310.92127769387616,9026151865.462044,9023026270.18896,308.23053427000735,240.6002444207625,-0.24318038906462078,-1.5669371022400727,-0.5479271353793665,1.172482089544287,309.9587918907164,145.8965238569696,6.488935998602192e-05,192,9.528283726467635e-07,True
ALT_129,GateA_converged_v1,GRAIL-CHT-1.0,alternating,1,718.4347887804221,299.4999013954464,283.45323379517157,0.6292834257148079,0.0032954829772077897,0.0002746235814339825,20.542807910461825,0.9161083411780967,1.243759860998746,5.198875,4.762732752242278,28.056939,23.546912109294528,91.42952570420613,99.80208845891482,0.0007356175855279263,11.690705316411721,3.864244770490214e-05,466.1973634831372,263.4275554769061,8.09127701771627,314.4815290841291,14.981627688682693,206.37370189908017,0.5440428136327803,316.51416898894354,320.3794419389286,306.91466459371816,13.46477734521045,3.2462208252564198,320.02310597604486,320.16284009151184,320.30680872368254,10042582490.417683,10036276674.540154,316.5638739256754,246.15220791909647,4.405059652063675,30.61715312044703,4.756142061998624,2.2787643223582004,282.22344178134665,156.29754024046832,6.141952097457141e-05,277,9.683667485660408e-07,True
ALT_130,GateA_converged_v1,GRAIL-CHT-1.0,alternating,1,749.3655015026209,319.3738146169125,291.29249176186823,3.1145349992586473,0.0026690497593455965,0.00022242081327879972,21.825834812929543,0.9940738727346405,1.9738209509226392,5.198875,5.168065805113304,28.056939,27.72538634882122,108.98021029559537,109.62989098164005,0.0004998371434594544,5.530888524227974,1.4806636594341018e-05,486.2685194835611,274.4309023351981,17.53523299718286,337.19581623655637,17.822001619643856,198.83344217998317,0.5025297911661654,340.7837194578317,346.02837160475065,328.17320617055634,17.855165434194305,4.431273725792795,345.5823400444771,345.76816557789,345.9424002471981,13500607610.318907,13486999913.675653,340.86964531224794,256.7497782873203,7.3997722731693,43.39661246674903,7.119801916222424,2.216352990476868,292.18019992167694,176.11097314990423,5.8208890136380284e-05,366,9.773948477231897e-07,True
ALT_131,GateA_converged_v1,GRAIL-CHT-1.0,alternating,1,631.5229087409299,307.0110890498341,293.64447458298355,1.799473540644538,0.002738064028969248,0.000228172002414104,27.93861119125312,0.8673510827704496,1.1530177814433924,5.198875,4.509249860438222,28.056939,21.107176312098684,88.48264725884314,102.01480002332654,0.0006315460007106792,9.334220942661783,2.5634598396743888e-05,409.7996361423506,277.76135853093507,12.537999454449244,322.577176078996,15.566087029161906,178.15554159935556,0.5342890872420375,325.56126317706264,330.0241483101905,314.8717923038005,15.15235600639005,3.7831660308604143,329.6658847129071,329.81247054975,329.95659956191696,11242966580.009396,11233908946.563154,325.6268664197684,216.37420788316112,4.605914617301026,29.021056111930566,4.591545273190382,2.267892255054465,293.0581393727145,154.3915492128727,6.94543887900341e-05,347,9.766172297531739e-07,True
ALT_132,GateA_converged_v1,GRAIL-CHT-1.0,alternating,1,919.1880732499704,316.1658331301952,285.10774508255736,2.4175786571285736,0.0014591616150100805,0.00012159680125084004,29.825649629434913,0.7232762346155106,1.0814551855327434,5.198875,3.760222734236713,28.056939,14.677384737988243,65.3502812663489,90.35314329260207,0.00045569622662749217,5.289580334261383,7.741577315212037e-06,596.4675750484186,265.7373505207289,14.886798897088578,352.25424312606265,36.08840999586744,220.1138785211523,0.453533240711045,366.97540293920264,380.48150709977807,335.88343892902014,44.59806817075793,11.770800313916169,379.83029545959937,380.1158833716536,380.37046093180635,18246789086.30618,18136263794.14176,367.53323144109856,314.93487962556503,13.423689839563792,69.6196929198806,11.777471168530422,2.193604093070325,289.00244807953027,270.69500470398975,4.673233974557794e-05,752,9.862732781584782e-07,True
ALT_133,GateA_converged_v1,GRAIL-CHT-1.0,alternating,1,958.317871817031,314.4999628011986,287.25411875586633,4.7631336443541965,0.0041679494875427785,0.0003473291239618982,25.906323933810665,0.3713315751992302,1.580296498337195,5.198875,1.930506443013898,28.056939,3.8686910405110773,154.4130884054429,415.8361386924766,0.0005508810519790696,67.47633205259574,0.0002820841961884481,621.859175247174,268.7438128177971,23.799907848545946,330.3623615513371,15.862398750138482,276.3551687808866,0.546165271738585,331.5650108073947,334.9656929528004,322.7605331869791,12.205159765821293,2.8590869982954947,334.6446781212341,334.76364268146386,334.89860304858325,12091153226.656364,12085782584.9718,331.6018396224006,328.3416445305079,6.264403085302829,39.3473556267329,6.374559468924379,2.222009754617133,287.4965948828738,171.0296889105675,4.798924042778821e-05,209,9.710126960271737e-07,True
ALT_134,GateA_converged_v1,GRAIL-CHT-1.0,alternating,1,497.41933117026616,316.5382378731803,302.34854325094864,4.392739141424456,0.0023209637358487002,0.00019341364465405835,34.53023324150283,0.8318074706893694,1.4972557147583694,5.198875,4.324463064180196,28.056939,19.412699015219125,87.41723460882463,105.09311071271898,0.000541864610810158,7.048626573460628,1.64088331640337e-05,322.7788859317038,290.20233228279164,22.392408737412932,330.25945889894416,13.721221025763839,133.11818780367557,0.5068515920723315,333.6543160648836,337.92028830919116,323.6615968174833,14.25869149170785,3.6528920912028333,337.64751598081966,337.75713979003183,337.86743561774136,12402174012.667566,12393300740.326729,333.7140219316866,170.42725177193964,4.823009271366163,27.982260767453585,4.503644618370553,2.257127029588842,302.3146266151879,128.6349272505941,8.76098582912947e-05,408,9.80104744030541e-07,True
ALT_135,GateA_converged_v1,GRAIL-CHT-1.0,alternating,1,512.7672286370617,289.05795109154644,310.75060399723264,2.630155125721741,0.0032626303643355213,0.00027188586369462675,32.39109545207486,0.541485984682083,0.7104133859549984,5.198875,2.815117948614064,28.056939,8.226492922449738,70.63055271919336,130.43837646261878,0.0009427461466113544,57.53918921846251,0.00018829398784694367,332.7382440331898,302.382776116911,15.694589477742614,302.31556987238366,13.25761878083722,180.80468609934354,0.6678139679920307,304.10923200470705,307.4352606319105,295.86945177775647,11.565808854154056,2.818356670159033,307.16656080527486,307.26893168628806,307.37787311860427,8557389031.327382,8552998932.122116,304.14824793380103,175.68579284952423,-0.5483030904970649,-3.6153140224466314,-0.9554269562520147,1.4597696967003468,308.1583265245605,136.01422872245615,8.584608576295673e-05,268,9.57647841914877e-07,True
ALT_136,GateA_converged_v1,GRAIL-CHT-1.0,alternating,1,724.0185454566672,295.816667802404,286.20166899726655,1.6060203007114353,0.0013265930080306034,0.00011054941733588361,21.100425425378255,0.8702470184499866,1.3129929180411435,5.198875,4.524305468044175,28.056939,21.2483580530362,40.846318204819774,46.936464404752485,0.0006628332480416449,4.634771955932691,6.166956941380774e-06,469.82070227664946,267.26821969998633,11.802877142703455,328.66888268951044,32.85221488710641,182.17074761237683,0.47653524552862553,343.14870821412876,355.8411505672875,313.7633555569136,42.077795010373904,11.081566512749282,355.2106092499582,355.485851116082,355.7386345102323,13950935012.611332,13865306467.068644,343.677285062406,248.06533080207092,8.426057477374712,49.27598379933402,8.19239404264118,2.1915159886525655,287.96038578252785,233.1566930816497,5.9609435827814333e-05,824,9.94806498511025e-07,True
ALT_137,GateA_converged_v1,GRAIL-CHT-1.0,alternating,1,771.9648122737694,308.10699978601343,302.7461673178407,1.1012360377775834,0.0036785720384008656,0.0003065476698667388,29.551733683682187,0.36432712210315144,1.7557206517172095,5.198875,1.8940911669240215,28.056939,3.7241168087679415,121.13994581300312,332.5032325721414,0.0006197426535850505,65.04283787249544,0.00023998471885256027,500.93337043813483,290.7749960057934,9.884696943554816,323.51350349792267,15.406503711909238,236.89704313414057,0.5812034890268974,325.1247747082941,328.72798124197396,316.0608190629222,12.667162179051786,3.0335744307627737,328.4049166722618,328.52794656612315,328.66224894048315,11179596272.363226,11173783621.3395,325.167049294222,264.4928195913352,3.4491649016642514,20.927074660918457,3.219383700880284,2.335477236216313,301.6867821023999,162.4622211302069,5.791980737807338e-05,242,9.594020298209216e-07,True
ALT_139,GateA_converged_v1,GRAIL-CHT-1.0,alternating,1,489.37594650724657,318.91704476479686,289.375923519637,2.591480801150773,0.0024320084678531133,0.00020266737232109278,35.03310659277919,0.3935720018990992,0.7857746436346298,5.198875,2.046131641373179,28.056939,4.345989568652739,93.54301119429809,237.67699618602418,0.0005306073161578135,52.611198119017146,0.00012833588699031844,317.5594773201778,271.7269219850008,15.547627044372938,330.3726104915541,11.455565726757243,116.45493731935994,0.45069357205240707,333.0387037793973,336.5128459724287,324.8771551398247,11.635690832603984,2.9736038373994864,336.2904372190825,336.37888692280353,336.4690724335405,12307951093.364597,12302088026.496199,333.0783775182329,167.67140402505387,6.266695381956392,38.668298262186745,6.281322186444654,2.221592013500235,289.7308213621675,109.43931824050249,8.998261034540407e-05,366,9.864762660072302e-07,True
ALT_140,GateA_converged_v1,GRAIL-CHT-1.0,alternating,1,453.78172839484415,325.3824531857089,307.607754746523,3.817607752704287,0.0022634074713965835,0.00018861728928304863,33.441531442239665,0.6507444036450125,1.8245514457951626,5.198875,3.3831388114999648,28.056939,11.881223668839363,97.26934009383092,149.4739555945414,0.00047490448677393367,8.854345704422027,2.0101296110047204e-05,294.4621400275131,297.8070656138325,20.20690946027629,337.6547765038825,12.272323318173562,116.10898145114895,0.48460164920780424,340.7911588954828,344.65327591706136,331.73711902539117,12.916156891670198,3.3081249938164037,344.4075943502471,344.50656482049914,344.6062455130187,13495773490.799835,13488177657.503498,340.8391276874359,155.47600993452693,5.350274181305816,29.242843778793578,4.773760430796828,2.246869119645189,308.039636412378,113.84433327172007,9.653738980237804e-05,407,9.872790656118013e-07,True
ALT_141,GateA_converged_v1,GRAIL-CHT-1.0,alternating,1,974.350433603194,312.77803776697374,293.49422895164815,0.3018476422721085,0.002905525428927119,0.00024212711907725993,22.32385431359204,0.4404149576507096,1.9544694929816675,5.198875,2.289662312956333,28.056939,5.442073570034489,111.12628857098707,252.32178571718862,0.0005336141874671946,26.817217176306013,7.815256413121187e-05,632.2628168181477,277.5482074470048,6.847021040634012,335.83754313168356,23.05950536470982,280.05991312139906,0.5443796028933415,339.78738117371483,346.2127508652062,324.19950868078666,22.01324218441954,5.4245853813649,345.6617113980465,345.8836266148479,346.10539398167873,13350211370.183508,13329964260.94914,339.91633495249073,333.83476727998203,6.909871083660302,40.20510529453808,6.659727172731434,2.2000298058281396,294.7582991887211,232.40492060620207,4.5114430224506244e-05,344,9.751069001140422e-07,True
ALT_142,GateA_converged_v1,GRAIL-CHT-1.0,alternating,1,471.04717476625217,313.9931694724667,302.8139785172258,3.8746762260977627,0.002133371264964219,0.00017778093874701827,35.708188009970776,0.39204500301452183,1.7400214796517917,5.198875,2.038192965047122,28.056939,4.312331446436185,77.20996651571039,196.94159068990976,0.0005639136070459258,29.108636461037253,6.22863877515212e-05,305.6658090360443,290.8726961955094,20.423769659171498,328.16170243644353,14.168532963976816,126.3477777647542,0.5080065149825242,332.1320079170809,336.7401089933809,321.4560601266382,15.284048866742694,3.9628340806158677,336.4709199354807,336.5795231651042,336.6889804807512,12179008881.176794,12168664688.881678,332.2025691247161,161.39154717103142,4.51159567717448,26.3143349244964,4.217688095823467,2.2638211622437536,302.66036902905387,129.23275094646965,9.338084027046977e-05,454,9.94806498511025e-07,True
ALT_143,GateA_converged_v1,GRAIL-CHT-1.0,alternating,1,711.9071899008263,312.90351530616294,295.0943705973755,2.02917270821585,0.0020621752372287127,0.00017184793643572606,24.2363046799546,0.8276627239019959,1.8821592418155604,5.198875,4.302915043725989,28.056939,19.219721038790347,78.34656703206052,94.6600164167084,0.0005371865039968301,6.021461187472771,1.245467216924789e-05,461.96155887697546,279.8211034065405,13.41085629122023,334.9193118934524,22.015796587289458,189.77379969972196,0.5048692867379764,341.3267003019068,348.7093163418775,324.04944217674927,24.659874165128258,6.310829016723234,348.1973095146333,348.4119452396294,348.61423194141054,13600792968.81983,13573162522.321844,341.5002747775117,243.91570308704306,7.051633793330217,40.439145388338304,6.650977252855574,2.2179605558155093,296.03549711378975,198.11977693848718,6.024737035699683e-05,506,9.770446922630072e-07,True
ALT_144,GateA_converged_v1,GRAIL-CHT-1.0,alternating,1,529.8267869891883,329.03542968101715,283.97069399151707,0.653459944984853,0.0012278362490962065,0.00010231968742468387,36.64988721894629,0.4572414698778825,1.0382546763506768,5.198875,2.3771412467113766,28.056939,5.865857552896192,58.7003365495983,128.37929281715338,0.00042689331763567646,12.255239905868795,1.5092705915542716e-05,343.80831086479316,264.14923784636187,8.183147790942442,348.21297875949966,19.177549078482514,98.42599989645835,0.35183739888104437,357.09602788998535,364.47853952541243,340.2682722518815,24.210267273530917,6.498080383056265,364.18707093945966,364.3444370293586,364.4350305116622,16292801738.443586,16260731458.190392,357.271968767637,181.5307881366108,11.175053346301947,61.40978612660999,10.519801521455936,2.1524063396627153,288.31803877844555,128.8062511042353,8.1113394638419e-05,835,9.86689542514796e-07,True
ALT_145,GateA_converged_v1,GRAIL-CHT-1.0,alternating,1,439.9395751869142,312.1504383601457,309.6480605568326,1.1797494858631703,0.002493957539642099,0.00020782979497017493,25.41775583746568,0.7786169994721285,1.7315074200876397,5.198875,4.047932453130662,28.056939,17.009363043981526,85.9839826586365,110.43167913997544,0.0005919581375450857,9.010705473433534,2.2539936662952748e-05,285.4798699158149,300.77492282665366,10.183048046280046,324.51083319284606,12.360394832700365,128.8539335233392,0.5547160440390381,327.27514984177157,331.03313255873775,318.35678784444156,12.676344714296192,3.1909130726276707,330.7389350100796,330.86106397441796,330.9786050900769,11478859956.130033,11472342958.814186,327.3216180541637,150.73337131555027,2.8424344747905854,16.501023852721342,2.535830891876784,2.3508322038920446,308.7942641319294,119.3457197050504,9.856664191538706e-05,367,9.747308240548591e-07,True
ALT_146,GateA_converged_v1,GRAIL-CHT-1.0,alternating,1,695.9124307239379,311.97989116895155,286.42594566246316,0.915098673176701,0.003547362628140649,0.0002956135523450541,31.857063499127044,0.9801237834041139,1.0954443634635185,5.198875,5.095541034445063,28.056939,26.952691692997835,122.53269076431685,125.01756700438675,0.0005908443853580982,8.958101862930013,3.187325553423776e-05,451.58244768377824,267.5824409630211,9.177374958071464,324.8914325047233,12.911541335771744,191.4520222819573,0.5210404514142112,326.3122838034681,329.3697990381726,318.59591041694654,10.773888621226035,2.578831434553416,329.09985421353105,329.2033655695196,329.31398049763686,11342161910.62557,11337927909.324146,326.3427438048207,238.43553237703492,5.508286694206166,35.73702106513662,5.7380436887118105,2.2309373279653673,286.2873854814111,133.81545117531803,6.653665308470817e-05,237,9.980076924875902e-07,True
ALT_147,GateA_converged_v1,GRAIL-CHT-1.0,alternating,1,616.5602314202838,318.5775775836548,283.03925760915934,3.7921072666208606,0.002538152897205253,0.00021151274143377109,25.31874358955582,0.45200816715793884,1.7252831512479618,5.198875,2.3499339600332294,28.056939,5.7323520148161595,99.26043185259442,219.59875742225532,0.000521868540065889,23.38729100609495,5.9539137838417506e-05,400.090250090242,262.85067244208227,20.11000761315927,332.7073672838379,14.129789700183153,149.909708657279,0.46049013266063465,335.74294779442704,339.98667788273235,325.67154518813607,14.315132694596286,3.6029842619478853,339.65762012814974,339.7951399951668,339.9256925251493,12715289441.306023,12706548448.526667,335.80067334308416,211.2476520476478,7.413857542200468,46.34199125158758,7.581946373976624,2.2042165723476628,283.8406506078286,136.7518197971866,7.01653261867928e-05,370,9.69806194461853e-07,True
ALT_148,GateA_converged_v1,GRAIL-CHT-1.0,alternating,1,501.1967879182783,317.63184633400823,308.76333127769715,0.0887815751987222,0.003502341018250929,0.00029186175152091075,34.68701418695118,0.7519039161428969,0.676345211365526,5.198875,3.9090544720374036,28.056939,15.862256979628567,130.23762320125672,173.21046001375726,0.0005488345785407433,15.872336931411853,5.5757609518939635e-05,325.23010405768616,299.4867787449797,6.037369985755144,327.6651727471525,10.033326413144266,146.88574610134853,0.5550568312797806,328.84142223888654,331.2426234970918,322.8667376681058,8.375885828985986,2.0339969900849684,331.0449498976246,331.1205810961863,331.2005143005633,11696218824.205595,11693541773.39055,328.86024137957963,171.7214949424583,3.2293946711528263,18.718077185787894,2.888431690920114,2.342722881327958,307.87747186428606,104.73985268377234,-9.009166331794475e-05,208,9.732423791319889e-07,True
ALT_149,GateA_converged_v1,GRAIL-CHT-1.0,alternating,1,810.3819935710516,322.95247571051243,305.989666266972,3.4871662435315627,0.0033599795049242516,0.000279998292077021,26.790167779857153,0.6878274117437818,1.843125580085182,5.198875,3.575928735229454,28.056939,13.27392156744848,143.96188431962472,209.29942869629485,0.0004763307325962812,11.894703459903424,4.008621849792085e-05,525.8625483022103,295.4603565987529,18.951231725419937,339.69959958300404,16.747123872491613,235.20857064803783,0.5497046840582823,341.8461495630587,346.0434932156923,331.45872622064815,14.584766995044163,3.5389272441855106,345.67397781371295,345.81656501592533,345.9662225944791,13664718560.486439,13655976793.507114,341.9008439714923,277.655425503567,5.759581189962282,31.52881115808508,5.158309267427952,2.24204280982815,306.5343797734726,174.1878640419139,5.51907291536849e-05,274,9.740195991980727e-07,True
