hour,G_eff_W_m2,T_amb_K,T_mains_K,draw_kg_s
0,0.000000,293.180000,293.180000,0.000000000
1,30.483973,293.100000,293.140000,0.005555556
2,374.322763,293.010000,293.096667,0.005555556
3,594.984880,292.930000,293.055000,0.000000000
4,775.342422,292.840000,293.012000,0.000000000
5,887.425049,292.760000,292.970000,0.000000000
6,918.679692,292.670000,292.927143,0.000000000
7,863.710912,292.590000,292.885000,0.005555556
8,727.854377,296.560000,293.293333,0.000000000
9,523.390496,296.710000,293.635000,0.000000000
10,275.682018,296.570000,293.901818,0.000000000
11,54.033527,296.090000,294.084167,0.000000000
12,0.000000,295.190000,294.169231,0.000000000
13,0.000000,294.200000,294.171429,0.005555556
14,0.000000,292.880000,294.085333,0.005555556
15,0.000000,293.730000,294.063125,0.000000000
16,0.000000,294.280000,294.075882,0.000000000
17,0.000000,293.560000,294.047222,0.000000000
18,0.000000,290.660000,293.868947,0.000000000
19,0.000000,289.640000,293.657500,0.000000000
20,0.000000,288.520000,293.412857,0.000000000
21,0.000000,288.620000,293.195000,0.000000000
22,0.000000,288.790000,293.003478,0.000000000
23,0.000000,288.840000,292.830000,0.000000000
24,0.000000,288.850000,292.649583,0.000000000
25,30.220043,288.870000,292.473333,0.005555556
26,370.357533,289.860000,292.342083,0.005555556
27,590.754843,292.350000,292.317917,0.000000000
28,771.503112,294.060000,292.368750,0.000000000
29,883.867661,295.160000,292.468750,0.000000000
30,917.561549,295.900000,292.603333,0.000000000
31,865.992537,296.480000,292.765417,0.005555556
32,732.013717,296.840000,292.777083,0.000000000
33,528.946727,297.050000,292.791250,0.000000000
34,281.047651,297.000000,292.809167,0.000000000
35,56.348049,296.550000,292.828333,0.000000000
36,0.000000,295.650000,292.847500,0.000000000
37,0.000000,294.540000,292.861667,0.005555556
38,0.000000,293.220000,292.875833,0.005555556
39,0.000000,294.040000,292.888750,0.000000000
40,0.000000,294.410000,292.894167,0.000000000
41,0.000000,293.750000,292.902083,0.000000000
42,0.000000,291.270000,292.927500,0.000000000
43,0.000000,291.280000,292.995833,0.000000000
44,0.000000,290.460000,293.076667,0.000000000
45,0.000000,289.390000,293.108750,0.000000000
46,0.000000,288.480000,293.095833,0.000000000
47,0.000000,288.040000,293.062500,0.000000000
48,0.000000,288.040000,293.028750,0.000000000
49,29.692182,288.060000,292.995000,0.005555556
50,365.138917,289.540000,292.981667,0.005555556
51,585.404713,292.860000,293.002917,0.000000000
52,766.273847,294.940000,293.039583,0.000000000
53,879.977690,296.260000,293.085417,0.000000000
54,912.683805,297.150000,293.137500,0.000000000
55,856.905487,297.920000,293.197500,0.005555556
56,724.965772,298.160000,293.252500,0.000000000
57,521.375574,298.010000,293.292500,0.000000000
58,275.406976,297.520000,293.314167,0.000000000
59,55.184424,296.750000,293.322500,0.000000000
60,0.000000,295.800000,293.328750,0.000000000
61,0.000000,295.080000,293.351250,0.005555556
62,0.000000,294.040000,293.385417,0.005555556
63,0.000000,294.410000,293.400833,0.000000000
64,0.000000,294.070000,293.386667,0.000000000
65,0.000000,292.790000,293.346667,0.000000000
66,0.000000,290.660000,293.321250,0.000000000
67,0.000000,290.070000,293.270833,0.000000000
68,0.000000,289.420000,293.227500,0.000000000
69,0.000000,289.090000,293.215000,0.000000000
70,0.000000,289.020000,293.237500,0.000000000
71,0.000000,289.070000,293.280417,0.000000000
72,0.000000,289.000000,293.320417,0.000000000
73,29.384263,288.830000,293.352500,0.005555556
74,363.213224,290.060000,293.374167,0.005555556
75,583.718805,293.080000,293.383333,0.000000000
76,764.268216,294.960000,293.384167,0.000000000
77,876.792889,296.180000,293.380833,0.000000000
78,905.075704,297.010000,293.375000,0.000000000
79,851.070149,297.420000,293.354167,0.005555556
80,716.966271,297.450000,293.324583,0.000000000
81,516.712723,297.260000,293.293333,0.000000000
82,275.089441,296.870000,293.266250,0.000000000
83,56.799856,296.410000,293.252083,0.000000000
84,0.000000,295.650000,293.245833,0.000000000
85,0.000000,294.920000,293.239167,0.005555556
86,0.000000,293.890000,293.232917,0.005555556
87,0.000000,292.970000,293.172917,0.000000000
88,0.000000,292.570000,293.110417,0.000000000
89,0.000000,291.320000,293.049167,0.000000000
90,0.000000,290.470000,293.041250,0.000000000
91,0.000000,290.350000,293.052917,0.000000000
92,0.000000,289.990000,293.076667,0.000000000
93,0.000000,290.180000,293.122083,0.000000000
94,0.000000,290.550000,293.185833,0.000000000
95,0.000000,290.750000,293.255833,0.000000000
96,0.000000,290.640000,293.324167,0.000000000
97,29.472239,290.430000,293.390833,0.005555556
98,350.365204,290.620000,293.414167,0.005555556
99,590.374098,292.010000,293.369583,0.000000000
100,773.578199,293.890000,293.325000,0.000000000
101,888.843026,295.290000,293.287917,0.000000000
102,922.541456,296.200000,293.254167,0.000000000
103,870.136475,296.770000,293.227083,0.005555556
104,736.359885,297.200000,293.216667,0.000000000
105,534.067115,297.380000,293.221667,0.000000000
106,287.171755,297.300000,293.239583,0.000000000
107,60.809161,296.850000,293.257917,0.000000000
108,0.000000,296.010000,293.272917,0.000000000
109,0.000000,294.610000,293.260000,0.005555556
110,0.000000,294.040000,293.266250,0.005555556
111,0.000000,294.930000,293.347917,0.000000000
112,0.000000,294.470000,293.427083,0.000000000
113,0.000000,293.800000,293.530417,0.000000000
114,0.000000,291.320000,293.565833,0.000000000
115,0.000000,291.620000,293.618750,0.000000000
116,0.000000,289.550000,293.600417,0.000000000
117,0.000000,289.350000,293.565833,0.000000000
118,0.000000,289.520000,293.522917,0.000000000
119,0.000000,289.700000,293.479167,0.000000000
120,0.000000,289.770000,293.442917,0.000000000
121,28.812413,289.780000,293.415833,0.005555556
122,362.094689,290.640000,293.416667,0.005555556
123,584.576286,292.750000,293.447500,0.000000000
124,768.818444,294.600000,293.477083,0.000000000
125,885.401956,295.680000,293.493333,0.000000000
126,921.486615,296.470000,293.504583,0.000000000
127,871.098570,296.970000,293.512917,0.005555556
128,738.575293,297.270000,293.515833,0.000000000
129,537.002174,297.450000,293.518750,0.000000000
130,289.939607,297.360000,293.521250,0.000000000
131,62.303954,296.870000,293.522083,0.000000000
132,0.000000,295.970000,293.520417,0.000000000
133,0.000000,294.930000,293.533750,0.005555556
134,0.000000,293.720000,293.520417,0.005555556
135,0.000000,294.850000,293.517083,0.000000000
136,0.000000,294.070000,293.500417,0.000000000
137,0.000000,291.220000,293.392917,0.000000000
138,0.000000,289.880000,293.332917,0.000000000
139,0.000000,289.680000,293.252083,0.000000000
140,0.000000,289.390000,293.245417,0.000000000
141,0.000000,289.240000,293.240833,0.000000000
142,0.000000,288.990000,293.218750,0.000000000
143,0.000000,288.600000,293.172917,0.000000000
144,0.000000,288.530000,293.121250,0.000000000
145,28.284552,288.600000,293.072083,0.005555556
146,357.104336,290.150000,293.051667,0.005555556
147,579.191659,293.210000,293.070833,0.000000000
148,762.608008,295.020000,293.088333,0.000000000
149,879.564321,296.350000,293.116250,0.000000000
150,916.340120,297.380000,293.154167,0.000000000
151,866.909819,298.080000,293.200417,0.005555556
152,736.478664,298.390000,293.247083,0.000000000
153,536.655829,298.250000,293.280417,0.000000000
154,290.654130,297.740000,293.296250,0.000000000
155,63.208880,297.000000,293.301667,0.000000000
156,0.000000,296.140000,293.308750,0.000000000
157,0.000000,295.440000,293.330000,0.005555556
158,0.000000,294.470000,293.361250,0.005555556
159,0.000000,295.060000,293.370000,0.000000000
160,0.000000,293.540000,293.347917,0.000000000
161,0.000000,291.580000,293.362917,0.000000000
162,0.000000,290.640000,293.394583,0.000000000
163,0.000000,291.220000,293.458750,0.000000000
164,0.000000,290.300000,293.496667,0.000000000
165,0.000000,289.580000,293.510833,0.000000000
166,0.000000,289.520000,293.532917,0.000000000
167,0.000000,289.410000,293.566667,0.000000000
168,0.000000,289.220000,293.595417,0.000000000
169,0.000000,289.010000,293.612500,0.005555556
170,354.288891,290.290000,293.618333,0.005555556
171,576.053455,293.680000,293.637917,0.000000000
172,759.275645,295.900000,293.674583,0.000000000
173,874.965998,297.560000,293.725000,0.000000000
174,911.542798,298.530000,293.772917,0.000000000
175,861.000062,299.040000,293.812917,0.005555556
176,728.941022,299.230000,293.847917,0.000000000
177,527.715889,299.220000,293.888333,0.000000000
178,285.108566,298.790000,293.932083,0.000000000
179,63.253174,297.870000,293.968333,0.000000000
180,0.000000,296.800000,293.995833,0.000000000
181,0.000000,295.860000,294.013333,0.005555556
182,0.000000,295.050000,294.037500,0.005555556
183,0.000000,293.810000,293.985417,0.000000000
184,0.000000,292.660000,293.948750,0.000000000
185,0.000000,291.880000,293.961250,0.000000000
186,0.000000,291.380000,293.992083,0.000000000
187,0.000000,290.890000,293.978333,0.000000000
188,0.000000,290.440000,293.984167,0.000000000
189,0.000000,290.050000,294.003750,0.000000000
190,0.000000,289.800000,294.015417,0.000000000
191,0.000000,289.690000,294.027083,0.000000000
192,0.000000,289.570000,294.041667,0.000000000
193,0.000000,289.350000,294.055833,0.005555556
194,363.559701,290.220000,294.052917,0.005555556
195,589.167548,293.020000,294.025417,0.000000000
196,774.425888,295.010000,293.988333,0.000000000
197,891.196774,296.480000,293.943333,0.000000000
198,922.709106,297.400000,293.896250,0.000000000
199,874.277754,297.990000,293.852500,0.005555556
200,743.743379,298.140000,293.807083,0.000000000
201,543.317098,298.150000,293.762500,0.000000000
202,296.583459,297.800000,293.721250,0.000000000
203,67.522329,296.990000,293.684583,0.000000000
204,0.000000,295.990000,293.650833,0.000000000
205,0.000000,295.210000,293.623750,0.005555556
206,0.000000,294.580000,293.604167,0.005555556
207,0.000000,293.700000,293.599583,0.000000000
208,0.000000,292.370000,293.587500,0.000000000
209,0.000000,292.750000,293.623750,0.000000000
210,0.000000,291.900000,293.645417,0.000000000
211,0.000000,291.650000,293.677083,0.000000000
212,0.000000,289.650000,293.644167,0.000000000
213,0.000000,289.440000,293.618750,0.000000000
214,0.000000,289.460000,293.604583,0.000000000
215,0.000000,289.480000,293.595833,0.000000000
216,0.000000,289.450000,293.590833,0.000000000
217,0.000000,289.390000,293.592500,0.005555556
218,346.756195,290.490000,293.603750,0.005555556
219,572.416224,292.930000,293.600000,0.000000000
220,762.908240,295.120000,293.604583,0.000000000
221,863.226418,296.570000,293.608333,0.000000000
222,921.872350,297.450000,293.610417,0.000000000
223,871.022552,297.740000,293.600000,0.005555556
224,742.630828,297.700000,293.581667,0.000000000
225,540.429926,297.350000,293.548333,0.000000000
226,295.570593,296.850000,293.508750,0.000000000
227,68.305307,296.240000,293.477500,0.000000000
228,0.000000,295.550000,293.459167,0.000000000
229,0.000000,295.030000,293.451667,0.005555556
230,0.000000,294.510000,293.448750,0.005555556
231,0.000000,293.450000,293.438333,0.000000000
232,0.000000,293.660000,293.492083,0.000000000
233,0.000000,294.040000,293.545833,0.000000000
234,0.000000,293.520000,293.613333,0.000000000
235,0.000000,293.490000,293.690000,0.000000000
236,0.000000,292.740000,293.818750,0.000000000
237,0.000000,290.410000,293.859167,0.000000000
238,0.000000,290.120000,293.886667,0.000000000
239,0.000000,290.460000,293.927500,0.000000000
240,0.000000,290.940000,293.989583,0.000000000
241,0.000000,291.110000,294.061250,0.005555556
242,309.564147,291.500000,294.103333,0.005555556
243,544.192559,293.230000,294.115833,0.000000000
244,730.372736,295.080000,294.114167,0.000000000
245,867.389448,296.080000,294.093750,0.000000000
246,910.162793,296.750000,294.064583,0.000000000
247,863.322196,296.900000,294.029583,0.005555556
248,735.251545,297.130000,294.005833,0.000000000
249,538.322230,297.120000,293.996250,0.000000000
250,294.202830,296.730000,293.991250,0.000000000
251,68.573277,296.170000,293.988333,0.000000000
252,0.000000,295.470000,293.985000,0.000000000
253,0.000000,295.030000,293.985000,0.005555556
254,0.000000,294.710000,293.993333,0.005555556
255,0.000000,294.010000,294.016667,0.000000000
256,0.000000,294.010000,294.031250,0.000000000
257,0.000000,293.910000,294.025833,0.000000000
258,0.000000,292.930000,294.001250,0.000000000
259,0.000000,291.710000,293.927083,0.000000000
260,0.000000,290.780000,293.845417,0.000000000
261,0.000000,290.000000,293.828333,0.000000000
262,0.000000,289.810000,293.815417,0.000000000
263,0.000000,289.790000,293.787500,0.000000000
264,0.000000,289.870000,293.742917,0.000000000
265,0.000000,289.980000,293.695833,0.005555556
266,343.049774,290.980000,293.674167,0.005555556
267,562.772421,292.910000,293.660833,0.000000000
268,745.213781,294.770000,293.647917,0.000000000
269,857.644899,295.930000,293.641667,0.000000000
270,899.788287,296.660000,293.637917,0.000000000
271,839.971569,296.980000,293.641250,0.005555556
272,680.495487,297.230000,293.645417,0.000000000
273,442.451530,297.200000,293.648750,0.000000000
274,256.702337,296.870000,293.654583,0.000000000
275,69.126256,296.530000,293.669583,0.000000000
276,0.000000,295.980000,293.690833,0.000000000
277,0.000000,295.510000,293.710833,0.005555556
278,0.000000,295.160000,293.729583,0.005555556
279,0.000000,294.460000,293.748333,0.000000000
280,0.000000,295.110000,293.794167,0.000000000
281,0.000000,294.660000,293.825417,0.000000000
282,0.000000,293.830000,293.862917,0.000000000
283,0.000000,293.940000,293.955833,0.000000000
284,0.000000,292.060000,294.009167,0.000000000
285,0.000000,290.410000,294.026250,0.000000000
286,0.000000,290.070000,294.037083,0.000000000
287,0.000000,290.140000,294.051667,0.000000000
288,0.000000,290.070000,294.060000,0.000000000
289,0.000000,289.970000,294.059583,0.005555556
290,326.780008,291.160000,294.067083,0.005555556
291,553.553453,293.480000,294.090833,0.000000000
292,742.499958,295.300000,294.112917,0.000000000
293,861.282390,296.390000,294.132083,0.000000000
294,902.550117,297.170000,294.153333,0.000000000
295,856.699835,297.360000,294.169167,0.005555556
296,733.168213,297.520000,294.181250,0.000000000
297,542.052381,297.460000,294.192083,0.000000000
298,302.768031,297.160000,294.204167,0.000000000
299,74.423314,296.620000,294.207917,0.000000000
300,0.000000,295.990000,294.208333,0.000000000
301,0.000000,295.330000,294.200833,0.005555556
302,0.000000,294.470000,294.172083,0.005555556
303,0.000000,294.940000,294.192083,0.000000000
304,0.000000,294.630000,294.172083,0.000000000
305,0.000000,293.700000,294.132083,0.000000000
306,0.000000,292.320000,294.069167,0.000000000
307,0.000000,292.470000,294.007917,0.000000000
308,0.000000,291.490000,293.984167,0.000000000
309,0.000000,290.500000,293.987917,0.000000000
310,0.000000,290.080000,293.988333,0.000000000
311,0.000000,289.610000,293.966250,0.000000000
312,0.000000,289.350000,293.936250,0.000000000
313,0.000000,288.800000,293.887500,0.005555556
314,350.987162,289.960000,293.837500,0.005555556
315,575.729426,293.740000,293.848333,0.000000000
316,765.099377,295.600000,293.860833,0.000000000
317,885.973594,297.000000,293.886250,0.000000000
318,925.890405,298.030000,293.922083,0.000000000
319,879.340424,298.460000,293.967917,0.005555556
320,750.826982,298.680000,294.016250,0.000000000
321,553.447924,298.460000,294.057917,0.000000000
322,308.746960,297.850000,294.086667,0.000000000
323,75.956044,297.140000,294.108333,0.000000000
324,0.000000,296.400000,294.125417,0.000000000
325,0.000000,295.810000,294.145417,0.005555556
326,0.000000,295.430000,294.185417,0.005555556
327,0.000000,294.750000,294.177500,0.000000000
328,0.000000,293.870000,294.145833,0.000000000
329,0.000000,293.910000,294.154583,0.000000000
330,0.000000,293.490000,294.203333,0.000000000
331,0.000000,292.140000,294.189583,0.000000000
332,0.000000,291.290000,294.181250,0.000000000
333,0.000000,290.940000,294.199583,0.000000000
334,0.000000,290.620000,294.222083,0.000000000
335,0.000000,290.370000,294.253750,0.000000000
336,0.000000,290.150000,294.287083,0.000000000
337,0.000000,289.810000,294.329167,0.005555556
338,325.206533,291.020000,294.373333,0.005555556
339,560.389747,294.320000,294.397500,0.000000000
340,693.155552,296.410000,294.431250,0.000000000
341,783.200540,297.900000,294.468750,0.000000000
342,762.511833,298.800000,294.500833,0.000000000
343,755.826386,299.000000,294.523333,0.005555556
344,489.531851,298.870000,294.531250,0.000000000
345,356.496750,298.350000,294.526667,0.000000000
346,222.454433,297.530000,294.513333,0.000000000
347,52.783133,296.780000,294.498333,0.000000000
348,0.000000,296.070000,294.484583,0.000000000
349,0.000000,295.660000,294.478333,0.005555556
350,0.000000,295.280000,294.472083,0.005555556
351,0.000000,294.590000,294.465417,0.000000000
352,0.000000,294.390000,294.487083,0.000000000
353,0.000000,293.140000,294.455000,0.000000000
354,0.000000,292.420000,294.410417,0.000000000
355,0.000000,292.030000,294.405833,0.000000000
356,0.000000,291.290000,294.405833,0.000000000
357,0.000000,291.070000,294.411250,0.000000000
358,0.000000,291.230000,294.436667,0.000000000
359,0.000000,291.610000,294.488333,0.000000000
360,0.000000,291.660000,294.551250,0.000000000
361,0.000000,291.600000,294.625833,0.005555556
362,229.121942,291.600000,294.650000,0.005555556
363,424.349492,292.080000,294.556667,0.000000000
364,552.381994,293.280000,294.426250,0.000000000
365,857.555330,294.740000,294.294583,0.000000000
366,915.119599,296.000000,294.177917,0.000000000
367,877.146358,296.710000,294.082500,0.005555556
368,751.061552,296.910000,294.000833,0.000000000
369,556.506948,296.870000,293.939167,0.000000000
370,311.822867,296.630000,293.901667,0.000000000
371,79.509592,296.140000,293.875000,0.000000000
372,0.000000,295.530000,293.852500,0.000000000
373,0.000000,295.090000,293.828750,0.005555556
374,0.000000,294.690000,293.804167,0.005555556
375,0.000000,293.750000,293.769167,0.000000000
376,0.000000,294.570000,293.776667,0.000000000
377,0.000000,294.000000,293.812500,0.000000000
378,0.000000,293.020000,293.837500,0.000000000
379,0.000000,291.740000,293.825417,0.000000000
380,0.000000,290.270000,293.782917,0.000000000
381,0.000000,289.670000,293.724583,0.000000000
382,0.000000,289.600000,293.656667,0.000000000
383,0.000000,289.620000,293.573750,0.000000000
384,0.000000,289.620000,293.488750,0.000000000
385,0.000000,289.570000,293.404167,0.005555556
386,348.177298,290.570000,293.361250,0.005555556
387,574.546071,293.130000,293.405000,0.000000000
388,763.458923,294.720000,293.465000,0.000000000
389,885.954544,295.710000,293.505417,0.000000000
390,925.573515,296.470000,293.525000,0.000000000
391,881.734829,296.800000,293.528750,0.005555556
392,756.396484,296.950000,293.530417,0.000000000
393,559.438527,296.810000,293.527917,0.000000000
394,315.397176,296.400000,293.518333,0.000000000
395,81.825849,295.980000,293.511667,0.000000000
396,0.000000,295.400000,293.506250,0.000000000
397,0.000000,294.980000,293.501667,0.005555556
398,0.000000,294.630000,293.499167,0.005555556
399,0.000000,294.220000,293.518750,0.000000000
400,0.000000,293.400000,293.470000,0.000000000
401,0.000000,292.230000,293.396250,0.000000000
402,0.000000,291.670000,293.340000,0.000000000
403,0.000000,291.050000,293.311250,0.000000000
404,0.000000,290.620000,293.325833,0.000000000
405,0.000000,290.410000,293.356667,0.000000000
406,0.000000,290.100000,293.377500,0.000000000
407,0.000000,289.890000,293.388750,0.000000000
408,0.000000,289.800000,293.396250,0.000000000
409,0.000000,289.430000,293.390417,0.005555556
410,347.566157,289.930000,293.363750,0.005555556
411,573.174841,293.260000,293.369167,0.000000000
412,762.022499,294.950000,293.378750,0.000000000
413,885.218012,296.200000,293.399167,0.000000000
414,931.104454,297.120000,293.426250,0.000000000
415,887.230308,297.540000,293.457083,0.005555556
416,759.730299,297.690000,293.487917,0.000000000
417,561.131530,297.550000,293.518750,0.000000000
418,316.305601,297.140000,293.549583,0.000000000
419,82.816047,296.600000,293.575417,0.000000000
420,0.000000,296.090000,293.604167,0.000000000
421,0.000000,295.560000,293.628333,0.005555556
422,0.000000,295.140000,293.649583,0.005555556
423,0.000000,294.730000,293.670833,0.000000000
424,0.000000,294.050000,293.697917,0.000000000
425,0.000000,292.940000,293.727500,0.000000000
426,0.000000,291.950000,293.739167,0.000000000
427,0.000000,291.430000,293.755000,0.000000000
428,0.000000,291.540000,293.793333,0.000000000
429,0.000000,291.360000,293.832917,0.000000000
430,0.000000,290.800000,293.862083,0.000000000
431,0.000000,290.510000,293.887917,0.000000000
432,0.000000,290.380000,293.912083,0.000000000
433,0.000000,289.540000,293.916667,0.005555556
434,316.569193,290.280000,293.931250,0.005555556
435,577.716773,293.210000,293.929167,0.000000000
436,768.659870,295.130000,293.936667,0.000000000
437,894.150033,296.800000,293.961667,0.000000000
438,945.677237,297.940000,293.995833,0.000000000
439,903.400001,298.280000,294.026667,0.005555556
440,775.688219,298.420000,294.057083,0.000000000
441,576.563024,298.290000,294.087917,0.000000000
442,327.898499,297.880000,294.118750,0.000000000
443,87.744488,297.160000,294.142083,0.000000000
444,0.000000,296.250000,294.148750,0.000000000
445,0.000000,295.510000,294.146667,0.005555556
446,0.000000,295.040000,294.142500,0.005555556
447,0.000000,294.150000,294.118333,0.000000000
448,0.000000,293.530000,294.096667,0.000000000
449,0.000000,294.190000,294.148750,0.000000000
450,0.000000,293.530000,294.214583,0.000000000
451,0.000000,293.070000,294.282917,0.000000000
452,0.000000,292.050000,294.304167,0.000000000
453,0.000000,291.080000,294.292500,0.000000000
454,0.000000,290.250000,294.269583,0.000000000
455,0.000000,289.710000,294.236250,0.000000000
456,0.000000,289.710000,294.208333,0.000000000
457,0.000000,289.430000,294.203750,0.005555556
458,348.795055,289.740000,294.181250,0.005555556
459,579.182255,293.700000,294.201667,0.000000000
460,772.196904,295.500000,294.217083,0.000000000
461,896.950793,296.840000,294.218750,0.000000000
462,937.013966,297.750000,294.210833,0.000000000
463,900.970619,297.400000,294.174167,0.005555556
464,775.171108,297.940000,294.154167,0.000000000
465,577.721721,298.080000,294.145417,0.000000000
466,330.350911,297.790000,294.141667,0.000000000
467,90.156751,297.250000,294.145417,0.000000000
468,0.000000,296.470000,294.154583,0.000000000
469,0.000000,295.720000,294.163333,0.005555556
470,0.000000,295.150000,294.167917,0.005555556
471,0.000000,294.630000,294.187917,0.000000000
472,0.000000,293.990000,294.207083,0.000000000
473,0.000000,292.950000,294.155417,0.000000000
474,0.000000,291.940000,294.089167,0.000000000
475,0.000000,291.720000,294.032917,0.000000000
476,0.000000,291.470000,294.008750,0.000000000
477,0.000000,290.890000,294.000833,0.000000000
478,0.000000,290.350000,294.005000,0.000000000
479,0.000000,289.180000,293.982917,0.000000000
480,0.000000,288.690000,293.940417,0.000000000
481,0.000000,288.500000,293.901667,0.005555556
482,357.655140,289.760000,293.902500,0.005555556
483,589.716634,293.750000,293.904583,0.000000000
484,784.429941,295.860000,293.919583,0.000000000
485,909.936560,297.490000,293.946667,0.000000000
486,951.723534,298.500000,293.977917,0.000000000
487,906.355446,298.930000,294.041667,0.005555556
488,777.510645,298.750000,294.075417,0.000000000
489,579.884088,298.280000,294.083750,0.000000000
490,333.208574,297.700000,294.080000,0.000000000
491,91.622173,296.980000,294.068750,0.000000000
492,0.043988,296.350000,294.063750,0.000000000
493,0.000000,295.700000,294.062917,0.005555556
494,0.000000,295.190000,294.064583,0.005555556
495,0.000000,294.740000,294.069167,0.000000000
496,0.000000,294.140000,294.075417,0.000000000
497,0.000000,293.460000,294.096667,0.000000000
498,0.000000,292.790000,294.132083,0.000000000
499,0.000000,292.320000,294.157083,0.000000000
500,0.000000,292.430000,294.197083,0.000000000
501,0.000000,292.140000,294.249167,0.000000000
502,0.000000,291.530000,294.298333,0.000000000
503,0.000000,290.390000,294.348750,0.000000000
504,0.000000,290.440000,294.421667,0.000000000
505,0.000000,291.010000,294.526250,0.005555556
506,188.621077,291.160000,294.584583,0.005555556
507,433.270303,291.950000,294.509583,0.000000000
508,679.109532,293.020000,294.391250,0.000000000
509,871.916531,294.800000,294.279167,0.000000000
510,929.207595,296.200000,294.183333,0.000000000
511,890.978500,297.370000,294.118333,0.005555556
512,770.810531,297.540000,294.067917,0.000000000
513,576.196080,297.470000,294.034167,0.000000000
514,331.197156,297.110000,294.009583,0.000000000
515,92.020369,296.560000,293.992083,0.000000000
516,0.043988,295.800000,293.969167,0.000000000
517,0.000000,295.100000,293.944167,0.005555556
518,0.000000,294.530000,293.916667,0.005555556
519,0.000000,293.670000,293.872083,0.000000000
520,0.000000,293.200000,293.832917,0.000000000
521,0.000000,294.170000,293.862500,0.000000000
522,0.000000,293.440000,293.889583,0.000000000
523,0.000000,293.130000,293.923333,0.000000000
524,0.000000,291.880000,293.900417,0.000000000
525,0.000000,291.540000,293.875417,0.000000000
526,0.000000,291.640000,293.880000,0.000000000
527,0.000000,290.910000,293.901667,0.000000000
528,0.000000,291.380000,293.940833,0.000000000
529,0.000000,291.370000,293.955833,0.005555556
530,176.533883,291.450000,293.967917,0.005555556
531,425.049279,292.120000,293.975000,0.000000000
532,501.906071,293.260000,293.985000,0.000000000
533,679.815775,294.430000,293.969583,0.000000000
534,897.489338,295.570000,293.943333,0.000000000
535,885.602268,296.770000,293.918333,0.005555556
536,779.322773,297.140000,293.901667,0.000000000
537,585.310965,297.090000,293.885833,0.000000000
538,338.832483,296.750000,293.870833,0.000000000
539,95.546002,296.170000,293.854583,0.000000000
540,0.087977,295.560000,293.844583,0.000000000
541,0.000000,294.860000,293.834583,0.005555556
542,0.000000,294.380000,293.828333,0.005555556
543,0.000000,293.850000,293.835833,0.000000000
544,0.000000,292.760000,293.817500,0.000000000
545,0.000000,293.380000,293.784583,0.000000000
546,0.000000,293.970000,293.806667,0.000000000
547,0.000000,293.770000,293.833333,0.000000000
548,0.000000,292.320000,293.851667,0.000000000
549,0.000000,291.320000,293.842500,0.000000000
550,0.000000,291.050000,293.817917,0.000000000
551,0.000000,290.850000,293.815417,0.000000000
552,0.000000,290.670000,293.785833,0.000000000
553,0.000000,290.700000,293.757917,0.005555556
554,196.965577,291.230000,293.748750,0.005555556
555,342.070913,292.150000,293.750000,0.000000000
556,646.207130,293.180000,293.746667,0.000000000
557,836.251831,294.880000,293.765417,0.000000000
558,881.029182,296.040000,293.785000,0.000000000
559,909.602618,296.840000,293.787917,0.005555556
560,784.933477,297.230000,293.791667,0.000000000
561,585.301987,297.200000,293.796250,0.000000000
562,340.307443,296.780000,293.797500,0.000000000
563,97.818457,296.130000,293.795833,0.000000000
564,0.175954,295.500000,293.793333,0.000000000
565,0.000000,294.830000,293.792083,0.005555556
566,0.000000,294.410000,293.793333,0.005555556
567,0.000000,293.950000,293.797500,0.000000000
568,0.000000,293.010000,293.807917,0.000000000
569,0.000000,293.380000,293.807917,0.000000000
570,0.000000,293.960000,293.807500,0.000000000
571,0.000000,294.010000,293.817500,0.000000000
572,0.000000,293.720000,293.875833,0.000000000
573,0.000000,293.470000,293.965417,0.000000000
574,0.000000,292.090000,294.008750,0.000000000
575,0.000000,291.310000,294.027917,0.000000000
576,0.000000,291.100000,294.045833,0.000000000
577,0.000000,291.850000,294.093750,0.005555556
578,243.319330,292.590000,294.150417,0.005555556
579,438.763679,294.020000,294.228333,0.000000000
580,671.125005,295.280000,294.315833,0.000000000
581,856.555872,296.200000,294.370833,0.000000000
582,921.948714,296.950000,294.408750,0.000000000
583,888.729213,297.700000,294.444583,0.005555556
584,768.175436,297.850000,294.470417,0.000000000
585,573.133655,297.750000,294.493333,0.000000000
586,330.350220,297.350000,294.517083,0.000000000
587,93.850974,296.860000,294.547500,0.000000000
588,0.175954,296.260000,294.579167,0.000000000
589,0.000000,295.670000,294.614167,0.005555556
590,0.000000,295.310000,294.651667,0.005555556
591,0.000000,294.960000,294.693750,0.000000000
592,0.000000,294.280000,294.746667,0.000000000
593,0.000000,294.340000,294.786667,0.000000000
594,0.000000,294.750000,294.819583,0.000000000
595,0.000000,293.190000,294.785417,0.000000000
596,0.000000,292.050000,294.715833,0.000000000
597,0.000000,291.410000,294.630000,0.000000000
598,0.000000,291.330000,294.598333,0.000000000
599,0.000000,291.600000,294.610417,0.000000000
600,0.000000,291.820000,294.640417,0.000000000
601,0.000000,291.750000,294.636250,0.005555556
602,217.152479,291.910000,294.607917,0.005555556
603,427.514095,292.650000,294.550833,0.000000000
604,656.192336,294.420000,294.515000,0.000000000
605,695.855558,296.050000,294.508750,0.000000000
606,876.856354,296.840000,294.504167,0.000000000
607,777.580774,298.000000,294.516667,0.005555556
608,704.678812,298.110000,294.527500,0.000000000
609,558.307196,298.010000,294.538333,0.000000000
610,288.483672,297.880000,294.560417,0.000000000
611,70.458631,297.390000,294.582500,0.000000000
612,0.219942,296.750000,294.602917,0.000000000
613,0.000000,296.240000,294.626667,0.005555556
614,0.000000,295.660000,294.641250,0.005555556
615,0.000000,295.150000,294.649167,0.000000000
616,0.000000,295.750000,294.710417,0.000000000
617,0.000000,294.910000,294.734167,0.000000000
618,0.000000,293.440000,294.679583,0.000000000
619,0.000000,293.510000,294.692917,0.000000000
620,0.000000,293.780000,294.765000,0.000000000
621,0.000000,293.850000,294.866667,0.000000000
622,0.000000,293.790000,294.969167,0.000000000
623,0.000000,293.760000,295.059167,0.000000000
624,0.000000,293.780000,295.140833,0.000000000
625,0.000000,293.670000,295.220833,0.005555556
626,195.867502,293.930000,295.305000,0.005555556
627,250.047860,294.800000,295.394583,0.000000000
628,492.569645,295.460000,295.437917,0.000000000
629,694.260598,296.350000,295.450417,0.000000000
630,409.192476,297.090000,295.460833,0.000000000
631,385.845980,297.210000,295.427917,0.005555556
632,284.724801,297.350000,295.396250,0.000000000
633,184.685260,297.330000,295.367917,0.000000000
634,86.058078,297.140000,295.337083,0.000000000
635,24.233384,296.820000,295.313333,0.000000000
636,0.087977,296.320000,295.295417,0.000000000
637,0.000000,295.740000,295.274583,0.005555556
638,0.000000,295.250000,295.257500,0.005555556
639,0.000000,294.850000,295.245000,0.000000000
640,0.000000,294.630000,295.198333,0.000000000
641,0.000000,294.370000,295.175833,0.000000000
642,0.000000,293.970000,295.197917,0.000000000
643,0.000000,293.770000,295.208750,0.000000000
644,0.000000,293.490000,295.196667,0.000000000
645,0.000000,293.360000,295.176250,0.000000000
646,0.000000,293.280000,295.155000,0.000000000
647,0.000000,293.230000,295.132917,0.000000000
648,0.000000,293.150000,295.106667,0.000000000
649,0.000000,293.110000,295.083333,0.005555556
650,154.538733,293.310000,295.057500,0.005555556
651,296.597114,293.890000,295.019583,0.000000000
652,294.565045,294.840000,294.993750,0.000000000
653,182.188924,295.420000,294.955000,0.000000000
654,271.975792,295.470000,294.887500,0.000000000
655,273.504656,296.310000,294.850000,0.005555556
656,207.584481,296.480000,294.813750,0.000000000
657,126.135622,296.470000,294.777917,0.000000000
658,68.877482,296.270000,294.741667,0.000000000
659,22.457593,296.040000,294.709167,0.000000000
660,0.087977,295.830000,294.688750,0.000000000
661,0.000000,295.640000,294.684583,0.005555556
662,0.000000,295.440000,294.692500,0.005555556
663,0.000000,295.140000,294.704583,0.000000000
664,0.000000,294.800000,294.711667,0.000000000
665,0.000000,294.370000,294.711667,0.000000000
666,0.000000,293.990000,294.712500,0.000000000
667,0.000000,293.340000,294.694583,0.000000000
668,0.000000,292.690000,294.661250,0.000000000
669,0.000000,292.570000,294.628333,0.000000000
670,0.000000,292.380000,294.590833,0.000000000
671,0.000000,292.280000,294.551250,0.000000000
672,0.000000,292.170000,294.510417,0.000000000
673,29.296286,291.970000,294.462917,0.005555556
674,317.836445,292.470000,294.427917,0.005555556
675,537.224217,293.920000,294.429167,0.000000000
676,744.290433,295.440000,294.454167,0.000000000
677,871.026011,296.700000,294.507500,0.000000000
678,858.636002,297.580000,294.595417,0.000000000
679,758.569449,297.870000,294.660417,0.005555556
680,713.986157,298.240000,294.733750,0.000000000
681,452.304629,298.490000,294.817917,0.000000000
682,302.458980,298.420000,294.907500,0.000000000
683,95.029831,298.030000,294.990417,0.000000000
684,0.527861,297.140000,295.045000,0.000000000
685,0.000000,296.340000,295.074167,0.005555556
686,0.000000,295.950000,295.095417,0.005555556
687,0.000000,295.490000,295.110000,0.000000000
688,0.000000,294.620000,295.102500,0.000000000
689,0.000000,293.600000,295.070417,0.000000000
690,0.000000,292.970000,295.027917,0.000000000
691,0.000000,292.670000,295.000000,0.000000000
692,0.000000,292.380000,294.987083,0.000000000
693,0.000000,292.010000,294.963750,0.000000000
694,0.000000,291.580000,294.930417,0.000000000
695,0.000000,291.150000,294.883333,0.000000000
696,0.000000,290.770000,294.825000,0.000000000
697,29.868135,290.390000,294.759167,0.005555556
698,355.842329,290.760000,294.687917,0.005555556
699,598.170814,292.600000,294.632917,0.000000000
700,798.514621,294.620000,294.598750,0.000000000
701,928.596423,295.980000,294.568750,0.000000000
702,972.472565,296.780000,294.535417,0.000000000
703,927.207413,297.000000,294.499167,0.005555556
704,797.325309,297.050000,294.449583,0.000000000
705,596.595203,296.980000,294.386667,0.000000000
706,347.647217,296.750000,294.317083,0.000000000
707,104.809356,296.330000,294.246250,0.000000000
708,0.615838,295.710000,294.186667,0.000000000
709,0.000000,295.220000,294.140000,0.005555556
710,0.000000,294.930000,294.097500,0.005555556
711,0.000000,294.480000,294.055417,0.000000000
712,0.000000,293.780000,294.020417,0.000000000
713,0.000000,292.960000,293.993750,0.000000000
714,0.000000,292.550000,293.976250,0.000000000
715,0.000000,290.670000,293.892917,0.000000000
716,0.000000,290.350000,293.808333,0.000000000
717,0.000000,290.540000,293.747083,0.000000000
718,0.000000,290.710000,293.710833,0.000000000
719,0.000000,290.620000,293.688750,0.000000000
720,0.000000,290.440000,293.675000,0.000000000
721,30.483973,290.210000,293.667500,0.005555556
722,344.463737,290.600000,293.660833,0.005555556
723,585.080201,292.650000,293.662917,0.000000000
724,785.846746,294.350000,293.651667,0.000000000
725,920.176854,295.580000,293.635000,0.000000000
726,970.892894,296.410000,293.619583,0.000000000
727,933.938165,296.850000,293.613333,0.005555556
728,811.170013,297.070000,293.614167,0.000000000
729,612.838124,297.070000,293.617917,0.000000000
730,362.658710,296.870000,293.622917,0.000000000
731,111.985373,296.380000,293.625000,0.000000000
732,0.747803,295.710000,293.625000,0.000000000
733,0.000000,295.070000,293.618750,0.005555556
734,0.000000,294.260000,293.590833,0.005555556
735,0.000000,293.130000,293.534583,0.000000000
736,0.000000,289.600000,293.360417,0.000000000
737,0.000000,290.130000,293.242500,0.000000000
738,0.000000,290.650000,293.163333,0.000000000
739,0.000000,291.180000,293.184583,0.000000000
740,0.000000,291.710000,293.241250,0.000000000
741,0.000000,292.240000,293.312083,0.000000000
742,0.000000,292.770000,293.397917,0.000000000
743,0.000000,293.300000,293.509583,0.000000000
744,0.000000,293.830000,293.650833,0.000000000
745,30.527961,294.350000,293.823333,0.005555556
746,357.678665,294.880000,294.001667,0.005555556
747,599.871714,295.410000,294.116667,0.000000000
748,801.812132,295.940000,294.182917,0.000000000
749,934.744716,296.470000,294.220000,0.000000000
750,988.708932,297.000000,294.244583,0.000000000
751,945.502644,297.520000,294.272500,0.005555556
752,816.657766,301.360000,294.451250,0.000000000
753,615.249484,301.280000,294.626667,0.000000000
754,364.633657,300.890000,294.794167,0.000000000
755,113.739299,299.910000,294.941250,0.000000000
756,0.879768,298.500000,295.057500,0.000000000
757,0.000000,297.320000,295.151250,0.005555556
758,0.000000,296.550000,295.246667,0.005555556
759,0.000000,295.920000,295.362917,0.000000000
760,0.000000,295.380000,295.603750,0.000000000
761,0.000000,294.620000,295.790833,0.000000000
762,0.000000,293.750000,295.920000,0.000000000
763,0.000000,293.290000,296.007917,0.000000000
764,0.000000,292.870000,296.056250,0.000000000
765,0.000000,292.230000,296.055833,0.000000000
766,0.000000,291.410000,295.999167,0.000000000
767,0.000000,290.500000,295.882500,0.000000000
768,0.000000,289.740000,295.712083,0.000000000
769,30.923857,289.460000,295.508333,0.005555556
770,356.461110,290.920000,295.343333,0.005555556
771,600.040986,294.110000,295.289167,0.000000000
772,803.049546,296.700000,295.320833,0.000000000
773,936.580899,298.850000,295.420000,0.000000000
774,990.022389,300.260000,295.555833,0.000000000
775,947.965051,301.050000,295.702917,0.005555556
776,819.742995,301.120000,295.692917,0.000000000
777,618.336973,300.800000,295.672917,0.000000000
778,367.451376,300.160000,295.642500,0.000000000
779,115.646146,299.280000,295.616250,0.000000000
780,1.011734,298.310000,295.608333,0.000000000
781,0.000000,297.410000,295.612083,0.005555556
782,0.000000,296.730000,295.619583,0.005555556
783,0.000000,296.130000,295.628333,0.000000000
784,0.000000,295.370000,295.627917,0.000000000
785,0.000000,294.040000,295.603750,0.000000000
786,0.000000,293.670000,295.600417,0.000000000
787,0.000000,293.050000,295.590417,0.000000000
788,0.000000,292.130000,295.559583,0.000000000
789,0.000000,292.350000,295.564583,0.000000000
790,0.000000,292.720000,295.619167,0.000000000
791,0.000000,292.400000,295.698333,0.000000000
792,0.000000,292.320000,295.805833,0.000000000
793,31.319753,292.500000,295.932500,0.005555556
794,352.230958,292.760000,296.009167,0.005555556
795,592.732635,294.770000,296.036667,0.000000000
796,792.059392,296.780000,296.040000,0.000000000
797,922.372394,298.250000,296.015000,0.000000000
798,974.511994,299.220000,295.971667,0.000000000
799,933.380140,299.990000,295.927500,0.005555556
800,808.848779,300.000000,295.880833,0.000000000
801,611.487115,299.730000,295.836250,0.000000000
802,363.033724,299.210000,295.796667,0.000000000
803,114.667014,298.470000,295.762917,0.000000000
804,1.102095,297.660000,295.735833,0.000000000
805,0.000000,296.870000,295.713333,0.005555556
806,0.000000,296.340000,295.697083,0.005555556
807,0.000000,295.920000,295.688333,0.000000000
808,0.000000,295.510000,295.694167,0.000000000
809,0.000000,295.020000,295.735000,0.000000000
810,0.000000,294.350000,295.763333,0.000000000
811,0.000000,293.590000,295.785833,0.000000000
812,0.000000,293.050000,295.824167,0.000000000
813,0.000000,292.560000,295.832917,0.000000000
814,0.000000,292.070000,295.805833,0.000000000
815,0.000000,291.460000,295.766667,0.000000000
816,0.000000,290.700000,295.699167,0.000000000
817,31.627672,290.180000,295.602500,0.005555556
818,348.977675,291.110000,295.533750,0.005555556
819,591.117479,294.740000,295.532500,0.000000000
820,792.568442,297.000000,295.541667,0.000000000
821,924.474102,298.770000,295.563333,0.000000000
822,976.538135,299.960000,295.594167,0.000000000
823,936.074101,300.880000,295.631250,0.005555556
824,810.449356,300.870000,295.667500,0.000000000
825,612.273086,300.480000,295.698750,0.000000000
826,364.935383,299.980000,295.730833,0.000000000
827,116.390633,299.210000,295.761667,0.000000000
828,1.236419,298.300000,295.788333,0.000000000
829,0.000000,297.470000,295.813333,0.005555556
830,0.000000,296.900000,295.836667,0.005555556
831,0.000000,296.420000,295.857500,0.000000000
832,0.000000,296.010000,295.878333,0.000000000
833,0.000000,295.550000,295.900417,0.000000000
834,0.000000,295.020000,295.928333,0.000000000
835,0.000000,294.390000,295.961667,0.000000000
836,0.000000,293.800000,295.992917,0.000000000
837,0.000000,293.260000,296.022083,0.000000000
838,0.000000,292.560000,296.042500,0.000000000
839,0.000000,291.820000,296.057500,0.000000000
840,0.000000,291.370000,296.085417,0.000000000
841,35.278711,291.430000,296.137500,0.005555556
842,339.846471,292.910000,296.212500,0.005555556
843,581.407617,295.560000,296.246667,0.000000000
844,787.397333,297.750000,296.277917,0.000000000
845,918.004588,299.210000,296.296250,0.000000000
846,967.148947,300.190000,296.305833,0.000000000
847,922.567683,300.840000,296.304167,0.005555556
848,805.779406,300.840000,296.302917,0.000000000
849,608.808769,300.490000,296.303333,0.000000000
850,363.695247,299.890000,296.299583,0.000000000
851,116.249489,299.060000,296.293333,0.000000000
852,1.368359,298.050000,296.282917,0.000000000
853,0.000000,297.170000,296.270417,0.005555556
854,0.000000,296.600000,296.257917,0.005555556
855,0.000000,296.190000,296.248333,0.000000000
856,0.000000,295.820000,296.240417,0.000000000
857,0.000000,295.350000,296.232083,0.000000000
858,0.000000,294.770000,296.221667,0.000000000
859,0.000000,293.980000,296.204583,0.000000000
860,0.000000,292.780000,296.162083,0.000000000
861,0.000000,291.830000,296.102500,0.000000000
862,0.000000,291.260000,296.048333,0.000000000
863,0.000000,290.970000,296.012917,0.000000000
864,0.000000,291.060000,296.000000,0.000000000
865,32.375475,291.280000,295.993750,0.005555556
866,345.114834,291.950000,295.953750,0.005555556
867,586.103067,295.550000,295.953333,0.000000000
868,785.993570,297.700000,295.951250,0.000000000
869,917.730423,299.310000,295.955417,0.000000000
870,965.109004,300.330000,295.961250,0.000000000
871,926.045981,301.110000,295.972500,0.005555556
872,802.162163,301.060000,295.981667,0.000000000
873,606.207376,300.740000,295.992083,0.000000000
874,361.136024,300.200000,296.005000,0.000000000
875,116.268388,299.520000,296.024167,0.000000000
876,1.500276,298.590000,296.046667,0.000000000
877,0.000000,297.750000,296.070833,0.005555556
878,0.000000,297.230000,296.097083,0.005555556
879,0.000000,296.840000,296.124167,0.000000000
880,0.000000,296.430000,296.149583,0.000000000
881,0.000000,296.000000,296.176667,0.000000000
882,0.000000,295.550000,296.209167,0.000000000
883,0.000000,295.080000,296.255000,0.000000000
884,0.000000,294.580000,296.330000,0.000000000
885,0.000000,294.130000,296.425833,0.000000000
886,0.000000,293.850000,296.533750,0.000000000
887,0.000000,293.700000,296.647500,0.000000000
888,0.000000,293.560000,296.751667,0.000000000
889,36.950270,293.510000,296.844583,0.005555556
890,300.634488,294.170000,296.937083,0.005555556
891,530.397859,296.160000,296.962500,0.000000000
892,719.466757,298.420000,296.992500,0.000000000
893,846.543443,300.180000,297.028750,0.000000000
894,893.970739,301.290000,297.068750,0.000000000
895,832.200853,301.870000,297.100417,0.005555556
896,772.764955,301.900000,297.135417,0.000000000
897,584.178491,301.560000,297.169583,0.000000000
898,337.794973,300.920000,297.199583,0.000000000
899,97.218559,300.060000,297.222083,0.000000000
900,1.627571,299.160000,297.245833,0.000000000
901,0.000000,298.470000,297.275833,0.005555556
902,0.000000,298.040000,297.309583,0.005555556
903,0.000000,297.790000,297.349167,0.000000000
904,0.000000,297.550000,297.395833,0.000000000
905,0.000000,297.250000,297.447917,0.000000000
906,0.000000,296.960000,297.506667,0.000000000
907,0.000000,296.430000,297.562917,0.000000000
908,0.000000,295.940000,297.619583,0.000000000
909,0.000000,295.230000,297.665417,0.000000000
910,0.000000,295.130000,297.718750,0.000000000
911,0.000000,295.310000,297.785833,0.000000000
912,0.000000,295.700000,297.875000,0.000000000
913,30.220043,295.880000,297.973750,0.005555556
914,186.547062,296.160000,298.056667,0.005555556
915,451.968910,297.600000,298.116667,0.000000000
916,673.753359,298.990000,298.140417,0.000000000
917,623.734591,300.160000,298.139583,0.000000000
918,836.682024,300.630000,298.112083,0.000000000
919,678.958407,301.270000,298.087083,0.005555556
920,550.681407,300.930000,298.046667,0.000000000
921,496.456587,300.580000,298.005833,0.000000000
922,329.309190,300.250000,297.977917,0.000000000
923,103.533438,299.740000,297.964583,0.000000000
924,1.675874,299.060000,297.960417,0.000000000
925,0.000000,298.400000,297.957500,0.005555556
926,0.000000,298.010000,297.956250,0.005555556
927,0.000000,297.760000,297.955000,0.000000000
928,0.000000,297.460000,297.951250,0.000000000
929,0.000000,297.110000,297.945417,0.000000000
930,0.000000,296.680000,297.933750,0.000000000
931,0.000000,295.980000,297.915000,0.000000000
932,0.000000,295.210000,297.884583,0.000000000
933,0.000000,294.290000,297.845417,0.000000000
934,0.000000,293.550000,297.779583,0.000000000
935,0.000000,293.080000,297.686667,0.000000000
936,0.000000,292.700000,297.561667,0.000000000
937,46.407780,292.470000,297.419583,0.005555556
938,248.618603,293.730000,297.318333,0.005555556
939,453.735462,296.550000,297.274583,0.000000000
940,674.323469,298.460000,297.252500,0.000000000
941,783.877334,300.160000,297.252500,0.000000000
942,901.758131,301.270000,297.279167,0.000000000
943,875.030510,302.070000,297.312500,0.005555556
944,752.728280,302.020000,297.357917,0.000000000
945,526.179808,301.660000,297.402917,0.000000000
946,265.881666,300.920000,297.430833,0.000000000
947,102.252605,299.980000,297.440833,0.000000000
948,1.805654,299.190000,297.446250,0.000000000
949,0.000000,298.700000,297.458750,0.005555556
950,0.000000,298.350000,297.472917,0.005555556
951,0.000000,298.030000,297.484167,0.000000000
952,0.000000,297.770000,297.497083,0.000000000
953,0.000000,297.440000,297.510833,0.000000000
954,0.000000,297.120000,297.529167,0.000000000
955,0.000000,296.750000,297.561250,0.000000000
956,0.000000,296.410000,297.611250,0.000000000
957,0.000000,296.020000,297.683333,0.000000000
958,0.000000,295.730000,297.774167,0.000000000
959,0.000000,295.320000,297.867500,0.000000000
960,0.000000,294.800000,297.955000,0.000000000
961,43.240614,294.270000,298.030000,0.005555556
962,298.628476,295.330000,298.096667,0.005555556
963,524.726136,297.510000,298.136667,0.000000000
964,725.552035,299.030000,298.160417,0.000000000
965,871.836041,300.300000,298.166250,0.000000000
966,868.013538,301.240000,298.165000,0.000000000
967,840.310996,301.690000,298.149167,0.005555556
968,681.972692,301.750000,298.137917,0.000000000
969,480.325668,301.370000,298.125833,0.000000000
970,286.029341,300.660000,298.115000,0.000000000
971,96.584671,299.850000,298.109583,0.000000000
972,2.025652,299.120000,298.106667,0.000000000
973,0.000000,298.500000,298.098333,0.005555556
974,0.000000,298.260000,298.094583,0.005555556
975,0.000000,298.040000,298.095000,0.000000000
976,0.000000,297.750000,298.094167,0.000000000
977,0.000000,297.460000,298.095000,0.000000000
978,0.000000,297.290000,298.102083,0.000000000
979,0.000000,297.090000,298.116250,0.000000000
980,0.000000,296.950000,298.138750,0.000000000
981,0.000000,296.810000,298.171667,0.000000000
982,0.000000,296.400000,298.199583,0.000000000
983,0.000000,295.990000,298.227500,0.000000000
984,0.000000,296.310000,298.290417,0.000000000
985,36.598363,296.730000,298.392917,0.005555556
986,129.889651,296.700000,298.450000,0.005555556
987,219.661027,297.410000,298.445833,0.000000000
988,299.398761,298.030000,298.404167,0.000000000
989,384.141631,298.490000,298.328750,0.000000000
990,305.633215,298.970000,298.234167,0.000000000
991,307.336585,299.050000,298.124167,0.005555556
992,342.343087,299.130000,298.015000,0.000000000
993,272.727888,299.280000,297.927917,0.000000000
994,174.353960,299.080000,297.862083,0.000000000
995,61.709936,298.710000,297.814583,0.000000000
996,2.155432,298.250000,297.778333,0.000000000
997,0.000000,297.690000,297.744583,0.005555556
998,0.000000,297.340000,297.706250,0.005555556
999,0.000000,296.890000,297.658333,0.000000000
1000,0.000000,296.330000,297.599167,0.000000000
1001,0.000000,295.890000,297.533750,0.000000000
1002,0.000000,295.380000,297.454167,0.000000000
1003,0.000000,295.380000,297.382917,0.000000000
1004,0.000000,295.120000,297.306667,0.000000000
1005,0.000000,294.930000,297.228333,0.000000000
1006,0.000000,295.010000,297.170417,0.000000000
1007,0.000000,294.870000,297.123750,0.000000000
1008,0.000000,294.930000,297.066250,0.000000000
1009,40.073448,294.220000,296.961667,0.005555556
1010,252.851634,295.330000,296.904583,0.005555556
1011,446.248109,296.500000,296.866667,0.000000000
1012,695.890447,297.620000,296.849583,0.000000000
1013,870.514188,298.660000,296.856667,0.000000000
1014,931.500089,299.480000,296.877917,0.000000000
1015,913.243131,299.710000,296.905417,0.005555556
1016,795.554912,299.660000,296.927500,0.000000000
1017,606.538469,299.390000,296.932083,0.000000000
1018,362.668308,299.020000,296.929583,0.000000000
1019,121.103007,298.550000,296.922917,0.000000000
1020,2.344075,297.930000,296.909583,0.000000000
1021,0.000000,297.270000,296.892083,0.005555556
1022,0.000000,296.790000,296.869167,0.005555556
1023,0.000000,296.150000,296.838333,0.000000000
1024,0.000000,295.510000,296.804167,0.000000000
1025,0.000000,296.410000,296.825833,0.000000000
1026,0.000000,295.820000,296.844167,0.000000000
1027,0.000000,292.950000,296.742917,0.000000000
1028,0.000000,292.190000,296.620833,0.000000000
1029,0.000000,291.990000,296.498333,0.000000000
1030,0.000000,291.920000,296.369583,0.000000000
1031,0.000000,291.890000,296.245417,0.000000000
1032,0.000000,291.890000,296.118750,0.000000000
1033,48.563213,291.970000,296.025000,0.005555556
1034,294.683201,293.050000,295.930000,0.005555556
1035,531.493588,295.630000,295.893750,0.000000000
1036,726.022727,297.780000,295.900417,0.000000000
1037,853.260664,299.200000,295.922917,0.000000000
1038,933.411598,300.090000,295.948333,0.000000000
1039,866.295934,300.650000,295.987500,0.005555556
1040,774.073495,300.740000,296.032500,0.000000000
1041,581.077870,300.560000,296.081250,0.000000000
1042,333.632825,299.940000,296.119583,0.000000000
1043,118.648024,299.120000,296.143333,0.000000000
1044,2.731804,298.220000,296.155417,0.000000000
1045,0.000000,297.440000,296.162500,0.005555556
1046,0.000000,296.770000,296.161667,0.005555556
1047,0.000000,295.630000,296.140000,0.000000000
1048,0.000000,294.970000,296.117500,0.000000000
1049,0.000000,294.860000,296.052917,0.000000000
1050,0.000000,296.070000,296.063333,0.000000000
1051,0.000000,295.500000,296.169583,0.000000000
1052,0.000000,292.410000,296.178750,0.000000000
1053,0.000000,291.960000,296.177500,0.000000000
1054,0.000000,292.240000,296.190833,0.000000000
1055,0.000000,292.330000,296.209167,0.000000000
1056,0.000000,292.270000,296.225000,0.000000000
1057,40.733274,292.110000,296.230833,0.005555556
1058,341.382582,293.050000,296.230833,0.005555556
1059,587.063010,295.640000,296.231250,0.000000000
1060,771.013409,297.890000,296.235833,0.000000000
1061,930.851948,299.560000,296.250833,0.000000000
1062,976.783224,300.610000,296.272500,0.000000000
1063,938.235225,301.060000,296.289583,0.005555556
1064,807.749455,301.250000,296.310833,0.000000000
1065,607.114665,300.980000,296.328333,0.000000000
1066,325.918692,300.560000,296.354167,0.000000000
1067,107.232154,299.820000,296.383333,0.000000000
1068,2.569172,299.120000,296.420833,0.000000000
1069,0.000000,298.340000,296.458333,0.005555556
1070,0.000000,297.790000,296.500833,0.005555556
1071,0.000000,297.250000,296.568333,0.000000000
1072,0.000000,296.530000,296.633333,0.000000000
1073,0.000000,295.490000,296.659583,0.000000000
1074,0.000000,294.550000,296.596250,0.000000000
1075,0.000000,293.910000,296.530000,0.000000000
1076,0.000000,293.510000,296.575833,0.000000000
1077,0.000000,293.460000,296.638333,0.000000000
1078,0.000000,292.960000,296.668333,0.000000000
1079,0.000000,292.010000,296.655000,0.000000000
1080,0.000000,291.450000,296.620833,0.000000000
1081,43.284602,291.510000,296.595833,0.005555556
1082,325.048153,293.360000,296.608750,0.005555556
1083,574.014550,296.400000,296.640417,0.000000000
1084,780.185494,298.700000,296.674167,0.000000000
1085,899.104075,300.180000,296.700000,0.000000000
1086,947.342574,301.130000,296.721667,0.000000000
1087,899.804515,301.330000,296.732917,0.005555556
1088,784.689132,301.440000,296.740833,0.000000000
1089,581.348194,301.210000,296.750417,0.000000000
1090,335.497171,300.690000,296.755833,0.000000000
1091,109.780117,299.800000,296.755000,0.000000000
1092,3.039499,298.770000,296.740417,0.000000000
1093,0.000000,297.970000,296.725000,0.005555556
1094,0.000000,297.470000,296.711667,0.005555556
1095,0.000000,297.030000,296.702500,0.000000000
1096,0.000000,296.140000,296.686250,0.000000000
1097,0.000000,296.430000,296.725417,0.000000000
1098,0.000000,296.390000,296.802083,0.000000000
1099,0.000000,295.990000,296.888750,0.000000000
1100,0.000000,295.420000,296.968333,0.000000000
1101,0.000000,293.470000,296.968750,0.000000000
1102,0.000000,292.650000,296.955833,0.000000000
1103,0.000000,292.140000,296.961250,0.000000000
1104,0.000000,291.450000,296.961250,0.000000000
1105,46.451768,291.440000,296.958333,0.005555556
1106,244.470232,293.010000,296.943750,0.005555556
1107,521.486122,294.070000,296.846667,0.000000000
1108,741.934058,295.900000,296.730000,0.000000000
1109,877.242956,297.540000,296.620000,0.000000000
1110,969.943982,298.860000,296.525417,0.000000000
1111,937.666609,299.570000,296.452083,0.005555556
1112,813.160961,299.770000,296.382500,0.000000000
1113,613.757901,299.760000,296.322083,0.000000000
1114,367.344556,299.470000,296.271250,0.000000000
1115,123.893563,298.820000,296.230417,0.000000000
1116,3.011055,298.220000,296.207500,0.000000000
1117,0.000000,297.580000,296.191250,0.005555556
1118,0.000000,297.240000,296.181667,0.005555556
1119,0.000000,296.900000,296.176250,0.000000000
1120,0.000000,296.380000,296.186250,0.000000000
1121,0.000000,295.700000,296.155833,0.000000000
1122,0.000000,294.990000,296.097500,0.000000000
1123,0.000000,294.260000,296.025417,0.000000000
1124,0.000000,293.750000,295.955833,0.000000000
1125,0.000000,293.230000,295.945833,0.000000000
1126,0.000000,292.620000,295.944583,0.000000000
1127,0.000000,291.890000,295.934167,0.000000000
1128,0.000000,291.600000,295.940417,0.000000000
1129,46.759687,291.060000,295.924583,0.005555556
1130,294.455248,292.650000,295.909583,0.005555556
1131,538.751288,294.600000,295.931667,0.000000000
1132,762.197212,296.490000,295.956250,0.000000000
1133,916.318188,298.440000,295.993750,0.000000000
1134,956.911560,299.770000,296.031667,0.000000000
1135,913.768531,300.930000,296.088333,0.005555556
1136,809.059099,301.240000,296.149583,0.000000000
1137,618.617485,301.140000,296.207083,0.000000000
1138,374.856254,300.530000,296.251250,0.000000000
1139,128.675359,299.720000,296.288750,0.000000000
1140,3.059658,298.960000,296.319583,0.000000000
1141,0.000000,298.190000,296.345000,0.005555556
1142,0.000000,297.680000,296.363333,0.005555556
1143,0.000000,297.280000,296.379167,0.000000000
1144,0.000000,296.890000,296.400417,0.000000000
1145,0.000000,296.440000,296.431250,0.000000000
1146,0.000000,295.950000,296.471250,0.000000000
1147,0.000000,295.550000,296.525000,0.000000000
1148,0.000000,294.940000,296.574583,0.000000000
1149,0.000000,294.020000,296.607500,0.000000000
1150,0.000000,293.000000,296.623333,0.000000000
1151,0.000000,292.550000,296.650833,0.000000000
1152,0.000000,292.900000,296.705000,0.000000000
1153,39.633564,292.850000,296.779583,0.005555556
1154,343.628266,292.780000,296.785000,0.005555556
1155,591.976482,296.140000,296.849167,0.000000000
1156,797.242714,298.060000,296.914583,0.000000000
1157,932.036558,299.620000,296.963750,0.000000000
1158,984.473062,300.760000,297.005000,0.000000000
1159,948.193628,301.220000,297.017083,0.005555556
1160,824.114892,301.200000,297.015417,0.000000000
1161,626.395568,300.780000,297.000417,0.000000000
1162,377.873936,300.170000,296.985417,0.000000000
1163,130.241614,299.430000,296.973333,0.000000000
1164,3.237056,298.730000,296.963750,0.000000000
1165,0.000000,297.990000,296.955417,0.005555556
1166,0.000000,297.540000,296.949583,0.005555556
1167,0.000000,297.220000,296.947083,0.000000000
1168,0.000000,296.910000,296.947917,0.000000000
1169,0.000000,296.520000,296.951250,0.000000000
1170,0.000000,296.060000,296.955833,0.000000000
1171,0.000000,295.760000,296.964583,0.000000000
1172,0.000000,295.440000,296.985417,0.000000000
1173,0.000000,294.930000,297.023333,0.000000000
1174,0.000000,294.350000,297.079583,0.000000000
1175,0.000000,293.750000,297.129583,0.000000000
1176,0.000000,293.130000,297.139167,0.000000000
1177,40.249402,292.580000,297.127917,0.005555556
1178,339.976508,294.090000,297.182500,0.005555556
1179,581.870023,296.490000,297.197083,0.000000000
1180,789.403715,298.260000,297.205417,0.000000000
1181,923.239219,299.510000,297.200833,0.000000000
1182,967.952002,300.350000,297.183750,0.000000000
1183,932.801812,300.830000,297.167500,0.005555556
1184,812.091563,300.780000,297.150000,0.000000000
1185,617.539309,300.430000,297.135417,0.000000000
1186,374.022190,299.860000,297.122500,0.000000000
1187,129.849397,299.200000,297.112917,0.000000000
1188,3.370084,298.530000,297.104583,0.000000000
1189,0.000000,297.910000,297.101250,0.005555556
1190,0.000000,297.540000,297.101250,0.005555556
1191,0.000000,297.240000,297.102083,0.000000000
1192,0.000000,296.950000,297.103750,0.000000000
1193,0.000000,296.550000,297.105000,0.000000000
1194,0.000000,296.140000,297.108333,0.000000000
1195,0.000000,295.710000,297.106250,0.000000000
1196,0.000000,295.380000,297.103750,0.000000000
1197,0.000000,295.050000,297.108750,0.000000000
1198,0.000000,294.680000,297.122500,0.000000000
1199,0.000000,294.330000,297.146667,0.000000000
1200,0.000000,293.860000,297.177083,0.000000000
1201,41.173158,293.020000,297.195417,0.005555556
1202,337.578827,294.180000,297.199167,0.005555556
1203,562.370258,296.450000,297.197500,0.000000000
1204,763.946288,298.180000,297.194167,0.000000000
1205,927.334744,299.530000,297.195000,0.000000000
1206,979.390183,300.550000,297.203333,0.000000000
1207,940.459104,300.890000,297.205833,0.005555556
1208,817.271944,300.840000,297.208333,0.000000000
1209,622.855872,300.590000,297.215000,0.000000000
1210,378.489993,300.180000,297.228333,0.000000000
1211,124.311563,299.600000,297.245000,0.000000000
1212,3.504756,298.830000,297.257500,0.000000000
1213,0.000000,298.120000,297.266250,0.005555556
1214,0.000000,297.730000,297.274167,0.005555556
1215,0.000000,297.400000,297.280833,0.000000000
1216,0.000000,297.010000,297.283333,0.000000000
1217,0.000000,296.560000,297.283750,0.000000000
1218,0.000000,296.130000,297.283333,0.000000000
1219,0.000000,295.770000,297.285833,0.000000000
1220,0.000000,295.320000,297.283333,0.000000000
1221,0.000000,294.790000,297.272500,0.000000000
1222,0.000000,294.290000,297.256250,0.000000000
1223,0.000000,293.720000,297.230833,0.000000000
1224,0.000000,293.110000,297.199583,0.000000000
1225,113.692933,292.440000,297.175417,0.005555556
1226,346.302521,294.030000,297.169167,0.005555556
1227,593.541235,296.630000,297.176667,0.000000000
1228,797.947215,298.750000,297.200417,0.000000000
1229,931.237002,300.460000,297.239167,0.000000000
1230,981.818907,301.700000,297.287083,0.000000000
1231,943.182953,302.430000,297.351250,0.005555556
1232,819.320461,302.260000,297.410417,0.000000000
1233,622.300569,301.670000,297.455417,0.000000000
1234,375.663448,300.960000,297.487917,0.000000000
1235,131.948538,300.190000,297.512500,0.000000000
1236,3.594923,299.510000,297.540833,0.000000000
1237,0.000000,298.810000,297.569583,0.005555556
1238,0.000000,298.410000,297.597917,0.005555556
1239,0.000000,298.090000,297.626667,0.000000000
1240,0.000000,297.700000,297.655417,0.000000000
1241,0.000000,297.330000,297.687500,0.000000000
1242,0.000000,296.880000,297.718750,0.000000000
1243,0.000000,296.300000,297.740833,0.000000000
1244,0.000000,295.760000,297.759167,0.000000000
1245,0.000000,295.140000,297.773750,0.000000000
1246,0.000000,294.410000,297.778750,0.000000000
1247,0.000000,293.750000,297.780000,0.000000000
1248,0.000000,293.100000,297.779583,0.000000000
1249,109.635456,292.530000,297.783333,0.005555556
1250,352.532559,294.190000,297.790000,0.005555556
1251,603.281161,297.210000,297.814167,0.000000000
1252,808.752658,299.600000,297.849583,0.000000000
1253,943.748543,301.380000,297.887917,0.000000000
1254,996.793978,302.520000,297.922083,0.000000000
1255,957.661089,303.130000,297.951250,0.005555556
1256,832.235363,303.100000,297.986250,0.000000000
1257,633.053314,302.700000,298.029167,0.000000000
1258,384.935284,301.900000,298.068333,0.000000000
1259,136.045262,300.950000,298.100000,0.000000000
1260,3.863885,300.050000,298.122500,0.000000000
1261,0.000000,299.130000,298.135833,0.005555556
1262,0.000000,298.620000,298.144583,0.005555556
1263,0.000000,298.340000,298.155000,0.000000000
1264,0.000000,298.010000,298.167917,0.000000000
1265,0.000000,297.600000,298.179167,0.000000000
1266,0.000000,297.100000,298.188333,0.000000000
1267,0.000000,296.630000,298.202083,0.000000000
1268,0.000000,296.180000,298.219583,0.000000000
1269,0.000000,295.640000,298.240417,0.000000000
1270,0.000000,295.070000,298.267917,0.000000000
1271,0.000000,294.320000,298.291667,0.000000000
1272,0.000000,293.170000,298.294583,0.000000000
1273,105.471037,292.790000,298.305417,0.005555556
1274,356.134149,293.870000,298.292083,0.005555556
1275,606.898868,297.160000,298.290000,0.000000000
1276,813.128999,299.400000,298.281667,0.000000000
1277,948.571091,301.160000,298.272500,0.000000000
1278,999.752603,302.390000,298.267083,0.000000000
1279,959.482050,302.690000,298.248750,0.005555556
1280,833.423490,302.480000,298.222917,0.000000000
1281,635.469876,302.190000,298.201667,0.000000000
1282,388.533775,301.670000,298.192083,0.000000000
1283,138.446738,301.030000,298.195417,0.000000000
1284,3.999566,300.160000,298.200000,0.000000000
1285,0.000000,299.290000,298.206667,0.005555556
1286,0.000000,298.750000,298.212083,0.005555556
1287,0.000000,298.300000,298.210417,0.000000000
1288,0.000000,297.870000,298.204583,0.000000000
1289,0.000000,297.390000,298.195833,0.000000000
1290,0.000000,296.770000,298.182083,0.000000000
1291,0.000000,296.140000,298.161667,0.000000000
1292,0.000000,295.470000,298.132083,0.000000000
1293,0.000000,294.620000,298.089583,0.000000000
1294,0.000000,293.910000,298.041250,0.000000000
1295,0.000000,293.500000,298.007083,0.000000000
1296,0.000000,293.050000,298.002083,0.000000000
1297,99.945839,292.380000,297.985000,0.005555556
1298,358.123673,293.870000,297.985000,0.005555556
1299,609.287968,297.500000,297.999167,0.000000000
1300,815.242843,299.730000,298.012917,0.000000000
1301,950.446701,301.550000,298.029167,0.000000000
1302,1000.065326,302.750000,298.044167,0.000000000
1303,961.332982,303.300000,298.069583,0.005555556
1304,836.585419,303.170000,298.098333,0.000000000
1305,638.776811,302.870000,298.126667,0.000000000
1306,391.147063,302.430000,298.158333,0.000000000
1307,140.100652,301.770000,298.189167,0.000000000
1308,4.133391,300.840000,298.217500,0.000000000
1309,0.000000,299.910000,298.243333,0.005555556
1310,0.000000,299.300000,298.266250,0.005555556
1311,0.000000,298.750000,298.285000,0.000000000
1312,0.000000,298.230000,298.300000,0.000000000
1313,0.000000,297.400000,298.300417,0.000000000
1314,0.000000,295.770000,298.258750,0.000000000
1315,0.000000,294.800000,298.202917,0.000000000
1316,0.000000,294.310000,298.154583,0.000000000
1317,0.000000,294.690000,298.157500,0.000000000
1318,0.000000,294.430000,298.179167,0.000000000
1319,0.000000,292.440000,298.135000,0.000000000
1320,0.000000,292.110000,298.095833,0.000000000
1321,94.230990,292.890000,298.117083,0.005555556
1322,359.524721,293.410000,298.097917,0.005555556
1323,612.284426,297.620000,298.102917,0.000000000
1324,819.052387,300.060000,298.116667,0.000000000
1325,954.508013,302.020000,298.136250,0.000000000
1326,1002.110063,303.220000,298.155833,0.000000000
1327,962.085825,303.720000,298.173333,0.005555556
1328,836.178357,303.540000,298.188750,0.000000000
1329,637.808172,303.130000,298.199583,0.000000000
1330,390.444601,302.590000,298.206250,0.000000000
1331,140.284105,301.850000,298.209583,0.000000000
1332,4.354234,300.920000,298.212917,0.000000000
1333,0.000000,300.110000,298.221250,0.005555556
1334,0.000000,299.700000,298.237917,0.005555556
1335,0.000000,299.370000,298.263750,0.000000000
1336,0.000000,298.830000,298.288750,0.000000000
1337,0.000000,297.860000,298.307917,0.000000000
1338,0.000000,296.550000,298.340417,0.000000000
1339,0.000000,295.760000,298.380417,0.000000000
1340,0.000000,295.130000,298.414583,0.000000000
1341,0.000000,294.460000,298.405000,0.000000000
1342,0.000000,293.610000,298.370833,0.000000000
1343,0.000000,292.760000,298.384167,0.000000000
1344,0.000000,292.450000,298.398333,0.000000000
1345,90.039970,291.670000,298.347500,0.005555556
1346,362.647545,294.050000,298.374167,0.005555556
1347,616.276893,297.640000,298.375000,0.000000000
1348,823.823270,300.690000,298.401250,0.000000000
1349,958.991561,302.940000,298.439583,0.000000000
1350,1006.967579,304.160000,298.478750,0.000000000
1351,965.644962,304.300000,298.502917,0.005555556
1352,839.841228,304.150000,298.528333,0.000000000
1353,637.113239,303.470000,298.542500,0.000000000
1354,384.344320,302.540000,298.540417,0.000000000
1355,139.405117,301.620000,298.530833,0.000000000
1356,4.397571,300.830000,298.527083,0.000000000
1357,0.000000,300.050000,298.524583,0.005555556
1358,0.000000,299.560000,298.518750,0.005555556
1359,0.000000,298.530000,298.483750,0.000000000
1360,0.000000,297.150000,298.413750,0.000000000
1361,0.000000,296.690000,298.365000,0.000000000
1362,0.000000,296.700000,298.371250,0.000000000
1363,0.000000,296.650000,298.408333,0.000000000
1364,0.000000,296.480000,298.464583,0.000000000
1365,0.000000,296.350000,298.543333,0.000000000
1366,0.000000,296.350000,298.657500,0.000000000
1367,0.000000,296.320000,298.805833,0.000000000
1368,0.000000,296.150000,298.960000,0.000000000
1369,82.541886,295.820000,299.132917,0.005555556
1370,358.878507,296.390000,299.230417,0.005555556
1371,611.399524,298.630000,299.271667,0.000000000
1372,818.114721,301.110000,299.289167,0.000000000
1373,953.152915,302.930000,299.288750,0.000000000
1374,997.887036,303.940000,299.279583,0.000000000
1375,957.036138,304.090000,299.270833,0.005555556
1376,830.230671,303.830000,299.257500,0.000000000
1377,630.688454,303.130000,299.243333,0.000000000
1378,383.544844,302.230000,299.230417,0.000000000
1379,137.132922,301.300000,299.217083,0.000000000
1380,4.526691,300.580000,299.206667,0.000000000
1381,0.000000,299.940000,299.202083,0.005555556
1382,0.000000,299.550000,299.201667,0.005555556
1383,0.000000,299.240000,299.231250,0.000000000
1384,0.000000,298.890000,299.303750,0.000000000
1385,0.000000,298.500000,299.379167,0.000000000
1386,0.000000,298.050000,299.435417,0.000000000
1387,0.000000,297.490000,299.470417,0.000000000
1388,0.000000,296.700000,299.479583,0.000000000
1389,0.000000,295.460000,299.442500,0.000000000
1390,0.000000,294.480000,299.364583,0.000000000
1391,0.000000,293.800000,299.259583,0.000000000
1392,0.000000,293.800000,299.161667,0.000000000
1393,79.592134,295.230000,299.137083,0.005555556
1394,356.743098,295.810000,299.112917,0.005555556
1395,607.302586,298.070000,299.089583,0.000000000
1396,813.102296,300.090000,299.047083,0.000000000
1397,949.098898,301.540000,298.989167,0.000000000
1398,1007.325196,302.470000,298.927917,0.000000000
1399,967.659842,302.700000,298.870000,0.005555556
1400,840.591951,302.490000,298.814167,0.000000000
1401,640.863993,302.100000,298.771250,0.000000000
1402,392.734999,301.560000,298.743333,0.000000000
1403,142.516689,301.020000,298.731667,0.000000000
1404,4.797201,300.430000,298.725417,0.000000000
1405,0.000000,299.600000,298.711250,0.005555556
1406,0.000000,299.010000,298.688750,0.005555556
1407,0.000000,298.610000,298.662500,0.000000000
1408,0.000000,294.510000,298.480000,0.000000000
1409,0.000000,294.940000,298.331667,0.000000000
1410,0.000000,295.380000,298.220417,0.000000000
1411,0.000000,295.810000,298.150417,0.000000000
1412,0.000000,296.240000,298.131250,0.000000000
1413,0.000000,296.670000,298.181667,0.000000000
1414,0.000000,297.100000,298.290833,0.000000000
1415,0.000000,297.540000,298.446667,0.000000000
1416,0.000000,297.970000,298.620417,0.000000000
1417,75.952827,298.400000,298.752500,0.005555556
1418,353.005814,298.830000,298.878333,0.005555556
1419,607.377318,299.260000,298.927917,0.000000000
1420,811.956404,299.700000,298.911667,0.000000000
1421,944.811727,300.130000,298.852917,0.000000000
1422,986.188348,300.560000,298.773333,0.000000000
1423,950.933074,300.990000,298.702083,0.005555556
1424,803.664297,303.060000,298.725833,0.000000000
1425,552.173278,302.800000,298.755000,0.000000000
1426,352.994376,302.220000,298.782500,0.000000000
1427,112.227729,301.860000,298.817500,0.000000000
1428,4.121561,301.040000,298.842917,0.000000000
1429,0.000000,300.270000,298.870833,0.005555556
1430,0.000000,299.840000,298.905417,0.005555556
1431,0.000000,299.430000,298.939583,0.000000000
1432,0.000000,299.150000,299.132917,0.000000000
1433,0.000000,298.840000,299.295417,0.000000000
1434,0.000000,298.540000,299.427083,0.000000000
1435,0.000000,298.170000,299.525417,0.000000000
1436,0.000000,297.920000,299.595417,0.000000000
1437,0.000000,297.650000,299.636250,0.000000000
1438,0.000000,297.380000,299.647917,0.000000000
1439,0.000000,297.160000,299.632083,0.000000000
1440,0.000000,296.830000,299.584583,0.000000000
1441,73.887895,296.650000,299.511667,0.005555556
1442,344.029493,297.210000,299.444167,0.005555556
1443,595.094946,298.820000,299.425833,0.000000000
1444,781.258026,300.250000,299.448750,0.000000000
1445,922.549889,301.400000,299.501667,0.000000000
1446,949.239798,302.290000,299.573750,0.000000000
1447,941.324583,302.470000,299.635417,0.005555556
1448,818.818847,302.420000,299.608750,0.000000000
1449,583.648495,302.070000,299.578333,0.000000000
1450,351.203007,301.430000,299.545417,0.000000000
1451,134.658919,300.810000,299.501667,0.000000000
1452,4.560967,300.180000,299.465833,0.000000000
1453,0.000000,299.670000,299.440833,0.005555556
1454,0.000000,299.390000,299.422083,0.005555556
1455,0.000000,299.280000,299.415833,0.000000000
1456,0.000000,299.000000,299.409583,0.000000000
1457,0.000000,298.720000,299.404583,0.000000000
1458,0.000000,298.450000,299.400833,0.000000000
1459,0.000000,298.110000,299.398333,0.000000000
1460,0.000000,297.900000,299.397500,0.000000000
1461,0.000000,297.620000,299.396250,0.000000000
1462,0.000000,297.350000,299.395000,0.000000000
1463,0.000000,297.040000,299.390000,0.000000000
1464,0.000000,296.630000,299.381667,0.000000000
1465,70.299068,295.960000,299.352917,0.005555556
1466,343.114372,297.620000,299.370000,0.005555556
1467,585.139583,299.030000,299.378750,0.000000000
1468,783.594876,300.210000,299.377083,0.000000000
1469,911.109098,301.240000,299.370417,0.000000000
1470,880.117780,301.980000,299.357500,0.000000000
1471,913.405916,301.960000,299.336250,0.005555556
1472,796.453960,302.020000,299.319583,0.000000000
1473,555.323982,301.910000,299.312917,0.000000000
1474,343.744905,301.400000,299.311667,0.000000000
1475,124.695988,300.920000,299.316250,0.000000000
1476,4.257410,300.410000,299.325833,0.000000000
1477,0.000000,299.970000,299.338333,0.005555556
1478,0.000000,299.660000,299.349583,0.005555556
1479,0.000000,299.430000,299.355833,0.000000000
1480,0.000000,299.190000,299.363750,0.000000000
1481,0.000000,298.950000,299.373333,0.000000000
1482,0.000000,298.660000,299.382083,0.000000000
1483,0.000000,298.550000,299.400417,0.000000000
1484,0.000000,298.300000,299.417083,0.000000000
1485,0.000000,297.960000,299.431250,0.000000000
1486,0.000000,297.720000,299.446667,0.000000000
1487,0.000000,297.410000,299.462083,0.000000000
1488,0.000000,297.110000,299.482083,0.000000000
1489,68.659248,296.800000,299.517083,0.005555556
1490,338.288391,298.040000,299.534583,0.005555556
1491,578.551536,299.630000,299.559583,0.000000000
1492,783.367344,300.930000,299.589583,0.000000000
1493,906.879899,302.120000,299.626250,0.000000000
1494,720.464324,303.050000,299.670833,0.000000000
1495,692.259792,303.260000,299.725000,0.005555556
1496,574.902100,303.250000,299.776250,0.000000000
1497,454.817671,302.750000,299.811250,0.000000000
1498,256.983505,302.450000,299.855000,0.000000000
1499,95.750176,301.870000,299.894583,0.000000000
1500,5.133323,301.370000,299.934583,0.000000000
1501,0.000000,300.810000,299.969583,0.005555556
1502,0.000000,300.450000,300.002500,0.005555556
1503,0.000000,300.190000,300.034167,0.000000000
1504,0.000000,299.950000,300.065833,0.000000000
1505,0.000000,299.750000,300.099167,0.000000000
1506,0.000000,299.490000,300.133750,0.000000000
1507,0.000000,299.250000,300.162917,0.000000000
1508,0.000000,299.000000,300.192083,0.000000000
1509,0.000000,298.780000,300.226250,0.000000000
1510,0.000000,298.520000,300.259583,0.000000000
1511,0.000000,298.350000,300.298750,0.000000000
1512,0.000000,298.030000,300.337083,0.000000000
1513,65.323794,297.710000,300.375000,0.005555556
1514,281.451798,298.690000,300.402083,0.005555556
1515,504.598954,299.650000,300.402917,0.000000000
1516,668.046134,300.900000,300.401667,0.000000000
1517,777.839973,302.080000,300.400000,0.000000000
1518,705.185196,302.960000,300.396250,0.000000000
1519,620.659883,301.210000,300.310833,0.005555556
1520,527.533325,301.830000,300.251667,0.000000000
1521,291.014437,302.170000,300.227500,0.000000000
1522,220.380685,301.300000,300.179583,0.000000000
1523,103.165166,301.200000,300.151667,0.000000000
1524,4.095634,300.770000,300.126667,0.000000000
1525,0.000000,300.560000,300.116250,0.005555556
1526,0.000000,300.320000,300.110833,0.005555556
1527,0.000000,300.280000,300.114583,0.000000000
1528,0.000000,300.100000,300.120833,0.000000000
1529,0.000000,299.860000,300.125417,0.000000000
1530,0.000000,299.660000,300.132500,0.000000000
1531,0.000000,298.830000,300.115000,0.000000000
1532,0.000000,298.550000,300.096250,0.000000000
1533,0.000000,298.220000,300.072917,0.000000000
1534,0.000000,297.820000,300.043750,0.000000000
1535,0.000000,297.510000,300.008750,0.000000000
1536,0.000000,297.180000,299.973333,0.000000000
1537,66.195213,296.770000,299.934167,0.005555556
1538,339.273317,298.000000,299.905417,0.005555556
1539,572.927463,299.350000,299.892917,0.000000000
1540,777.046472,300.500000,299.876250,0.000000000
1541,904.080790,301.710000,299.860833,0.000000000
1542,943.293221,302.700000,299.850000,0.000000000
1543,893.310362,303.230000,299.934167,0.005555556
1544,455.129784,302.320000,299.954583,0.000000000
1545,352.772813,302.400000,299.964167,0.000000000
1546,246.378252,301.790000,299.984583,0.000000000
1547,123.772853,301.760000,300.007917,0.000000000
1548,4.732392,301.480000,300.037500,0.000000000
1549,0.000000,301.120000,300.060833,0.005555556
1550,0.000000,300.790000,300.080417,0.005555556
1551,0.000000,300.440000,300.087083,0.000000000
1552,0.000000,300.130000,300.088333,0.000000000
1553,0.000000,299.820000,300.086667,0.000000000
1554,0.000000,299.560000,300.082500,0.000000000
1555,0.000000,298.910000,300.085833,0.000000000
1556,0.000000,298.580000,300.087083,0.000000000
1557,0.000000,298.270000,300.089167,0.000000000
1558,0.000000,298.020000,300.097500,0.000000000
1559,0.000000,297.650000,300.103333,0.000000000
1560,0.000000,297.060000,300.098333,0.000000000
1561,66.215728,296.600000,300.091250,0.005555556
1562,342.568853,298.170000,300.098333,0.005555556
1563,566.699651,299.530000,300.105833,0.000000000
1564,779.976462,300.760000,300.116667,0.000000000
1565,876.226680,301.950000,300.126667,0.000000000
1566,951.133328,302.810000,300.131250,0.000000000
1567,878.768223,303.690000,300.150417,0.005555556
1568,747.616765,303.700000,300.207917,0.000000000
1569,439.179581,303.260000,300.243750,0.000000000
1570,289.195085,302.750000,300.283750,0.000000000
1571,119.642696,302.280000,300.305417,0.000000000
1572,4.866241,301.850000,300.320833,0.000000000
1573,0.000000,301.250000,300.326250,0.005555556
1574,0.000000,300.880000,300.330000,0.005555556
1575,0.000000,300.550000,300.334583,0.000000000
1576,0.000000,300.290000,300.341250,0.000000000
1577,0.000000,300.010000,300.349167,0.000000000
1578,0.000000,299.700000,300.355000,0.000000000
1579,0.000000,299.390000,300.375000,0.000000000
1580,0.000000,299.150000,300.398750,0.000000000
1581,0.000000,298.890000,300.424583,0.000000000
1582,0.000000,298.630000,300.450000,0.000000000
1583,0.000000,298.400000,300.481250,0.000000000
1584,0.000000,298.140000,300.526250,0.000000000
1585,70.604614,297.760000,300.574583,0.005555556
1586,310.789090,298.940000,300.606667,0.005555556
1587,543.739292,300.170000,300.633333,0.000000000
1588,782.027020,301.430000,300.661250,0.000000000
1589,907.210003,302.510000,300.684583,0.000000000
1590,966.712845,303.140000,300.698333,0.000000000
1591,924.293791,303.590000,300.694167,0.005555556
1592,774.380462,303.490000,300.685417,0.000000000
1593,525.008568,303.450000,300.693333,0.000000000
1594,305.701696,302.690000,300.690833,0.000000000
1595,122.102529,302.270000,300.690417,0.000000000
1596,5.540751,301.540000,300.677500,0.000000000
1597,0.000000,300.860000,300.661250,0.005555556
1598,0.000000,300.470000,300.644167,0.005555556
1599,0.000000,300.150000,300.627500,0.000000000
1600,0.000000,299.850000,300.609167,0.000000000
1601,0.000000,299.570000,300.590833,0.000000000
1602,0.000000,299.220000,300.570833,0.000000000
1603,0.000000,298.810000,300.546667,0.000000000
1604,0.000000,298.340000,300.512917,0.000000000
1605,0.000000,297.560000,300.457500,0.000000000
1606,0.000000,296.820000,300.382083,0.000000000
1607,0.000000,296.620000,300.307917,0.000000000
1608,0.000000,297.360000,300.275417,0.000000000
1609,65.442657,297.380000,300.259583,0.005555556
1610,354.312982,297.970000,300.219167,0.005555556
1611,598.798938,299.610000,300.195833,0.000000000
1612,801.032079,300.980000,300.177083,0.000000000
1613,932.778945,302.190000,300.163750,0.000000000
1614,983.580158,303.120000,300.162917,0.000000000
1615,944.305212,303.520000,300.160000,0.005555556
1616,823.406817,303.510000,300.160833,0.000000000
1617,593.379118,303.270000,300.153333,0.000000000
1618,358.614268,302.840000,300.159583,0.000000000
1619,138.333810,302.360000,300.163333,0.000000000
1620,5.983312,301.550000,300.163750,0.000000000
1621,0.000000,300.800000,300.161250,0.005555556
1622,0.000000,300.320000,300.155000,0.005555556
1623,0.000000,299.930000,300.145833,0.000000000
1624,0.000000,299.380000,300.126250,0.000000000
1625,0.000000,298.800000,300.094167,0.000000000
1626,0.000000,298.230000,300.052917,0.000000000
1627,0.000000,297.620000,300.003333,0.000000000
1628,0.000000,297.130000,299.952917,0.000000000
1629,0.000000,296.540000,299.910417,0.000000000
1630,0.000000,295.810000,299.868333,0.000000000
1631,0.000000,295.770000,299.832917,0.000000000
1632,0.000000,296.690000,299.805000,0.000000000
1633,76.574610,296.670000,299.775417,0.005555556
1634,281.338740,296.750000,299.724583,0.005555556
1635,417.907508,299.040000,299.700833,0.000000000
1636,536.138720,300.550000,299.682917,0.000000000
1637,694.675628,301.740000,299.664167,0.000000000
1638,714.009039,302.850000,299.652917,0.000000000
1639,852.704946,302.980000,299.630417,0.005555556
1640,791.826898,303.320000,299.622500,0.000000000
1641,629.937991,303.300000,299.623750,0.000000000
1642,391.065041,302.840000,299.623750,0.000000000
1643,145.449209,302.060000,299.611250,0.000000000
1644,6.073557,301.200000,299.596667,0.000000000
1645,0.000000,300.380000,299.579167,0.005555556
1646,0.000000,299.890000,299.561250,0.005555556
1647,0.000000,299.550000,299.545417,0.000000000
1648,0.000000,299.270000,299.540833,0.000000000
1649,0.000000,299.000000,299.549167,0.000000000
1650,0.000000,298.700000,299.568750,0.000000000
1651,0.000000,298.180000,299.592083,0.000000000
1652,0.000000,297.770000,299.618750,0.000000000
1653,0.000000,297.400000,299.654583,0.000000000
1654,0.000000,296.950000,299.702083,0.000000000
1655,0.000000,296.740000,299.742500,0.000000000
1656,0.000000,296.650000,299.740833,0.000000000
1657,79.185486,296.790000,299.745833,0.005555556
1658,294.668022,297.940000,299.795417,0.005555556
1659,513.022068,299.270000,299.805000,0.000000000
1660,679.783145,300.230000,299.791667,0.000000000
1661,813.938563,301.180000,299.768333,0.000000000
1662,399.644714,302.040000,299.734583,0.000000000
1663,703.565025,300.710000,299.640000,0.005555556
1664,658.931538,301.400000,299.560000,0.000000000
1665,369.681293,301.910000,299.502083,0.000000000
1666,232.350085,301.940000,299.464583,0.000000000
1667,92.045241,301.860000,299.456250,0.000000000
1668,4.100282,301.550000,299.470833,0.000000000
1669,0.000000,301.200000,299.505000,0.005555556
1670,0.000000,300.400000,299.526250,0.005555556
1671,0.000000,299.850000,299.538750,0.000000000
1672,0.000000,299.440000,299.545833,0.000000000
1673,0.000000,298.900000,299.541667,0.000000000
1674,0.000000,298.950000,299.552083,0.000000000
1675,0.000000,297.020000,299.503750,0.000000000
1676,0.000000,296.620000,299.455833,0.000000000
1677,0.000000,296.260000,299.408333,0.000000000
1678,0.000000,295.670000,299.355000,0.000000000
1679,0.000000,295.220000,299.291667,0.000000000
1680,0.000000,295.200000,299.231250,0.000000000
1681,57.683766,295.350000,299.171250,0.005555556
1682,297.749650,296.210000,299.099167,0.005555556
1683,520.005428,297.410000,299.021667,0.000000000
1684,765.170183,298.600000,298.953750,0.000000000
1685,892.615672,299.880000,298.899583,0.000000000
1686,957.162327,300.780000,298.847083,0.000000000
1687,849.516548,301.190000,298.867083,0.005555556
1688,699.190017,301.470000,298.870000,0.000000000
1689,596.315588,301.580000,298.856250,0.000000000
1690,295.407651,301.630000,298.843333,0.000000000
1691,115.499874,300.890000,298.802917,0.000000000
1692,6.201897,300.170000,298.745417,0.000000000
1693,0.000000,299.730000,298.684167,0.005555556
1694,0.000000,299.540000,298.648333,0.005555556
1695,0.000000,299.320000,298.626250,0.000000000
1696,0.000000,299.090000,298.611667,0.000000000
1697,0.000000,298.810000,298.607917,0.000000000
1698,0.000000,298.560000,298.591667,0.000000000
1699,0.000000,298.350000,298.647083,0.000000000
1700,0.000000,298.110000,298.709167,0.000000000
1701,0.000000,297.750000,298.771250,0.000000000
1702,0.000000,297.210000,298.835417,0.000000000
1703,0.000000,296.500000,298.888750,0.000000000
1704,0.000000,295.970000,298.920833,0.000000000
1705,65.586935,295.720000,298.936250,0.005555556
1706,361.093531,298.060000,299.013333,0.005555556
1707,605.677313,299.460000,299.098750,0.000000000
1708,803.585463,300.710000,299.186667,0.000000000
1709,866.970571,301.810000,299.267083,0.000000000
1710,925.253998,302.490000,299.338333,0.000000000
1711,726.364303,303.330000,299.427500,0.005555556
1712,641.251377,303.340000,299.505417,0.000000000
1713,420.989610,303.130000,299.570000,0.000000000
1714,263.221521,302.620000,299.611250,0.000000000
1715,102.481516,302.180000,299.665000,0.000000000
1716,5.482855,301.730000,299.730000,0.000000000
1717,0.000000,301.150000,299.789167,0.005555556
1718,0.000000,300.690000,299.837083,0.005555556
1719,0.000000,300.330000,299.879167,0.000000000
1720,0.000000,299.970000,299.915833,0.000000000
1721,0.000000,299.580000,299.947917,0.000000000
1722,0.000000,299.250000,299.976667,0.000000000
1723,0.000000,298.920000,300.000417,0.000000000
1724,0.000000,298.710000,300.025417,0.000000000
1725,0.000000,298.330000,300.049583,0.000000000
1726,0.000000,297.820000,300.075000,0.000000000
1727,0.000000,297.260000,300.106667,0.000000000
1728,0.000000,296.730000,300.138333,0.000000000
1729,62.911691,296.410000,300.167083,0.005555556
1730,361.922299,298.380000,300.180417,0.005555556
1731,600.922068,300.060000,300.205417,0.000000000
1732,806.781055,301.460000,300.236667,0.000000000
1733,907.375459,302.740000,300.275417,0.000000000
1734,774.603012,303.460000,300.315833,0.000000000
1735,834.093093,303.630000,300.328333,0.005555556
1736,763.833952,303.600000,300.339167,0.000000000
1737,551.911819,303.300000,300.346250,0.000000000
1738,350.948909,302.930000,300.359167,0.000000000
1739,119.952695,302.700000,300.380833,0.000000000
1740,5.666203,302.140000,300.397917,0.000000000
1741,0.000000,301.440000,300.410000,0.005555556
1742,0.000000,300.980000,300.422083,0.005555556
1743,0.000000,300.620000,300.434167,0.000000000
1744,0.000000,300.180000,300.442917,0.000000000
1745,0.000000,299.800000,300.452083,0.000000000
1746,0.000000,299.440000,300.460000,0.000000000
1747,0.000000,298.910000,300.459583,0.000000000
1748,0.000000,298.610000,300.455417,0.000000000
1749,0.000000,298.380000,300.457500,0.000000000
1750,0.000000,298.220000,300.474167,0.000000000
1751,0.000000,298.070000,300.507917,0.000000000
1752,0.000000,297.880000,300.555833,0.000000000
1753,60.394505,297.850000,300.615833,0.005555556
1754,342.156187,298.800000,300.633333,0.005555556
1755,586.905017,300.260000,300.641667,0.000000000
1756,759.531203,301.670000,300.650417,0.000000000
1757,867.766656,302.760000,300.651250,0.000000000
1758,942.066416,303.370000,300.647500,0.000000000
1759,908.589556,303.630000,300.647500,0.005555556
1760,700.043070,303.840000,300.657500,0.000000000
1761,384.514591,302.200000,300.611667,0.000000000
1762,361.010183,302.480000,300.592917,0.000000000
1763,123.173302,302.600000,300.588750,0.000000000
1764,6.227632,301.920000,300.579583,0.000000000
1765,0.000000,301.350000,300.575833,0.005555556
1766,0.000000,300.930000,300.573750,0.005555556
1767,0.000000,300.580000,300.572083,0.000000000
1768,0.000000,300.250000,300.575000,0.000000000
1769,0.000000,299.950000,300.581250,0.000000000
1770,0.000000,299.630000,300.589167,0.000000000
1771,0.000000,298.940000,300.590417,0.000000000
1772,0.000000,298.690000,300.593750,0.000000000
1773,0.000000,298.430000,300.595833,0.000000000
1774,0.000000,298.180000,300.594167,0.000000000
1775,0.000000,297.900000,300.587083,0.000000000
1776,0.000000,297.660000,300.577917,0.000000000
1777,57.085769,297.500000,300.563333,0.005555556
1778,322.546536,298.290000,300.542083,0.005555556
1779,579.777880,299.430000,300.507500,0.000000000
1780,787.107321,300.730000,300.468333,0.000000000
1781,914.230463,301.950000,300.434583,0.000000000
1782,934.343333,302.900000,300.415000,0.000000000
1783,900.659061,303.430000,300.406667,0.005555556
1784,737.194134,303.020000,300.372500,0.000000000
1785,444.476045,301.800000,300.355833,0.000000000
1786,255.206728,300.810000,300.286250,0.000000000
1787,84.085603,300.550000,300.200833,0.000000000
1788,5.382459,299.260000,300.090000,0.000000000
1789,0.000000,298.720000,299.980417,0.005555556
1790,0.000000,298.770000,299.890417,0.005555556
1791,0.000000,298.950000,299.822500,0.000000000
1792,0.000000,298.840000,299.763750,0.000000000
1793,0.000000,298.580000,299.706667,0.000000000
1794,0.000000,298.360000,299.653750,0.000000000
1795,0.000000,298.360000,299.629583,0.000000000
1796,0.000000,298.230000,299.610417,0.000000000
1797,0.000000,297.920000,299.589167,0.000000000
1798,0.000000,297.560000,299.563333,0.000000000
1799,0.000000,297.500000,299.546667,0.000000000
1800,0.000000,297.040000,299.520833,0.000000000
1801,54.970070,296.900000,299.495833,0.005555556
1802,326.573702,298.290000,299.495833,0.005555556
1803,597.980340,299.710000,299.507500,0.000000000
1804,789.893575,301.150000,299.525000,0.000000000
1805,881.199293,302.300000,299.539583,0.000000000
1806,925.302409,302.990000,299.543333,0.000000000
1807,870.978098,303.460000,299.544583,0.005555556
1808,644.225004,303.240000,299.553750,0.000000000
1809,565.634827,302.180000,299.569583,0.000000000
1810,284.341508,302.140000,299.625000,0.000000000
1811,123.621578,301.720000,299.673750,0.000000000
1812,5.349822,301.340000,299.760417,0.000000000
1813,0.000000,300.800000,299.847083,0.005555556
1814,0.000000,300.400000,299.915000,0.005555556
1815,0.000000,300.120000,299.963750,0.000000000
1816,0.000000,299.800000,300.003750,0.000000000
1817,0.000000,299.330000,300.035000,0.000000000
1818,0.000000,298.930000,300.058750,0.000000000
1819,0.000000,298.560000,300.067083,0.000000000
1820,0.000000,298.290000,300.069583,0.000000000
1821,0.000000,297.860000,300.067083,0.000000000
1822,0.000000,297.370000,300.059167,0.000000000
1823,0.000000,296.760000,300.028333,0.000000000
1824,0.000000,296.160000,299.991667,0.000000000
1825,62.550225,295.940000,299.951667,0.005555556
1826,372.029415,298.610000,299.965000,0.005555556
1827,623.592340,300.440000,299.995417,0.000000000
1828,826.289596,302.080000,300.034167,0.000000000
1829,957.799812,303.290000,300.075417,0.000000000
1830,1009.871847,304.110000,300.122083,0.000000000
1831,966.163622,304.910000,300.182500,0.005555556
1832,835.304757,304.810000,300.247917,0.000000000
1833,633.084150,304.450000,300.342500,0.000000000
1834,388.144405,303.870000,300.414583,0.000000000
1835,143.207666,302.970000,300.466667,0.000000000
1836,6.724302,302.140000,300.500000,0.000000000
1837,0.000000,301.370000,300.523750,0.005555556
1838,0.000000,300.830000,300.541667,0.005555556
1839,0.000000,300.440000,300.555000,0.000000000
1840,0.000000,299.920000,300.560000,0.000000000
1841,0.000000,298.970000,300.545000,0.000000000
1842,0.000000,298.600000,300.531250,0.000000000
1843,0.000000,298.270000,300.519167,0.000000000
1844,0.000000,297.330000,300.479167,0.000000000
1845,0.000000,296.780000,300.434167,0.000000000
1846,0.000000,296.720000,300.407083,0.000000000
1847,0.000000,296.250000,300.385833,0.000000000
1848,0.000000,295.650000,300.364583,0.000000000
1849,65.285613,295.480000,300.345417,0.005555556
1850,376.640328,298.330000,300.333750,0.005555556
1851,628.562137,299.760000,300.305417,0.000000000
1852,831.570034,301.000000,300.260417,0.000000000
1853,962.341566,302.080000,300.210000,0.000000000
1854,1005.243828,302.900000,300.159583,0.000000000
1855,957.173901,303.070000,300.082917,0.005555556
1856,825.663516,303.030000,300.008750,0.000000000
1857,595.070084,302.890000,299.943750,0.000000000
1858,368.659266,302.600000,299.890833,0.000000000
1859,145.998972,302.060000,299.852917,0.000000000
1860,7.119931,301.500000,299.826250,0.000000000
1861,0.000000,300.910000,299.807083,0.005555556
1862,0.000000,300.470000,299.792083,0.005555556
1863,0.000000,300.100000,299.777917,0.000000000
1864,0.000000,299.740000,299.770417,0.000000000
1865,0.000000,299.310000,299.784583,0.000000000
1866,0.000000,298.850000,299.795000,0.000000000
1867,0.000000,298.230000,299.793333,0.000000000
1868,0.000000,297.610000,299.805000,0.000000000
1869,0.000000,296.930000,299.811250,0.000000000
1870,0.000000,296.280000,299.792917,0.000000000
1871,0.000000,295.780000,299.773333,0.000000000
1872,0.000000,295.250000,299.756667,0.000000000
1873,62.969053,294.920000,299.733333,0.005555556
1874,388.065416,297.530000,299.700000,0.005555556
1875,645.181735,299.680000,299.696667,0.000000000
1876,851.120090,301.550000,299.719583,0.000000000
1877,982.735439,303.160000,299.764583,0.000000000
1878,1028.001436,304.300000,299.822917,0.000000000
1879,978.773187,305.000000,299.903333,0.005555556
1880,844.450892,305.030000,299.986667,0.000000000
1881,641.085293,304.520000,300.054583,0.000000000
1882,394.090290,303.690000,300.100000,0.000000000
1883,148.847535,302.750000,300.128750,0.000000000
1884,7.250935,301.960000,300.147917,0.000000000
1885,0.000000,301.290000,300.163750,0.005555556
1886,0.000000,300.830000,300.178750,0.005555556
1887,0.000000,300.380000,300.190417,0.000000000
1888,0.000000,299.880000,300.196250,0.000000000
1889,0.000000,299.360000,300.198333,0.000000000
1890,0.000000,298.820000,300.197083,0.000000000
1891,0.000000,298.420000,300.205000,0.000000000
1892,0.000000,298.010000,300.221667,0.000000000
1893,0.000000,297.590000,300.249167,0.000000000
1894,0.000000,297.120000,300.284167,0.000000000
1895,0.000000,296.440000,300.311667,0.000000000
1896,0.000000,295.600000,300.326250,0.000000000
1897,61.903557,295.160000,300.336250,0.005555556
1898,386.722331,297.450000,300.332917,0.005555556
1899,640.374306,299.910000,300.342500,0.000000000
1900,842.080727,302.310000,300.374167,0.000000000
1901,969.941955,304.160000,300.415833,0.000000000
1902,1014.222301,305.250000,300.455417,0.000000000
1903,965.865826,305.750000,300.486667,0.005555556
1904,833.560047,305.400000,300.502083,0.000000000
1905,633.177699,304.810000,300.514167,0.000000000
1906,389.036187,304.140000,300.532917,0.000000000
1907,146.926169,303.300000,300.555833,0.000000000
1908,7.291240,302.600000,300.582500,0.000000000
1909,0.000000,301.930000,300.609167,0.005555556
1910,0.000000,301.470000,300.635833,0.005555556
1911,0.000000,301.110000,300.666250,0.000000000
1912,0.000000,300.710000,300.700833,0.000000000
1913,0.000000,300.310000,300.740417,0.000000000
1914,0.000000,299.910000,300.785833,0.000000000
1915,0.000000,299.510000,300.831250,0.000000000
1916,0.000000,299.160000,300.879167,0.000000000
1917,0.000000,298.780000,300.928750,0.000000000
1918,0.000000,298.420000,300.982917,0.000000000
1919,0.000000,298.080000,301.051250,0.000000000
1920,0.000000,297.820000,301.143750,0.000000000
1921,61.445159,297.740000,301.251250,0.005555556
1922,382.284179,299.140000,301.321667,0.005555556
1923,633.919587,301.460000,301.386250,0.000000000
1924,832.681085,303.670000,301.442917,0.000000000
1925,959.438309,305.410000,301.495000,0.000000000
1926,981.449628,306.330000,301.540000,0.000000000
1927,770.850534,306.550000,301.573333,0.005555556
1928,626.556776,306.340000,301.612500,0.000000000
1929,575.019095,305.810000,301.654167,0.000000000
1930,360.848920,305.420000,301.707500,0.000000000
1931,142.929195,304.500000,301.757500,0.000000000
1932,7.242792,303.310000,301.787083,0.000000000
1933,0.000000,302.280000,301.801667,0.005555556
1934,0.000000,301.840000,301.817083,0.005555556
1935,0.000000,301.480000,301.832500,0.000000000
1936,0.000000,301.180000,301.852083,0.000000000
1937,0.000000,300.890000,301.876250,0.000000000
1938,0.000000,300.560000,301.903333,0.000000000
1939,0.000000,300.490000,301.944167,0.000000000
1940,0.000000,300.250000,301.989583,0.000000000
1941,0.000000,299.820000,302.032917,0.000000000
1942,0.000000,299.340000,302.071250,0.000000000
1943,0.000000,298.740000,302.098750,0.000000000
1944,0.000000,297.930000,302.103333,0.000000000
1945,62.061909,297.390000,302.088750,0.005555556
1946,374.300023,299.500000,302.103750,0.005555556
1947,622.285236,301.280000,302.096250,0.000000000
1948,823.953554,302.940000,302.065833,0.000000000
1949,953.222748,304.400000,302.023750,0.000000000
1950,1002.502293,305.570000,301.992083,0.000000000
1951,957.217191,305.680000,301.955833,0.005555556
1952,824.739578,305.500000,301.920833,0.000000000
1953,578.290242,305.080000,301.890417,0.000000000
1954,384.553360,304.330000,301.845000,0.000000000
1955,145.400062,303.550000,301.805417,0.000000000
1956,7.416780,302.710000,301.780417,0.000000000
1957,0.000000,301.900000,301.764583,0.005555556
1958,0.000000,301.440000,301.747917,0.005555556
1959,0.000000,301.100000,301.732083,0.000000000
1960,0.000000,300.700000,301.712083,0.000000000
1961,0.000000,300.240000,301.685000,0.000000000
1962,0.000000,299.800000,301.653333,0.000000000
1963,0.000000,299.350000,301.605833,0.000000000
1964,0.000000,299.050000,301.555833,0.000000000
1965,0.000000,298.700000,301.509167,0.000000000
1966,0.000000,298.150000,301.459583,0.000000000
1967,0.000000,297.460000,301.406250,0.000000000
1968,0.000000,296.770000,301.357917,0.000000000
1969,62.973283,296.600000,301.325000,0.005555556
1970,379.894134,298.980000,301.303333,0.005555556
1971,631.930634,300.910000,301.287917,0.000000000
1972,833.939194,302.710000,301.278333,0.000000000
1973,963.670305,304.320000,301.275000,0.000000000
1974,1013.622650,305.410000,301.268333,0.000000000
1975,963.837298,305.600000,301.265000,0.005555556
1976,829.868396,305.370000,301.259583,0.000000000
1977,629.802520,304.910000,301.252500,0.000000000
1978,387.313598,304.190000,301.246667,0.000000000
1979,146.796426,303.320000,301.237083,0.000000000
1980,7.722387,302.620000,301.233333,0.000000000
1981,0.000000,302.080000,301.240833,0.005555556
1982,0.000000,301.630000,301.248750,0.005555556
1983,0.000000,301.200000,301.252917,0.000000000
1984,0.000000,300.770000,301.255833,0.000000000
1985,0.000000,300.310000,301.258750,0.000000000
1986,0.000000,299.860000,301.261250,0.000000000
1987,0.000000,299.540000,301.269167,0.000000000
1988,0.000000,299.180000,301.274583,0.000000000
1989,0.000000,298.740000,301.276250,0.000000000
1990,0.000000,298.230000,301.279583,0.000000000
1991,0.000000,297.500000,301.281250,0.000000000
1992,0.000000,296.740000,301.280000,0.000000000
1993,62.322781,296.340000,301.269167,0.005555556
1994,388.553592,298.960000,301.268333,0.005555556
1995,641.358047,301.110000,301.276667,0.000000000
1996,842.177404,303.220000,301.297917,0.000000000
1997,968.583029,305.040000,301.327917,0.000000000
1998,1010.242018,306.210000,301.361250,0.000000000
1999,961.562428,306.330000,301.391667,0.005555556
2000,831.236695,305.880000,301.412917,0.000000000
2001,632.617377,305.620000,301.442500,0.000000000
2002,389.409415,305.120000,301.481250,0.000000000
2003,147.299834,304.420000,301.527083,0.000000000
2004,7.851285,303.660000,301.570417,0.000000000
2005,0.000000,302.770000,301.599167,0.005555556
2006,0.000000,302.160000,301.621250,0.005555556
2007,0.000000,301.760000,301.644583,0.000000000
2008,0.000000,301.320000,301.667500,0.000000000
2009,0.000000,300.820000,301.688750,0.000000000
2010,0.000000,300.380000,301.710417,0.000000000
2011,0.000000,300.030000,301.730833,0.000000000
2012,0.000000,299.590000,301.747917,0.000000000
2013,0.000000,299.210000,301.767500,0.000000000
2014,0.000000,298.860000,301.793750,0.000000000
2015,0.000000,298.510000,301.835833,0.000000000
2016,0.000000,298.180000,301.895833,0.000000000
2017,61.710886,298.040000,301.966667,0.005555556
2018,388.126076,299.590000,301.992917,0.005555556
2019,639.383744,302.310000,302.042917,0.000000000
2020,838.246251,304.980000,302.116250,0.000000000
2021,962.478826,306.640000,302.182917,0.000000000
2022,998.835391,307.440000,302.234167,0.000000000
2023,901.249126,307.190000,302.270000,0.005555556
2024,779.873801,306.740000,302.305833,0.000000000
2025,588.826763,306.330000,302.335417,0.000000000
2026,364.468689,305.790000,302.363333,0.000000000
2027,125.084765,305.220000,302.396667,0.000000000
2028,7.669785,304.650000,302.437917,0.000000000
2029,0.000000,303.770000,302.479583,0.005555556
2030,0.000000,303.060000,302.517083,0.005555556
2031,0.000000,302.550000,302.550000,0.000000000
2032,0.000000,302.080000,302.581667,0.000000000
2033,0.000000,301.630000,302.615417,0.000000000
2034,0.000000,301.230000,302.650833,0.000000000
2035,0.000000,300.630000,302.675833,0.000000000
2036,0.000000,300.190000,302.700833,0.000000000
2037,0.000000,299.810000,302.725833,0.000000000
2038,0.000000,299.570000,302.755417,0.000000000
2039,0.000000,299.370000,302.791250,0.000000000
2040,0.000000,299.260000,302.836250,0.000000000
2041,61.560234,299.180000,302.883750,0.005555556
2042,380.289741,300.380000,302.916667,0.005555556
2043,620.838789,302.420000,302.921250,0.000000000
2044,810.577954,304.520000,302.902083,0.000000000
2045,947.206243,306.110000,302.880000,0.000000000
2046,904.917336,306.880000,302.856667,0.000000000
2047,759.089489,306.900000,302.844583,0.005555556
2048,681.127208,306.490000,302.834167,0.000000000
2049,527.015486,306.160000,302.827083,0.000000000
2050,330.100998,305.580000,302.818333,0.000000000
2051,119.923019,305.010000,302.809583,0.000000000
2052,7.270179,304.230000,302.792083,0.000000000
2053,0.000000,303.270000,302.771250,0.005555556
2054,0.000000,302.710000,302.756667,0.005555556
2055,0.000000,302.360000,302.748750,0.000000000
2056,0.000000,302.170000,302.752500,0.000000000
2057,0.000000,301.850000,302.761667,0.000000000
2058,0.000000,301.520000,302.773750,0.000000000
2059,0.000000,301.200000,302.797500,0.000000000
2060,0.000000,300.860000,302.825417,0.000000000
2061,0.000000,300.620000,302.859167,0.000000000
2062,0.000000,300.270000,302.888333,0.000000000
2063,0.000000,300.100000,302.918750,0.000000000
2064,0.000000,299.950000,302.947500,0.000000000
2065,62.685006,299.970000,302.980417,0.005555556
2066,374.163177,300.930000,303.003333,0.005555556
2067,617.589155,302.560000,303.009167,0.000000000
2068,812.425226,304.200000,302.995833,0.000000000
2069,934.444930,305.490000,302.970000,0.000000000
2070,914.495569,305.970000,302.932083,0.000000000
2071,912.601960,305.690000,302.881667,0.005555556
2072,770.684967,305.540000,302.842083,0.000000000
2073,561.901400,305.420000,302.811250,0.000000000
2074,324.994148,304.480000,302.765417,0.000000000
2075,110.873369,304.410000,302.740417,0.000000000
2076,7.349900,303.530000,302.711250,0.000000000
2077,0.000000,302.650000,302.685417,0.005555556
2078,0.000000,302.120000,302.660833,0.005555556
2079,0.000000,301.610000,302.629583,0.000000000
2080,0.000000,301.000000,302.580833,0.000000000
2081,0.000000,300.850000,302.539167,0.000000000
2082,0.000000,300.770000,302.507917,0.000000000
2083,0.000000,300.450000,302.476667,0.000000000
2084,0.000000,300.160000,302.447500,0.000000000
2085,0.000000,299.860000,302.415833,0.000000000
2086,0.000000,299.660000,302.390417,0.000000000
2087,0.000000,299.520000,302.366250,0.000000000
2088,0.000000,299.330000,302.340417,0.000000000
2089,73.066934,299.280000,302.311667,0.005555556
2090,286.456713,300.420000,302.290417,0.005555556
2091,546.066891,301.450000,302.244167,0.000000000
2092,632.420684,302.690000,302.181250,0.000000000
2093,821.197031,303.550000,302.100417,0.000000000
2094,931.746335,304.080000,302.021667,0.000000000
2095,833.181030,303.940000,301.948750,0.005555556
2096,651.996805,303.550000,301.865833,0.000000000
2097,384.938947,303.350000,301.779583,0.000000000
2098,307.664933,302.500000,301.697083,0.000000000
2099,115.476512,302.280000,301.608333,0.000000000
2100,5.812170,301.800000,301.536250,0.000000000
2101,0.000000,301.330000,301.481250,0.005555556
2102,0.000000,301.090000,301.438333,0.005555556
2103,0.000000,300.860000,301.407083,0.000000000
2104,0.000000,300.570000,301.389167,0.000000000
2105,0.000000,300.300000,301.366250,0.000000000
2106,0.000000,299.980000,301.333333,0.000000000
2107,0.000000,299.690000,301.301667,0.000000000
2108,0.000000,299.380000,301.269167,0.000000000
2109,0.000000,299.070000,301.236250,0.000000000
2110,0.000000,298.830000,301.201667,0.000000000
2111,0.000000,298.610000,301.163750,0.000000000
2112,0.000000,298.430000,301.126250,0.000000000
2113,63.317089,298.400000,301.089583,0.005555556
2114,380.113494,299.470000,301.050000,0.005555556
2115,627.863414,301.090000,301.035000,0.000000000
2116,822.435858,302.760000,301.037917,0.000000000
2117,931.592689,304.270000,301.067917,0.000000000
2118,980.310894,305.270000,301.117500,0.000000000
2119,899.523689,305.950000,301.201250,0.005555556
2120,744.334590,305.700000,301.290833,0.000000000
2121,571.586827,305.100000,301.363750,0.000000000
2122,350.249746,304.470000,301.445833,0.000000000
2123,99.024816,303.950000,301.515417,0.000000000
2124,7.437958,303.050000,301.567500,0.000000000
2125,0.000000,302.210000,301.604167,0.005555556
2126,0.000000,301.590000,301.625000,0.005555556
2127,0.000000,301.140000,301.636667,0.000000000
2128,0.000000,300.760000,301.644583,0.000000000
2129,0.000000,300.340000,301.646250,0.000000000
2130,0.000000,299.960000,301.645417,0.000000000
2131,0.000000,299.720000,301.646667,0.000000000
2132,0.000000,299.330000,301.644583,0.000000000
2133,0.000000,298.910000,301.637917,0.000000000
2134,0.000000,298.520000,301.625000,0.000000000
2135,0.000000,298.300000,301.612083,0.000000000
2136,0.000000,298.130000,301.599583,0.000000000
2137,62.326708,298.210000,301.591667,0.005555556
2138,385.194733,299.650000,301.599167,0.005555556
2139,630.536386,301.430000,301.613333,0.000000000
2140,827.573109,303.070000,301.626250,0.000000000
2141,952.306305,304.520000,301.636667,0.000000000
2142,993.366823,305.650000,301.652500,0.000000000
2143,951.202296,306.000000,301.654583,0.005555556
2144,784.573751,305.940000,301.664583,0.000000000
2145,517.343545,305.540000,301.682917,0.000000000
2146,328.721297,304.860000,301.699167,0.000000000
2147,133.928580,303.950000,301.699167,0.000000000
2148,7.786023,303.000000,301.697083,0.000000000
2149,0.000000,302.120000,301.693333,0.005555556
2150,0.000000,301.580000,301.692917,0.005555556
2151,0.000000,301.130000,301.692500,0.000000000
2152,0.000000,298.440000,301.595833,0.000000000
2153,0.000000,298.710000,301.527917,0.000000000
2154,0.000000,298.990000,301.487500,0.000000000
2155,0.000000,299.260000,301.468333,0.000000000
2156,0.000000,299.540000,301.477083,0.000000000
2157,0.000000,299.810000,301.514583,0.000000000
2158,0.000000,300.090000,301.580000,0.000000000
2159,0.000000,300.360000,301.665833,0.000000000
2160,0.000000,300.640000,301.770417,0.000000000
2161,68.956344,300.910000,301.882917,0.005555556
2162,344.395097,301.190000,301.947083,0.005555556
2163,611.811207,301.460000,301.948333,0.000000000
2164,793.909216,301.740000,301.892917,0.000000000
2165,917.299784,302.010000,301.788333,0.000000000
2166,952.300632,302.290000,301.648333,0.000000000
2167,827.302321,302.560000,301.505000,0.005555556
2168,605.326506,303.110000,301.387083,0.000000000
2169,414.068056,302.630000,301.265833,0.000000000
2170,345.043126,302.290000,301.158750,0.000000000
2171,112.092160,301.970000,301.076250,0.000000000
2172,8.221812,301.370000,301.008333,0.000000000
2173,0.000000,300.750000,300.951250,0.005555556
2174,0.000000,300.400000,300.902083,0.005555556
2175,0.000000,300.180000,300.862500,0.000000000
2176,0.000000,299.960000,300.925833,0.000000000
2177,0.000000,299.770000,300.970000,0.000000000
2178,0.000000,299.590000,300.995000,0.000000000
2179,0.000000,299.300000,300.996667,0.000000000
2180,0.000000,299.110000,300.978750,0.000000000
2181,0.000000,298.950000,300.942917,0.000000000
2182,0.000000,298.800000,300.889167,0.000000000
2183,0.000000,298.710000,300.820417,0.000000000
2184,0.000000,298.660000,300.737917,0.000000000
2185,66.953903,298.860000,300.652500,0.005555556
2186,361.488084,299.890000,300.598333,0.005555556
2187,610.183239,301.220000,300.588333,0.000000000
2188,801.804604,302.520000,300.620833,0.000000000
2189,923.613963,303.540000,300.684583,0.000000000
2190,947.593542,304.100000,300.760000,0.000000000
2191,873.978240,304.170000,300.827083,0.005555556
2192,724.814552,303.820000,300.856667,0.000000000
2193,475.576808,303.400000,300.888750,0.000000000
2194,312.153386,302.980000,300.917500,0.000000000
2195,123.686447,302.320000,300.932083,0.000000000
2196,8.657502,301.550000,300.939583,0.000000000
2197,0.000000,300.750000,300.939583,0.005555556
2198,0.000000,300.340000,300.937083,0.005555556
2199,0.000000,300.090000,300.933333,0.000000000
2200,0.000000,299.910000,300.931250,0.000000000
2201,0.000000,299.700000,300.928333,0.000000000
2202,0.000000,299.430000,300.921667,0.000000000
2203,0.000000,299.330000,300.922917,0.000000000
2204,0.000000,299.210000,300.927083,0.000000000
2205,0.000000,298.990000,300.928750,0.000000000
2206,0.000000,298.930000,300.934167,0.000000000
2207,0.000000,298.820000,300.938750,0.000000000
2208,0.000000,298.710000,300.940833,0.000000000
2209,67.155573,298.750000,300.936250,0.005555556
2210,357.036406,299.790000,300.932083,0.005555556
2211,610.124416,301.050000,300.925000,0.000000000
2212,801.693945,302.470000,300.922917,0.000000000
2213,930.026001,303.640000,300.927083,0.000000000
2214,959.681088,304.320000,300.936250,0.000000000
2215,919.245942,304.770000,300.961250,0.005555556
2216,797.061364,304.820000,301.002917,0.000000000
2217,543.619847,304.400000,301.044583,0.000000000
2218,320.754505,304.020000,301.087917,0.000000000
2219,120.259851,303.420000,301.133750,0.000000000
2220,7.822194,302.350000,301.167083,0.000000000
2221,0.000000,301.350000,301.192083,0.005555556
2222,0.000000,300.830000,301.212500,0.005555556
2223,0.000000,300.470000,301.228333,0.000000000
2224,0.000000,300.190000,301.240000,0.000000000
2225,0.000000,299.940000,301.250000,0.000000000
2226,0.000000,299.720000,301.262083,0.000000000
2227,0.000000,299.590000,301.272917,0.000000000
2228,0.000000,299.430000,301.282083,0.000000000
2229,0.000000,299.230000,301.292083,0.000000000
2230,0.000000,299.120000,301.300000,0.000000000
2231,0.000000,299.040000,301.309167,0.000000000
2232,0.000000,299.000000,301.321250,0.000000000
2233,62.271812,299.070000,301.334583,0.005555556
2234,363.991438,300.040000,301.345000,0.005555556
2235,495.471477,301.500000,301.363750,0.000000000
2236,754.826549,302.590000,301.368750,0.000000000
2237,909.326253,303.720000,301.372083,0.000000000
2238,919.355523,304.550000,301.381667,0.000000000
2239,814.475079,304.700000,301.378750,0.005555556
2240,709.291520,304.730000,301.375000,0.000000000
2241,502.990110,303.820000,301.350833,0.000000000
2242,297.645542,303.140000,301.314167,0.000000000
2243,116.179656,303.050000,301.298750,0.000000000
2244,8.564332,302.420000,301.301667,0.000000000
2245,0.000000,301.650000,301.314167,0.005555556
2246,0.000000,301.110000,301.325833,0.005555556
2247,0.000000,300.760000,301.337917,0.000000000
2248,0.000000,300.510000,301.351250,0.000000000
2249,0.000000,300.280000,301.365417,0.000000000
2250,0.000000,300.100000,301.381250,0.000000000
2251,0.000000,299.810000,301.390417,0.000000000
2252,0.000000,299.680000,301.400833,0.000000000
2253,0.000000,299.550000,301.414167,0.000000000
2254,0.000000,299.360000,301.424167,0.000000000
2255,0.000000,299.230000,301.432083,0.000000000
2256,0.000000,298.840000,301.425417,0.000000000
2257,65.374582,298.600000,301.405833,0.005555556
2258,150.104985,298.430000,301.338750,0.005555556
2259,466.862893,298.060000,301.195417,0.000000000
2260,382.046268,298.920000,301.042500,0.000000000
2261,608.489020,299.690000,300.874583,0.000000000
2262,560.868257,300.670000,300.712917,0.000000000
2263,671.078437,301.500000,300.579583,0.005555556
2264,594.585837,302.000000,300.465833,0.000000000
2265,428.268493,301.800000,300.381667,0.000000000
2266,235.616511,301.470000,300.312083,0.000000000
2267,97.392029,301.040000,300.228333,0.000000000
2268,6.946346,300.650000,300.154583,0.000000000
2269,0.000000,300.350000,300.100417,0.005555556
2270,0.000000,300.230000,300.063750,0.005555556
2271,0.000000,299.950000,300.030000,0.000000000
2272,0.000000,299.680000,299.995417,0.000000000
2273,0.000000,299.340000,299.956250,0.000000000
2274,0.000000,299.070000,299.913333,0.000000000
2275,0.000000,298.400000,299.854583,0.000000000
2276,0.000000,297.800000,299.776250,0.000000000
2277,0.000000,297.260000,299.680833,0.000000000
2278,0.000000,296.960000,299.580833,0.000000000
2279,0.000000,296.770000,299.478333,0.000000000
2280,0.000000,296.610000,299.385417,0.000000000
2281,65.739352,297.010000,299.319167,0.005555556
2282,343.227510,298.990000,299.342500,0.005555556
2283,604.606556,299.960000,299.421667,0.000000000
2284,791.796517,301.000000,299.508333,0.000000000
2285,897.055857,301.950000,299.602500,0.000000000
2286,950.007081,302.590000,299.682500,0.000000000
2287,902.090261,303.120000,299.750000,0.005555556
2288,750.014808,303.070000,299.794583,0.000000000
2289,410.016351,302.810000,299.836667,0.000000000
2290,305.393337,302.190000,299.866667,0.000000000
2291,123.970364,301.790000,299.897917,0.000000000
2292,9.309372,301.360000,299.927500,0.000000000
2293,0.000000,300.850000,299.948333,0.005555556
2294,0.000000,300.400000,299.955417,0.005555556
2295,0.000000,300.050000,299.959583,0.000000000
2296,0.000000,299.760000,299.962917,0.000000000
2297,0.000000,299.470000,299.968333,0.000000000
2298,0.000000,299.150000,299.971667,0.000000000
2299,0.000000,298.860000,299.990833,0.000000000
2300,0.000000,298.630000,300.025417,0.000000000
2301,0.000000,298.370000,300.071667,0.000000000
2302,0.000000,298.210000,300.123750,0.000000000
2303,0.000000,297.990000,300.174583,0.000000000
2304,0.000000,297.800000,300.224167,0.000000000
2305,73.603477,297.780000,300.256250,0.005555556
2306,379.715385,298.470000,300.234583,0.005555556
2307,618.079277,300.050000,300.238333,0.000000000
2308,805.803744,301.590000,300.262917,0.000000000
2309,926.873853,302.720000,300.295000,0.000000000
2310,938.976550,303.260000,300.322917,0.000000000
2311,922.333835,303.820000,300.352083,0.005555556
2312,795.462121,303.760000,300.380833,0.000000000
2313,593.615040,303.580000,300.412917,0.000000000
2314,344.946717,303.180000,300.454167,0.000000000
2315,122.091008,302.550000,300.485833,0.000000000
2316,7.987452,301.830000,300.505417,0.000000000
2317,0.000000,301.070000,300.514583,0.005555556
2318,0.000000,300.580000,300.522083,0.005555556
2319,0.000000,300.210000,300.528750,0.000000000
2320,0.000000,299.860000,300.532917,0.000000000
2321,0.000000,299.630000,300.539583,0.000000000
2322,0.000000,299.350000,300.547917,0.000000000
2323,0.000000,299.080000,300.557083,0.000000000
2324,0.000000,298.800000,300.564167,0.000000000
2325,0.000000,298.540000,300.571250,0.000000000
2326,0.000000,298.350000,300.577083,0.000000000
2327,0.000000,298.180000,300.585000,0.000000000
2328,0.000000,298.080000,300.596667,0.000000000
2329,64.883818,298.090000,300.609583,0.005555556
2330,388.332339,299.250000,300.642083,0.005555556
2331,625.722487,300.700000,300.669167,0.000000000
2332,825.431828,302.280000,300.697917,0.000000000
2333,945.162195,303.660000,300.737083,0.000000000
2334,971.931971,304.430000,300.785833,0.000000000
2335,916.971006,304.810000,300.827083,0.005555556
2336,783.120866,304.710000,300.866667,0.000000000
2337,521.494926,304.280000,300.895833,0.000000000
2338,243.744631,303.830000,300.922917,0.000000000
2339,87.683359,302.720000,300.930000,0.000000000
2340,8.987170,302.180000,300.944583,0.000000000
2341,0.000000,301.560000,300.965000,0.005555556
2342,0.000000,301.180000,300.990000,0.005555556
2343,0.000000,300.870000,301.017500,0.000000000
2344,0.000000,300.630000,301.049583,0.000000000
2345,0.000000,300.330000,301.078750,0.000000000
2346,0.000000,299.990000,301.105417,0.000000000
2347,0.000000,299.730000,301.132500,0.000000000
2348,0.000000,299.420000,301.158333,0.000000000
2349,0.000000,299.140000,301.183333,0.000000000
2350,0.000000,298.930000,301.207500,0.000000000
2351,0.000000,298.780000,301.232500,0.000000000
2352,0.000000,298.650000,301.256250,0.000000000
2353,64.509928,298.620000,301.278333,0.005555556
2354,373.971002,299.850000,301.303333,0.005555556
2355,624.540245,301.500000,301.336667,0.000000000
2356,798.630878,302.870000,301.361250,0.000000000
2357,929.089543,303.840000,301.368750,0.000000000
2358,959.734610,304.420000,301.368333,0.000000000
2359,909.435901,304.430000,301.352500,0.005555556
2360,735.042892,304.390000,301.339167,0.000000000
2361,468.445485,303.890000,301.322917,0.000000000
2362,302.363919,303.190000,301.296250,0.000000000
2363,107.478694,302.670000,301.294167,0.000000000
2364,9.751079,302.050000,301.288750,0.000000000
2365,0.000000,301.430000,301.283333,0.005555556
2366,0.000000,300.920000,301.272500,0.005555556
2367,0.000000,300.610000,301.261667,0.000000000
2368,0.000000,300.210000,301.244167,0.000000000
2369,0.000000,299.860000,301.224583,0.000000000
2370,0.000000,299.530000,301.205417,0.000000000
2371,0.000000,299.190000,301.182917,0.000000000
2372,0.000000,298.930000,301.162500,0.000000000
2373,0.000000,298.650000,301.142083,0.000000000
2374,0.000000,298.350000,301.117917,0.000000000
2375,0.000000,298.130000,301.090833,0.000000000
2376,0.000000,297.970000,301.062500,0.000000000
2377,72.102489,297.940000,301.034167,0.005555556
2378,371.045524,298.740000,300.987917,0.005555556
2379,592.067857,300.430000,300.943333,0.000000000
2380,802.498249,301.700000,300.894583,0.000000000
2381,927.744522,302.890000,300.855000,0.000000000
2382,965.864762,303.740000,300.826667,0.000000000
2383,904.255142,303.720000,300.797083,0.005555556
2384,784.784562,303.530000,300.761250,0.000000000
2385,582.889483,303.350000,300.738750,0.000000000
2386,349.602342,302.950000,300.728750,0.000000000
2387,137.788528,302.470000,300.720417,0.000000000
2388,9.324270,301.720000,300.706667,0.000000000
2389,0.000000,301.100000,300.692917,0.005555556
2390,0.000000,300.660000,300.682083,0.005555556
2391,0.000000,300.320000,300.670000,0.000000000
2392,0.000000,300.040000,300.662917,0.000000000
2393,0.000000,299.670000,300.655000,0.000000000
2394,0.000000,299.280000,300.644583,0.000000000
2395,0.000000,298.800000,300.628333,0.000000000
2396,0.000000,298.520000,300.611250,0.000000000
2397,0.000000,298.250000,300.594583,0.000000000
2398,0.000000,298.080000,300.583333,0.000000000
2399,0.000000,297.940000,300.575417,0.000000000
2400,0.000000,297.790000,300.567917,0.000000000
2401,65.041383,297.850000,300.564167,0.005555556
2402,386.365678,299.370000,300.590417,0.005555556
2403,627.310899,300.830000,300.607083,0.000000000
2404,816.970941,302.210000,300.628333,0.000000000
2405,934.070816,303.370000,300.648333,0.000000000
2406,968.989800,304.050000,300.661250,0.000000000
2407,917.369660,304.310000,300.685833,0.005555556
2408,740.429649,303.940000,300.702917,0.000000000
2409,489.710629,303.550000,300.711250,0.000000000
2410,306.714408,302.870000,300.707917,0.000000000
2411,117.772235,302.280000,300.700000,0.000000000
2412,9.015553,301.740000,300.700833,0.000000000
2413,0.000000,301.180000,300.704167,0.005555556
2414,0.000000,300.770000,300.708750,0.005555556
2415,0.000000,300.450000,300.714167,0.000000000
2416,0.000000,300.150000,300.718750,0.000000000
2417,0.000000,299.820000,300.725000,0.000000000
2418,0.000000,299.550000,300.736250,0.000000000
2419,0.000000,299.280000,300.756250,0.000000000
2420,0.000000,298.970000,300.775000,0.000000000
2421,0.000000,298.660000,300.792083,0.000000000
2422,0.000000,298.380000,300.804583,0.000000000
2423,0.000000,298.140000,300.812917,0.000000000
2424,0.000000,297.810000,300.813750,0.000000000
2425,64.802150,297.680000,300.806667,0.005555556
2426,390.241718,299.540000,300.813750,0.005555556
2427,630.341641,301.100000,300.825000,0.000000000
2428,820.219582,302.400000,300.832917,0.000000000
2429,938.027436,303.530000,300.839583,0.000000000
2430,975.916307,304.190000,300.845417,0.000000000
2431,930.955260,304.420000,300.850000,0.005555556
2432,801.982694,304.280000,300.864167,0.000000000
2433,608.568945,303.980000,300.882083,0.000000000
2434,371.849241,303.560000,300.910833,0.000000000
2435,138.820513,303.020000,300.941667,0.000000000
2436,10.149379,302.190000,300.960417,0.000000000
2437,0.000000,301.290000,300.965000,0.005555556
2438,0.000000,300.800000,300.966250,0.005555556
2439,0.000000,300.450000,300.966250,0.000000000
2440,0.000000,300.140000,300.965833,0.000000000
2441,0.000000,299.860000,300.967500,0.000000000
2442,0.000000,299.560000,300.967917,0.000000000
2443,0.000000,299.270000,300.967500,0.000000000
2444,0.000000,298.960000,300.967083,0.000000000
2445,0.000000,298.650000,300.966667,0.000000000
2446,0.000000,298.470000,300.970417,0.000000000
2447,0.000000,298.310000,300.977500,0.000000000
2448,0.000000,298.190000,300.993333,0.000000000
2449,65.098960,298.380000,301.022500,0.005555556
2450,389.408684,299.740000,301.030833,0.005555556
2451,628.434789,301.430000,301.044583,0.000000000
2452,818.323923,303.060000,301.072083,0.000000000
2453,934.667815,304.410000,301.108750,0.000000000
2454,961.399978,305.130000,301.147917,0.000000000
2455,906.969681,305.450000,301.190833,0.005555556
2456,745.718732,305.090000,301.224583,0.000000000
2457,586.436402,304.510000,301.246667,0.000000000
2458,349.353621,303.920000,301.261667,0.000000000
2459,121.291941,303.100000,301.265000,0.000000000
2460,10.876327,302.340000,301.271250,0.000000000
2461,0.000000,301.660000,301.286667,0.005555556
2462,0.000000,301.250000,301.305417,0.005555556
2463,0.000000,300.940000,301.325833,0.000000000
2464,0.000000,300.610000,301.345417,0.000000000
2465,0.000000,300.270000,301.362500,0.000000000
2466,0.000000,299.990000,301.380417,0.000000000
2467,0.000000,299.950000,301.408750,0.000000000
2468,0.000000,299.630000,301.436667,0.000000000
2469,0.000000,299.440000,301.469583,0.000000000
2470,0.000000,299.280000,301.503333,0.000000000
2471,0.000000,299.250000,301.542500,0.000000000
2472,0.000000,299.230000,301.585833,0.000000000
2473,73.672426,299.340000,301.625833,0.005555556
2474,361.238066,300.100000,301.640833,0.005555556
2475,557.632280,301.340000,301.637083,0.000000000
2476,679.492184,302.540000,301.615417,0.000000000
2477,870.413556,303.470000,301.576250,0.000000000
2478,902.522853,304.450000,301.547917,0.000000000
2479,873.483519,304.870000,301.523750,0.005555556
2480,742.107843,304.670000,301.506250,0.000000000
2481,571.186973,304.470000,301.504583,0.000000000
2482,317.072160,304.110000,301.512500,0.000000000
2483,132.259733,303.340000,301.522500,0.000000000
2484,10.275894,302.770000,301.540417,0.000000000
2485,0.000000,302.030000,301.555833,0.005555556
2486,0.000000,301.540000,301.567917,0.005555556
2487,0.000000,301.220000,301.579583,0.000000000
2488,0.000000,300.890000,301.591250,0.000000000
2489,0.000000,300.570000,301.603750,0.000000000
2490,0.000000,300.260000,301.615000,0.000000000
2491,0.000000,299.870000,301.611667,0.000000000
2492,0.000000,299.550000,301.608333,0.000000000
2493,0.000000,299.280000,301.601667,0.000000000
2494,0.000000,299.060000,301.592500,0.000000000
2495,0.000000,298.840000,301.575417,0.000000000
2496,0.000000,298.660000,301.551667,0.000000000
2497,66.801348,298.880000,301.532500,0.005555556
2498,382.045015,300.220000,301.537500,0.005555556
2499,616.526253,301.720000,301.553333,0.000000000
2500,800.999212,303.150000,301.578750,0.000000000
2501,912.457041,304.340000,301.615000,0.000000000
2502,905.466558,305.200000,301.646250,0.000000000
2503,855.664774,305.960000,301.691667,0.005555556
2504,618.939676,305.590000,301.730000,0.000000000
2505,496.204770,304.910000,301.748333,0.000000000
2506,229.991427,304.110000,301.748333,0.000000000
2507,102.228419,303.530000,301.756250,0.000000000
2508,9.919656,303.100000,301.770000,0.000000000
2509,0.000000,302.390000,301.785000,0.005555556
2510,0.000000,301.890000,301.799583,0.005555556
2511,0.000000,301.520000,301.812083,0.000000000
2512,0.000000,301.170000,301.823750,0.000000000
2513,0.000000,300.810000,301.833750,0.000000000
2514,0.000000,300.460000,301.842083,0.000000000
2515,0.000000,300.160000,301.854167,0.000000000
2516,0.000000,299.820000,301.865417,0.000000000
2517,0.000000,299.510000,301.875000,0.000000000
2518,0.000000,299.240000,301.882500,0.000000000
2519,0.000000,299.070000,301.892083,0.000000000
2520,0.000000,298.990000,301.905833,0.000000000
2521,82.033841,299.140000,301.916667,0.005555556
2522,363.004328,300.320000,301.920833,0.005555556
2523,595.453332,301.850000,301.926250,0.000000000
2524,773.027164,303.220000,301.929167,0.000000000
2525,905.704266,304.330000,301.928750,0.000000000
2526,922.457412,305.080000,301.923750,0.000000000
2527,859.526254,305.520000,301.905417,0.005555556
2528,728.546578,305.230000,301.890417,0.000000000
2529,480.290741,304.830000,301.887083,0.000000000
2530,266.152912,303.970000,301.881250,0.000000000
2531,111.216856,303.480000,301.879167,0.000000000
2532,9.435779,302.880000,301.870000,0.000000000
2533,0.000000,302.360000,301.868750,0.005555556
2534,0.000000,301.940000,301.870833,0.005555556
2535,0.000000,301.680000,301.877500,0.000000000
2536,0.000000,301.390000,301.886667,0.000000000
2537,0.000000,301.060000,301.897083,0.000000000
2538,0.000000,300.770000,301.910000,0.000000000
2539,0.000000,300.400000,301.920000,0.000000000
2540,0.000000,300.130000,301.932917,0.000000000
2541,0.000000,299.900000,301.949167,0.000000000
2542,0.000000,299.740000,301.970000,0.000000000
2543,0.000000,299.600000,301.992083,0.000000000
2544,0.000000,299.450000,302.011250,0.000000000
2545,66.404091,299.680000,302.033750,0.005555556
2546,376.321931,300.940000,302.059583,0.005555556
2547,605.576564,302.390000,302.082083,0.000000000
2548,787.458709,303.780000,302.105417,0.000000000
2549,897.160070,305.040000,302.135000,0.000000000
2550,892.215964,305.770000,302.163750,0.000000000
2551,793.926582,306.110000,302.188333,0.005555556
2552,492.325203,305.750000,302.210000,0.000000000
2553,347.604392,305.190000,302.225000,0.000000000
2554,162.771243,304.780000,302.258750,0.000000000
2555,90.059313,304.040000,302.282083,0.000000000
2556,9.937263,303.550000,302.310000,0.000000000
2557,0.000000,302.940000,302.334167,0.005555556
2558,0.000000,302.420000,302.354167,0.005555556
2559,0.000000,302.020000,302.368333,0.000000000
2560,0.000000,301.700000,302.381250,0.000000000
2561,0.000000,301.430000,302.396667,0.000000000
2562,0.000000,301.190000,302.414167,0.000000000
2563,0.000000,300.930000,302.436250,0.000000000
2564,0.000000,300.710000,302.460417,0.000000000
2565,0.000000,300.500000,302.485417,0.000000000
2566,0.000000,300.280000,302.507917,0.000000000
2567,0.000000,300.120000,302.529583,0.000000000
2568,0.000000,299.960000,302.550833,0.000000000
2569,68.740539,300.220000,302.573333,0.005555556
2570,375.602387,301.470000,302.595417,0.005555556
2571,604.467574,302.960000,302.619167,0.000000000
2572,780.590329,304.360000,302.643333,0.000000000
2573,898.939127,305.480000,302.661667,0.000000000
2574,924.865877,306.010000,302.671667,0.000000000
2575,879.840605,306.180000,302.674583,0.005555556
2576,737.309708,305.980000,302.684167,0.000000000
2577,528.657355,305.840000,302.711250,0.000000000
2578,280.577164,304.800000,302.712083,0.000000000
2579,105.857968,304.510000,302.731667,0.000000000
2580,11.169489,303.940000,302.747917,0.000000000
2581,0.000000,303.250000,302.760833,0.005555556
2582,0.000000,302.690000,302.772083,0.005555556
2583,0.000000,302.320000,302.784583,0.000000000
2584,0.000000,302.050000,302.799167,0.000000000
2585,0.000000,301.800000,302.814583,0.000000000
2586,0.000000,301.510000,302.827917,0.000000000
2587,0.000000,301.240000,302.840833,0.000000000
2588,0.000000,300.940000,302.850417,0.000000000
2589,0.000000,300.730000,302.860000,0.000000000
2590,0.000000,300.530000,302.870417,0.000000000
2591,0.000000,300.400000,302.882083,0.000000000
2592,0.000000,300.280000,302.895417,0.000000000
2593,71.375969,300.470000,302.905833,0.005555556
2594,338.446250,301.550000,302.909167,0.005555556
2595,602.691956,302.980000,302.910000,0.000000000
2596,739.836411,304.420000,302.912500,0.000000000
2597,884.379226,305.380000,302.908333,0.000000000
2598,859.039051,305.900000,302.903750,0.000000000
2599,799.493400,305.380000,302.870417,0.005555556
2600,590.116299,305.200000,302.837917,0.000000000
2601,358.150099,303.860000,302.755417,0.000000000
2602,242.715245,303.290000,302.692500,0.000000000
2603,116.303598,303.320000,302.642917,0.000000000
2604,8.596860,302.930000,302.600833,0.000000000
2605,0.000000,302.580000,302.572917,0.005555556
2606,0.000000,302.190000,302.552083,0.005555556
2607,0.000000,301.840000,302.532083,0.000000000
2608,0.000000,301.570000,302.512083,0.000000000
2609,0.000000,301.350000,302.493333,0.000000000
2610,0.000000,301.140000,302.477917,0.000000000
2611,0.000000,300.570000,302.450000,0.000000000
2612,0.000000,300.350000,302.425417,0.000000000
2613,0.000000,300.170000,302.402083,0.000000000
2614,0.000000,299.990000,302.379583,0.000000000
2615,0.000000,299.800000,302.354583,0.000000000
2616,0.000000,299.800000,302.334583,0.000000000
2617,75.453623,300.080000,302.318333,0.005555556
2618,365.823752,301.140000,302.301250,0.005555556
2619,594.680417,302.360000,302.275417,0.000000000
2620,779.610632,303.600000,302.241250,0.000000000
2621,889.689961,304.610000,302.209167,0.000000000
2622,851.150627,305.320000,302.185000,0.000000000
2623,815.725092,305.350000,302.183750,0.005555556
2624,688.573303,305.520000,302.197083,0.000000000
2625,412.883732,305.160000,302.251250,0.000000000
2626,125.930503,303.270000,302.250417,0.000000000
2627,57.943105,302.890000,302.232500,0.000000000
2628,10.058199,302.850000,302.229167,0.000000000
2629,0.000000,302.510000,302.226250,0.005555556
2630,0.000000,302.210000,302.227083,0.005555556
2631,0.000000,301.960000,302.232083,0.000000000
2632,0.000000,301.730000,302.238750,0.000000000
2633,0.000000,301.530000,302.246250,0.000000000
2634,0.000000,301.330000,302.254167,0.000000000
2635,0.000000,300.870000,302.266667,0.000000000
2636,0.000000,300.610000,302.277500,0.000000000
2637,0.000000,300.390000,302.286667,0.000000000
2638,0.000000,300.190000,302.295000,0.000000000
2639,0.000000,300.030000,302.304583,0.000000000
2640,0.000000,299.880000,302.307917,0.000000000
2641,69.259386,300.150000,302.310833,0.005555556
2642,361.848605,301.220000,302.314167,0.005555556
2643,578.972952,302.530000,302.321250,0.000000000
2644,777.887280,303.740000,302.327083,0.000000000
2645,837.783172,304.730000,302.332083,0.000000000
2646,860.921352,305.310000,302.331667,0.000000000
2647,781.961112,305.600000,302.342083,0.005555556
2648,610.330076,305.310000,302.333333,0.000000000
2649,479.367795,305.020000,302.327500,0.000000000
2650,222.999913,304.160000,302.364583,0.000000000
2651,84.418126,303.550000,302.392083,0.000000000
2652,10.153068,303.350000,302.412917,0.000000000
2653,0.000000,302.770000,302.423750,0.005555556
2654,0.000000,302.300000,302.427500,0.005555556
2655,0.000000,301.910000,302.425417,0.000000000
2656,0.000000,301.560000,302.418333,0.000000000
2657,0.000000,301.210000,302.405000,0.000000000
2658,0.000000,300.970000,302.390000,0.000000000
2659,0.000000,300.520000,302.375417,0.000000000
2660,0.000000,300.130000,302.355417,0.000000000
2661,0.000000,299.940000,302.336667,0.000000000
2662,0.000000,299.550000,302.310000,0.000000000
2663,0.000000,299.250000,302.277500,0.000000000
2664,0.000000,299.010000,302.241250,0.000000000
2665,85.112369,299.260000,302.204167,0.005555556
2666,355.259727,300.210000,302.162083,0.005555556
2667,490.290388,301.380000,302.114167,0.000000000
2668,480.680423,302.510000,302.062917,0.000000000
2669,467.532799,303.270000,302.002083,0.000000000
2670,260.969199,303.580000,301.930000,0.000000000
2671,140.222004,301.460000,301.757500,0.005555556
2672,125.762885,300.480000,301.556250,0.000000000
2673,180.359760,299.970000,301.345833,0.000000000
2674,89.560691,299.840000,301.165833,0.000000000
2675,39.413622,300.060000,301.020417,0.000000000
2676,6.202367,300.050000,300.882917,0.000000000
2677,0.000000,299.950000,300.765417,0.005555556
2678,0.000000,299.960000,300.667917,0.005555556
2679,0.000000,299.900000,300.584167,0.000000000
2680,0.000000,299.830000,300.512083,0.000000000
2681,0.000000,299.740000,300.450833,0.000000000
2682,0.000000,299.560000,300.392083,0.000000000
2683,0.000000,299.040000,300.330417,0.000000000
2684,0.000000,298.760000,300.273333,0.000000000
2685,0.000000,298.280000,300.204167,0.000000000
2686,0.000000,297.690000,300.126667,0.000000000
2687,0.000000,297.260000,300.043750,0.000000000
2688,0.000000,297.170000,299.967083,0.000000000
2689,121.844280,298.190000,299.922500,0.005555556
2690,353.242426,299.630000,299.898333,0.005555556
2691,440.466957,301.110000,299.887083,0.000000000
2692,447.935526,302.100000,299.870000,0.000000000
2693,457.488225,302.600000,299.842083,0.000000000
2694,891.934454,302.970000,299.816667,0.000000000
2695,830.043733,303.890000,299.917917,0.005555556
2696,622.645696,304.050000,300.066667,0.000000000
2697,396.502500,303.130000,300.198333,0.000000000
2698,295.812400,303.000000,300.330000,0.000000000
2699,103.646245,302.840000,300.445833,0.000000000
2700,10.485094,302.180000,300.534583,0.000000000
2701,0.000000,301.560000,300.601667,0.005555556
2702,0.000000,301.160000,300.651667,0.005555556
2703,0.000000,300.850000,300.691250,0.000000000
2704,0.000000,300.570000,300.722083,0.000000000
2705,0.000000,300.380000,300.748750,0.000000000
2706,0.000000,300.050000,300.769167,0.000000000
2707,0.000000,299.770000,300.799583,0.000000000
2708,0.000000,299.590000,300.834167,0.000000000
2709,0.000000,299.380000,300.880000,0.000000000
2710,0.000000,299.210000,300.943333,0.000000000
2711,0.000000,299.040000,301.017500,0.000000000
2712,0.000000,298.900000,301.089583,0.000000000
2713,129.050508,299.250000,301.133750,0.005555556
2714,329.781156,300.420000,301.166667,0.005555556
2715,548.551434,301.370000,301.177500,0.000000000
2716,734.696569,302.180000,301.180833,0.000000000
2717,757.082429,302.760000,301.187500,0.000000000
2718,777.801823,302.890000,301.184167,0.000000000
2719,663.249109,301.660000,301.091250,0.005555556
2720,517.273154,302.020000,301.006667,0.000000000
2721,424.127176,302.070000,300.962500,0.000000000
2722,250.894215,301.350000,300.893750,0.000000000
2723,113.134957,301.580000,300.841250,0.000000000
2724,10.164681,301.150000,300.798333,0.000000000
2725,0.000000,300.520000,300.755000,0.005555556
2726,0.000000,300.340000,300.720833,0.005555556
2727,0.000000,300.070000,300.688333,0.000000000
2728,0.000000,299.780000,300.655417,0.000000000
2729,0.000000,299.600000,300.622917,0.000000000
2730,0.000000,299.500000,300.600000,0.000000000
2731,0.000000,299.560000,300.591250,0.000000000
2732,0.000000,299.510000,300.587917,0.000000000
2733,0.000000,299.250000,300.582500,0.000000000
2734,0.000000,299.070000,300.576667,0.000000000
2735,0.000000,298.900000,300.570833,0.000000000
2736,0.000000,298.690000,300.562083,0.000000000
2737,125.334766,299.010000,300.552083,0.005555556
2738,317.155005,299.820000,300.527083,0.005555556
2739,506.215054,300.900000,300.507500,0.000000000
2740,664.969020,301.830000,300.492917,0.000000000
2741,846.069394,302.520000,300.482917,0.000000000
2742,843.987362,302.890000,300.482917,0.000000000
2743,762.493373,302.960000,300.537083,0.005555556
2744,634.641905,302.580000,300.560417,0.000000000
2745,356.660065,302.040000,300.559167,0.000000000
2746,307.484716,301.280000,300.556250,0.000000000
2747,119.102497,301.430000,300.550000,0.000000000
2748,11.506682,301.030000,300.545000,0.000000000
2749,0.000000,300.490000,300.543750,0.005555556
2750,0.000000,300.220000,300.538750,0.005555556
2751,0.000000,300.040000,300.537500,0.000000000
2752,0.000000,299.850000,300.540417,0.000000000
2753,0.000000,299.760000,300.547083,0.000000000
2754,0.000000,299.500000,300.547083,0.000000000
2755,0.000000,299.350000,300.538333,0.000000000
2756,0.000000,298.890000,300.512500,0.000000000
2757,0.000000,298.230000,300.470000,0.000000000
2758,0.000000,298.080000,300.428750,0.000000000
2759,0.000000,298.030000,300.392500,0.000000000
2760,26.085131,297.950000,300.361667,0.000000000
2761,118.286865,298.200000,300.327917,0.005555556
2762,323.799751,299.150000,300.300000,0.005555556
2763,460.110369,300.260000,300.273333,0.000000000
2764,631.451923,301.080000,300.242083,0.000000000
2765,711.482700,301.870000,300.215000,0.000000000
2766,841.678972,302.310000,300.190833,0.000000000
2767,778.714831,302.690000,300.179583,0.005555556
2768,650.172649,302.760000,300.187083,0.000000000
2769,445.496881,302.540000,300.207917,0.000000000
2770,284.945780,302.230000,300.247500,0.000000000
2771,112.749650,301.650000,300.256667,0.000000000
2772,12.057902,301.420000,300.272917,0.000000000
2773,0.000000,301.060000,300.296667,0.005555556
2774,0.000000,300.810000,300.321250,0.005555556
2775,0.000000,300.420000,300.337083,0.000000000
2776,0.000000,300.360000,300.358333,0.000000000
2777,0.000000,300.320000,300.381667,0.000000000
2778,0.000000,300.060000,300.405000,0.000000000
2779,0.000000,299.920000,300.428750,0.000000000
2780,0.000000,299.690000,300.462083,0.000000000
2781,0.000000,299.460000,300.513333,0.000000000
2782,0.000000,299.200000,300.560000,0.000000000
2783,0.000000,299.110000,300.605000,0.000000000
2784,30.044089,298.960000,300.647083,0.000000000
2785,131.014315,299.210000,300.689167,0.005555556
2786,364.249412,300.150000,300.730833,0.005555556
2787,578.877868,301.200000,300.770000,0.000000000
2788,755.767075,302.250000,300.818750,0.000000000
2789,870.289299,303.120000,300.870833,0.000000000
2790,823.482886,303.760000,300.931250,0.000000000
2791,853.389888,303.860000,300.980000,0.005555556
2792,618.809855,302.940000,300.987500,0.000000000
2793,473.433744,302.950000,301.004583,0.000000000
2794,299.557494,302.570000,301.018750,0.000000000
2795,113.375251,302.450000,301.052083,0.000000000
2796,10.704075,301.700000,301.063750,0.000000000
2797,0.000000,301.460000,301.080417,0.005555556
2798,0.000000,301.090000,301.092083,0.005555556
2799,0.000000,300.870000,301.110833,0.000000000
2800,0.000000,300.690000,301.124583,0.000000000
2801,0.000000,300.530000,301.133333,0.000000000
2802,0.000000,300.330000,301.144583,0.000000000
2803,0.000000,299.960000,301.146250,0.000000000
2804,0.000000,299.820000,301.151667,0.000000000
2805,0.000000,299.510000,301.153750,0.000000000
2806,0.000000,299.280000,301.157083,0.000000000
2807,0.000000,299.050000,301.154583,0.000000000
2808,28.460506,298.810000,301.148333,0.000000000
2809,126.261179,299.170000,301.146667,0.005555556
2810,365.344453,300.190000,301.148333,0.005555556
2811,579.104832,301.430000,301.157917,0.000000000
2812,747.899963,302.570000,301.171250,0.000000000
2813,802.614517,303.420000,301.183750,0.000000000
2814,902.207369,304.050000,301.195833,0.000000000
2815,865.906290,304.080000,301.205000,0.005555556
2816,723.519753,304.040000,301.250833,0.000000000
2817,489.025931,303.070000,301.255833,0.000000000
2818,268.993569,302.730000,301.262500,0.000000000
2819,112.108627,302.500000,301.264583,0.000000000
2820,10.695063,302.440000,301.295417,0.000000000
2821,0.000000,301.810000,301.310000,0.005555556
2822,0.000000,300.950000,301.304167,0.005555556
2823,0.000000,300.410000,301.285000,0.000000000
2824,0.000000,300.120000,301.261250,0.000000000
2825,0.000000,299.920000,301.235833,0.000000000
2826,0.000000,299.680000,301.208750,0.000000000
2827,0.000000,300.020000,301.211250,0.000000000
2828,0.000000,299.860000,301.212917,0.000000000
2829,0.000000,299.700000,301.220833,0.000000000
2830,0.000000,299.450000,301.227917,0.000000000
2831,0.000000,299.300000,301.238333,0.000000000
2832,31.099811,299.170000,301.253333,0.000000000
2833,134.597346,299.530000,301.268333,0.005555556
2834,374.204699,300.740000,301.291250,0.005555556
2835,597.626076,301.860000,301.309167,0.000000000
2836,767.171127,302.960000,301.325417,0.000000000
2837,878.307787,303.940000,301.347083,0.000000000
2838,914.616528,304.690000,301.373750,0.000000000
2839,868.760642,304.980000,301.411250,0.005555556
2840,738.828233,304.840000,301.444583,0.000000000
2841,467.794120,304.590000,301.507917,0.000000000
2842,330.637709,303.400000,301.535833,0.000000000
2843,125.258530,303.290000,301.568750,0.000000000
2844,12.470537,302.930000,301.589167,0.000000000
2845,0.000000,302.320000,301.610417,0.005555556
2846,0.000000,301.850000,301.647917,0.005555556
2847,0.000000,301.490000,301.692917,0.000000000
2848,0.000000,301.260000,301.740417,0.000000000
2849,0.000000,301.070000,301.788333,0.000000000
2850,0.000000,300.860000,301.837500,0.000000000
2851,0.000000,300.650000,301.863750,0.000000000
2852,0.000000,300.380000,301.885417,0.000000000
2853,0.000000,300.230000,301.907500,0.000000000
2854,0.000000,300.110000,301.935000,0.000000000
2855,0.000000,300.000000,301.964167,0.000000000
2856,32.243510,299.880000,301.993750,0.000000000
2857,129.959896,300.250000,302.023750,0.005555556
2858,366.199914,301.000000,302.034583,0.005555556
2859,540.648654,302.090000,302.044167,0.000000000
2860,749.270494,303.150000,302.052083,0.000000000
2861,862.063509,303.960000,302.052917,0.000000000
2862,816.934300,304.410000,302.041250,0.000000000
2863,773.026019,304.670000,302.028333,0.005555556
2864,694.166493,304.110000,301.997917,0.000000000
2865,490.243378,303.530000,301.953750,0.000000000
2866,295.507606,303.610000,301.962500,0.000000000
2867,118.215728,303.160000,301.957083,0.000000000
2868,11.038711,302.590000,301.942917,0.000000000
2869,0.000000,302.010000,301.930000,0.005555556
2870,0.000000,301.710000,301.924167,0.005555556
2871,0.000000,301.470000,301.923333,0.000000000
2872,0.000000,298.840000,301.822500,0.000000000
2873,0.000000,299.340000,301.750417,0.000000000
2874,0.000000,299.840000,301.707917,0.000000000
2875,0.000000,300.340000,301.695000,0.000000000
2876,0.000000,300.850000,301.714583,0.000000000
2877,0.000000,301.350000,301.761250,0.000000000
2878,0.000000,301.850000,301.833750,0.000000000
2879,0.000000,302.350000,301.931667,0.000000000
2880,32.551429,302.850000,302.055417,0.000000000
2881,132.422032,303.360000,302.185000,0.005555556
2882,377.653722,303.860000,302.304167,0.005555556
2883,601.419177,304.360000,302.398750,0.000000000
2884,777.336471,304.860000,302.470000,0.000000000
2885,884.057361,305.360000,302.528333,0.000000000
2886,912.018220,305.870000,302.589167,0.000000000
2887,853.340336,306.370000,302.660000,0.005555556
2888,737.252496,307.970000,302.820833,0.000000000
2889,551.938644,307.620000,302.991250,0.000000000
2890,315.707189,307.080000,303.135833,0.000000000
2891,110.700969,306.240000,303.264167,0.000000000
2892,12.010242,305.500000,303.385417,0.000000000
2893,0.000000,304.440000,303.486667,0.005555556
2894,0.000000,303.610000,303.565833,0.005555556
2895,0.000000,303.170000,303.636667,0.000000000
2896,0.000000,302.810000,303.802083,0.000000000
2897,0.000000,302.540000,303.935417,0.000000000
2898,0.000000,302.280000,304.037083,0.000000000
2899,0.000000,301.990000,304.105833,0.000000000
2900,0.000000,301.810000,304.145833,0.000000000
2901,0.000000,301.610000,304.156667,0.000000000
2902,0.000000,301.410000,304.138333,0.000000000
2903,0.000000,301.250000,304.092500,0.000000000
2904,33.035301,301.110000,304.020000,0.000000000
2905,135.716122,301.410000,303.938750,0.005555556
2906,379.254738,302.570000,303.885000,0.005555556
2907,560.478782,304.090000,303.873750,0.000000000
2908,767.551225,305.480000,303.899583,0.000000000
2909,877.116921,306.890000,303.963333,0.000000000
2910,863.003594,307.860000,304.046250,0.000000000
2911,852.977622,308.340000,304.128333,0.005555556
2912,735.333598,308.380000,304.145417,0.000000000
2913,472.247760,308.130000,304.166667,0.000000000
2914,290.939835,307.460000,304.182500,0.000000000
2915,123.622652,306.580000,304.196667,0.000000000
2916,12.139202,305.340000,304.190000,0.000000000
2917,0.000000,304.320000,304.185000,0.005555556
2918,0.000000,303.600000,304.184583,0.005555556
2919,0.000000,303.120000,304.182500,0.000000000
2920,0.000000,302.770000,304.180833,0.000000000
2921,0.000000,302.390000,304.174583,0.000000000
2922,0.000000,302.100000,304.167083,0.000000000
2923,0.000000,301.730000,304.156250,0.000000000
2924,0.000000,301.480000,304.142500,0.000000000
2925,0.000000,301.260000,304.127917,0.000000000
2926,0.000000,301.130000,304.116250,0.000000000
2927,0.000000,301.000000,304.105833,0.000000000
2928,31.847614,300.920000,304.097917,0.000000000
2929,136.321980,301.210000,304.089583,0.005555556
2930,370.148951,302.330000,304.079583,0.005555556
2931,607.701803,303.810000,304.067917,0.000000000
2932,776.290143,305.460000,304.067083,0.000000000
2933,887.199041,306.790000,304.062917,0.000000000
2934,917.915357,307.600000,304.052083,0.000000000
2935,867.355513,307.500000,304.017083,0.005555556
2936,735.100811,307.410000,303.976667,0.000000000
2937,543.596263,306.990000,303.929167,0.000000000
2938,301.461557,306.240000,303.878333,0.000000000
2939,104.259025,305.490000,303.832917,0.000000000
2940,11.442778,304.820000,303.811250,0.000000000
2941,0.000000,303.760000,303.787917,0.005555556
2942,0.000000,303.040000,303.764583,0.005555556
2943,0.000000,302.600000,303.742917,0.000000000
2944,0.000000,302.330000,303.724583,0.000000000
2945,0.000000,302.090000,303.712083,0.000000000
2946,0.000000,301.900000,303.703750,0.000000000
2947,0.000000,301.810000,303.707083,0.000000000
2948,0.000000,301.670000,303.715000,0.000000000
2949,0.000000,301.520000,303.725833,0.000000000
2950,0.000000,301.390000,303.736667,0.000000000
2951,0.000000,301.320000,303.750000,0.000000000
2952,33.431197,301.250000,303.763750,0.000000000
2953,132.365438,301.520000,303.776667,0.005555556
2954,367.650813,302.500000,303.783750,0.005555556
2955,596.705885,303.770000,303.782083,0.000000000
2956,769.943428,305.200000,303.771250,0.000000000
2957,807.737086,306.480000,303.758333,0.000000000
2958,907.064137,307.170000,303.740417,0.000000000
2959,848.492087,307.420000,303.737083,0.005555556
2960,735.480741,307.230000,303.729583,0.000000000
2961,552.577082,306.920000,303.726667,0.000000000
2962,328.215539,306.280000,303.728333,0.000000000
2963,121.697741,305.370000,303.723333,0.000000000
2964,12.316542,304.380000,303.705000,0.000000000
2965,0.000000,303.360000,303.688333,0.005555556
2966,0.000000,302.870000,303.681250,0.005555556
2967,0.000000,302.520000,303.677917,0.000000000
2968,0.000000,302.260000,303.675000,0.000000000
2969,0.000000,302.100000,303.675417,0.000000000
2970,0.000000,301.930000,303.676667,0.000000000
2971,0.000000,301.810000,303.676667,0.000000000
2972,0.000000,301.720000,303.678750,0.000000000
2973,0.000000,301.620000,303.682917,0.000000000
2974,0.000000,301.540000,303.689167,0.000000000
2975,0.000000,301.440000,303.694167,0.000000000
2976,35.014780,301.420000,303.701250,0.000000000
2977,131.556090,301.630000,303.705833,0.005555556
2978,332.498348,302.480000,303.705000,0.005555556
2979,493.210273,303.550000,303.695833,0.000000000
2980,715.661335,304.580000,303.670000,0.000000000
2981,855.398266,305.600000,303.633333,0.000000000
2982,889.644497,306.220000,303.593750,0.000000000
2983,811.347193,306.120000,303.539583,0.005555556
2984,727.960540,305.890000,303.483750,0.000000000
2985,540.033306,305.630000,303.430000,0.000000000
2986,333.148519,305.160000,303.383333,0.000000000
2987,125.698108,304.710000,303.355833,0.000000000
2988,12.817031,304.000000,303.340000,0.000000000
2989,0.000000,303.250000,303.335417,0.005555556
2990,0.000000,302.810000,303.332917,0.005555556
2991,0.000000,302.480000,303.331250,0.000000000
2992,0.000000,302.230000,303.330000,0.000000000
2993,0.000000,302.050000,303.327917,0.000000000
2994,0.000000,301.840000,303.324167,0.000000000
2995,0.000000,301.520000,303.312083,0.000000000
2996,0.000000,301.350000,303.296667,0.000000000
2997,0.000000,301.210000,303.279583,0.000000000
2998,0.000000,301.120000,303.262083,0.000000000
2999,0.000000,301.000000,303.243750,0.000000000
3000,34.091023,300.980000,303.225417,0.000000000
3001,134.054807,301.260000,303.210000,0.005555556
3002,348.261980,302.280000,303.201667,0.005555556
3003,588.158611,303.530000,303.200833,0.000000000
3004,757.738617,304.740000,303.207500,0.000000000
3005,871.081797,305.690000,303.211250,0.000000000
3006,899.374601,306.370000,303.217500,0.000000000
3007,851.185583,306.720000,303.242500,0.005555556
3008,724.696289,306.580000,303.271250,0.000000000
3009,507.531036,306.200000,303.295000,0.000000000
3010,329.012796,305.480000,303.308333,0.000000000
3011,124.968309,304.850000,303.314167,0.000000000
3012,12.552440,304.100000,303.318333,0.000000000
3013,0.000000,303.140000,303.313750,0.005555556
3014,0.000000,302.700000,303.309167,0.005555556
3015,0.000000,302.440000,303.307500,0.000000000
3016,0.000000,302.210000,303.306667,0.000000000
3017,0.000000,302.060000,303.307083,0.000000000
3018,0.000000,301.870000,303.308333,0.000000000
3019,0.000000,301.480000,303.306667,0.000000000
3020,0.000000,301.320000,303.305417,0.000000000
3021,0.000000,301.220000,303.305833,0.000000000
3022,0.000000,301.120000,303.305833,0.000000000
3023,0.000000,301.070000,303.308750,0.000000000
3024,35.014780,301.070000,303.312500,0.000000000
3025,130.510542,301.350000,303.316250,0.005555556
3026,340.130786,302.320000,303.317917,0.005555556
3027,585.574186,303.570000,303.319583,0.000000000
3028,767.606621,304.890000,303.325833,0.000000000
3029,874.551044,305.970000,303.337500,0.000000000
3030,902.037085,306.780000,303.354583,0.000000000
3031,853.261458,306.930000,303.363333,0.005555556
3032,729.098227,307.040000,303.382500,0.000000000
3033,547.868536,306.860000,303.410000,0.000000000
3034,327.144577,306.320000,303.445000,0.000000000
3035,130.618897,305.550000,303.474167,0.000000000
3036,12.327351,304.630000,303.496250,0.000000000
3037,0.000000,303.680000,303.518750,0.005555556
3038,0.000000,303.120000,303.536250,0.005555556
3039,0.000000,302.760000,303.549583,0.000000000
3040,0.000000,302.490000,303.561250,0.000000000
3041,0.000000,302.270000,303.570000,0.000000000
3042,0.000000,302.020000,303.576250,0.000000000
3043,0.000000,301.760000,303.587917,0.000000000
3044,0.000000,301.570000,303.598333,0.000000000
3045,0.000000,301.380000,303.605000,0.000000000
3046,0.000000,301.330000,303.613750,0.000000000
3047,0.000000,301.180000,303.618333,0.000000000
3048,36.114490,301.100000,303.619583,0.000000000
3049,133.962188,301.440000,303.623333,0.005555556
3050,368.095813,302.560000,303.633333,0.005555556
3051,585.401491,303.980000,303.650417,0.000000000
3052,749.072926,305.360000,303.670000,0.000000000
3053,865.571122,306.460000,303.690417,0.000000000
3054,894.504528,307.200000,303.707917,0.000000000
3055,844.802813,307.400000,303.727500,0.005555556
3056,720.989991,307.360000,303.740833,0.000000000
3057,531.458600,306.980000,303.745833,0.000000000
3058,324.873953,306.210000,303.741250,0.000000000
3059,124.747324,305.480000,303.738333,0.000000000
3060,12.014891,304.760000,303.743750,0.000000000
3061,0.000000,303.880000,303.752083,0.005555556
3062,0.000000,303.240000,303.757083,0.005555556
3063,0.000000,302.940000,303.764583,0.000000000
3064,0.000000,302.690000,303.772917,0.000000000
3065,0.000000,302.500000,303.782500,0.000000000
3066,0.000000,302.340000,303.795833,0.000000000
3067,0.000000,302.220000,303.815000,0.000000000
3068,0.000000,302.020000,303.833750,0.000000000
3069,0.000000,301.860000,303.853750,0.000000000
3070,0.000000,301.710000,303.869583,0.000000000
3071,0.000000,301.560000,303.885417,0.000000000
3072,36.422409,301.440000,303.899583,0.000000000
3073,128.423047,301.790000,303.914167,0.005555556
3074,371.378816,302.850000,303.926250,0.005555556
3075,587.344296,304.320000,303.940417,0.000000000
3076,760.609338,305.870000,303.961667,0.000000000
3077,863.947458,307.050000,303.986250,0.000000000
3078,900.227363,307.710000,304.007500,0.000000000
3079,853.394609,308.110000,304.037083,0.005555556
3080,727.043194,307.910000,304.060000,0.000000000
3081,545.163598,307.470000,304.080417,0.000000000
3082,282.194285,306.620000,304.097500,0.000000000
3083,116.393345,305.550000,304.100417,0.000000000
3084,13.186234,304.660000,304.096250,0.000000000
3085,0.000000,303.940000,304.098750,0.005555556
3086,0.000000,303.480000,304.108750,0.005555556
3087,0.000000,303.160000,304.117917,0.000000000
3088,0.000000,302.850000,304.124583,0.000000000
3089,0.000000,302.560000,304.127083,0.000000000
3090,0.000000,302.340000,304.127083,0.000000000
3091,0.000000,302.180000,304.125417,0.000000000
3092,0.000000,302.040000,304.126250,0.000000000
3093,0.000000,301.890000,304.127500,0.000000000
3094,0.000000,301.830000,304.132500,0.000000000
3095,0.000000,301.670000,304.137083,0.000000000
3096,36.774317,301.600000,304.143750,0.000000000
3097,127.500412,301.910000,304.148750,0.005555556
3098,374.403602,302.970000,304.153750,0.005555556
3099,595.488092,304.520000,304.162083,0.000000000
3100,768.609240,305.960000,304.165833,0.000000000
3101,872.491262,307.130000,304.169167,0.000000000
3102,902.713604,307.810000,304.173333,0.000000000
3103,847.394440,308.070000,304.171667,0.005555556
3104,706.693815,307.590000,304.158333,0.000000000
3105,539.321200,306.800000,304.130417,0.000000000
3106,286.608422,306.000000,304.104583,0.000000000
3107,121.776149,305.420000,304.099167,0.000000000
3108,11.711905,304.730000,304.102083,0.000000000
3109,0.000000,304.020000,304.105417,0.005555556
3110,0.000000,303.470000,304.105000,0.005555556
3111,0.000000,303.180000,304.105833,0.000000000
3112,0.000000,302.850000,304.105833,0.000000000
3113,0.000000,302.550000,304.105417,0.000000000
3114,0.000000,302.300000,304.103750,0.000000000
3115,0.000000,302.220000,304.105417,0.000000000
3116,0.000000,302.000000,304.103750,0.000000000
3117,0.000000,301.820000,304.100833,0.000000000
3118,0.000000,301.690000,304.095000,0.000000000
3119,0.000000,301.530000,304.089167,0.000000000
3120,37.170212,301.410000,304.081250,0.000000000
3121,136.799341,301.780000,304.075833,0.005555556
3122,369.050738,302.940000,304.074583,0.005555556
3123,593.522926,304.450000,304.071667,0.000000000
3124,766.483139,305.960000,304.071667,0.000000000
3125,874.918262,307.110000,304.070833,0.000000000
3126,904.080866,307.790000,304.070000,0.000000000
3127,854.560746,308.010000,304.067500,0.005555556
3128,730.739797,307.930000,304.081667,0.000000000
3129,536.467960,307.400000,304.106667,0.000000000
3130,268.927542,306.440000,304.125000,0.000000000
3131,120.602974,305.320000,304.120833,0.000000000
3132,13.849089,304.520000,304.112083,0.000000000
3133,0.000000,303.670000,304.097500,0.005555556
3134,0.000000,303.040000,304.079583,0.005555556
3135,0.000000,302.640000,304.057083,0.000000000
3136,0.000000,302.390000,304.037917,0.000000000
3137,0.000000,302.230000,304.024583,0.000000000
3138,0.000000,302.100000,304.016250,0.000000000
3139,0.000000,301.920000,304.003750,0.000000000
3140,0.000000,301.740000,303.992917,0.000000000
3141,0.000000,301.640000,303.985417,0.000000000
3142,0.000000,301.650000,303.983750,0.000000000
3143,0.000000,301.530000,303.983750,0.000000000
3144,43.592521,301.490000,303.987083,0.000000000
3145,127.280208,301.820000,303.988750,0.005555556
3146,322.106160,302.710000,303.979167,0.005555556
3147,522.209513,303.840000,303.953750,0.000000000
3148,666.223361,304.900000,303.909583,0.000000000
3149,741.774478,305.530000,303.843750,0.000000000
3150,881.391431,305.920000,303.765833,0.000000000
3151,832.854334,306.230000,303.691667,0.005555556
3152,707.266829,305.960000,303.609583,0.000000000
3153,530.378133,305.480000,303.529583,0.000000000
3154,323.499718,304.870000,303.464167,0.000000000
3155,109.673927,304.380000,303.425000,0.000000000
3156,13.359621,303.990000,303.402917,0.000000000
3157,0.000000,303.550000,303.397917,0.005555556
3158,0.000000,303.150000,303.402500,0.005555556
3159,0.000000,302.790000,303.408750,0.000000000
3160,0.000000,302.510000,303.413750,0.000000000
3161,0.000000,302.360000,303.419167,0.000000000
3162,0.000000,302.200000,303.423333,0.000000000
3163,0.000000,301.820000,303.419167,0.000000000
3164,0.000000,301.760000,303.420000,0.000000000
3165,0.000000,301.650000,303.420417,0.000000000
3166,0.000000,301.550000,303.416250,0.000000000
3167,0.000000,301.410000,303.411250,0.000000000
3168,46.759687,301.310000,303.403750,0.000000000
3169,142.497848,301.650000,303.396667,0.005555556
3170,277.968710,302.440000,303.385417,0.005555556
3171,486.958738,303.300000,303.362917,0.000000000
3172,642.915965,304.100000,303.329583,0.000000000
3173,758.158957,304.660000,303.293333,0.000000000
3174,693.068907,305.120000,303.260000,0.000000000
3175,755.337737,304.730000,303.197500,0.005555556
3176,488.141838,304.990000,303.157083,0.000000000
3177,297.236984,304.690000,303.124167,0.000000000
3178,208.250210,304.050000,303.090000,0.000000000
3179,93.107161,303.580000,303.056667,0.000000000
3180,14.567803,303.180000,303.022917,0.000000000
3181,0.000000,302.730000,302.988750,0.005555556
3182,0.000000,302.580000,302.965000,0.005555556
3183,0.000000,302.350000,302.946667,0.000000000
3184,0.000000,302.190000,302.933333,0.000000000
3185,0.000000,302.050000,302.920417,0.000000000
3186,0.000000,301.850000,302.905833,0.000000000
3187,0.000000,301.760000,302.903333,0.000000000
3188,0.000000,301.650000,302.898750,0.000000000
3189,0.000000,301.590000,302.896250,0.000000000
3190,0.000000,301.470000,302.892917,0.000000000
3191,0.000000,301.060000,302.878333,0.000000000
3192,43.196626,300.610000,302.849167,0.000000000
3193,126.774827,301.470000,302.841667,0.005555556
3194,297.420836,302.360000,302.838333,0.005555556
3195,435.482686,303.390000,302.842083,0.000000000
3196,635.008513,304.160000,302.844583,0.000000000
3197,652.960549,304.900000,302.854583,0.000000000
3198,288.407293,305.080000,302.852917,0.000000000
3199,304.596753,304.270000,302.833750,0.005555556
3200,319.493873,303.520000,302.772500,0.000000000
3201,326.017134,303.260000,302.712917,0.000000000
3202,173.518232,303.270000,302.680417,0.000000000
3203,59.215089,302.850000,302.650000,0.000000000
3204,8.781855,302.590000,302.625417,0.000000000
3205,0.000000,302.310000,302.607917,0.005555556
3206,0.000000,302.210000,302.592500,0.005555556
3207,0.000000,302.140000,302.583750,0.000000000
3208,0.000000,302.020000,302.576667,0.000000000
3209,0.000000,301.890000,302.570000,0.000000000
3210,0.000000,301.790000,302.567500,0.000000000
3211,0.000000,301.350000,302.550417,0.000000000
3212,0.000000,301.280000,302.535000,0.000000000
3213,0.000000,301.230000,302.520000,0.000000000
3214,0.000000,301.120000,302.505417,0.000000000
3215,0.000000,301.060000,302.505417,0.000000000
3216,14.432788,300.980000,302.520833,0.000000000
3217,50.003675,301.020000,302.502083,0.005555556
3218,125.599177,301.390000,302.461667,0.005555556
3219,144.871752,301.910000,302.400000,0.000000000
3220,168.008327,302.490000,302.330417,0.000000000
3221,246.354954,303.170000,302.258333,0.000000000
3222,152.095891,304.150000,302.219583,0.000000000
3223,173.471224,304.450000,302.227083,0.005555556
3224,231.202165,304.580000,302.271250,0.000000000
3225,197.489736,304.710000,302.331667,0.000000000
3226,130.293358,304.570000,302.385833,0.000000000
3227,69.974837,304.230000,302.443333,0.000000000
3228,11.479803,303.620000,302.486250,0.000000000
3229,0.000000,302.950000,302.512917,0.005555556
3230,0.000000,302.370000,302.519583,0.005555556
3231,0.000000,302.000000,302.513750,0.000000000
3232,0.000000,301.740000,302.502083,0.000000000
3233,0.000000,301.580000,302.489167,0.000000000
3234,0.000000,301.430000,302.474167,0.000000000
3235,0.000000,301.430000,302.477500,0.000000000
3236,0.000000,301.340000,302.480000,0.000000000
3237,0.000000,301.180000,302.477917,0.000000000
3238,0.000000,301.010000,302.473333,0.000000000
3239,0.000000,300.820000,302.463333,0.000000000
3240,17.686837,300.640000,302.449167,0.000000000
3241,135.097009,301.100000,302.452500,0.005555556
3242,274.917803,302.410000,302.495000,0.005555556
3243,580.767814,303.800000,302.573750,0.000000000
3244,761.743690,305.800000,302.711667,0.000000000
3245,866.919269,306.970000,302.870000,0.000000000
3246,883.964041,307.450000,303.007500,0.000000000
3247,776.772131,307.470000,303.133333,0.005555556
3248,553.011725,307.310000,303.247083,0.000000000
3249,380.797638,306.840000,303.335833,0.000000000
3250,307.424303,306.200000,303.403750,0.000000000
3251,110.200858,305.810000,303.469583,0.000000000
3252,13.732317,304.920000,303.523750,0.000000000
3253,0.000000,303.930000,303.564583,0.005555556
3254,0.000000,303.370000,303.606250,0.005555556
3255,0.000000,303.040000,303.649583,0.000000000
3256,0.000000,302.720000,303.690417,0.000000000
3257,0.000000,302.410000,303.725000,0.000000000
3258,0.000000,302.140000,303.754583,0.000000000
3259,0.000000,301.780000,303.769167,0.000000000
3260,0.000000,301.560000,303.778333,0.000000000
3261,0.000000,301.390000,303.787083,0.000000000
3262,0.000000,301.310000,303.799583,0.000000000
3263,0.000000,301.280000,303.818750,0.000000000
3264,10.583548,301.220000,303.842917,0.000000000
3265,136.991050,301.670000,303.866667,0.005555556
3266,350.922184,302.870000,303.885833,0.005555556
3267,546.978781,304.290000,303.906250,0.000000000
3268,742.350585,305.500000,303.893750,0.000000000
3269,840.068790,306.470000,303.872917,0.000000000
3270,813.306871,307.130000,303.859583,0.000000000
3271,828.023706,307.670000,303.867917,0.005555556
3272,703.804069,307.660000,303.882500,0.000000000
3273,532.918028,307.190000,303.897083,0.000000000
3274,324.271777,306.420000,303.906250,0.000000000
3275,118.454564,305.630000,303.898750,0.000000000
3276,13.349729,305.160000,303.908750,0.000000000
3277,0.000000,304.510000,303.932917,0.005555556
3278,0.000000,303.920000,303.955833,0.005555556
3279,0.000000,303.300000,303.966667,0.000000000
3280,0.000000,302.780000,303.969167,0.000000000
3281,0.000000,302.550000,303.975000,0.000000000
3282,0.000000,302.260000,303.980000,0.000000000
3283,0.000000,302.080000,303.992500,0.000000000
3284,0.000000,301.910000,304.007083,0.000000000
3285,0.000000,301.810000,304.024583,0.000000000
3286,0.000000,301.760000,304.043333,0.000000000
3287,0.000000,301.730000,304.062083,0.000000000
3288,18.919181,301.650000,304.080000,0.000000000
3289,128.289667,302.020000,304.094583,0.005555556
3290,336.969949,303.110000,304.104583,0.005555556
3291,545.513264,304.480000,304.112500,0.000000000
3292,743.152192,306.090000,304.137083,0.000000000
3293,846.397980,307.390000,304.175417,0.000000000
3294,879.197813,307.870000,304.206250,0.000000000
3295,832.888966,308.010000,304.220417,0.005555556
3296,707.776813,307.890000,304.230000,0.000000000
3297,533.009430,307.520000,304.243750,0.000000000
3298,256.911247,306.540000,304.248750,0.000000000
3299,111.799937,304.940000,304.220000,0.000000000
3300,14.761327,304.100000,304.175833,0.000000000
3301,0.000000,303.480000,304.132917,0.005555556
3302,0.000000,303.140000,304.100417,0.005555556
3303,0.000000,302.890000,304.083333,0.000000000
3304,0.000000,302.640000,304.077500,0.000000000
3305,0.000000,302.400000,304.071250,0.000000000
3306,0.000000,302.170000,304.067500,0.000000000
3307,0.000000,301.990000,304.063750,0.000000000
3308,0.000000,301.780000,304.058333,0.000000000
3309,0.000000,301.620000,304.050417,0.000000000
3310,0.000000,301.490000,304.039167,0.000000000
3311,0.000000,301.420000,304.026250,0.000000000
3312,12.662604,301.280000,304.010833,0.000000000
3313,132.619393,301.760000,304.000000,0.005555556
3314,329.271772,302.780000,303.986250,0.005555556
3315,556.757763,304.020000,303.967083,0.000000000
3316,733.092713,305.330000,303.935417,0.000000000
3317,848.759370,306.590000,303.902083,0.000000000
3318,878.964031,307.440000,303.884167,0.000000000
3319,779.308947,307.970000,303.882500,0.005555556
3320,558.858208,307.940000,303.884583,0.000000000
3321,492.626475,307.640000,303.889583,0.000000000
3322,307.389260,307.550000,303.931667,0.000000000
3323,133.575771,307.060000,304.020000,0.000000000
3324,15.919421,306.090000,304.102917,0.000000000
3325,0.000000,305.220000,304.175417,0.005555556
3326,0.000000,304.210000,304.220000,0.005555556
3327,0.000000,303.470000,304.244167,0.000000000
3328,0.000000,303.050000,304.261250,0.000000000
3329,0.000000,302.780000,304.277083,0.000000000
3330,0.000000,302.540000,304.292500,0.000000000
3331,0.000000,302.400000,304.309583,0.000000000
3332,0.000000,302.270000,304.330000,0.000000000
3333,0.000000,302.040000,304.347500,0.000000000
3334,0.000000,301.770000,304.359167,0.000000000
3335,0.000000,301.620000,304.367500,0.000000000
3336,11.627759,301.480000,304.375833,0.000000000
3337,131.400628,301.940000,304.383333,0.005555556
3338,358.055559,303.040000,304.394167,0.005555556
3339,566.328732,304.510000,304.414583,0.000000000
3340,744.917598,305.980000,304.441667,0.000000000
3341,812.721820,307.180000,304.466250,0.000000000
3342,884.082513,307.800000,304.481250,0.000000000
3343,835.173058,308.360000,304.497500,0.005555556
3344,717.151785,308.410000,304.517083,0.000000000
3345,520.351561,308.030000,304.533333,0.000000000
3346,328.754689,307.270000,304.521667,0.000000000
3347,118.981274,306.730000,304.507917,0.000000000
3348,17.245314,306.400000,304.520833,0.000000000
3349,0.000000,305.430000,304.529583,0.005555556
3350,0.000000,304.550000,304.543750,0.005555556
3351,0.000000,304.130000,304.571250,0.000000000
3352,0.000000,303.710000,304.598750,0.000000000
3353,0.000000,303.260000,304.618750,0.000000000
3354,0.000000,302.880000,304.632917,0.000000000
3355,0.000000,302.480000,304.636250,0.000000000
3356,0.000000,302.300000,304.637500,0.000000000
3357,0.000000,302.120000,304.640833,0.000000000
3358,0.000000,301.950000,304.648333,0.000000000
3359,0.000000,301.840000,304.657500,0.000000000
3360,12.630468,301.820000,304.671667,0.000000000
3361,128.268117,302.260000,304.685000,0.005555556
3362,362.672861,303.390000,304.699583,0.005555556
3363,574.300596,304.700000,304.707500,0.000000000
3364,722.571614,306.140000,304.714167,0.000000000
3365,847.184202,307.420000,304.724167,0.000000000
3366,863.341968,308.370000,304.747917,0.000000000
3367,825.220701,308.200000,304.741250,0.005555556
3368,696.280998,308.290000,304.736250,0.000000000
3369,531.940253,307.980000,304.734167,0.000000000
3370,328.955907,307.510000,304.744167,0.000000000
3371,124.260020,306.590000,304.738333,0.000000000
3372,15.016098,305.560000,304.703333,0.000000000
3373,0.000000,304.860000,304.679583,0.005555556
3374,0.000000,304.260000,304.667500,0.005555556
3375,0.000000,303.950000,304.660000,0.000000000
3376,0.000000,303.610000,304.655833,0.000000000
3377,0.000000,303.280000,304.656667,0.000000000
3378,0.000000,303.080000,304.665000,0.000000000
3379,0.000000,302.920000,304.683333,0.000000000
3380,0.000000,302.780000,304.703333,0.000000000
3381,0.000000,302.720000,304.728333,0.000000000
3382,0.000000,302.550000,304.753333,0.000000000
3383,0.000000,302.350000,304.774583,0.000000000
3384,15.021544,302.180000,304.789583,0.000000000
3385,132.352517,302.550000,304.801667,0.005555556
3386,348.926055,303.680000,304.813750,0.005555556
3387,569.185902,305.120000,304.831250,0.000000000
3388,711.474313,306.560000,304.848750,0.000000000
3389,834.174598,307.620000,304.857083,0.000000000
3390,873.254866,308.220000,304.850833,0.000000000
3391,828.023312,307.520000,304.822500,0.005555556
3392,708.138374,307.280000,304.780417,0.000000000
3393,502.570191,306.990000,304.739167,0.000000000
3394,273.147373,306.480000,304.696250,0.000000000
3395,117.951817,306.000000,304.671667,0.000000000
3396,16.206829,305.400000,304.665000,0.000000000
3397,0.000000,304.320000,304.642500,0.005555556
3398,0.000000,303.710000,304.619583,0.005555556
3399,0.000000,303.490000,304.600417,0.000000000
3400,0.000000,303.120000,304.580000,0.000000000
3401,0.000000,302.920000,304.565000,0.000000000
3402,0.000000,302.800000,304.553333,0.000000000
3403,0.000000,302.720000,304.545000,0.000000000
3404,0.000000,302.570000,304.536250,0.000000000
3405,0.000000,302.370000,304.521667,0.000000000
3406,0.000000,302.170000,304.505833,0.000000000
3407,0.000000,301.990000,304.490833,0.000000000
3408,19.493112,301.820000,304.475833,0.000000000
3409,135.769662,302.260000,304.463750,0.005555556
3410,351.274283,303.430000,304.453333,0.005555556
3411,555.888305,304.910000,304.444583,0.000000000
3412,726.938383,306.350000,304.435833,0.000000000
3413,829.598008,307.480000,304.430000,0.000000000
3414,873.123709,308.110000,304.425417,0.000000000
3415,823.167765,308.820000,304.479583,0.005555556
3416,694.150846,308.630000,304.535833,0.000000000
3417,531.181513,308.240000,304.587917,0.000000000
3418,321.560679,307.600000,304.634583,0.000000000
3419,109.669356,306.630000,304.660833,0.000000000
3420,12.413147,305.440000,304.662500,0.000000000
3421,0.000000,304.630000,304.675417,0.005555556
3422,0.000000,304.170000,304.694583,0.005555556
3423,0.000000,303.930000,304.712917,0.000000000
3424,0.000000,303.750000,304.739167,0.000000000
3425,0.000000,303.510000,304.763750,0.000000000
3426,0.000000,303.270000,304.783333,0.000000000
3427,0.000000,303.040000,304.796667,0.000000000
3428,0.000000,302.830000,304.807500,0.000000000
3429,0.000000,302.560000,304.815417,0.000000000
3430,0.000000,302.300000,304.820833,0.000000000
3431,0.000000,302.020000,304.822083,0.000000000
3432,20.651186,301.820000,304.822083,0.000000000
3433,85.093442,302.190000,304.819167,0.005555556
3434,328.531261,303.450000,304.820000,0.005555556
3435,560.525275,304.820000,304.816250,0.000000000
3436,733.033599,306.340000,304.815833,0.000000000
3437,835.851052,307.500000,304.816667,0.000000000
3438,880.537686,308.130000,304.817500,0.000000000
3439,830.689509,308.310000,304.796250,0.005555556
3440,709.050184,308.190000,304.777917,0.000000000
3441,488.563354,307.960000,304.766250,0.000000000
3442,297.097664,307.080000,304.744583,0.000000000
3443,123.085531,306.150000,304.724583,0.000000000
3444,15.263070,305.230000,304.715833,0.000000000
3445,0.000000,304.390000,304.705833,0.005555556
3446,0.000000,303.910000,304.695000,0.005555556
3447,0.000000,303.630000,304.682500,0.000000000
3448,0.000000,303.510000,304.672500,0.000000000
3449,0.000000,303.440000,304.669583,0.000000000
3450,0.000000,303.230000,304.667917,0.000000000
3451,0.000000,302.850000,304.660000,0.000000000
3452,0.000000,302.640000,304.652083,0.000000000
3453,0.000000,302.400000,304.645417,0.000000000
3454,0.000000,302.120000,304.637917,0.000000000
3455,0.000000,301.860000,304.631250,0.000000000
3456,26.971615,301.670000,304.625000,0.000000000
3457,97.409852,302.080000,304.620417,0.005555556
3458,349.896876,303.270000,304.612917,0.005555556
3459,581.255351,305.020000,304.621250,0.000000000
3460,758.962033,307.130000,304.654167,0.000000000
3461,858.198782,308.460000,304.694167,0.000000000
3462,866.934880,309.000000,304.730417,0.000000000
3463,820.510707,308.090000,304.721250,0.005555556
3464,697.442305,307.620000,304.697500,0.000000000
3465,463.321167,307.140000,304.663333,0.000000000
3466,330.663558,306.470000,304.637917,0.000000000
3467,120.773036,305.920000,304.628333,0.000000000
3468,16.318674,305.260000,304.629583,0.000000000
3469,0.000000,304.580000,304.637500,0.005555556
3470,0.000000,304.110000,304.645833,0.005555556
3471,0.000000,303.780000,304.652083,0.000000000
3472,0.000000,303.590000,304.655417,0.000000000
3473,0.000000,303.410000,304.654167,0.000000000
3474,0.000000,303.060000,304.647083,0.000000000
3475,0.000000,302.620000,304.637500,0.000000000
3476,0.000000,302.290000,304.622917,0.000000000
3477,0.000000,301.870000,304.600833,0.000000000
3478,0.000000,301.660000,304.581667,0.000000000
3479,0.000000,301.580000,304.570000,0.000000000
3480,36.575574,301.150000,304.548333,0.000000000
3481,94.595069,301.860000,304.539167,0.005555556
3482,343.914162,302.890000,304.523333,0.005555556
3483,550.583783,304.120000,304.485833,0.000000000
3484,613.128806,305.430000,304.415000,0.000000000
3485,709.285644,306.100000,304.316667,0.000000000
3486,802.173917,306.330000,304.205417,0.000000000
3487,761.868461,305.720000,304.106667,0.005555556
3488,637.541855,305.420000,304.015000,0.000000000
3489,455.974282,305.140000,303.931667,0.000000000
3490,222.336889,304.870000,303.865000,0.000000000
3491,99.878122,304.470000,303.804583,0.000000000
3492,14.790713,303.850000,303.745833,0.000000000
3493,0.000000,302.950000,303.677917,0.005555556
3494,0.000000,302.360000,303.605000,0.005555556
3495,0.000000,302.420000,303.548333,0.000000000
3496,0.000000,302.630000,303.508333,0.000000000
3497,0.000000,302.350000,303.464167,0.000000000
3498,0.000000,302.150000,303.426250,0.000000000
3499,0.000000,300.720000,303.347083,0.000000000
3500,0.000000,300.220000,303.260833,0.000000000
3501,0.000000,300.290000,303.195000,0.000000000
3502,0.000000,300.330000,303.139583,0.000000000
3503,0.000000,300.420000,303.091250,0.000000000
3504,44.114217,300.310000,303.056250,0.000000000
3505,116.407288,300.880000,303.015417,0.005555556
3506,217.583326,301.630000,302.962917,0.005555556
3507,418.141335,302.200000,302.882917,0.000000000
3508,499.611987,302.990000,302.781250,0.000000000
3509,432.356852,304.130000,302.699167,0.000000000
3510,532.802834,304.220000,302.611250,0.000000000
3511,247.826360,303.090000,302.501667,0.005555556
3512,160.651458,301.210000,302.326250,0.000000000
3513,163.093807,300.920000,302.150417,0.000000000
3514,117.953479,301.150000,301.995417,0.000000000
3515,54.795040,301.310000,301.863750,0.000000000
3516,13.063234,301.380000,301.760833,0.000000000
3517,0.000000,301.290000,301.691667,0.005555556
3518,0.000000,301.220000,301.644167,0.005555556
3519,0.000000,301.170000,301.592083,0.000000000
3520,0.000000,300.950000,301.522083,0.000000000
3521,0.000000,300.770000,301.456250,0.000000000
3522,0.000000,300.690000,301.395417,0.000000000
3523,0.000000,300.850000,301.400833,0.000000000
3524,0.000000,300.760000,301.423333,0.000000000
3525,0.000000,300.630000,301.437500,0.000000000
3526,0.000000,299.850000,301.417500,0.000000000
3527,0.000000,299.980000,301.399167,0.000000000
3528,26.500296,300.190000,301.394167,0.000000000
3529,93.847383,300.930000,301.396250,0.005555556
3530,280.206852,302.000000,301.411667,0.005555556
3531,341.276876,302.830000,301.437917,0.000000000
3532,516.752424,303.390000,301.454583,0.000000000
3533,690.659975,304.390000,301.465417,0.000000000
3534,766.946064,305.390000,301.514167,0.000000000
3535,709.492310,305.520000,301.615417,0.005555556
3536,584.734877,305.580000,301.797500,0.000000000
3537,449.578244,305.090000,301.971250,0.000000000
3538,292.464514,304.590000,302.114583,0.000000000
3539,112.986166,303.950000,302.224583,0.000000000
3540,21.304361,303.440000,302.310417,0.000000000
3541,0.000000,303.160000,302.388333,0.005555556
3542,0.000000,302.970000,302.461250,0.005555556
3543,0.000000,302.750000,302.527083,0.000000000
3544,0.000000,302.610000,302.596250,0.000000000
3545,0.000000,302.450000,302.666250,0.000000000
3546,0.000000,302.280000,302.732500,0.000000000
3547,0.000000,301.970000,302.779167,0.000000000
3548,0.000000,301.860000,302.825000,0.000000000
3549,0.000000,301.710000,302.870000,0.000000000
3550,0.000000,301.630000,302.944167,0.000000000
3551,0.000000,301.470000,303.006250,0.000000000
3552,16.847564,301.310000,303.052917,0.000000000
3553,63.710202,301.520000,303.077500,0.005555556
3554,121.495866,302.030000,303.078750,0.005555556
3555,176.539079,302.520000,303.065833,0.000000000
3556,170.323151,303.050000,303.051667,0.000000000
3557,267.960123,303.430000,303.011667,0.000000000
3558,258.083985,304.020000,302.954583,0.000000000
3559,257.278164,303.610000,302.875000,0.005555556
3560,228.614556,304.030000,302.810417,0.000000000
3561,140.349911,304.190000,302.772917,0.000000000
3562,97.838735,303.760000,302.738333,0.000000000
3563,51.962943,303.350000,302.713333,0.000000000
3564,11.261035,302.910000,302.691250,0.000000000
3565,0.000000,302.670000,302.670833,0.005555556
3566,0.000000,302.500000,302.651250,0.005555556
3567,0.000000,302.450000,302.638750,0.000000000
3568,0.000000,302.460000,302.632500,0.000000000
3569,0.000000,302.480000,302.633750,0.000000000
3570,0.000000,302.470000,302.641667,0.000000000
3571,0.000000,302.120000,302.647917,0.000000000
3572,0.000000,302.040000,302.655417,0.000000000
3573,0.000000,301.880000,302.662500,0.000000000
3574,0.000000,301.680000,302.664583,0.000000000
3575,0.000000,301.380000,302.660833,0.000000000
3576,13.900340,301.240000,302.657917,0.000000000
3577,72.874132,301.450000,302.655000,0.005555556
3578,130.697880,301.980000,302.652917,0.005555556
3579,273.765177,302.640000,302.657917,0.000000000
3580,314.464642,303.760000,302.687500,0.000000000
3581,376.503551,304.670000,302.739167,0.000000000
3582,497.856717,305.660000,302.807500,0.000000000
3583,445.340088,306.820000,302.941250,0.005555556
3584,381.160399,307.190000,303.072917,0.000000000
3585,274.150758,307.440000,303.208333,0.000000000
3586,188.309635,307.130000,303.348750,0.000000000
3587,86.255724,306.330000,303.472917,0.000000000
3588,17.494864,305.460000,303.579167,0.000000000
3589,0.000000,304.520000,303.656250,0.005555556
3590,0.000000,303.730000,303.707500,0.005555556
3591,0.000000,303.290000,303.742500,0.000000000
3592,0.000000,303.010000,303.765417,0.000000000
3593,0.000000,302.730000,303.775833,0.000000000
3594,0.000000,302.550000,303.779167,0.000000000
3595,0.000000,302.420000,303.791667,0.000000000
3596,0.000000,302.240000,303.800000,0.000000000
3597,0.000000,302.050000,303.807083,0.000000000
3598,0.000000,301.740000,303.809583,0.000000000
3599,0.000000,301.480000,303.813750,0.000000000
3600,36.846041,301.330000,303.817500,0.000000000
3601,91.861643,301.520000,303.820417,0.005555556
3602,264.871302,302.010000,303.821667,0.005555556
3603,403.932864,303.270000,303.847917,0.000000000
3604,612.574024,304.370000,303.873333,0.000000000
3605,753.305856,305.100000,303.891250,0.000000000
3606,693.429189,305.670000,303.891667,0.000000000
3607,764.119681,305.890000,303.852917,0.005555556
3608,657.622026,305.960000,303.801667,0.000000000
3609,456.508371,305.700000,303.729167,0.000000000
3610,288.889955,304.950000,303.638333,0.000000000
3611,114.700018,304.290000,303.553333,0.000000000
3612,21.608681,303.510000,303.472083,0.000000000
3613,0.000000,302.900000,303.404583,0.005555556
3614,0.000000,302.520000,303.354167,0.005555556
3615,0.000000,302.220000,303.309583,0.000000000
3616,0.000000,299.980000,303.183333,0.000000000
3617,0.000000,300.420000,303.087083,0.000000000
3618,0.000000,300.870000,303.017083,0.000000000
3619,0.000000,301.320000,302.971250,0.000000000
3620,0.000000,301.770000,302.951667,0.000000000
3621,0.000000,302.220000,302.958750,0.000000000
3622,0.000000,302.670000,302.997500,0.000000000
3623,0.000000,303.110000,303.065417,0.000000000
3624,21.748612,303.560000,303.158333,0.000000000
3625,69.953344,304.010000,303.262083,0.005555556
3626,312.271824,304.460000,303.364167,0.005555556
3627,496.240103,304.910000,303.432500,0.000000000
3628,645.485134,305.350000,303.473333,0.000000000
3629,772.687948,305.800000,303.502500,0.000000000
3630,829.467599,306.250000,303.526667,0.000000000
3631,742.419754,306.700000,303.560417,0.005555556
3632,550.924681,307.840000,303.638750,0.000000000
3633,447.123486,307.290000,303.705000,0.000000000
3634,280.820928,306.930000,303.787500,0.000000000
3635,121.511597,305.700000,303.846250,0.000000000
3636,19.519843,305.170000,303.915417,0.000000000
3637,0.000000,303.980000,303.960417,0.005555556
3638,0.000000,303.910000,304.018333,0.005555556
3639,0.000000,303.900000,304.088333,0.000000000
3640,0.000000,303.680000,304.242500,0.000000000
3641,0.000000,303.230000,304.359583,0.000000000
3642,0.000000,302.690000,304.435417,0.000000000
3643,0.000000,302.740000,304.494583,0.000000000
3644,0.000000,302.630000,304.530417,0.000000000
3645,0.000000,302.380000,304.537083,0.000000000
3646,0.000000,302.020000,304.510000,0.000000000
3647,0.000000,301.500000,304.442917,0.000000000
3648,15.185702,300.950000,304.334167,0.000000000
3649,67.022510,302.130000,304.255833,0.005555556
3650,353.765997,303.380000,304.210833,0.005555556
3651,565.690014,304.750000,304.204167,0.000000000
3652,734.523601,305.960000,304.229583,0.000000000
3653,838.352685,306.960000,304.277917,0.000000000
3654,856.820549,307.510000,304.330417,0.000000000
3655,799.074608,307.790000,304.375833,0.005555556
3656,692.841079,307.510000,304.362083,0.000000000
3657,510.695327,307.240000,304.360000,0.000000000
3658,281.263178,306.920000,304.359583,0.000000000
3659,131.404567,306.130000,304.377500,0.000000000
3660,18.369898,306.110000,304.416667,0.000000000
3661,0.000000,305.190000,304.467083,0.005555556
3662,0.000000,304.390000,304.487083,0.005555556
3663,0.000000,303.900000,304.487083,0.000000000
3664,0.000000,303.560000,304.482083,0.000000000
3665,0.000000,303.280000,304.484167,0.000000000
3666,0.000000,303.100000,304.501250,0.000000000
3667,0.000000,302.890000,304.507500,0.000000000
3668,0.000000,302.700000,304.510417,0.000000000
3669,0.000000,302.510000,304.515833,0.000000000
3670,0.000000,302.360000,304.530000,0.000000000
3671,0.000000,302.250000,304.561250,0.000000000
3672,28.885985,302.290000,304.617083,0.000000000
3673,94.856771,302.640000,304.638333,0.005555556
3674,321.189993,303.500000,304.643333,0.005555556
3675,529.194265,304.640000,304.638750,0.000000000
3676,629.729351,305.650000,304.625833,0.000000000
3677,803.940234,306.220000,304.595000,0.000000000
3678,825.766641,306.860000,304.567917,0.000000000
3679,792.929393,307.230000,304.544583,0.005555556
3680,683.733210,307.140000,304.529167,0.000000000
3681,521.574896,306.780000,304.510000,0.000000000
3682,325.237224,306.390000,304.487917,0.000000000
3683,135.794148,305.650000,304.467917,0.000000000
3684,20.652402,305.010000,304.422083,0.000000000
3685,0.000000,304.430000,304.390417,0.005555556
3686,0.000000,303.980000,304.373333,0.005555556
3687,0.000000,303.690000,304.364583,0.000000000
3688,0.000000,303.460000,304.360417,0.000000000
3689,0.000000,303.270000,304.360000,0.000000000
3690,0.000000,303.080000,304.359167,0.000000000
3691,0.000000,302.960000,304.362083,0.000000000
3692,0.000000,302.710000,304.362500,0.000000000
3693,0.000000,302.520000,304.362917,0.000000000
3694,0.000000,302.430000,304.365833,0.000000000
3695,0.000000,302.370000,304.370833,0.000000000
3696,24.588008,302.400000,304.375417,0.000000000
3697,66.747351,302.740000,304.379583,0.005555556
3698,330.545991,303.520000,304.380417,0.005555556
3699,544.191653,304.730000,304.384167,0.000000000
3700,680.938732,305.790000,304.390000,0.000000000
3701,756.719129,306.520000,304.402500,0.000000000
3702,782.250662,306.930000,304.405417,0.000000000
3703,644.039308,306.970000,304.394583,0.005555556
3704,656.622165,306.700000,304.376250,0.000000000
3705,487.189088,306.040000,304.345417,0.000000000
3706,300.492577,305.640000,304.314167,0.000000000
3707,129.249366,305.250000,304.297500,0.000000000
3708,19.986408,304.630000,304.281667,0.000000000
3709,0.000000,304.180000,304.271250,0.005555556
3710,0.000000,303.930000,304.269167,0.005555556
3711,0.000000,303.820000,304.274583,0.000000000
3712,0.000000,303.580000,304.279583,0.000000000
3713,0.000000,303.310000,304.281250,0.000000000
3714,0.000000,303.120000,304.282917,0.000000000
3715,0.000000,302.500000,304.263750,0.000000000
3716,0.000000,302.300000,304.246667,0.000000000
3717,0.000000,302.170000,304.232083,0.000000000
3718,0.000000,302.060000,304.216667,0.000000000
3719,0.000000,302.060000,304.203750,0.000000000
3720,20.217222,302.000000,304.187083,0.000000000
3721,72.355270,302.380000,304.172083,0.005555556
3722,333.500661,303.370000,304.165833,0.005555556
3723,534.967497,304.470000,304.155000,0.000000000
3724,683.484307,305.470000,304.141667,0.000000000
3725,802.332267,306.200000,304.128333,0.000000000
3726,849.646187,306.610000,304.115000,0.000000000
3727,804.723133,306.470000,304.094167,0.005555556
3728,690.161388,306.310000,304.077917,0.000000000
3729,503.536444,306.130000,304.081667,0.000000000
3730,299.801838,305.580000,304.079167,0.000000000
3731,131.230855,305.140000,304.074583,0.000000000
3732,20.111668,304.550000,304.071250,0.000000000
3733,0.000000,304.030000,304.065000,0.005555556
3734,0.000000,303.670000,304.054167,0.005555556
3735,0.000000,303.440000,304.038333,0.000000000
3736,0.000000,303.290000,304.026250,0.000000000
3737,0.000000,303.060000,304.015833,0.000000000
3738,0.000000,302.870000,304.005417,0.000000000
3739,0.000000,302.810000,304.018333,0.000000000
3740,0.000000,302.680000,304.034167,0.000000000
3741,0.000000,302.520000,304.048750,0.000000000
3742,0.000000,302.360000,304.061250,0.000000000
3743,0.000000,302.230000,304.068333,0.000000000
3744,21.983591,302.110000,304.072917,0.000000000
3745,73.506964,302.570000,304.080833,0.005555556
3746,327.457596,303.640000,304.092083,0.005555556
3747,533.496740,304.750000,304.103750,0.000000000
3748,678.990109,305.820000,304.118333,0.000000000
3749,810.760656,306.780000,304.142500,0.000000000
3750,748.051350,307.460000,304.177917,0.000000000
3751,766.720549,307.800000,304.233333,0.005555556
3752,606.857305,307.640000,304.288750,0.000000000
3753,511.613147,307.140000,304.330833,0.000000000
3754,324.215288,307.020000,304.390833,0.000000000
3755,137.245369,306.570000,304.450417,0.000000000
3756,19.157037,306.180000,304.518333,0.000000000
3757,0.000000,305.350000,304.573333,0.005555556
3758,0.000000,304.670000,304.615000,0.005555556
3759,0.000000,304.280000,304.650000,0.000000000
3760,0.000000,304.050000,304.681667,0.000000000
3761,0.000000,303.910000,304.717083,0.000000000
3762,0.000000,303.690000,304.751250,0.000000000
3763,0.000000,303.450000,304.777917,0.000000000
3764,0.000000,303.200000,304.799583,0.000000000
3765,0.000000,303.020000,304.820417,0.000000000
3766,0.000000,302.850000,304.840833,0.000000000
3767,0.000000,302.690000,304.860000,0.000000000
3768,17.680236,302.540000,304.877917,0.000000000
3769,68.057020,303.010000,304.896250,0.005555556
3770,342.113426,304.320000,304.924583,0.005555556
3771,530.649842,305.720000,304.965000,0.000000000
3772,708.880645,306.940000,305.011667,0.000000000
3773,810.209746,307.890000,305.057917,0.000000000
3774,843.227014,308.050000,305.082500,0.000000000
3775,691.785177,308.840000,305.125833,0.005555556
3776,598.887386,308.070000,305.143750,0.000000000
3777,313.022499,307.710000,305.167500,0.000000000
3778,291.401856,306.870000,305.161250,0.000000000
3779,94.014213,306.770000,305.169583,0.000000000
3780,18.784486,307.010000,305.204167,0.000000000
3781,0.000000,307.220000,305.282083,0.005555556
3782,0.000000,307.080000,305.382500,0.005555556
3783,0.000000,306.810000,305.487917,0.000000000
3784,0.000000,306.150000,305.575417,0.000000000
3785,0.000000,304.280000,305.590833,0.000000000
3786,0.000000,303.100000,305.566250,0.000000000
3787,0.000000,303.120000,305.552500,0.000000000
3788,0.000000,302.920000,305.540833,0.000000000
3789,0.000000,302.740000,305.529167,0.000000000
3790,0.000000,302.580000,305.517917,0.000000000
3791,0.000000,302.430000,305.507083,0.000000000
3792,17.354463,302.280000,305.496250,0.000000000
3793,74.079324,302.790000,305.487083,0.005555556
3794,326.133136,304.150000,305.480000,0.005555556
3795,507.720952,305.710000,305.479583,0.000000000
3796,641.166725,306.990000,305.481667,0.000000000
3797,778.821152,307.970000,305.485000,0.000000000
3798,806.375880,308.540000,305.505417,0.000000000
3799,767.772141,308.870000,305.506667,0.005555556
3800,469.850088,308.540000,305.526250,0.000000000
3801,439.942778,307.700000,305.525833,0.000000000
3802,244.379899,307.330000,305.545000,0.000000000
3803,79.655463,306.570000,305.536667,0.000000000
3804,18.298910,305.900000,305.490417,0.000000000
3805,0.000000,305.730000,305.428333,0.005555556
3806,0.000000,306.070000,305.386250,0.005555556
3807,0.000000,306.160000,305.359167,0.000000000
3808,0.000000,305.770000,305.343333,0.000000000
3809,0.000000,305.350000,305.387917,0.000000000
3810,0.000000,304.990000,305.466667,0.000000000
3811,0.000000,304.210000,305.512083,0.000000000
3812,0.000000,304.090000,305.560833,0.000000000
3813,0.000000,304.000000,305.613333,0.000000000
3814,0.000000,303.910000,305.668750,0.000000000
3815,0.000000,303.750000,305.723750,0.000000000
3816,30.549376,303.570000,305.777500,0.000000000
3817,95.316815,303.690000,305.815000,0.005555556
3818,264.727853,304.730000,305.839167,0.005555556
3819,428.339872,305.780000,305.842083,0.000000000
3820,547.534529,306.850000,305.836250,0.000000000
3821,560.450183,307.660000,305.823333,0.000000000
3822,828.485525,308.270000,305.812083,0.000000000
3823,731.079953,310.340000,305.873333,0.005555556
3824,611.629939,309.960000,305.932500,0.000000000
3825,374.848203,309.090000,305.990417,0.000000000
3826,270.444462,307.400000,305.993333,0.000000000
3827,126.707798,306.720000,305.999583,0.000000000
3828,18.393333,306.130000,306.009167,0.000000000
3829,0.000000,305.430000,305.996667,0.005555556
3830,0.000000,305.220000,305.961250,0.005555556
3831,0.000000,304.990000,305.912500,0.000000000
3832,0.000000,304.630000,305.865000,0.000000000
3833,0.000000,304.300000,305.821250,0.000000000
3834,0.000000,303.930000,305.777083,0.000000000
3835,0.000000,303.810000,305.760417,0.000000000
3836,0.000000,303.660000,305.742500,0.000000000
3837,0.000000,303.470000,305.720417,0.000000000
3838,0.000000,303.260000,305.693333,0.000000000
3839,0.000000,302.980000,305.661250,0.000000000
3840,17.416208,302.620000,305.621667,0.000000000
3841,65.308566,303.100000,305.597083,0.005555556
3842,335.286909,304.150000,305.572917,0.005555556
3843,549.178151,305.350000,305.555000,0.000000000
3844,682.737035,306.520000,305.541250,0.000000000
3845,730.234794,307.570000,305.537500,0.000000000
3846,838.645492,308.190000,305.534167,0.000000000
3847,787.455480,308.020000,305.437500,0.005555556
3848,602.704036,308.110000,305.360417,0.000000000
3849,471.390740,307.660000,305.300833,0.000000000
3850,304.275662,307.300000,305.296667,0.000000000
3851,127.633108,306.870000,305.302917,0.000000000
3852,21.705000,306.060000,305.300000,0.000000000
3853,0.000000,305.070000,305.285000,0.005555556
3854,0.000000,304.430000,305.252083,0.005555556
3855,0.000000,304.200000,305.219167,0.000000000
3856,0.000000,304.040000,305.194583,0.000000000
3857,0.000000,303.920000,305.178750,0.000000000
3858,0.000000,303.860000,305.175833,0.000000000
3859,0.000000,303.420000,305.159583,0.000000000
3860,0.000000,302.990000,305.131667,0.000000000
3861,0.000000,303.190000,305.120000,0.000000000
3862,0.000000,302.570000,305.091250,0.000000000
3863,0.000000,302.210000,305.059167,0.000000000
3864,17.048694,302.430000,305.051250,0.000000000
3865,65.114436,303.440000,305.065417,0.005555556
3866,328.661699,304.910000,305.097083,0.005555556
3867,542.382018,306.650000,305.151250,0.000000000
3868,714.820652,308.280000,305.224583,0.000000000
3869,818.880932,310.100000,305.330000,0.000000000
3870,844.721643,311.610000,305.472500,0.000000000
3871,793.106568,311.940000,305.635833,0.005555556
3872,660.120918,312.210000,305.806667,0.000000000
3873,503.180401,311.990000,305.987083,0.000000000
3874,289.999443,310.910000,306.137500,0.000000000
3875,116.557816,309.570000,306.250000,0.000000000
3876,15.994746,308.630000,306.357083,0.000000000
3877,0.000000,307.650000,306.464583,0.005555556
3878,0.000000,307.010000,306.572083,0.005555556
3879,0.000000,306.640000,306.673750,0.000000000
3880,0.000000,306.430000,306.773333,0.000000000
3881,0.000000,306.120000,306.865000,0.000000000
3882,0.000000,305.720000,306.942500,0.000000000
3883,0.000000,305.020000,307.009167,0.000000000
3884,0.000000,304.780000,307.083750,0.000000000
3885,0.000000,304.610000,307.142917,0.000000000
3886,0.000000,304.320000,307.215833,0.000000000
3887,0.000000,303.870000,307.285000,0.000000000
3888,15.964331,303.470000,307.328333,0.000000000
3889,63.041997,303.710000,307.339583,0.005555556
3890,340.156381,305.580000,307.367500,0.005555556
3891,542.202452,308.630000,307.450000,0.000000000
3892,718.902417,311.160000,307.570000,0.000000000
3893,824.986788,312.860000,307.685000,0.000000000
3894,799.965903,313.950000,307.782500,0.000000000
3895,726.118152,312.210000,307.793750,0.005555556
3896,448.801854,311.970000,307.783750,0.000000000
3897,435.004995,311.240000,307.752500,0.000000000
3898,242.162687,311.260000,307.767083,0.000000000
3899,120.374417,311.500000,307.847500,0.000000000
3900,19.072219,310.500000,307.925417,0.000000000
3901,0.000000,309.040000,307.983333,0.005555556
3902,0.000000,308.070000,308.027500,0.005555556
3903,0.000000,307.390000,308.058750,0.000000000
3904,0.000000,306.940000,308.080000,0.000000000
3905,0.000000,306.690000,308.103750,0.000000000
3906,0.000000,306.480000,308.135417,0.000000000
3907,0.000000,304.940000,308.132083,0.000000000
3908,0.000000,304.620000,308.125417,0.000000000
3909,0.000000,304.670000,308.127917,0.000000000
3910,0.000000,304.460000,308.133750,0.000000000
3911,0.000000,304.260000,308.150000,0.000000000
3912,21.431143,303.850000,308.165833,0.000000000
3913,69.367450,304.270000,308.189167,0.005555556
3914,247.348777,305.130000,308.170417,0.005555556
3915,383.286844,306.620000,308.086667,0.000000000
3916,659.942848,308.240000,307.965000,0.000000000
3917,752.800196,309.860000,307.840000,0.000000000
3918,181.219854,310.870000,307.711667,0.000000000
3919,162.230776,308.650000,307.563333,0.005555556
3920,177.982696,308.750000,307.429167,0.000000000
3921,133.334779,308.570000,307.317917,0.000000000
3922,100.527624,308.080000,307.185417,0.000000000
3923,127.017962,307.380000,307.013750,0.000000000
3924,19.536510,307.180000,306.875417,0.000000000
3925,0.000000,306.510000,306.770000,0.005555556
3926,0.000000,305.870000,306.678333,0.005555556
3927,0.000000,305.460000,306.597917,0.000000000
3928,0.000000,305.080000,306.520417,0.000000000
3929,0.000000,304.730000,306.438750,0.000000000
3930,0.000000,304.420000,306.352917,0.000000000
3931,0.000000,304.060000,306.316250,0.000000000
3932,0.000000,303.730000,306.279167,0.000000000
3933,0.000000,303.380000,306.225417,0.000000000
3934,0.000000,303.190000,306.172500,0.000000000
3935,0.000000,303.140000,306.125833,0.000000000
3936,21.471159,303.190000,306.098333,0.000000000
3937,72.904874,303.470000,306.065000,0.005555556
3938,278.867787,304.560000,306.041250,0.005555556
3939,420.053923,305.900000,306.011250,0.000000000
3940,643.343428,306.950000,305.957500,0.000000000
3941,762.687709,307.780000,305.870833,0.000000000
3942,753.623760,308.370000,305.766667,0.000000000
3943,634.691610,307.710000,305.727500,0.005555556
3944,364.231297,307.540000,305.677083,0.000000000
3945,444.929714,307.110000,305.616250,0.000000000
3946,303.788542,307.060000,305.573750,0.000000000
3947,134.462991,306.630000,305.542500,0.000000000
3948,21.531928,306.230000,305.502917,0.000000000
3949,0.000000,305.650000,305.467083,0.005555556
3950,0.000000,305.210000,305.439583,0.005555556
3951,0.000000,305.150000,305.426667,0.000000000
3952,0.000000,304.990000,305.422917,0.000000000
3953,0.000000,304.710000,305.422083,0.000000000
3954,0.000000,304.570000,305.428333,0.000000000
3955,0.000000,303.910000,305.422083,0.000000000
3956,0.000000,303.710000,305.421250,0.000000000
3957,0.000000,303.570000,305.429167,0.000000000
3958,0.000000,303.360000,305.436250,0.000000000
3959,0.000000,303.120000,305.435417,0.000000000
3960,16.857486,302.960000,305.425833,0.000000000
3961,66.333662,303.300000,305.418750,0.005555556
3962,322.597838,304.370000,305.410833,0.005555556
3963,524.449420,305.970000,305.413750,0.000000000
3964,693.048143,307.470000,305.435417,0.000000000
3965,785.406635,308.740000,305.475417,0.000000000
3966,771.288770,309.530000,305.523750,0.000000000
3967,761.806542,309.710000,305.607083,0.005555556
3968,659.050685,309.730000,305.698333,0.000000000
3969,498.448793,309.030000,305.778333,0.000000000
3970,305.700969,308.530000,305.839583,0.000000000
3971,115.129949,307.980000,305.895833,0.000000000
3972,19.440156,307.410000,305.945000,0.000000000
3973,0.000000,306.750000,305.990833,0.005555556
3974,0.000000,306.690000,306.052500,0.005555556
3975,0.000000,306.830000,306.122500,0.000000000
3976,0.000000,306.640000,306.191250,0.000000000
3977,0.000000,305.810000,306.237083,0.000000000
3978,0.000000,305.210000,306.263750,0.000000000
3979,0.000000,304.470000,306.287083,0.000000000
3980,0.000000,304.170000,306.306250,0.000000000
3981,0.000000,303.920000,306.320833,0.000000000
3982,0.000000,303.630000,306.332083,0.000000000
3983,0.000000,303.400000,306.343750,0.000000000
3984,15.238078,303.290000,306.357500,0.000000000
3985,65.981839,303.730000,306.375417,0.005555556
3986,319.603462,305.080000,306.405000,0.005555556
3987,532.124698,306.980000,306.447083,0.000000000
3988,694.837354,308.730000,306.499583,0.000000000
3989,805.943994,310.000000,306.552083,0.000000000
3990,822.464592,310.900000,306.609167,0.000000000
3991,716.477748,311.310000,306.675833,0.005555556
3992,624.850251,311.240000,306.738750,0.000000000
3993,503.558049,310.520000,306.800833,0.000000000
3994,316.541734,309.590000,306.845000,0.000000000
3995,132.784889,309.410000,306.904583,0.000000000
3996,19.729171,309.610000,306.996250,0.000000000
3997,0.000000,309.020000,307.090833,0.005555556
3998,0.000000,307.950000,307.143333,0.005555556
3999,0.000000,307.030000,307.151667,0.000000000
4000,0.000000,306.410000,307.142083,0.000000000
4001,0.000000,305.870000,307.144583,0.000000000
4002,0.000000,305.330000,307.149583,0.000000000
4003,0.000000,304.860000,307.165833,0.000000000
4004,0.000000,305.150000,307.206667,0.000000000
4005,0.000000,305.490000,307.272083,0.000000000
4006,0.000000,305.260000,307.340000,0.000000000
4007,0.000000,304.710000,307.394583,0.000000000
4008,25.220258,304.400000,307.440833,0.000000000
4009,71.012156,304.500000,307.472917,0.005555556
4010,252.501876,305.410000,307.486667,0.005555556
4011,376.886559,306.710000,307.475417,0.000000000
4012,594.852307,307.860000,307.439167,0.000000000
4013,439.418105,308.540000,307.378333,0.000000000
4014,636.558951,308.140000,307.263333,0.000000000
4015,490.347484,308.760000,307.157083,0.005555556
4016,419.001132,309.140000,307.069583,0.000000000
4017,359.009905,309.070000,307.009167,0.000000000
4018,327.433735,308.990000,306.984167,0.000000000
4019,140.322674,308.830000,306.960000,0.000000000
4020,22.662474,308.010000,306.893333,0.000000000
4021,0.000000,307.160000,306.815833,0.005555556
4022,0.000000,306.440000,306.752917,0.005555556
4023,0.000000,305.850000,306.703750,0.000000000
4024,0.000000,305.450000,306.663750,0.000000000
4025,0.000000,305.180000,306.635000,0.000000000
4026,0.000000,305.030000,306.622500,0.000000000
4027,0.000000,303.550000,306.567917,0.000000000
4028,0.000000,303.290000,306.490417,0.000000000
4029,0.000000,303.100000,306.390833,0.000000000
4030,0.000000,302.950000,306.294583,0.000000000
4031,0.000000,302.810000,306.215417,0.000000000
4032,20.334686,302.730000,306.145833,0.000000000
4033,75.287522,303.040000,306.085000,0.005555556
4034,315.721280,303.830000,306.019167,0.005555556
4035,508.005192,304.860000,305.942083,0.000000000
4036,671.281281,305.820000,305.857083,0.000000000
4037,777.574954,306.600000,305.776250,0.000000000
4038,815.687067,307.030000,305.730000,0.000000000
4039,780.369843,307.230000,305.666250,0.005555556
4040,677.057301,307.230000,305.586667,0.000000000
4041,519.771218,307.060000,305.502917,0.000000000
4042,327.376119,306.820000,305.412500,0.000000000
4043,142.746986,306.230000,305.304167,0.000000000
4044,23.245317,305.400000,305.195417,0.000000000
4045,0.000000,304.710000,305.093333,0.005555556
4046,0.000000,304.340000,305.005833,0.005555556
4047,0.000000,304.090000,304.932500,0.000000000
4048,0.000000,303.870000,304.866667,0.000000000
4049,0.000000,303.600000,304.800833,0.000000000
4050,0.000000,303.310000,304.729167,0.000000000
4051,0.000000,303.230000,304.715833,0.000000000
4052,0.000000,303.130000,304.709167,0.000000000
4053,0.000000,303.050000,304.707083,0.000000000
4054,0.000000,302.940000,304.706667,0.000000000
4055,0.000000,302.780000,304.705417,0.000000000
4056,25.927571,302.680000,304.703333,0.000000000
4057,87.894527,302.950000,304.699583,0.005555556
4058,304.465779,303.750000,304.696250,0.005555556
4059,446.578581,304.650000,304.687500,0.000000000
4060,640.414955,305.420000,304.670833,0.000000000
4061,683.470152,306.180000,304.653333,0.000000000
4062,718.676882,306.500000,304.631250,0.000000000
4063,427.108382,306.070000,304.582917,0.005555556
4064,197.412295,305.900000,304.527500,0.000000000
4065,309.541520,305.140000,304.447500,0.000000000
4066,108.756895,304.880000,304.366667,0.000000000
4067,50.091687,304.150000,304.280000,0.000000000
4068,15.079891,303.760000,304.211667,0.000000000
4069,0.000000,303.500000,304.161250,0.005555556
4070,0.000000,303.220000,304.114583,0.005555556
4071,0.000000,303.000000,304.069167,0.000000000
4072,0.000000,302.830000,304.025833,0.000000000
4073,0.000000,302.780000,303.991667,0.000000000
4074,0.000000,302.680000,303.965417,0.000000000
4075,0.000000,302.770000,303.946250,0.000000000
4076,0.000000,302.660000,303.926667,0.000000000
4077,0.000000,302.620000,303.908750,0.000000000
4078,0.000000,302.560000,303.892917,0.000000000
4079,0.000000,302.450000,303.879167,0.000000000
4080,35.030217,302.420000,303.868333,0.000000000
4081,90.531201,302.610000,303.854167,0.005555556
4082,303.996316,303.330000,303.836667,0.005555556
4083,453.799117,304.320000,303.822917,0.000000000
4084,663.039707,305.330000,303.819167,0.000000000
4085,750.409941,306.240000,303.821667,0.000000000
4086,817.006212,306.630000,303.827083,0.000000000
4087,630.574937,307.270000,303.877083,0.005555556
4088,554.341618,306.980000,303.922083,0.000000000
4089,409.213017,306.930000,303.996667,0.000000000
4090,298.985441,306.350000,304.057917,0.000000000
4091,141.443969,305.910000,304.131250,0.000000000
4092,24.323621,305.310000,304.195833,0.000000000
4093,0.000000,304.630000,304.242917,0.005555556
4094,0.000000,304.060000,304.277917,0.005555556
4095,0.000000,303.650000,304.305000,0.000000000
4096,0.000000,303.440000,304.330417,0.000000000
4097,0.000000,303.280000,304.351250,0.000000000
4098,0.000000,302.980000,304.363750,0.000000000
4099,0.000000,302.890000,304.368750,0.000000000
4100,0.000000,302.700000,304.370417,0.000000000
4101,0.000000,302.490000,304.365000,0.000000000
4102,0.000000,302.290000,304.353750,0.000000000
4103,0.000000,302.120000,304.340000,0.000000000
4104,22.560722,302.020000,304.323333,0.000000000
4105,78.398815,302.400000,304.314583,0.005555556
4106,314.380888,303.380000,304.316667,0.005555556
4107,516.720070,304.570000,304.327083,0.000000000
4108,679.542951,305.750000,304.344583,0.000000000
4109,768.991610,306.790000,304.367500,0.000000000
4110,815.906835,307.310000,304.395833,0.000000000
4111,755.258480,307.500000,304.405417,0.005555556
4112,672.068953,305.720000,304.352917,0.000000000
4113,511.827526,306.020000,304.315000,0.000000000
4114,319.258448,306.160000,304.307083,0.000000000
4115,141.469799,305.680000,304.297500,0.000000000
4116,24.928358,304.940000,304.282083,0.000000000
4117,0.000000,304.310000,304.268750,0.005555556
4118,0.000000,303.900000,304.262083,0.005555556
4119,0.000000,303.620000,304.260833,0.000000000
4120,0.000000,303.300000,304.255000,0.000000000
4121,0.000000,302.990000,304.242917,0.000000000
4122,0.000000,302.650000,304.229167,0.000000000
4123,0.000000,302.350000,304.206667,0.000000000
4124,0.000000,301.980000,304.176667,0.000000000
4125,0.000000,301.770000,304.146667,0.000000000
4126,0.000000,301.940000,304.132083,0.000000000
4127,0.000000,302.170000,304.134167,0.000000000
4128,36.573013,302.130000,304.138750,0.000000000
4129,83.989150,302.260000,304.132917,0.005555556
4130,251.000625,302.710000,304.105000,0.005555556
4131,365.174781,303.410000,304.056667,0.000000000
4132,397.754628,304.320000,303.997083,0.000000000
4133,359.139370,304.850000,303.916250,0.000000000
4134,269.118374,304.990000,303.819583,0.000000000
4135,225.324572,304.360000,303.688750,0.005555556
4136,359.913123,303.630000,303.601667,0.000000000
4137,243.976507,303.610000,303.501250,0.000000000
4138,171.585687,303.990000,303.410833,0.000000000
4139,70.933789,304.110000,303.345417,0.000000000
4140,13.397254,303.760000,303.296250,0.000000000
4141,0.000000,303.050000,303.243750,0.005555556
4142,0.000000,302.230000,303.174167,0.005555556
4143,0.000000,302.260000,303.117500,0.000000000
4144,0.000000,302.270000,303.074583,0.000000000
4145,0.000000,302.260000,303.044167,0.000000000
4146,0.000000,302.180000,303.024583,0.000000000
4147,0.000000,301.910000,303.006250,0.000000000
4148,0.000000,301.830000,303.000000,0.000000000
4149,0.000000,301.840000,303.002917,0.000000000
4150,0.000000,301.600000,302.988750,0.000000000
4151,0.000000,301.240000,302.950000,0.000000000
4152,19.075578,301.150000,302.909167,0.000000000
4153,38.655412,301.190000,302.864583,0.005555556
4154,74.858388,301.330000,302.807083,0.005555556
4155,109.236384,301.580000,302.730833,0.000000000
4156,168.669608,301.830000,302.627083,0.000000000
4157,212.435774,302.420000,302.525833,0.000000000
4158,339.611447,302.980000,302.442083,0.000000000
4159,384.935347,303.390000,302.401667,0.005555556
4160,326.422392,303.740000,302.406250,0.000000000
4161,260.026119,302.750000,302.370417,0.000000000
4162,75.631269,302.140000,302.293333,0.000000000
4163,57.705084,302.010000,302.205833,0.000000000
4164,23.578388,302.000000,302.132500,0.000000000
4165,0.000000,302.040000,302.090417,0.005555556
4166,0.000000,302.010000,302.081250,0.005555556
4167,0.000000,301.840000,302.063750,0.000000000
4168,0.000000,301.660000,302.038333,0.000000000
4169,0.000000,301.520000,302.007500,0.000000000
4170,0.000000,301.460000,301.977500,0.000000000
4171,0.000000,301.530000,301.961667,0.000000000
4172,0.000000,301.410000,301.944167,0.000000000
4173,0.000000,301.340000,301.923333,0.000000000
4174,0.000000,301.380000,301.914167,0.000000000
4175,0.000000,301.270000,301.915417,0.000000000
4176,26.770874,301.090000,301.912917,0.000000000
4177,82.638207,301.270000,301.916250,0.005555556
4178,210.045288,301.660000,301.930000,0.005555556
4179,242.290914,302.470000,301.967083,0.000000000
4180,285.904197,302.730000,302.004583,0.000000000
4181,380.057524,302.660000,302.014583,0.000000000
4182,331.196269,302.790000,302.006667,0.000000000
4183,271.666216,303.340000,302.004583,0.005555556
4184,213.826135,302.410000,301.949167,0.000000000
4185,145.402888,302.050000,301.920000,0.000000000
4186,127.901158,301.920000,301.910833,0.000000000
4187,55.068488,301.910000,301.906667,0.000000000
4188,13.944328,301.840000,301.900000,0.000000000
4189,0.000000,301.710000,301.886250,0.005555556
4190,0.000000,301.560000,301.867500,0.005555556
4191,0.000000,301.290000,301.844583,0.000000000
4192,0.000000,301.170000,301.824167,0.000000000
4193,0.000000,301.050000,301.804583,0.000000000
4194,0.000000,300.940000,301.782917,0.000000000
4195,0.000000,300.550000,301.742083,0.000000000
4196,0.000000,300.650000,301.710417,0.000000000
4197,0.000000,300.590000,301.679167,0.000000000
4198,0.000000,300.630000,301.647917,0.000000000
4199,0.000000,300.610000,301.620417,0.000000000
4200,17.155483,300.770000,301.607083,0.000000000
4201,70.309057,300.900000,301.591667,0.005555556
4202,178.850640,301.230000,301.573750,0.005555556
4203,283.259190,301.880000,301.549167,0.000000000
4204,388.782795,302.530000,301.540833,0.000000000
4205,315.286328,302.960000,301.553333,0.000000000
4206,98.272704,303.190000,301.570000,0.000000000
4207,119.956414,302.750000,301.545417,0.005555556
4208,174.482995,302.210000,301.537083,0.000000000
4209,122.024281,302.250000,301.545417,0.000000000
4210,92.058843,302.250000,301.559167,0.000000000
4211,58.254699,302.260000,301.573750,0.000000000
4212,14.032305,302.170000,301.587500,0.000000000
4213,0.000000,301.950000,301.597500,0.005555556
4214,0.000000,301.670000,301.602083,0.005555556
4215,0.000000,301.440000,301.608333,0.000000000
4216,0.000000,301.300000,301.613750,0.000000000
4217,0.000000,301.180000,301.619167,0.000000000
4218,0.000000,301.150000,301.627917,0.000000000
4219,0.000000,301.240000,301.656667,0.000000000
4220,0.000000,301.050000,301.673333,0.000000000
4221,0.000000,301.000000,301.690417,0.000000000
4222,0.000000,301.050000,301.707917,0.000000000
4223,0.000000,301.050000,301.726250,0.000000000
4224,19.662822,301.020000,301.736667,0.000000000
4225,88.262940,301.100000,301.745000,0.005555556
4226,196.140863,301.440000,301.753750,0.005555556
4227,363.350346,302.020000,301.759583,0.000000000
4228,510.735903,302.940000,301.776667,0.000000000
4229,569.089045,303.740000,301.809167,0.000000000
4230,324.537364,304.160000,301.849583,0.000000000
4231,236.283166,303.040000,301.861667,0.005555556
4232,244.896996,302.820000,301.887083,0.000000000
4233,150.262955,302.610000,301.902083,0.000000000
4234,89.085742,302.330000,301.905417,0.000000000
4235,54.470149,302.160000,301.901250,0.000000000
4236,13.944328,301.860000,301.888333,0.000000000
4237,0.000000,301.590000,301.873333,0.005555556
4238,0.000000,301.520000,301.867083,0.005555556
4239,0.000000,301.460000,301.867917,0.000000000
4240,0.000000,301.460000,301.874583,0.000000000
4241,0.000000,301.480000,301.887083,0.000000000
4242,0.000000,301.550000,301.903750,0.000000000
4243,0.000000,301.740000,301.924583,0.000000000
4244,0.000000,301.660000,301.950000,0.000000000
4245,0.000000,301.430000,301.967917,0.000000000
4246,0.000000,301.180000,301.973333,0.000000000
4247,0.000000,301.030000,301.972500,0.000000000
4248,29.717042,301.020000,301.972500,0.000000000
4249,105.135033,301.170000,301.975417,0.005555556
4250,269.759393,301.760000,301.988750,0.005555556
4251,387.028551,302.570000,302.011667,0.000000000
4252,571.246403,303.280000,302.025833,0.000000000
4253,535.185325,303.980000,302.035833,0.000000000
4254,341.669669,304.490000,302.049583,0.000000000
4255,618.506672,304.090000,302.093333,0.005555556
4256,461.465984,304.860000,302.178333,0.000000000
4257,343.477820,305.020000,302.278750,0.000000000
4258,219.831546,304.820000,302.382500,0.000000000
4259,124.728952,304.560000,302.482500,0.000000000
4260,20.256854,304.190000,302.579583,0.000000000
4261,0.000000,303.690000,302.667083,0.005555556
4262,0.000000,303.260000,302.739583,0.005555556
4263,0.000000,302.920000,302.800417,0.000000000
4264,0.000000,302.650000,302.850000,0.000000000
4265,0.000000,302.490000,302.892083,0.000000000
4266,0.000000,302.360000,302.925833,0.000000000
4267,0.000000,302.350000,302.951250,0.000000000
4268,0.000000,302.230000,302.975000,0.000000000
4269,0.000000,302.150000,303.005000,0.000000000
4270,0.000000,302.160000,303.045833,0.000000000
4271,0.000000,302.140000,303.092083,0.000000000
4272,12.570811,302.040000,303.134583,0.000000000
4273,52.987304,302.040000,303.170833,0.005555556
4274,92.489210,302.130000,303.186250,0.005555556
4275,163.965569,302.350000,303.177083,0.000000000
4276,261.538695,302.740000,303.154583,0.000000000
4277,435.379151,303.260000,303.124583,0.000000000
4278,425.638671,304.130000,303.109583,0.000000000
4279,553.182612,304.180000,303.113333,0.005555556
4280,471.510793,304.680000,303.105833,0.000000000
4281,386.090010,304.770000,303.095417,0.000000000
4282,241.890192,304.450000,303.080000,0.000000000
4283,120.580959,303.910000,303.052917,0.000000000
4284,30.823075,303.460000,303.022500,0.000000000
4285,0.000000,303.030000,302.995000,0.005555556
4286,0.000000,302.720000,302.972500,0.005555556
4287,0.000000,302.540000,302.956667,0.000000000
4288,0.000000,302.380000,302.945417,0.000000000
4289,0.000000,302.250000,302.935417,0.000000000
4290,0.000000,302.140000,302.926250,0.000000000
4291,0.000000,302.190000,302.919583,0.000000000
4292,0.000000,302.060000,302.912500,0.000000000
4293,0.000000,301.890000,302.901667,0.000000000
4294,0.000000,301.720000,302.883333,0.000000000
4295,0.000000,301.560000,302.859167,0.000000000
4296,41.920962,301.480000,302.835833,0.000000000
4297,109.628756,301.640000,302.819167,0.005555556
4298,284.601104,302.220000,302.822917,0.005555556
4299,429.742934,303.100000,302.854167,0.000000000
4300,586.665767,303.880000,302.901667,0.000000000
4301,647.726653,304.450000,302.951250,0.000000000
4302,665.878111,304.890000,302.982917,0.000000000
4303,616.050294,305.070000,303.020000,0.005555556
4304,505.935753,304.790000,303.024583,0.000000000
4305,381.782025,304.530000,303.014583,0.000000000
4306,261.050145,304.380000,303.011667,0.000000000
4307,125.413976,304.000000,303.015417,0.000000000
4308,30.716207,303.370000,303.011667,0.000000000
4309,0.000000,302.850000,303.004167,0.005555556
4310,0.000000,302.540000,302.996667,0.005555556
4311,0.000000,302.350000,302.988750,0.000000000
4312,0.000000,302.200000,302.981250,0.000000000
4313,0.000000,302.080000,302.974167,0.000000000
4314,0.000000,301.930000,302.965417,0.000000000
4315,0.000000,302.190000,302.965417,0.000000000
4316,0.000000,302.040000,302.964583,0.000000000
4317,0.000000,301.870000,302.963750,0.000000000
4318,0.000000,301.750000,302.965000,0.000000000
4319,0.000000,301.660000,302.969167,0.000000000
4320,42.756741,301.540000,302.971667,0.000000000
4321,82.868682,301.760000,302.976667,0.005555556
4322,281.074398,302.450000,302.986250,0.005555556
4323,486.362623,303.350000,302.996667,0.000000000
4324,608.645022,304.290000,303.013750,0.000000000
4325,730.626033,304.940000,303.034167,0.000000000
4326,642.003571,305.480000,303.058750,0.000000000
4327,748.406333,306.170000,303.104583,0.005555556
4328,623.840499,306.430000,303.172917,0.000000000
4329,496.156831,306.170000,303.241250,0.000000000
4330,303.693079,305.880000,303.303750,0.000000000
4331,125.544804,305.610000,303.370833,0.000000000
4332,24.472377,304.850000,303.432500,0.000000000
4333,0.000000,304.080000,303.483750,0.005555556
4334,0.000000,303.570000,303.526667,0.005555556
4335,0.000000,303.280000,303.565417,0.000000000
4336,0.000000,302.180000,303.564583,0.000000000
4337,0.000000,302.210000,303.570000,0.000000000
4338,0.000000,302.250000,303.583333,0.000000000
4339,0.000000,302.280000,303.587083,0.000000000
4340,0.000000,302.310000,303.598333,0.000000000
4341,0.000000,302.340000,303.617917,0.000000000
4342,0.000000,302.380000,303.644167,0.000000000
4343,0.000000,302.410000,303.675417,0.000000000
4344,35.454664,302.440000,303.712917,0.000000000
4345,106.443935,302.470000,303.742500,0.005555556
4346,181.492342,302.510000,303.745000,0.005555556
4347,270.492535,302.540000,303.711250,0.000000000
4348,224.422160,302.570000,303.639583,0.000000000
4349,278.633469,302.600000,303.542083,0.000000000
4350,449.491740,302.640000,303.423750,0.000000000
4351,411.786641,302.670000,303.277917,0.005555556
4352,431.187723,303.910000,303.172917,0.000000000
4353,284.443174,303.660000,303.068333,0.000000000
4354,215.628071,303.680000,302.976667,0.000000000
4355,83.300687,303.300000,302.880417,0.000000000
4356,9.853405,301.800000,302.753333,0.000000000
4357,0.000000,301.310000,302.637917,0.005555556
4358,0.000000,301.270000,302.542083,0.005555556
4359,0.000000,301.130000,302.452500,0.000000000
4360,0.000000,301.000000,302.403333,0.000000000
4361,0.000000,301.140000,302.358750,0.000000000
4362,0.000000,301.140000,302.312500,0.000000000
4363,0.000000,301.430000,302.277083,0.000000000
4364,0.000000,301.190000,302.230417,0.000000000
4365,0.000000,300.910000,302.170833,0.000000000
4366,0.000000,300.620000,302.097500,0.000000000
4367,0.000000,300.440000,302.015417,0.000000000
4368,17.155483,300.330000,301.927500,0.000000000
4369,50.266970,300.010000,301.825000,0.005555556
4370,111.982587,300.550000,301.743333,0.005555556
4371,196.414057,300.870000,301.673750,0.000000000
4372,233.343634,301.310000,301.621250,0.000000000
4373,247.132098,301.610000,301.580000,0.000000000
4374,212.969684,301.920000,301.550000,0.000000000
4375,315.794000,301.460000,301.499583,0.005555556
4376,268.081380,301.850000,301.413750,0.000000000
4377,242.747511,302.170000,301.351667,0.000000000
4378,187.548429,302.420000,301.299167,0.000000000
4379,94.259332,302.310000,301.257917,0.000000000
4380,16.361211,302.020000,301.267083,0.000000000
4381,0.000000,301.630000,301.280417,0.005555556
4382,0.000000,301.390000,301.285417,0.005555556
4383,0.000000,301.270000,301.291250,0.000000000
4384,0.000000,301.200000,301.299583,0.000000000
4385,0.000000,301.100000,301.297917,0.000000000
4386,0.000000,300.990000,301.291667,0.000000000
4387,0.000000,300.890000,301.269167,0.000000000
4388,0.000000,300.860000,301.255417,0.000000000
4389,0.000000,300.830000,301.252083,0.000000000
4390,0.000000,300.650000,301.253333,0.000000000
4391,0.000000,300.550000,301.257917,0.000000000
4392,30.176054,300.510000,301.265417,0.000000000
4393,99.046903,300.690000,301.293750,0.005555556
4394,179.382853,300.980000,301.311667,0.005555556
4395,243.102033,301.420000,301.334583,0.000000000
4396,189.869410,301.860000,301.357500,0.000000000
4397,279.042155,302.160000,301.380417,0.000000000
4398,626.915988,302.510000,301.405000,0.000000000
4399,563.339620,304.480000,301.530833,0.005555556
4400,410.181249,304.490000,301.640833,0.000000000
4401,250.961905,303.880000,301.712083,0.000000000
4402,145.241462,302.810000,301.728333,0.000000000
4403,75.530518,302.860000,301.751250,0.000000000
4404,17.480752,302.780000,301.782917,0.000000000
4405,0.000000,302.600000,301.823333,0.005555556
4406,0.000000,302.100000,301.852917,0.005555556
4407,0.000000,301.790000,301.874583,0.000000000
4408,0.000000,301.580000,301.890417,0.000000000
4409,0.000000,301.360000,301.901250,0.000000000
4410,0.000000,301.020000,301.902500,0.000000000
4411,0.000000,301.280000,301.918750,0.000000000
4412,0.000000,301.040000,301.926250,0.000000000
4413,0.000000,300.950000,301.931250,0.000000000
4414,0.000000,300.780000,301.936667,0.000000000
4415,0.000000,300.620000,301.939583,0.000000000
4416,23.753745,300.420000,301.935833,0.000000000
4417,69.236980,300.730000,301.937500,0.005555556
4418,176.650570,301.330000,301.952083,0.005555556
4419,183.203437,301.690000,301.963333,0.000000000
4420,290.925379,301.820000,301.961667,0.000000000
4421,335.541898,302.270000,301.966250,0.000000000
4422,418.031175,302.700000,301.974167,0.000000000
4423,587.607747,303.100000,301.916667,0.005555556
4424,292.363123,303.480000,301.874583,0.000000000
4425,266.284367,303.230000,301.847500,0.000000000
4426,133.962247,302.980000,301.854583,0.000000000
4427,57.818130,302.540000,301.841250,0.000000000
4428,10.688495,302.350000,301.823333,0.000000000
4429,0.000000,302.160000,301.805000,0.005555556
4430,0.000000,301.930000,301.797917,0.005555556
4431,0.000000,301.760000,301.796667,0.000000000
4432,0.000000,301.660000,301.800000,0.000000000
4433,0.000000,301.480000,301.805000,0.000000000
4434,0.000000,301.350000,301.818750,0.000000000
4435,0.000000,301.180000,301.814583,0.000000000
4436,0.000000,301.040000,301.814583,0.000000000
4437,0.000000,301.030000,301.817917,0.000000000
4438,0.000000,300.700000,301.814583,0.000000000
4439,0.000000,300.670000,301.816667,0.000000000
4440,12.932595,300.900000,301.836667,0.000000000
4441,72.982093,300.590000,301.830833,0.005555556
4442,122.045733,300.630000,301.801667,0.005555556
4443,233.661329,300.600000,301.756250,0.000000000
4444,260.306053,300.950000,301.720000,0.000000000
4445,219.311501,301.230000,301.676667,0.000000000
4446,96.510587,301.030000,301.607083,0.000000000
4447,81.251550,300.910000,301.515833,0.005555556
4448,99.895175,301.040000,301.414167,0.000000000
4449,171.309136,301.130000,301.326667,0.000000000
4450,121.307707,301.410000,301.261250,0.000000000
4451,78.752378,301.410000,301.214167,0.000000000
4452,20.987430,301.460000,301.177083,0.000000000
4453,0.000000,301.330000,301.142500,0.005555556
4454,0.000000,301.140000,301.109583,0.005555556
4455,0.000000,301.030000,301.079167,0.000000000
4456,0.000000,300.910000,301.047917,0.000000000
4457,0.000000,300.790000,301.019167,0.000000000
4458,0.000000,300.660000,300.990417,0.000000000
4459,0.000000,300.440000,300.959583,0.000000000
4460,0.000000,300.250000,300.926667,0.000000000
4461,0.000000,300.060000,300.886250,0.000000000
4462,0.000000,299.960000,300.855417,0.000000000
4463,0.000000,299.800000,300.819167,0.000000000
4464,27.580738,299.750000,300.771250,0.000000000
4465,77.219621,299.940000,300.744167,0.005555556
4466,169.762131,300.180000,300.725417,0.005555556
4467,146.333459,300.640000,300.727083,0.000000000
4468,230.436754,300.760000,300.719167,0.000000000
4469,479.428500,301.120000,300.714583,0.000000000
4470,413.539127,301.580000,300.737500,0.000000000
4471,582.801997,301.860000,300.777083,0.005555556
4472,551.177393,302.560000,300.840417,0.000000000
4473,455.247683,302.900000,300.914167,0.000000000
4474,291.954885,303.030000,300.981667,0.000000000
4475,133.261097,302.900000,301.043750,0.000000000
4476,26.718262,302.670000,301.094167,0.000000000
4477,0.000000,302.330000,301.135833,0.005555556
4478,0.000000,302.100000,301.175833,0.005555556
4479,0.000000,301.860000,301.210417,0.000000000
4480,0.000000,301.730000,301.244583,0.000000000
4481,0.000000,301.500000,301.274167,0.000000000
4482,0.000000,301.120000,301.293333,0.000000000
4483,0.000000,300.510000,301.296250,0.000000000
4484,0.000000,300.300000,301.298333,0.000000000
4485,0.000000,299.980000,301.295000,0.000000000
4486,0.000000,299.590000,301.279583,0.000000000
4487,0.000000,299.600000,301.271250,0.000000000
4488,26.129120,299.880000,301.276667,0.000000000
4489,79.402661,299.650000,301.264583,0.005555556
4490,214.019115,300.100000,301.261250,0.005555556
4491,299.017001,301.010000,301.276667,0.000000000
4492,471.876217,301.390000,301.302917,0.000000000
4493,479.780475,302.150000,301.345833,0.000000000
4494,649.667851,301.720000,301.351667,0.000000000
4495,588.764187,302.200000,301.365833,0.005555556
4496,504.745229,302.150000,301.348750,0.000000000
4497,312.636436,302.270000,301.322500,0.000000000
4498,243.222655,302.180000,301.287083,0.000000000
4499,117.168065,302.220000,301.258750,0.000000000
4500,19.515308,302.120000,301.235833,0.000000000
4501,0.000000,301.950000,301.220000,0.005555556
4502,0.000000,301.380000,301.190000,0.005555556
4503,0.000000,300.810000,301.146250,0.000000000
4504,0.000000,300.340000,301.088333,0.000000000
4505,0.000000,300.790000,301.058750,0.000000000
4506,0.000000,300.160000,301.018750,0.000000000
4507,0.000000,300.350000,301.012083,0.000000000
4508,0.000000,300.360000,301.014583,0.000000000
4509,0.000000,300.100000,301.019583,0.000000000
4510,0.000000,299.900000,301.032500,0.000000000
4511,0.000000,299.520000,301.029167,0.000000000
4512,29.428251,300.050000,301.036250,0.000000000
4513,89.863722,300.310000,301.063750,0.005555556
4514,265.779464,301.030000,301.102500,0.005555556
4515,391.570567,301.560000,301.125417,0.000000000
4516,606.758096,301.930000,301.147917,0.000000000
4517,630.963679,302.190000,301.149583,0.000000000
4518,689.543771,302.630000,301.187500,0.000000000
4519,675.201162,302.880000,301.215833,0.005555556
4520,634.227654,302.960000,301.249583,0.000000000
4521,376.279319,302.770000,301.270417,0.000000000
4522,186.291723,301.820000,301.255417,0.000000000
4523,63.520919,301.150000,301.210833,0.000000000
4524,20.376154,301.060000,301.166667,0.000000000
4525,0.000000,300.800000,301.118750,0.005555556
4526,0.000000,299.920000,301.057917,0.005555556
4527,0.000000,300.050000,301.026250,0.000000000
4528,0.000000,299.850000,301.005833,0.000000000
4529,0.000000,299.920000,300.969583,0.000000000
4530,0.000000,299.770000,300.953333,0.000000000
4531,0.000000,300.000000,300.938750,0.000000000
4532,0.000000,300.060000,300.926250,0.000000000
4533,0.000000,299.980000,300.921250,0.000000000
4534,0.000000,299.940000,300.922917,0.000000000
4535,0.000000,299.570000,300.925000,0.000000000
4536,22.126174,299.660000,300.908750,0.000000000
4537,54.882130,299.530000,300.876250,0.005555556
4538,87.878741,299.620000,300.817500,0.005555556
4539,263.037302,299.790000,300.743750,0.000000000
4540,365.402800,300.350000,300.677917,0.000000000
4541,434.450430,301.010000,300.628750,0.000000000
4542,194.111049,301.500000,300.581667,0.000000000
4543,251.050258,300.610000,300.487083,0.005555556
4544,346.680100,300.830000,300.398333,0.000000000
4545,245.403743,301.310000,300.337500,0.000000000
4546,302.066162,301.500000,300.324167,0.000000000
4547,135.661630,301.860000,300.353750,0.000000000
4548,24.657621,301.740000,300.382083,0.000000000
4549,0.000000,301.390000,300.406667,0.005555556
4550,0.000000,301.260000,300.462500,0.005555556
4551,0.000000,301.060000,300.504583,0.000000000
4552,0.000000,300.930000,300.549583,0.000000000
4553,0.000000,300.670000,300.580833,0.000000000
4554,0.000000,300.410000,300.607500,0.000000000
4555,0.000000,300.250000,300.617917,0.000000000
4556,0.000000,300.180000,300.622917,0.000000000
4557,0.000000,300.050000,300.625833,0.000000000
4558,0.000000,299.700000,300.615833,0.000000000
4559,0.000000,299.520000,300.613750,0.000000000
4560,31.011834,299.460000,300.605417,0.000000000
4561,73.279760,299.650000,300.610417,0.005555556
4562,271.101574,300.140000,300.632083,0.005555556
4563,409.946075,300.920000,300.679167,0.000000000
4564,665.468585,301.640000,300.732917,0.000000000
4565,665.590355,302.470000,300.793750,0.000000000
4566,572.339645,302.890000,300.851667,0.000000000
4567,500.626389,303.060000,300.953750,0.005555556
4568,383.525496,302.910000,301.040417,0.000000000
4569,301.631955,302.710000,301.098750,0.000000000
4570,199.294608,302.530000,301.141667,0.000000000
4571,101.895313,301.970000,301.146250,0.000000000
4572,26.252491,301.910000,301.153333,0.000000000
4573,0.000000,301.740000,301.167917,0.005555556
4574,0.000000,301.610000,301.182500,0.005555556
4575,0.000000,301.360000,301.195000,0.000000000
4576,0.000000,300.880000,301.192917,0.000000000
4577,0.000000,300.420000,301.182500,0.000000000
4578,0.000000,300.360000,301.180417,0.000000000
4579,0.000000,300.210000,301.178750,0.000000000
4580,0.000000,300.020000,301.172083,0.000000000
4581,0.000000,299.940000,301.167500,0.000000000
4582,0.000000,299.760000,301.170000,0.000000000
4583,0.000000,299.570000,301.172083,0.000000000
4584,24.985421,299.530000,301.175000,0.000000000
4585,71.703138,299.640000,301.174583,0.005555556
4586,237.642902,300.100000,301.172917,0.005555556
4587,308.748687,300.730000,301.165000,0.000000000
4588,284.782294,301.480000,301.158333,0.000000000
4589,428.058807,301.830000,301.131667,0.000000000
4590,308.876798,301.710000,301.082500,0.000000000
4591,256.666694,301.480000,301.016667,0.005555556
4592,238.631893,300.620000,300.921250,0.000000000
4593,137.734271,300.420000,300.825833,0.000000000
4594,121.329333,299.980000,300.719583,0.000000000
4595,117.814070,300.120000,300.642500,0.000000000
4596,16.717587,300.450000,300.581667,0.000000000
4597,0.000000,300.440000,300.527500,0.005555556
4598,0.000000,300.360000,300.475417,0.005555556
4599,0.000000,300.250000,300.429167,0.000000000
4600,0.000000,300.030000,300.393750,0.000000000
4601,0.000000,299.900000,300.372083,0.000000000
4602,0.000000,299.640000,300.342083,0.000000000
4603,0.000000,299.560000,300.315000,0.000000000
4604,0.000000,299.410000,300.289583,0.000000000
4605,0.000000,299.460000,300.269583,0.000000000
4606,0.000000,299.490000,300.258333,0.000000000
4607,0.000000,299.430000,300.252500,0.000000000
4608,15.527911,299.810000,300.264167,0.000000000
4609,26.617374,299.650000,300.264583,0.005555556
4610,95.703021,299.670000,300.246667,0.005555556
4611,105.792117,300.000000,300.216250,0.000000000
4612,131.886098,300.320000,300.167917,0.000000000
4613,144.892182,300.550000,300.114583,0.000000000
4614,299.621543,300.610000,300.068750,0.000000000
4615,237.529249,300.250000,300.017500,0.005555556
4616,339.559618,300.500000,300.012500,0.000000000
4617,304.400933,301.110000,300.041250,0.000000000
4618,216.284481,301.610000,300.109167,0.000000000
4619,92.272470,301.910000,300.183750,0.000000000
4620,17.845091,301.890000,300.243750,0.000000000
4621,0.000000,301.690000,300.295833,0.005555556
4622,0.000000,301.490000,300.342917,0.005555556
4623,0.000000,301.350000,300.388750,0.000000000
4624,0.000000,301.150000,300.435417,0.000000000
4625,0.000000,300.990000,300.480833,0.000000000
4626,0.000000,300.750000,300.527083,0.000000000
4627,0.000000,300.460000,300.564583,0.000000000
4628,0.000000,299.980000,300.588333,0.000000000
4629,0.000000,299.940000,300.608333,0.000000000
4630,0.000000,299.910000,300.625833,0.000000000
4631,0.000000,299.690000,300.636667,0.000000000
4632,25.601259,299.610000,300.628333,0.000000000
4633,73.605611,299.760000,300.632917,0.005555556
4634,177.694042,300.070000,300.649583,0.005555556
4635,296.560149,300.380000,300.665417,0.000000000
4636,378.891186,301.030000,300.695000,0.000000000
4637,568.916345,301.570000,300.737500,0.000000000
4638,302.704031,302.430000,300.813333,0.000000000
4639,265.120182,301.540000,300.867083,0.005555556
4640,187.957082,301.620000,300.913750,0.000000000
4641,229.158724,301.600000,300.934167,0.000000000
4642,171.618438,301.790000,300.941667,0.000000000
4643,78.674029,301.740000,300.934583,0.000000000
4644,13.020571,301.490000,300.917917,0.000000000
4645,0.000000,301.320000,300.902500,0.005555556
4646,0.000000,301.160000,300.888750,0.005555556
4647,0.000000,300.940000,300.871667,0.000000000
4648,0.000000,300.740000,300.854583,0.000000000
4649,0.000000,300.510000,300.834583,0.000000000
4650,0.000000,300.300000,300.815833,0.000000000
4651,0.000000,300.290000,300.808750,0.000000000
4652,0.000000,300.160000,300.816250,0.000000000
4653,0.000000,300.000000,300.818750,0.000000000
4654,0.000000,299.930000,300.819583,0.000000000
4655,0.000000,299.770000,300.822917,0.000000000
4656,35.674606,299.690000,300.826250,0.000000000
4657,76.627221,299.880000,300.831250,0.005555556
4658,192.104068,300.320000,300.841667,0.005555556
4659,314.517181,300.850000,300.861250,0.000000000
4660,489.265270,301.500000,300.880833,0.000000000
4661,635.166104,302.160000,300.905417,0.000000000
4662,581.654473,302.670000,300.915417,0.000000000
4663,524.550331,302.740000,300.965417,0.005555556
4664,414.519550,302.660000,301.008750,0.000000000
4665,348.203356,303.010000,301.067500,0.000000000
4666,210.355257,303.230000,301.127500,0.000000000
4667,62.949655,302.980000,301.179167,0.000000000
4668,16.280197,302.360000,301.215417,0.000000000
4669,0.000000,301.960000,301.242083,0.005555556
4670,0.000000,301.710000,301.265000,0.005555556
4671,0.000000,301.640000,301.294167,0.000000000
4672,0.000000,301.520000,301.326667,0.000000000
4673,0.000000,301.290000,301.359167,0.000000000
4674,0.000000,301.010000,301.388750,0.000000000
4675,0.000000,300.980000,301.417500,0.000000000
4676,0.000000,300.890000,301.447917,0.000000000
4677,0.000000,300.810000,301.481667,0.000000000
4678,0.000000,300.680000,301.512917,0.000000000
4679,0.000000,300.680000,301.550833,0.000000000
4680,21.994209,300.650000,301.590833,0.000000000
4681,97.979557,300.750000,301.627083,0.005555556
4682,175.243492,301.130000,301.660833,0.005555556
4683,291.043367,301.540000,301.689583,0.000000000
4684,402.270403,301.960000,301.708750,0.000000000
4685,560.756219,302.360000,301.717083,0.000000000
4686,667.516388,302.940000,301.728333,0.000000000
4687,556.577230,303.500000,301.760000,0.005555556
4688,371.375494,303.560000,301.797500,0.000000000
4689,453.791793,303.170000,301.804167,0.000000000
4690,256.264280,303.070000,301.797500,0.000000000
4691,85.669759,302.830000,301.791250,0.000000000
4692,18.745781,302.490000,301.796667,0.000000000
4693,0.000000,302.310000,301.811250,0.005555556
4694,0.000000,302.110000,301.827917,0.005555556
4695,0.000000,301.970000,301.841667,0.000000000
4696,0.000000,301.780000,301.852500,0.000000000
4697,0.000000,301.620000,301.866250,0.000000000
4698,0.000000,301.420000,301.883333,0.000000000
4699,0.000000,301.480000,301.904167,0.000000000
4700,0.000000,301.350000,301.923333,0.000000000
4701,0.000000,301.170000,301.938333,0.000000000
4702,0.000000,300.920000,301.948333,0.000000000
4703,0.000000,300.660000,301.947500,0.000000000
4704,15.395946,300.530000,301.942500,0.000000000
4705,81.356206,300.440000,301.929583,0.005555556
4706,107.400229,300.710000,301.912083,0.005555556
4707,216.833488,300.970000,301.888333,0.000000000
4708,406.328390,301.440000,301.866667,0.000000000
4709,447.303348,302.110000,301.856250,0.000000000
4710,219.575960,302.250000,301.827500,0.000000000
4711,349.547921,301.600000,301.748333,0.005555556
4712,279.991361,301.640000,301.668333,0.000000000
4713,170.333080,301.890000,301.615000,0.000000000
4714,181.985176,301.820000,301.562917,0.000000000
4715,72.937843,301.880000,301.523333,0.000000000
4716,19.475823,301.730000,301.491667,0.000000000
4717,0.000000,301.290000,301.449167,0.005555556
4718,0.000000,301.160000,301.409583,0.005555556
4719,0.000000,301.100000,301.373333,0.000000000
4720,0.000000,300.770000,301.331250,0.000000000
4721,0.000000,300.680000,301.292083,0.000000000
4722,0.000000,300.330000,301.246667,0.000000000
4723,0.000000,300.290000,301.197083,0.000000000
4724,0.000000,300.200000,301.149167,0.000000000
4725,0.000000,300.260000,301.111250,0.000000000
4726,0.000000,300.310000,301.085833,0.000000000
4727,0.000000,300.250000,301.068750,0.000000000
4728,11.173058,300.460000,301.065833,0.000000000
4729,53.736675,300.390000,301.063750,0.005555556
4730,75.914744,300.560000,301.057500,0.005555556
4731,131.823934,300.700000,301.046250,0.000000000
4732,146.092370,301.050000,301.030000,0.000000000
4733,240.947305,301.240000,300.993750,0.000000000
4734,425.323718,301.590000,300.966250,0.000000000
4735,535.641635,301.990000,300.982500,0.005555556
4736,376.011597,302.880000,301.034167,0.000000000
4737,400.862851,302.920000,301.077083,0.000000000
4738,258.067790,302.750000,301.115833,0.000000000
4739,131.206744,302.490000,301.141250,0.000000000
4740,18.787525,302.210000,301.161250,0.000000000
4741,0.000000,301.890000,301.186250,0.005555556
4742,0.000000,301.680000,301.207917,0.005555556
4743,0.000000,301.500000,301.224583,0.000000000
4744,0.000000,301.370000,301.249583,0.000000000
4745,0.000000,301.290000,301.275000,0.000000000
4746,0.000000,301.120000,301.307917,0.000000000
4747,0.000000,300.570000,301.319583,0.000000000
4748,0.000000,300.610000,301.336667,0.000000000
4749,0.000000,300.620000,301.351667,0.000000000
4750,0.000000,300.610000,301.364167,0.000000000
4751,0.000000,300.480000,301.373750,0.000000000
4752,26.656981,300.350000,301.369167,0.000000000
4753,73.741912,300.360000,301.367917,0.005555556
4754,250.964086,300.790000,301.377500,0.005555556
4755,343.737652,301.530000,301.412083,0.000000000
4756,527.890598,302.180000,301.459167,0.000000000
4757,550.699174,302.830000,301.525417,0.000000000
4758,698.371201,303.240000,301.594167,0.000000000
4759,666.252273,303.480000,301.656250,0.005555556
4760,646.268153,303.520000,301.682917,0.000000000
4761,360.806239,303.390000,301.702500,0.000000000
4762,219.517372,303.310000,301.725833,0.000000000
4763,69.935438,303.110000,301.751667,0.000000000
4764,7.808914,302.680000,301.771250,0.000000000
4765,0.000000,302.400000,301.792500,0.005555556
4766,0.000000,302.120000,301.810833,0.005555556
4767,0.000000,301.820000,301.824167,0.000000000
4768,0.000000,301.550000,301.831667,0.000000000
4769,0.000000,301.330000,301.833333,0.000000000
4770,0.000000,301.180000,301.835833,0.000000000
4771,0.000000,300.820000,301.846250,0.000000000
4772,0.000000,300.660000,301.848333,0.000000000
4773,0.000000,300.490000,301.842917,0.000000000
4774,0.000000,300.330000,301.831250,0.000000000
4775,0.000000,300.200000,301.819583,0.000000000
4776,32.859348,300.130000,301.810417,0.000000000
4777,64.255715,300.340000,301.809583,0.005555556
4778,307.315632,301.070000,301.821250,0.005555556
4779,494.902848,301.980000,301.840000,0.000000000
4780,629.242082,302.890000,301.869583,0.000000000
4781,764.720166,303.860000,301.912500,0.000000000
4782,748.541682,304.700000,301.973333,0.000000000
4783,737.236355,305.060000,302.039167,0.005555556
4784,688.461339,305.170000,302.107917,0.000000000
4785,529.246138,305.090000,302.178750,0.000000000
4786,330.885549,304.870000,302.243750,0.000000000
4787,149.088791,304.340000,302.295000,0.000000000
4788,24.470885,303.560000,302.331667,0.000000000
4789,0.000000,302.990000,302.356250,0.005555556
4790,0.000000,302.470000,302.370833,0.005555556
4791,0.000000,302.210000,302.387083,0.000000000
4792,0.000000,302.040000,302.407500,0.000000000
4793,0.000000,301.880000,302.430417,0.000000000
4794,0.000000,301.770000,302.455000,0.000000000
4795,0.000000,301.720000,302.492500,0.000000000
4796,0.000000,301.590000,302.531250,0.000000000
4797,0.000000,301.440000,302.570833,0.000000000
4798,0.000000,301.330000,302.612500,0.000000000
4799,0.000000,301.260000,302.656667,0.000000000
4800,32.243510,301.240000,302.702917,0.000000000
4801,68.622644,301.330000,302.744167,0.005555556
4802,208.859863,301.750000,302.772500,0.005555556
4803,399.507941,302.440000,302.791667,0.000000000
4804,402.654514,303.270000,302.807500,0.000000000
4805,506.879482,303.750000,302.802917,0.000000000
4806,535.759754,304.190000,302.781667,0.000000000
4807,447.610968,303.740000,302.726667,0.005555556
4808,526.579160,303.640000,302.662917,0.000000000
4809,193.476156,302.410000,302.551250,0.000000000
4810,138.168353,302.260000,302.442500,0.000000000
4811,119.562968,302.370000,302.360417,0.000000000
4812,15.916883,302.320000,302.308750,0.000000000
4813,0.000000,302.260000,302.278333,0.005555556
4814,0.000000,302.170000,302.265833,0.005555556
4815,0.000000,302.020000,302.257917,0.000000000
4816,0.000000,301.790000,302.247500,0.000000000
4817,0.000000,301.620000,302.236667,0.000000000
4818,0.000000,301.410000,302.221667,0.000000000
4819,0.000000,301.260000,302.202500,0.000000000
4820,0.000000,301.040000,302.179583,0.000000000
4821,0.000000,300.970000,302.160000,0.000000000
4822,0.000000,300.910000,302.142500,0.000000000
4823,0.000000,300.830000,302.124583,0.000000000
4824,11.920861,300.720000,302.102917,0.000000000
4825,29.602449,300.670000,302.075417,0.005555556
4826,65.851929,300.750000,302.033750,0.005555556
4827,80.586780,300.960000,301.972083,0.000000000
4828,127.126526,301.220000,301.886667,0.000000000
4829,192.083329,301.270000,301.783333,0.000000000
4830,211.767498,301.520000,301.672083,0.000000000
4831,261.208918,302.360000,301.614583,0.005555556
4832,238.828099,302.240000,301.556250,0.000000000
4833,131.479603,302.170000,301.546250,0.000000000
4834,78.321310,302.100000,301.539583,0.000000000
4835,52.388939,301.970000,301.522917,0.000000000
4836,19.952740,301.800000,301.501250,0.000000000
4837,0.000000,301.470000,301.468333,0.005555556
4838,0.000000,301.260000,301.430417,0.005555556
4839,0.000000,301.050000,301.390000,0.000000000
4840,0.000000,300.900000,301.352917,0.000000000
4841,0.000000,300.600000,301.310417,0.000000000
4842,0.000000,300.460000,301.270833,0.000000000
4843,0.000000,300.530000,301.240417,0.000000000
4844,0.000000,300.440000,301.215417,0.000000000
4845,0.000000,300.440000,301.193333,0.000000000
4846,0.000000,300.380000,301.171250,0.000000000
4847,0.000000,300.220000,301.145833,0.000000000
4848,26.612992,300.010000,301.116250,0.000000000
4849,85.218867,300.050000,301.090417,0.005555556
4850,207.380997,300.460000,301.078333,0.005555556
4851,213.299744,301.030000,301.081250,0.000000000
4852,264.422706,301.070000,301.075000,0.000000000
4853,376.504135,301.330000,301.077500,0.000000000
4854,158.532760,301.450000,301.074583,0.000000000
4855,92.730543,300.530000,300.998333,0.005555556
4856,80.243092,300.230000,300.914583,0.000000000
4857,90.705849,300.230000,300.833750,0.000000000
4858,90.376596,300.440000,300.764583,0.000000000
4859,90.474851,300.580000,300.706667,0.000000000
4860,17.267500,300.660000,300.659167,0.000000000
4861,0.000000,300.500000,300.618750,0.005555556
4862,0.000000,300.490000,300.586667,0.005555556
4863,0.000000,300.480000,300.562917,0.000000000
4864,0.000000,300.530000,300.547500,0.000000000
4865,0.000000,300.700000,300.551667,0.000000000
4866,0.000000,300.650000,300.559583,0.000000000
4867,0.000000,300.430000,300.555417,0.000000000
4868,0.000000,300.260000,300.547917,0.000000000
4869,0.000000,300.160000,300.536250,0.000000000
4870,0.000000,299.900000,300.516250,0.000000000
4871,0.000000,299.860000,300.501250,0.000000000
4872,20.234672,300.000000,300.500833,0.000000000
4873,87.591110,299.900000,300.494583,0.005555556
4874,227.314094,300.390000,300.491667,0.005555556
4875,405.151640,301.070000,300.493333,0.000000000
4876,487.461959,301.690000,300.519167,0.000000000
4877,491.988368,301.870000,300.541667,0.000000000
4878,585.116168,302.010000,300.565000,0.000000000
4879,636.729438,302.200000,300.634583,0.005555556
4880,451.593700,302.470000,300.727917,0.000000000
4881,390.747237,302.540000,300.824167,0.000000000
4882,223.374118,302.780000,300.921667,0.000000000
4883,127.426137,302.580000,301.005000,0.000000000
4884,23.946770,302.120000,301.065833,0.000000000
4885,0.000000,301.590000,301.111250,0.005555556
4886,0.000000,301.350000,301.147083,0.005555556
4887,0.000000,301.150000,301.175000,0.000000000
4888,0.000000,300.900000,301.190417,0.000000000
4889,0.000000,300.580000,301.185417,0.000000000
4890,0.000000,300.310000,301.171250,0.000000000
4891,0.000000,300.570000,301.177083,0.000000000
4892,0.000000,300.550000,301.189167,0.000000000
4893,0.000000,300.480000,301.202500,0.000000000
4894,0.000000,300.120000,301.211667,0.000000000
4895,0.000000,299.870000,301.212083,0.000000000
4896,16.099761,299.860000,301.206250,0.000000000
4897,68.988433,299.990000,301.210000,0.005555556
4898,178.902750,300.440000,301.212083,0.005555556
4899,296.036728,301.180000,301.216667,0.000000000
4900,416.274926,301.790000,301.220833,0.000000000
4901,480.400751,302.390000,301.242500,0.000000000
4902,594.478405,302.930000,301.280833,0.000000000
4903,638.708596,303.160000,301.320833,0.005555556
4904,566.330846,303.410000,301.360000,0.000000000
4905,420.132042,303.300000,301.391667,0.000000000
4906,231.357149,302.290000,301.371250,0.000000000
4907,116.994276,302.280000,301.358750,0.000000000
4908,21.900679,302.180000,301.361250,0.000000000
4909,0.000000,301.950000,301.376250,0.005555556
4910,0.000000,301.690000,301.390417,0.005555556
4911,0.000000,301.520000,301.405833,0.000000000
4912,0.000000,301.350000,301.424583,0.000000000
4913,0.000000,301.220000,301.451250,0.000000000
4914,0.000000,301.030000,301.481250,0.000000000
4915,0.000000,300.820000,301.491667,0.000000000
4916,0.000000,300.640000,301.495417,0.000000000
4917,0.000000,300.530000,301.497500,0.000000000
4918,0.000000,300.430000,301.510417,0.000000000
4919,0.000000,300.230000,301.525417,0.000000000
4920,21.730278,299.910000,301.527500,0.000000000
4921,91.868090,300.060000,301.530417,0.005555556
4922,223.812341,300.440000,301.530417,0.005555556
4923,377.304231,301.030000,301.524167,0.000000000
4924,439.980545,301.240000,301.501250,0.000000000
4925,537.075439,301.580000,301.467500,0.000000000
4926,578.280352,301.630000,301.413333,0.000000000
4927,572.808808,302.370000,301.380417,0.005555556
4928,475.064559,302.540000,301.344167,0.000000000
4929,397.482445,302.060000,301.292500,0.000000000
4930,264.907260,301.840000,301.273750,0.000000000
4931,135.320699,301.760000,301.252083,0.000000000
4932,25.393613,301.450000,301.221667,0.000000000
4933,0.000000,301.350000,301.196667,0.005555556
4934,0.000000,300.990000,301.167500,0.005555556
4935,0.000000,300.410000,301.121250,0.000000000
4936,0.000000,300.180000,301.072500,0.000000000
4937,0.000000,299.880000,301.016667,0.000000000
4938,0.000000,299.990000,300.973333,0.000000000
4939,0.000000,300.300000,300.951667,0.000000000
4940,0.000000,300.020000,300.925833,0.000000000
4941,0.000000,299.400000,300.878750,0.000000000
4942,0.000000,299.180000,300.826667,0.000000000
4943,0.000000,299.220000,300.784583,0.000000000
4944,24.897444,299.460000,300.765833,0.000000000
4945,91.773544,299.720000,300.751667,0.005555556
4946,241.799303,300.070000,300.736250,0.005555556
4947,388.449589,300.580000,300.717500,0.000000000
4948,588.461711,300.900000,300.703333,0.000000000
4949,662.909266,301.420000,300.696667,0.000000000
4950,773.478088,301.920000,300.708750,0.000000000
4951,799.406931,302.360000,300.708333,0.005555556
4952,638.972881,302.660000,300.713333,0.000000000
4953,535.825938,302.550000,300.733750,0.000000000
4954,343.805601,302.470000,300.760000,0.000000000
4955,144.600954,302.320000,300.783333,0.000000000
4956,23.339085,302.010000,300.806667,0.000000000
4957,0.000000,301.620000,300.817917,0.005555556
4958,0.000000,301.330000,300.832083,0.005555556
4959,0.000000,301.180000,300.864167,0.000000000
4960,0.000000,300.990000,300.897917,0.000000000
4961,0.000000,300.830000,300.937500,0.000000000
4962,0.000000,300.600000,300.962917,0.000000000
4963,0.000000,300.490000,300.970833,0.000000000
4964,0.000000,300.340000,300.984167,0.000000000
4965,0.000000,300.140000,301.015000,0.000000000
4966,0.000000,299.990000,301.048750,0.000000000
4967,0.000000,299.820000,301.073750,0.000000000
4968,26.305073,299.660000,301.082083,0.000000000
4969,72.051698,299.790000,301.085000,0.005555556
4970,291.142129,300.720000,301.112083,0.005555556
4971,496.475726,301.420000,301.147083,0.000000000
4972,634.735248,302.230000,301.202500,0.000000000
4973,685.357181,302.880000,301.263333,0.000000000
4974,790.814397,303.210000,301.317083,0.000000000
4975,754.419241,303.510000,301.365000,0.005555556
4976,704.751495,303.410000,301.396250,0.000000000
4977,525.702737,303.260000,301.425833,0.000000000
4978,347.305616,303.030000,301.449167,0.000000000
4979,153.824670,302.820000,301.470000,0.000000000
4980,22.575547,302.470000,301.489167,0.000000000
4981,0.000000,302.030000,301.506250,0.005555556
4982,0.000000,301.790000,301.525417,0.005555556
4983,0.000000,301.580000,301.542083,0.000000000
4984,0.000000,301.380000,301.558333,0.000000000
4985,0.000000,301.180000,301.572917,0.000000000
4986,0.000000,301.030000,301.590833,0.000000000
4987,0.000000,300.720000,301.600417,0.000000000
4988,0.000000,300.540000,301.608750,0.000000000
4989,0.000000,300.370000,301.618333,0.000000000
4990,0.000000,300.230000,301.628333,0.000000000
4991,0.000000,300.100000,301.640000,0.000000000
4992,29.472239,299.950000,301.652083,0.000000000
4993,63.617486,300.140000,301.666667,0.005555556
4994,313.243507,301.030000,301.679583,0.005555556
4995,525.301894,301.880000,301.698750,0.000000000
4996,694.635259,302.700000,301.718333,0.000000000
4997,755.432107,303.360000,301.738333,0.000000000
4998,849.653557,303.740000,301.760417,0.000000000
4999,799.380225,304.020000,301.781667,0.005555556
5000,690.058090,304.100000,301.810417,0.000000000
5001,536.117500,304.000000,301.841250,0.000000000
5002,348.792305,303.800000,301.873333,0.000000000
5003,144.989393,303.240000,301.890833,0.000000000
5004,22.820277,302.920000,301.909583,0.000000000
5005,0.000000,302.590000,301.932917,0.005555556
5006,0.000000,302.310000,301.954583,0.005555556
5007,0.000000,301.960000,301.970417,0.000000000
5008,0.000000,301.670000,301.982500,0.000000000
5009,0.000000,301.460000,301.994167,0.000000000
5010,0.000000,301.310000,302.005833,0.000000000
5011,0.000000,301.310000,302.030417,0.000000000
5012,0.000000,301.140000,302.055417,0.000000000
5013,0.000000,300.970000,302.080417,0.000000000
5014,0.000000,300.790000,302.103750,0.000000000
5015,0.000000,300.580000,302.123750,0.000000000
5016,28.944378,300.340000,302.140000,0.000000000
5017,63.670915,300.510000,302.155417,0.005555556
5018,313.341413,301.410000,302.171250,0.005555556
5019,525.540267,302.310000,302.189167,0.000000000
5020,699.246046,303.120000,302.206667,0.000000000
5021,817.091680,303.850000,302.227083,0.000000000
5022,851.778724,304.270000,302.249167,0.000000000
5023,805.253272,304.640000,302.275000,0.005555556
5024,702.562494,304.230000,302.280417,0.000000000
5025,546.569899,304.490000,302.300833,0.000000000
5026,341.805631,304.060000,302.311667,0.000000000
5027,153.781827,303.750000,302.332917,0.000000000
5028,22.606917,303.400000,302.352917,0.000000000
5029,0.000000,302.740000,302.359167,0.005555556
5030,0.000000,302.410000,302.363333,0.005555556
5031,0.000000,302.240000,302.375000,0.000000000
5032,0.000000,302.000000,302.388750,0.000000000
5033,0.000000,301.750000,302.400833,0.000000000
5034,0.000000,301.530000,302.410000,0.000000000
5035,0.000000,301.430000,302.415000,0.000000000
5036,0.000000,301.230000,302.418750,0.000000000
5037,0.000000,301.000000,302.420000,0.000000000
5038,0.000000,300.810000,302.420833,0.000000000
5039,0.000000,300.670000,302.424583,0.000000000
5040,0.000000,300.580000,302.434583,0.000000000
5041,65.711357,300.750000,302.444583,0.005555556
5042,314.546911,301.520000,302.449167,0.005555556
5043,524.135788,302.440000,302.454583,0.000000000
5044,641.965215,303.340000,302.463750,0.000000000
5045,773.712861,303.950000,302.467917,0.000000000
5046,810.160547,304.430000,302.474583,0.000000000
5047,767.893563,304.490000,302.468333,0.005555556
5048,660.977728,303.840000,302.452083,0.000000000
5049,526.226708,304.280000,302.443333,0.000000000
5050,344.499235,304.220000,302.450000,0.000000000
5051,148.721258,303.970000,302.459167,0.000000000
5052,22.315342,303.350000,302.457083,0.000000000
5053,0.000000,302.910000,302.464167,0.005555556
5054,0.000000,302.590000,302.471667,0.005555556
5055,0.000000,302.330000,302.475417,0.000000000
5056,0.000000,302.060000,302.477917,0.000000000
5057,0.000000,301.840000,302.481667,0.000000000
5058,0.000000,301.620000,302.485417,0.000000000
5059,0.000000,301.540000,302.490000,0.000000000
5060,0.000000,301.390000,302.496667,0.000000000
5061,0.000000,301.200000,302.505000,0.000000000
5062,0.000000,301.060000,302.515417,0.000000000
5063,0.000000,300.890000,302.524583,0.000000000
5064,0.000000,300.720000,302.530417,0.000000000
5065,69.178310,300.810000,302.532917,0.005555556
5066,298.459553,301.460000,302.530417,0.005555556
5067,491.012635,302.350000,302.526667,0.000000000
5068,687.551722,303.260000,302.523333,0.000000000
5069,794.450072,304.080000,302.528750,0.000000000
5070,743.484179,304.650000,302.537917,0.000000000
5071,733.675237,304.600000,302.542500,0.005555556
5072,672.110517,304.670000,302.577083,0.000000000
5073,504.500697,304.370000,302.580833,0.000000000
5074,328.036687,304.090000,302.575417,0.000000000
5075,149.211611,303.210000,302.543750,0.000000000
5076,23.343479,303.050000,302.531250,0.000000000
5077,0.000000,302.830000,302.527917,0.005555556
5078,0.000000,302.690000,302.532083,0.005555556
5079,0.000000,302.490000,302.538750,0.000000000
5080,0.000000,301.300000,302.507083,0.000000000
5081,0.000000,301.360000,302.487083,0.000000000
5082,0.000000,301.420000,302.478750,0.000000000
5083,0.000000,301.480000,302.476250,0.000000000
5084,0.000000,301.530000,302.482083,0.000000000
5085,0.000000,301.590000,302.498333,0.000000000
5086,0.000000,301.650000,302.522917,0.000000000
5087,0.000000,301.710000,302.557083,0.000000000
5088,0.000000,301.770000,302.600833,0.000000000
5089,71.621263,301.820000,302.642917,0.005555556
5090,201.508176,301.880000,302.660417,0.005555556
5091,328.043423,301.940000,302.643333,0.000000000
5092,401.358507,302.000000,302.590833,0.000000000
5093,508.948019,302.060000,302.506667,0.000000000
5094,599.719942,302.110000,302.400833,0.000000000
5095,541.592768,302.170000,302.299583,0.005555556
5096,406.308263,303.390000,302.246250,0.000000000
5097,439.045821,303.140000,302.195000,0.000000000
5098,302.555091,302.870000,302.144167,0.000000000
5099,128.132286,302.720000,302.123750,0.000000000
5100,19.330555,302.540000,302.102500,0.000000000
5101,0.000000,302.130000,302.073333,0.005555556
5102,0.000000,301.840000,302.037917,0.005555556
5103,0.000000,301.640000,302.002500,0.000000000
5104,0.000000,301.460000,302.009167,0.000000000
5105,0.000000,301.190000,302.002083,0.000000000
5106,0.000000,300.850000,301.978333,0.000000000
5107,0.000000,299.970000,301.915417,0.000000000
5108,0.000000,299.830000,301.844583,0.000000000
5109,0.000000,299.780000,301.769167,0.000000000
5110,0.000000,299.590000,301.683333,0.000000000
5111,0.000000,299.340000,301.584583,0.000000000
5112,0.000000,299.190000,301.477083,0.000000000
5113,68.134265,299.570000,301.383333,0.005555556
5114,109.443182,300.160000,301.311667,0.005555556
5115,180.457074,300.680000,301.259167,0.000000000
5116,350.292044,301.220000,301.226667,0.000000000
5117,391.336802,301.820000,301.216667,0.000000000
5118,532.556073,301.990000,301.211667,0.000000000
5119,504.068697,301.350000,301.177500,0.005555556
5120,512.943874,301.610000,301.103333,0.000000000
5121,435.227529,302.070000,301.058750,0.000000000
5122,205.247944,302.650000,301.049583,0.000000000
5123,94.873720,302.140000,301.025417,0.000000000
5124,14.080315,301.140000,300.967083,0.000000000
5125,0.000000,300.850000,300.913750,0.005555556
5126,0.000000,300.640000,300.863750,0.005555556
5127,0.000000,300.320000,300.808750,0.000000000
5128,0.000000,299.970000,300.746667,0.000000000
5129,0.000000,299.700000,300.684583,0.000000000
5130,0.000000,299.640000,300.634167,0.000000000
5131,0.000000,300.170000,300.642500,0.000000000
5132,0.000000,299.300000,300.620417,0.000000000
5133,0.000000,299.160000,300.594583,0.000000000
5134,0.000000,299.110000,300.574583,0.000000000
5135,0.000000,298.780000,300.551250,0.000000000
5136,0.000000,299.260000,300.554167,0.000000000
5137,87.032758,299.680000,300.558750,0.005555556
5138,181.642542,300.070000,300.555000,0.005555556
5139,290.881226,300.390000,300.542917,0.000000000
5140,420.067925,300.850000,300.527500,0.000000000
5141,642.716964,301.490000,300.513750,0.000000000
5142,705.441013,302.180000,300.521667,0.000000000
5143,655.214138,303.050000,300.592500,0.005555556
5144,486.589977,302.630000,300.635000,0.000000000
5145,406.428979,302.150000,300.638333,0.000000000
5146,269.508381,301.890000,300.606667,0.000000000
5147,120.947909,301.830000,300.593750,0.000000000
5148,17.762181,301.530000,300.610000,0.000000000
5149,0.000000,301.310000,300.629167,0.005555556
5150,0.000000,301.020000,300.645000,0.005555556
5151,0.000000,300.770000,300.663750,0.000000000
5152,0.000000,299.940000,300.662500,0.000000000
5153,0.000000,299.770000,300.665417,0.000000000
5154,0.000000,300.200000,300.688750,0.000000000
5155,0.000000,299.210000,300.648750,0.000000000
5156,0.000000,299.230000,300.645833,0.000000000
5157,0.000000,298.990000,300.638750,0.000000000
5158,0.000000,298.830000,300.627083,0.000000000
5159,0.000000,298.740000,300.625417,0.000000000
5160,0.000000,298.910000,300.610833,0.000000000
5161,77.855878,299.040000,300.584167,0.005555556
5162,258.270336,299.580000,300.563750,0.005555556
5163,440.067713,300.400000,300.564167,0.000000000
5164,555.528483,301.140000,300.576250,0.000000000
5165,677.662911,301.530000,300.577917,0.000000000
5166,633.238046,302.070000,300.573333,0.000000000
5167,769.675624,302.290000,300.541667,0.005555556
5168,571.863300,302.730000,300.545833,0.000000000
5169,417.694221,302.450000,300.558333,0.000000000
5170,303.883650,302.090000,300.566667,0.000000000
5171,138.588578,301.930000,300.570833,0.000000000
5172,18.982316,301.740000,300.579583,0.000000000
5173,0.000000,301.450000,300.585417,0.005555556
5174,0.000000,301.010000,300.585000,0.005555556
5175,0.000000,301.260000,300.605417,0.000000000
5176,0.000000,300.940000,300.647083,0.000000000
5177,0.000000,300.900000,300.694167,0.000000000
5178,0.000000,299.870000,300.680417,0.000000000
5179,0.000000,299.760000,300.703333,0.000000000
5180,0.000000,299.640000,300.720417,0.000000000
5181,0.000000,299.590000,300.745417,0.000000000
5182,0.000000,299.190000,300.760417,0.000000000
5183,0.000000,299.010000,300.771667,0.000000000
5184,0.000000,298.800000,300.767083,0.000000000
5185,82.393604,299.470000,300.785000,0.005555556
5186,243.450538,300.240000,300.812500,0.005555556
5187,455.678464,300.870000,300.832083,0.000000000
5188,499.947588,301.750000,300.857500,0.000000000
5189,725.887965,302.240000,300.887083,0.000000000
5190,786.130428,302.680000,300.912500,0.000000000
5191,666.913746,302.710000,300.930000,0.005555556
5192,581.973982,302.640000,300.926250,0.000000000
5193,464.948535,302.630000,300.933750,0.000000000
5194,301.075506,302.460000,300.949167,0.000000000
5195,136.801205,301.920000,300.948750,0.000000000
5196,23.788075,301.630000,300.944167,0.000000000
5197,0.000000,301.260000,300.936250,0.005555556
5198,0.000000,301.020000,300.936667,0.005555556
5199,0.000000,300.880000,300.920833,0.000000000
5200,0.000000,300.780000,300.914167,0.000000000
5201,0.000000,300.660000,300.904167,0.000000000
5202,0.000000,300.490000,300.930000,0.000000000
5203,0.000000,300.520000,300.961667,0.000000000
5204,0.000000,300.350000,300.991250,0.000000000
5205,0.000000,300.220000,301.017500,0.000000000
5206,0.000000,300.150000,301.057500,0.000000000
5207,0.000000,300.050000,301.100833,0.000000000
5208,0.000000,300.010000,301.151250,0.000000000
5209,68.371982,300.210000,301.182083,0.005555556
5210,192.490727,300.560000,301.195417,0.005555556
5211,295.467852,301.120000,301.205833,0.000000000
5212,375.049954,301.560000,301.197917,0.000000000
5213,498.246101,302.160000,301.194583,0.000000000
5214,652.539804,302.470000,301.185833,0.000000000
5215,551.922029,303.220000,301.207083,0.005555556
5216,377.136212,303.390000,301.238333,0.000000000
5217,243.645201,301.440000,301.188750,0.000000000
5218,170.801162,300.960000,301.126250,0.000000000
5219,112.740873,301.390000,301.104167,0.000000000
5220,20.755514,301.560000,301.101250,0.000000000
5221,0.000000,301.490000,301.110833,0.005555556
5222,0.000000,301.370000,301.125417,0.005555556
5223,0.000000,301.150000,301.136667,0.000000000
5224,0.000000,301.000000,301.145833,0.000000000
5225,0.000000,300.790000,301.151250,0.000000000
5226,0.000000,300.640000,301.157500,0.000000000
5227,0.000000,300.770000,301.167917,0.000000000
5228,0.000000,300.640000,301.180000,0.000000000
5229,0.000000,300.500000,301.191667,0.000000000
5230,0.000000,300.220000,301.194583,0.000000000
5231,0.000000,299.650000,301.177917,0.000000000
5232,0.000000,299.610000,301.161250,0.000000000
5233,70.157632,299.690000,301.139583,0.005555556
5234,133.230247,299.750000,301.105833,0.005555556
5235,273.001475,300.110000,301.063750,0.000000000
5236,293.594124,300.590000,301.023333,0.000000000
5237,165.524253,300.730000,300.963750,0.000000000
5238,464.658262,300.870000,300.897083,0.000000000
5239,533.819419,303.150000,300.894167,0.005555556
5240,585.467910,303.660000,300.905417,0.000000000
5241,460.046979,303.910000,301.008333,0.000000000
5242,294.828288,303.690000,301.122083,0.000000000
5243,126.153177,303.390000,301.205417,0.000000000
5244,13.178769,301.770000,301.214167,0.000000000
5245,0.000000,300.790000,301.185000,0.005555556
5246,0.000000,300.730000,301.158333,0.005555556
5247,0.000000,300.420000,301.127917,0.000000000
5248,0.000000,300.320000,301.099583,0.000000000
5249,0.000000,300.220000,301.075833,0.000000000
5250,0.000000,300.080000,301.052500,0.000000000
5251,0.000000,300.110000,301.025000,0.000000000
5252,0.000000,300.160000,301.005000,0.000000000
5253,0.000000,300.080000,300.987500,0.000000000
5254,0.000000,299.420000,300.954167,0.000000000
5255,0.000000,299.220000,300.936250,0.000000000
5256,0.000000,299.270000,300.922083,0.000000000
5257,34.298419,298.890000,300.888750,0.005555556
5258,147.464401,299.010000,300.857917,0.005555556
5259,210.032770,299.680000,300.840000,0.000000000
5260,198.797480,299.840000,300.808750,0.000000000
5261,242.293334,299.820000,300.770833,0.000000000
5262,455.387926,300.140000,300.740417,0.000000000
5263,398.935345,301.770000,300.682917,0.005555556
5264,216.714642,302.320000,300.627083,0.000000000
5265,222.636833,301.380000,300.521667,0.000000000
5266,123.686679,300.880000,300.404583,0.000000000
5267,31.541420,300.330000,300.277083,0.000000000
5268,3.563062,299.940000,300.200833,0.000000000
5269,0.000000,299.630000,300.152500,0.005555556
5270,0.000000,299.320000,300.093750,0.005555556
5271,0.000000,299.150000,300.040833,0.000000000
5272,0.000000,299.140000,299.991667,0.000000000
5273,0.000000,299.200000,299.949167,0.000000000
5274,0.000000,299.140000,299.910000,0.000000000
5275,0.000000,299.570000,299.887500,0.000000000
5276,0.000000,299.450000,299.857917,0.000000000
5277,0.000000,299.440000,299.831250,0.000000000
5278,0.000000,299.080000,299.817083,0.000000000
5279,0.000000,299.080000,299.811250,0.000000000
5280,0.000000,299.250000,299.810417,0.000000000
5281,48.233954,299.230000,299.824583,0.005555556
5282,100.701096,299.520000,299.845833,0.005555556
5283,151.694576,299.870000,299.853750,0.000000000
5284,150.970707,300.390000,299.876667,0.000000000
5285,218.609409,300.910000,299.922083,0.000000000
5286,623.378284,301.770000,299.990000,0.000000000
5287,336.666298,302.790000,300.032500,0.005555556
5288,301.720352,301.990000,300.018750,0.000000000
5289,148.577605,301.870000,300.039167,0.000000000
5290,108.909688,301.270000,300.055417,0.000000000
5291,45.738417,300.910000,300.079583,0.000000000
5292,15.437958,300.710000,300.111667,0.000000000
5293,0.000000,300.550000,300.150000,0.005555556
5294,0.000000,300.330000,300.192083,0.005555556
5295,0.000000,300.120000,300.232500,0.000000000
5296,0.000000,300.110000,300.272917,0.000000000
5297,0.000000,299.950000,300.304167,0.000000000
5298,0.000000,299.840000,300.333333,0.000000000
5299,0.000000,299.680000,300.337917,0.000000000
5300,0.000000,299.560000,300.342500,0.000000000
5301,0.000000,299.200000,300.332500,0.000000000
5302,0.000000,299.160000,300.335833,0.000000000
5303,0.000000,299.190000,300.340417,0.000000000
5304,0.000000,299.410000,300.347083,0.000000000
5305,32.160865,299.260000,300.348333,0.005555556
5306,64.967084,299.430000,300.344583,0.005555556
5307,137.318479,299.570000,300.332083,0.000000000
5308,200.374376,299.880000,300.310833,0.000000000
5309,441.200446,300.420000,300.290417,0.000000000
5310,493.894466,301.390000,300.274583,0.000000000
5311,732.820854,302.410000,300.258750,0.005555556
5312,564.058216,303.410000,300.317917,0.000000000
5313,326.054815,303.640000,300.391667,0.000000000
5314,192.016875,303.290000,300.475833,0.000000000
5315,131.486376,302.950000,300.560833,0.000000000
5316,20.324900,302.560000,300.637917,0.000000000
5317,0.000000,302.160000,300.705000,0.005555556
5318,0.000000,301.890000,300.770000,0.005555556
5319,0.000000,301.590000,300.831250,0.000000000
5320,0.000000,301.280000,300.880000,0.000000000
5321,0.000000,300.920000,300.920417,0.000000000
5322,0.000000,300.640000,300.953750,0.000000000
5323,0.000000,300.360000,300.982083,0.000000000
5324,0.000000,300.160000,301.007083,0.000000000
5325,0.000000,299.930000,301.037500,0.000000000
5326,0.000000,299.780000,301.063333,0.000000000
5327,0.000000,299.640000,301.082083,0.000000000
5328,0.000000,299.500000,301.085833,0.000000000
5329,82.729257,299.620000,301.100833,0.005555556
5330,279.539222,300.190000,301.132500,0.005555556
5331,424.647706,300.890000,301.187500,0.000000000
5332,489.058518,301.730000,301.264583,0.000000000
5333,567.428922,302.280000,301.342083,0.000000000
5334,583.886044,302.700000,301.396667,0.000000000
5335,655.711850,302.890000,301.416667,0.005555556
5336,582.298361,303.280000,301.411250,0.000000000
5337,425.310813,303.460000,301.403750,0.000000000
5338,282.756863,303.290000,301.403750,0.000000000
5339,130.488227,302.840000,301.399167,0.000000000
5340,19.495150,302.210000,301.384583,0.000000000
5341,0.000000,301.560000,301.359583,0.005555556
5342,0.000000,301.130000,301.327917,0.005555556
5343,0.000000,300.810000,301.295417,0.000000000
5344,0.000000,300.640000,301.268750,0.000000000
5345,0.000000,300.510000,301.251667,0.000000000
5346,0.000000,300.360000,301.240000,0.000000000
5347,0.000000,300.470000,301.244583,0.000000000
5348,0.000000,300.340000,301.252083,0.000000000
5349,0.000000,300.230000,301.264583,0.000000000
5350,0.000000,300.110000,301.278333,0.000000000
5351,0.000000,300.050000,301.295417,0.000000000
5352,0.000000,300.010000,301.316667,0.000000000
5353,92.156349,300.060000,301.335000,0.005555556
5354,240.796309,300.520000,301.348750,0.005555556
5355,425.212756,301.240000,301.363333,0.000000000
5356,651.762131,302.070000,301.377500,0.000000000
5357,699.368212,303.020000,301.408333,0.000000000
5358,683.783275,303.520000,301.442500,0.000000000
5359,761.166367,303.400000,301.463750,0.005555556
5360,601.648082,303.640000,301.478750,0.000000000
5361,503.826688,303.540000,301.482083,0.000000000
5362,262.881881,303.050000,301.472083,0.000000000
5363,127.484939,302.320000,301.450417,0.000000000
5364,18.986528,301.880000,301.436667,0.000000000
5365,0.000000,301.500000,301.434167,0.005555556
5366,0.000000,301.260000,301.439583,0.005555556
5367,0.000000,301.060000,301.450000,0.000000000
5368,0.000000,300.870000,301.459583,0.000000000
5369,0.000000,300.750000,301.469583,0.000000000
5370,0.000000,300.580000,301.478750,0.000000000
5371,0.000000,300.570000,301.482917,0.000000000
5372,0.000000,300.450000,301.487500,0.000000000
5373,0.000000,300.330000,301.491667,0.000000000
5374,0.000000,300.220000,301.496250,0.000000000
5375,0.000000,300.180000,301.501667,0.000000000
5376,0.000000,300.190000,301.509167,0.000000000
5377,91.562535,300.190000,301.514583,0.005555556
5378,275.321169,300.740000,301.523750,0.005555556
5379,456.936980,301.630000,301.540000,0.000000000
5380,563.001409,302.520000,301.558750,0.000000000
5381,654.040202,303.180000,301.565417,0.000000000
5382,539.633623,303.650000,301.570833,0.000000000
5383,489.321671,303.580000,301.578333,0.005555556
5384,388.793369,303.090000,301.555417,0.000000000
5385,267.057540,302.260000,301.502083,0.000000000
5386,185.356539,302.360000,301.473333,0.000000000
5387,72.652047,302.430000,301.477917,0.000000000
5388,13.284502,302.240000,301.492917,0.000000000
5389,0.000000,301.830000,301.506667,0.005555556
5390,0.000000,301.450000,301.514583,0.005555556
5391,0.000000,301.180000,301.519583,0.000000000
5392,0.000000,301.020000,301.525833,0.000000000
5393,0.000000,300.890000,301.531667,0.000000000
5394,0.000000,300.730000,301.537917,0.000000000
5395,0.000000,300.820000,301.548333,0.000000000
5396,0.000000,300.610000,301.555000,0.000000000
5397,0.000000,300.360000,301.556250,0.000000000
5398,0.000000,300.230000,301.556667,0.000000000
5399,0.000000,300.170000,301.556250,0.000000000
5400,0.000000,300.080000,301.551667,0.000000000
5401,93.414892,300.180000,301.551250,0.005555556
5402,247.694635,300.870000,301.556667,0.005555556
5403,461.352144,301.670000,301.558333,0.000000000
5404,587.182777,302.520000,301.558333,0.000000000
5405,590.963221,303.080000,301.554167,0.000000000
5406,392.581817,303.260000,301.537917,0.000000000
5407,362.707560,302.230000,301.481667,0.005555556
5408,286.049931,302.050000,301.438333,0.000000000
5409,348.827730,301.810000,301.419583,0.000000000
5410,249.264225,301.910000,301.400833,0.000000000
5411,90.227634,302.190000,301.390833,0.000000000
5412,14.507826,301.910000,301.377083,0.000000000
5413,0.000000,301.550000,301.365417,0.005555556
5414,0.000000,301.240000,301.356667,0.005555556
5415,0.000000,301.100000,301.353333,0.000000000
5416,0.000000,300.900000,301.348333,0.000000000
5417,0.000000,300.670000,301.339167,0.000000000
5418,0.000000,300.480000,301.328750,0.000000000
5419,0.000000,300.390000,301.310833,0.000000000
5420,0.000000,300.170000,301.292500,0.000000000
5421,0.000000,300.010000,301.277917,0.000000000
5422,0.000000,299.840000,301.261667,0.000000000
5423,0.000000,299.690000,301.241667,0.000000000
5424,0.000000,299.580000,301.220833,0.000000000
5425,98.392587,299.630000,301.197917,0.005555556
5426,195.521995,300.070000,301.164583,0.005555556
5427,295.677575,300.390000,301.111250,0.000000000
5428,320.865696,301.030000,301.049167,0.000000000
5429,518.043017,301.550000,300.985417,0.000000000
5430,684.431878,302.280000,300.944583,0.000000000
5431,626.034599,302.660000,300.962500,0.005555556
5432,594.969886,303.010000,301.002500,0.000000000
5433,408.472482,302.490000,301.030833,0.000000000
5434,172.467792,301.490000,301.013333,0.000000000
5435,81.506482,301.290000,300.975833,0.000000000
5436,15.412817,301.280000,300.949583,0.000000000
5437,0.000000,301.140000,300.932500,0.005555556
5438,0.000000,301.080000,300.925833,0.005555556
5439,0.000000,300.950000,300.919583,0.000000000
5440,0.000000,300.740000,300.912917,0.000000000
5441,0.000000,300.600000,300.910000,0.000000000
5442,0.000000,300.490000,300.910417,0.000000000
5443,0.000000,300.340000,300.908333,0.000000000
5444,0.000000,300.140000,300.907083,0.000000000
5445,0.000000,299.890000,300.902083,0.000000000
5446,0.000000,299.710000,300.896667,0.000000000
5447,0.000000,299.660000,300.895417,0.000000000
5448,0.000000,299.670000,300.899167,0.000000000
5449,69.511835,299.770000,300.905000,0.005555556
5450,179.418142,300.140000,300.907917,0.005555556
5451,260.993435,300.800000,300.925000,0.000000000
5452,360.621796,301.440000,300.942083,0.000000000
5453,462.249730,302.140000,300.966667,0.000000000
5454,556.178879,302.720000,300.985000,0.000000000
5455,475.227047,303.500000,301.020000,0.005555556
5456,440.066885,303.420000,301.037083,0.000000000
5457,298.559327,302.320000,301.030000,0.000000000
5458,280.914965,302.170000,301.058333,0.000000000
5459,103.513927,302.230000,301.097500,0.000000000
5460,13.077017,301.950000,301.125417,0.000000000
5461,0.000000,301.660000,301.147083,0.005555556
5462,0.000000,301.380000,301.159583,0.005555556
5463,0.000000,301.080000,301.165000,0.000000000
5464,0.000000,300.940000,301.173333,0.000000000
5465,0.000000,300.670000,301.176250,0.000000000
5466,0.000000,300.450000,301.174583,0.000000000
5467,0.000000,300.090000,301.164167,0.000000000
5468,0.000000,299.940000,301.155833,0.000000000
5469,0.000000,299.800000,301.152083,0.000000000
5470,0.000000,299.620000,301.148333,0.000000000
5471,0.000000,299.480000,301.140833,0.000000000
5472,0.000000,299.470000,301.132500,0.000000000
5473,79.812031,299.650000,301.127500,0.005555556
5474,220.530649,300.100000,301.125833,0.005555556
5475,339.872643,300.940000,301.131667,0.000000000
5476,400.528296,301.850000,301.148750,0.000000000
5477,418.496301,302.510000,301.164167,0.000000000
5478,847.413903,303.020000,301.176667,0.000000000
5479,764.904943,304.130000,301.202917,0.005555556
5480,688.008023,303.550000,301.208333,0.000000000
5481,314.861163,302.700000,301.224167,0.000000000
5482,264.935545,302.550000,301.240000,0.000000000
5483,108.319238,302.390000,301.246667,0.000000000
5484,13.294990,302.160000,301.255417,0.000000000
5485,0.000000,301.820000,301.262083,0.005555556
5486,0.000000,301.520000,301.267917,0.005555556
5487,0.000000,301.230000,301.274167,0.000000000
5488,0.000000,301.030000,301.277917,0.000000000
5489,0.000000,300.760000,301.281667,0.000000000
5490,0.000000,300.510000,301.284167,0.000000000
5491,0.000000,300.510000,301.301667,0.000000000
5492,0.000000,300.410000,301.321250,0.000000000
5493,0.000000,300.210000,301.338333,0.000000000
5494,0.000000,300.160000,301.360833,0.000000000
5495,0.000000,300.050000,301.384583,0.000000000
5496,0.000000,300.030000,301.407917,0.000000000
5497,67.464435,300.100000,301.426667,0.005555556
5498,224.441998,300.370000,301.437917,0.005555556
5499,359.085163,301.210000,301.449167,0.000000000
5500,429.457084,302.070000,301.458333,0.000000000
5501,665.380588,302.670000,301.465000,0.000000000
5502,690.249950,303.470000,301.483750,0.000000000
5503,658.263171,303.930000,301.475417,0.005555556
5504,577.240770,304.020000,301.495000,0.000000000
5505,401.650925,303.700000,301.536667,0.000000000
5506,247.865295,303.130000,301.560833,0.000000000
5507,110.758624,302.480000,301.564583,0.000000000
5508,13.044065,301.800000,301.549583,0.000000000
5509,0.000000,301.540000,301.537917,0.005555556
5510,0.000000,301.230000,301.525833,0.005555556
5511,0.000000,300.970000,301.515000,0.000000000
5512,0.000000,300.850000,301.507500,0.000000000
5513,0.000000,300.720000,301.505833,0.000000000
5514,0.000000,300.580000,301.508750,0.000000000
5515,0.000000,300.630000,301.513750,0.000000000
5516,0.000000,300.500000,301.517500,0.000000000
5517,0.000000,300.400000,301.525417,0.000000000
5518,0.000000,300.240000,301.528750,0.000000000
5519,0.000000,300.100000,301.530833,0.000000000
5520,0.000000,300.030000,301.530833,0.000000000
5521,82.874142,300.070000,301.529583,0.005555556
5522,159.900806,300.460000,301.533333,0.005555556
5523,243.192687,301.000000,301.524583,0.000000000
5524,459.270766,301.500000,301.500833,0.000000000
5525,585.249198,302.370000,301.488333,0.000000000
5526,334.002516,303.000000,301.468750,0.000000000
5527,355.917683,302.430000,301.406250,0.005555556
5528,339.111183,302.360000,301.337083,0.000000000
5529,223.127878,301.710000,301.254167,0.000000000
5530,124.761200,301.640000,301.192083,0.000000000
5531,52.500823,301.450000,301.149167,0.000000000
5532,4.662772,301.320000,301.129167,0.000000000
5533,0.000000,301.100000,301.110833,0.005555556
5534,0.000000,300.820000,301.093750,0.005555556
5535,0.000000,300.600000,301.078333,0.000000000
5536,0.000000,300.490000,301.063333,0.000000000
5537,0.000000,300.420000,301.050833,0.000000000
5538,0.000000,300.300000,301.039167,0.000000000
5539,0.000000,299.990000,301.012500,0.000000000
5540,0.000000,299.930000,300.988750,0.000000000
5541,0.000000,299.810000,300.964167,0.000000000
5542,0.000000,299.760000,300.944167,0.000000000
5543,0.000000,299.750000,300.929583,0.000000000
5544,0.000000,299.870000,300.922917,0.000000000
5545,65.041254,299.760000,300.910000,0.005555556
5546,163.895623,300.150000,300.897083,0.005555556
5547,258.760452,300.910000,300.893333,0.000000000
5548,409.453447,301.520000,300.894167,0.000000000
5549,270.791431,302.210000,300.887500,0.000000000
5550,333.041487,302.050000,300.847917,0.000000000
5551,415.489313,302.270000,300.841250,0.005555556
5552,328.138712,302.040000,300.827917,0.000000000
5553,111.162650,301.350000,300.812917,0.000000000
5554,83.477359,300.920000,300.782917,0.000000000
5555,42.008938,300.680000,300.750833,0.000000000
5556,4.310865,300.390000,300.712083,0.000000000
5557,0.000000,300.120000,300.671250,0.005555556
5558,0.000000,299.690000,300.624167,0.005555556
5559,0.000000,300.030000,300.600417,0.000000000
5560,0.000000,299.520000,300.560000,0.000000000
5561,0.000000,299.630000,300.527083,0.000000000
5562,0.000000,299.660000,300.500417,0.000000000
5563,0.000000,299.680000,300.487500,0.000000000
5564,0.000000,299.580000,300.472917,0.000000000
5565,0.000000,299.450000,300.457917,0.000000000
5566,0.000000,299.590000,300.450833,0.000000000
5567,0.000000,299.410000,300.436667,0.000000000
5568,0.000000,299.290000,300.412500,0.000000000
5569,82.688812,299.320000,300.394167,0.005555556
5570,336.014001,299.980000,300.387083,0.005555556
5571,550.030523,301.170000,300.397917,0.000000000
5572,630.105286,302.410000,300.435000,0.000000000
5573,837.045210,303.290000,300.480000,0.000000000
5574,389.716213,304.090000,300.565000,0.000000000
5575,243.646322,302.370000,300.569167,0.005555556
5576,462.526111,302.260000,300.578333,0.000000000
5577,323.118173,302.680000,300.633750,0.000000000
5578,204.863507,302.640000,300.705417,0.000000000
5579,89.088646,302.480000,300.780417,0.000000000
5580,8.126873,302.020000,300.848333,0.000000000
5581,0.000000,301.600000,300.910000,0.005555556
5582,0.000000,301.410000,300.981667,0.005555556
5583,0.000000,301.290000,301.034167,0.000000000
5584,0.000000,301.220000,301.105000,0.000000000
5585,0.000000,300.980000,301.161250,0.000000000
5586,0.000000,300.810000,301.209167,0.000000000
5587,0.000000,300.320000,301.235833,0.000000000
5588,0.000000,299.770000,301.243750,0.000000000
5589,0.000000,299.500000,301.245833,0.000000000
5590,0.000000,299.500000,301.242083,0.000000000
5591,0.000000,299.490000,301.245417,0.000000000
5592,0.000000,299.660000,301.260833,0.000000000
5593,55.807802,299.370000,301.262917,0.005555556
5594,132.600888,299.890000,301.259167,0.005555556
5595,259.535737,300.430000,301.228333,0.000000000
5596,387.933219,301.260000,301.180417,0.000000000
5597,398.066369,302.180000,301.134167,0.000000000
5598,260.087150,302.480000,301.067083,0.000000000
5599,222.499939,302.400000,301.068333,0.005555556
5600,263.034814,302.340000,301.071667,0.000000000
5601,250.816787,302.520000,301.065000,0.000000000
5602,155.301680,302.440000,301.056667,0.000000000
5603,90.790494,302.460000,301.055833,0.000000000
5604,13.753170,302.030000,301.056250,0.000000000
5605,0.000000,301.360000,301.046250,0.005555556
5606,0.000000,300.960000,301.027500,0.005555556
5607,0.000000,300.770000,301.005833,0.000000000
5608,0.000000,300.690000,300.983750,0.000000000
5609,0.000000,300.540000,300.965417,0.000000000
5610,0.000000,300.400000,300.948333,0.000000000
5611,0.000000,300.370000,300.950417,0.000000000
5612,0.000000,300.270000,300.971250,0.000000000
5613,0.000000,300.060000,300.994583,0.000000000
5614,0.000000,299.860000,301.009583,0.000000000
5615,0.000000,299.590000,301.013750,0.000000000
5616,0.000000,299.650000,301.013333,0.000000000
5617,66.358837,299.690000,301.026667,0.005555556
5618,176.290238,300.290000,301.043333,0.005555556
5619,275.599010,300.680000,301.053750,0.000000000
5620,214.068952,300.950000,301.040833,0.000000000
5621,315.600748,300.950000,300.989583,0.000000000
5622,434.434013,300.840000,300.921250,0.000000000
5623,544.015632,301.630000,300.889167,0.005555556
5624,497.800041,301.800000,300.866667,0.000000000
5625,447.495566,301.970000,300.843750,0.000000000
5626,249.344532,302.080000,300.828750,0.000000000
5627,94.738896,301.950000,300.807500,0.000000000
5628,9.177587,301.540000,300.787083,0.000000000
5629,0.000000,301.070000,300.775000,0.005555556
5630,0.000000,300.760000,300.766667,0.005555556
5631,0.000000,300.640000,300.761250,0.000000000
5632,0.000000,300.630000,300.758750,0.000000000
5633,0.000000,300.400000,300.752917,0.000000000
5634,0.000000,300.200000,300.744583,0.000000000
5635,0.000000,299.620000,300.713333,0.000000000
5636,0.000000,299.330000,300.674167,0.000000000
5637,0.000000,299.100000,300.634167,0.000000000
5638,0.000000,298.800000,300.590000,0.000000000
5639,0.000000,299.010000,300.565833,0.000000000
5640,0.000000,298.870000,300.533333,0.000000000
5641,53.799539,299.010000,300.505000,0.005555556
5642,180.913903,299.230000,300.460833,0.005555556
5643,382.033015,299.810000,300.424583,0.000000000
5644,534.371812,300.560000,300.408333,0.000000000
5645,748.753178,301.230000,300.420000,0.000000000
5646,788.423108,301.910000,300.464583,0.000000000
5647,723.771448,302.300000,300.492500,0.005555556
5648,522.634108,301.620000,300.485000,0.000000000
5649,404.648743,301.580000,300.468750,0.000000000
5650,263.233950,301.330000,300.437500,0.000000000
5651,119.784578,301.220000,300.407083,0.000000000
5652,11.206360,301.070000,300.387500,0.000000000
5653,0.000000,300.800000,300.376250,0.005555556
5654,0.000000,300.560000,300.367917,0.005555556
5655,0.000000,300.410000,300.358333,0.000000000
5656,0.000000,300.340000,300.346250,0.000000000
5657,0.000000,300.140000,300.335417,0.000000000
5658,0.000000,300.020000,300.327917,0.000000000
5659,0.000000,299.430000,300.320000,0.000000000
5660,0.000000,299.290000,300.318333,0.000000000
5661,0.000000,299.110000,300.318750,0.000000000
5662,0.000000,298.950000,300.325000,0.000000000
5663,0.000000,299.050000,300.326667,0.000000000
5664,0.000000,299.180000,300.339583,0.000000000
5665,89.631222,299.060000,300.341667,0.005555556
5666,254.467741,299.710000,300.361667,0.005555556
5667,373.236129,300.340000,300.383750,0.000000000
5668,484.753221,300.630000,300.386667,0.000000000
5669,583.221783,300.870000,300.371667,0.000000000
5670,631.750674,301.370000,300.349167,0.000000000
5671,723.006141,301.650000,300.322083,0.005555556
5672,568.968741,301.970000,300.336667,0.000000000
5673,512.310382,301.620000,300.338333,0.000000000
5674,309.190452,301.730000,300.355000,0.000000000
5675,110.159431,301.070000,300.348750,0.000000000
5676,11.506888,300.560000,300.327500,0.000000000
5677,0.000000,300.340000,300.308333,0.005555556
5678,0.000000,300.260000,300.295833,0.005555556
5679,0.000000,300.040000,300.280417,0.000000000
5680,0.000000,299.840000,300.259583,0.000000000
5681,0.000000,299.670000,300.240000,0.000000000
5682,0.000000,299.600000,300.222500,0.000000000
5683,0.000000,299.570000,300.228333,0.000000000
5684,0.000000,299.480000,300.236250,0.000000000
5685,0.000000,299.380000,300.247500,0.000000000
5686,0.000000,299.310000,300.262500,0.000000000
5687,0.000000,299.250000,300.270833,0.000000000
5688,0.000000,299.230000,300.272917,0.000000000
5689,67.910669,299.340000,300.284583,0.005555556
5690,304.673955,299.850000,300.290417,0.005555556
5691,511.148938,300.570000,300.300000,0.000000000
5692,667.308779,301.470000,300.335000,0.000000000
5693,689.944983,302.250000,300.392500,0.000000000
5694,730.210058,302.620000,300.444583,0.000000000
5695,693.608133,302.580000,300.483333,0.005555556
5696,585.618249,302.950000,300.524167,0.000000000
5697,498.149422,302.920000,300.578333,0.000000000
5698,277.111200,302.680000,300.617917,0.000000000
5699,124.374030,302.340000,300.670833,0.000000000
5700,12.079712,301.890000,300.726250,0.000000000
5701,0.000000,301.500000,300.774583,0.005555556
5702,0.000000,301.210000,300.814167,0.005555556
5703,0.000000,301.000000,300.854167,0.000000000
5704,0.000000,300.820000,300.895000,0.000000000
5705,0.000000,300.690000,300.937500,0.000000000
5706,0.000000,300.500000,300.975000,0.000000000
5707,0.000000,300.480000,301.012917,0.000000000
5708,0.000000,300.360000,301.049583,0.000000000
5709,0.000000,300.200000,301.083750,0.000000000
5710,0.000000,300.070000,301.115417,0.000000000
5711,0.000000,299.970000,301.145417,0.000000000
5712,0.000000,299.900000,301.173333,0.000000000
5713,77.703029,300.030000,301.202083,0.005555556
5714,334.129173,300.520000,301.230000,0.005555556
5715,490.448277,301.360000,301.262917,0.000000000
5716,702.370698,302.250000,301.295417,0.000000000
5717,825.816621,303.100000,301.330833,0.000000000
5718,757.378902,303.690000,301.375417,0.000000000
5719,769.304668,303.540000,301.415417,0.005555556
5720,627.989937,303.640000,301.444167,0.000000000
5721,492.416649,302.570000,301.429583,0.000000000
5722,318.726170,302.790000,301.434167,0.000000000
5723,127.831525,302.810000,301.453750,0.000000000
5724,11.068255,302.400000,301.475000,0.000000000
5725,0.000000,301.810000,301.487917,0.005555556
5726,0.000000,301.480000,301.499167,0.005555556
5727,0.000000,301.210000,301.507917,0.000000000
5728,0.000000,301.010000,301.515833,0.000000000
5729,0.000000,300.820000,301.521250,0.000000000
5730,0.000000,300.610000,301.525833,0.000000000
5731,0.000000,300.590000,301.530417,0.000000000
5732,0.000000,300.470000,301.535000,0.000000000
5733,0.000000,300.320000,301.540000,0.000000000
5734,0.000000,300.180000,301.544583,0.000000000
5735,0.000000,300.120000,301.550833,0.000000000
5736,0.000000,300.060000,301.557500,0.000000000
5737,76.865303,300.140000,301.562083,0.005555556
5738,347.171132,300.730000,301.570833,0.005555556
5739,568.973704,301.660000,301.583333,0.000000000
5740,753.414502,302.750000,301.604167,0.000000000
5741,864.282202,303.750000,301.631250,0.000000000
5742,759.392272,304.360000,301.659167,0.000000000
5743,762.470638,304.420000,301.695833,0.005555556
5744,711.269258,304.210000,301.719583,0.000000000
5745,409.124941,303.390000,301.753750,0.000000000
5746,245.769580,303.230000,301.772083,0.000000000
5747,108.726596,302.760000,301.770000,0.000000000
5748,8.898732,302.430000,301.771250,0.000000000
5749,0.000000,302.180000,301.786667,0.005555556
5750,0.000000,301.890000,301.803750,0.005555556
5751,0.000000,301.580000,301.819167,0.000000000
5752,0.000000,301.330000,301.832500,0.000000000
5753,0.000000,301.130000,301.845417,0.000000000
5754,0.000000,300.950000,301.859583,0.000000000
5755,0.000000,301.090000,301.880417,0.000000000
5756,0.000000,300.990000,301.902083,0.000000000
5757,0.000000,300.820000,301.922917,0.000000000
5758,0.000000,300.710000,301.945000,0.000000000
5759,0.000000,300.610000,301.965417,0.000000000
5760,0.000000,300.500000,301.983750,0.000000000
5761,94.581487,300.550000,302.000833,0.005555556
5762,289.602060,301.040000,302.013750,0.005555556
5763,454.003199,301.860000,302.022083,0.000000000
5764,572.713771,302.750000,302.022083,0.000000000
5765,693.003819,303.470000,302.010417,0.000000000
5766,741.429118,304.050000,301.997500,0.000000000
5767,688.424901,304.100000,301.984167,0.005555556
5768,648.760178,303.900000,301.971250,0.000000000
5769,360.108039,303.050000,301.957083,0.000000000
5770,190.401738,302.400000,301.922500,0.000000000
5771,74.650404,302.340000,301.905000,0.000000000
5772,8.794695,302.160000,301.893750,0.000000000
5773,0.000000,301.800000,301.877917,0.005555556
5774,0.000000,301.700000,301.870000,0.005555556
5775,0.000000,301.430000,301.863750,0.000000000
5776,0.000000,301.100000,301.854167,0.000000000
5777,0.000000,300.790000,301.840000,0.000000000
5778,0.000000,300.540000,301.822917,0.000000000
5779,0.000000,300.540000,301.800000,0.000000000
5780,0.000000,300.440000,301.777083,0.000000000
5781,0.000000,300.330000,301.756667,0.000000000
5782,0.000000,300.210000,301.735833,0.000000000
5783,0.000000,300.090000,301.714167,0.000000000
5784,0.000000,299.950000,301.691250,0.000000000
5785,95.771319,299.970000,301.667083,0.005555556
5786,210.346591,300.650000,301.650833,0.005555556
5787,370.762220,301.360000,301.630000,0.000000000
5788,471.455431,302.230000,301.608333,0.000000000
5789,539.671053,302.940000,301.586250,0.000000000
5790,407.986112,303.400000,301.559167,0.000000000
5791,490.700350,303.010000,301.513750,0.005555556
5792,400.862966,303.160000,301.482917,0.000000000
5793,265.191605,303.000000,301.480833,0.000000000
5794,234.748298,302.540000,301.486667,0.000000000
5795,99.119868,302.210000,301.481250,0.000000000
5796,9.836883,302.040000,301.476250,0.000000000
5797,0.000000,301.680000,301.471250,0.005555556
5798,0.000000,301.380000,301.457917,0.005555556
5799,0.000000,301.100000,301.444167,0.000000000
5800,0.000000,300.920000,301.436667,0.000000000
5801,0.000000,300.700000,301.432917,0.000000000
5802,0.000000,300.570000,301.434167,0.000000000
5803,0.000000,300.530000,301.433750,0.000000000
5804,0.000000,300.370000,301.430833,0.000000000
5805,0.000000,300.250000,301.427500,0.000000000
5806,0.000000,300.110000,301.423333,0.000000000
5807,0.000000,299.990000,301.419167,0.000000000
5808,0.000000,299.880000,301.416250,0.000000000
5809,91.977009,299.890000,301.412917,0.005555556
5810,239.525611,300.440000,301.404167,0.005555556
5811,408.903334,301.190000,301.397083,0.000000000
5812,614.593371,302.040000,301.389167,0.000000000
5813,781.022045,302.840000,301.385000,0.000000000
5814,703.332931,303.610000,301.393750,0.000000000
5815,822.500098,303.280000,301.405000,0.005555556
5816,660.558002,302.980000,301.397500,0.000000000
5817,513.151062,303.050000,301.399583,0.000000000
5818,221.057752,302.470000,301.396667,0.000000000
5819,90.544775,301.960000,301.386250,0.000000000
5820,8.295417,301.790000,301.375833,0.000000000
5821,0.000000,301.510000,301.368750,0.005555556
5822,0.000000,301.320000,301.366250,0.005555556
5823,0.000000,301.160000,301.368750,0.000000000
5824,0.000000,299.860000,301.324583,0.000000000
5825,0.000000,300.000000,301.295417,0.000000000
5826,0.000000,300.140000,301.277500,0.000000000
5827,0.000000,300.290000,301.267500,0.000000000
5828,0.000000,300.430000,301.270000,0.000000000
5829,0.000000,300.570000,301.283333,0.000000000
5830,0.000000,300.720000,301.308750,0.000000000
5831,0.000000,300.860000,301.345000,0.000000000
5832,0.000000,301.000000,301.391667,0.000000000
5833,95.215359,301.150000,301.444167,0.005555556
5834,294.099652,301.290000,301.479583,0.005555556
5835,458.743862,301.430000,301.489583,0.000000000
5836,601.868254,301.570000,301.470000,0.000000000
5837,672.569384,301.720000,301.423333,0.000000000
5838,358.964700,301.860000,301.350417,0.000000000
5839,354.257907,302.000000,301.297083,0.005555556
5840,345.540639,302.190000,301.264167,0.000000000
5841,346.908157,302.360000,301.235417,0.000000000
5842,247.220903,302.150000,301.222083,0.000000000
5843,114.410687,302.070000,301.226667,0.000000000
5844,8.422634,301.900000,301.231250,0.000000000
5845,0.000000,301.610000,301.235417,0.005555556
5846,0.000000,301.370000,301.237500,0.005555556
5847,0.000000,301.200000,301.239167,0.000000000
5848,0.000000,301.020000,301.287500,0.000000000
5849,0.000000,300.790000,301.320417,0.000000000
5850,0.000000,300.540000,301.337083,0.000000000
5851,0.000000,300.780000,301.357500,0.000000000
5852,0.000000,300.630000,301.365833,0.000000000
5853,0.000000,300.450000,301.360833,0.000000000
5854,0.000000,300.300000,301.343333,0.000000000
5855,0.000000,300.140000,301.313333,0.000000000
5856,0.000000,299.910000,301.267917,0.000000000
5857,84.120778,299.950000,301.217917,0.005555556
5858,193.284841,300.730000,301.194583,0.005555556
5859,301.426670,301.220000,301.185833,0.000000000
5860,380.741366,301.780000,301.194583,0.000000000
5861,434.386507,302.140000,301.212083,0.000000000
5862,637.108064,302.250000,301.228333,0.000000000
5863,578.538806,302.720000,301.258333,0.005555556
5864,420.304068,303.090000,301.295833,0.000000000
5865,334.184683,302.990000,301.322083,0.000000000
5866,138.897645,301.990000,301.315417,0.000000000
5867,54.069475,301.410000,301.287917,0.000000000
5868,4.354853,300.850000,301.244167,0.000000000
5869,0.000000,300.400000,301.193750,0.005555556
5870,0.000000,299.750000,301.126250,0.005555556
5871,0.000000,299.170000,301.041667,0.000000000
5872,0.000000,299.190000,300.965417,0.000000000
5873,0.000000,299.180000,300.898333,0.000000000
5874,0.000000,299.170000,300.841250,0.000000000
5875,0.000000,298.630000,300.751667,0.000000000
5876,0.000000,298.660000,300.669583,0.000000000
5877,0.000000,298.760000,300.599167,0.000000000
5878,0.000000,298.960000,300.543333,0.000000000
5879,0.000000,298.920000,300.492500,0.000000000
5880,0.000000,299.290000,300.466667,0.000000000
5881,57.303295,299.110000,300.431667,0.005555556
5882,124.667634,299.380000,300.375417,0.005555556
5883,164.610434,299.980000,300.323750,0.000000000
5884,171.369645,300.450000,300.268333,0.000000000
5885,313.081146,300.570000,300.202917,0.000000000
5886,173.767304,301.140000,300.156667,0.000000000
5887,213.956140,300.530000,300.065417,0.005555556
5888,240.972605,300.600000,299.961667,0.000000000
5889,196.399578,300.420000,299.854583,0.000000000
5890,92.244852,300.640000,299.798333,0.000000000
5891,41.128408,300.580000,299.763750,0.000000000
5892,2.551328,300.300000,299.740833,0.000000000
5893,0.000000,299.690000,299.711250,0.005555556
5894,0.000000,299.480000,299.700000,0.005555556
5895,0.000000,299.490000,299.713333,0.000000000
5896,0.000000,299.540000,299.727917,0.000000000
5897,0.000000,299.640000,299.747083,0.000000000
5898,0.000000,299.600000,299.765000,0.000000000
5899,0.000000,299.570000,299.804167,0.000000000
5900,0.000000,299.850000,299.853750,0.000000000
5901,0.000000,299.930000,299.902500,0.000000000
5902,0.000000,299.870000,299.940417,0.000000000
5903,0.000000,299.770000,299.975833,0.000000000
5904,0.000000,299.800000,299.997083,0.000000000
5905,80.537987,299.740000,300.023333,0.005555556
5906,212.224879,300.050000,300.051250,0.005555556
5907,362.224152,300.700000,300.081250,0.000000000
5908,580.979959,301.480000,300.124167,0.000000000
5909,457.277587,302.320000,300.197083,0.000000000
5910,679.995675,302.600000,300.257917,0.000000000
5911,720.977961,302.830000,300.353750,0.005555556
5912,563.154995,302.700000,300.441250,0.000000000
5913,367.588373,302.370000,300.522500,0.000000000
5914,218.959036,302.000000,300.579167,0.000000000
5915,93.545898,301.770000,300.628750,0.000000000
5916,7.254775,301.430000,300.675833,0.000000000
5917,0.000000,301.170000,300.737500,0.005555556
5918,0.000000,301.030000,300.802083,0.005555556
5919,0.000000,300.870000,300.859583,0.000000000
5920,0.000000,300.730000,300.909167,0.000000000
5921,0.000000,300.590000,300.948750,0.000000000
5922,0.000000,300.490000,300.985833,0.000000000
5923,0.000000,300.430000,301.021667,0.000000000
5924,0.000000,300.290000,301.040000,0.000000000
5925,0.000000,300.210000,301.051667,0.000000000
5926,0.000000,300.110000,301.061667,0.000000000
5927,0.000000,300.110000,301.075833,0.000000000
5928,0.000000,300.060000,301.086667,0.000000000
5929,122.342880,300.210000,301.106250,0.005555556
5930,312.909216,300.640000,301.130833,0.005555556
5931,514.529673,301.260000,301.154167,0.000000000
5932,657.977449,302.000000,301.175833,0.000000000
5933,562.644154,302.700000,301.191667,0.000000000
5934,820.083310,303.070000,301.211250,0.000000000
5935,775.608798,303.660000,301.245833,0.005555556
5936,625.880387,303.940000,301.297500,0.000000000
5937,457.054529,303.840000,301.358750,0.000000000
5938,197.801424,302.600000,301.383750,0.000000000
5939,74.817339,302.330000,301.407083,0.000000000
5940,4.882714,302.070000,301.433750,0.000000000
5941,0.000000,301.860000,301.462500,0.005555556
5942,0.000000,301.660000,301.488750,0.005555556
5943,0.000000,301.560000,301.517500,0.000000000
5944,0.000000,301.430000,301.546667,0.000000000
5945,0.000000,301.350000,301.578333,0.000000000
5946,0.000000,301.150000,301.605833,0.000000000
5947,0.000000,301.010000,301.630000,0.000000000
5948,0.000000,300.830000,301.652500,0.000000000
5949,0.000000,300.710000,301.673333,0.000000000
5950,0.000000,300.610000,301.694167,0.000000000
5951,0.000000,300.550000,301.712500,0.000000000
5952,0.000000,300.520000,301.731667,0.000000000
5953,75.375968,300.530000,301.745000,0.005555556
5954,141.404822,300.860000,301.754167,0.005555556
5955,307.068052,301.360000,301.758333,0.000000000
5956,424.100079,302.080000,301.761667,0.000000000
5957,480.551253,302.600000,301.757500,0.000000000
5958,490.934621,303.000000,301.754583,0.000000000
5959,465.903608,302.790000,301.718333,0.005555556
5960,367.273179,302.000000,301.637500,0.000000000
5961,288.620003,302.120000,301.565833,0.000000000
5962,168.945288,302.360000,301.555833,0.000000000
5963,73.409592,302.360000,301.557083,0.000000000
5964,6.070140,302.070000,301.557083,0.000000000
5965,0.000000,301.700000,301.550417,0.005555556
5966,0.000000,301.430000,301.540833,0.005555556
5967,0.000000,301.220000,301.526667,0.000000000
5968,0.000000,301.030000,301.510000,0.000000000
5969,0.000000,300.800000,301.487083,0.000000000
5970,0.000000,300.590000,301.463750,0.000000000
5971,0.000000,300.360000,301.436667,0.000000000
5972,0.000000,300.150000,301.408333,0.000000000
5973,0.000000,299.990000,301.378333,0.000000000
5974,0.000000,299.880000,301.347917,0.000000000
5975,0.000000,299.770000,301.315417,0.000000000
5976,0.000000,299.550000,301.275000,0.000000000
5977,107.176552,299.680000,301.239583,0.005555556
5978,281.150625,300.280000,301.215417,0.005555556
5979,437.888344,301.270000,301.211667,0.000000000
5980,637.149168,302.340000,301.222500,0.000000000
5981,685.815512,303.280000,301.250833,0.000000000
5982,720.497669,303.860000,301.286667,0.000000000
5983,568.907300,303.750000,301.326667,0.005555556
5984,455.659165,301.900000,301.322500,0.000000000
5985,204.605267,301.760000,301.307500,0.000000000
5986,193.671947,301.430000,301.268750,0.000000000
5987,49.963590,301.340000,301.226250,0.000000000
5988,3.607050,300.810000,301.173750,0.000000000
5989,0.000000,300.070000,301.105833,0.005555556
5990,0.000000,299.750000,301.035833,0.005555556
5991,0.000000,299.570000,300.967083,0.000000000
5992,0.000000,299.470000,300.902083,0.000000000
5993,0.000000,299.300000,300.839583,0.000000000
5994,0.000000,299.090000,300.777083,0.000000000
5995,0.000000,300.130000,300.767500,0.000000000
5996,0.000000,299.920000,300.757917,0.000000000
5997,0.000000,299.640000,300.743333,0.000000000
5998,0.000000,299.470000,300.726250,0.000000000
5999,0.000000,299.290000,300.706250,0.000000000
6000,0.000000,299.150000,300.689583,0.000000000
6001,112.508153,299.620000,300.687083,0.005555556
6002,275.141690,300.640000,300.702083,0.005555556
6003,450.350321,301.450000,300.709583,0.000000000
6004,498.129251,302.120000,300.700417,0.000000000
6005,727.984816,302.630000,300.673333,0.000000000
6006,628.914705,303.420000,300.655000,0.000000000
6007,797.065877,303.450000,300.642500,0.005555556
6008,631.754306,303.480000,300.708333,0.000000000
6009,376.234701,302.130000,300.723750,0.000000000
6010,204.774882,301.740000,300.736667,0.000000000
6011,77.163301,301.090000,300.726250,0.000000000
6012,4.881641,300.660000,300.720000,0.000000000
6013,0.000000,300.290000,300.729167,0.005555556
6014,0.000000,300.050000,300.741667,0.005555556
6015,0.000000,299.310000,300.730833,0.000000000
6016,0.000000,299.210000,300.720000,0.000000000
6017,0.000000,299.130000,300.712917,0.000000000
6018,0.000000,299.030000,300.710417,0.000000000
6019,0.000000,298.900000,300.659167,0.000000000
6020,0.000000,299.140000,300.626667,0.000000000
6021,0.000000,299.010000,300.600417,0.000000000
6022,0.000000,299.040000,300.582500,0.000000000
6023,0.000000,299.120000,300.575417,0.000000000
6024,0.000000,299.210000,300.577917,0.000000000
6025,126.249814,299.350000,300.566667,0.005555556
6026,324.831869,300.030000,300.541250,0.005555556
6027,507.930142,300.850000,300.516250,0.000000000
6028,505.462249,301.350000,300.484167,0.000000000
6029,539.322245,301.380000,300.432083,0.000000000
6030,342.337074,301.730000,300.361667,0.000000000
6031,189.191217,300.830000,300.252500,0.005555556
6032,197.826141,300.310000,300.120417,0.000000000
6033,178.037179,300.240000,300.041667,0.000000000
6034,120.360343,299.760000,299.959167,0.000000000
6035,43.740860,300.030000,299.915000,0.000000000
6036,3.035215,299.760000,299.877500,0.000000000
6037,0.000000,299.540000,299.846250,0.005555556
6038,0.000000,299.440000,299.820833,0.005555556
6039,0.000000,299.770000,299.840000,0.000000000
6040,0.000000,299.560000,299.854583,0.000000000
6041,0.000000,299.210000,299.857917,0.000000000
6042,0.000000,299.330000,299.870417,0.000000000
6043,0.000000,299.440000,299.892917,0.000000000
6044,0.000000,299.300000,299.899583,0.000000000
6045,0.000000,299.140000,299.905000,0.000000000
6046,0.000000,299.120000,299.908333,0.000000000
6047,0.000000,299.100000,299.907500,0.000000000
6048,0.000000,299.360000,299.913750,0.000000000
6049,68.319890,299.180000,299.906667,0.005555556
6050,190.228336,299.520000,299.885417,0.005555556
6051,189.777411,300.030000,299.851250,0.000000000
6052,282.384722,300.400000,299.811667,0.000000000
6053,238.921939,300.620000,299.780000,0.000000000
6054,605.034441,300.650000,299.735000,0.000000000
6055,562.914146,301.910000,299.780000,0.005555556
6056,619.276036,302.320000,299.863750,0.000000000
6057,363.604611,302.510000,299.958333,0.000000000
6058,216.817807,302.120000,300.056667,0.000000000
6059,79.285033,301.410000,300.114167,0.000000000
6060,3.343086,301.240000,300.175833,0.000000000
6061,0.000000,301.020000,300.237500,0.005555556
6062,0.000000,300.900000,300.298333,0.005555556
6063,0.000000,300.820000,300.342083,0.000000000
6064,0.000000,300.660000,300.387917,0.000000000
6065,0.000000,300.580000,300.445000,0.000000000
6066,0.000000,300.380000,300.488750,0.000000000
6067,0.000000,300.400000,300.528750,0.000000000
6068,0.000000,300.220000,300.567083,0.000000000
6069,0.000000,300.150000,300.609167,0.000000000
6070,0.000000,299.980000,300.645000,0.000000000
6071,0.000000,299.910000,300.678750,0.000000000
6072,0.000000,299.810000,300.697500,0.000000000
6073,106.231438,299.870000,300.726250,0.005555556
6074,232.460437,300.490000,300.766667,0.005555556
6075,307.764555,301.120000,300.812083,0.000000000
6076,411.778411,301.600000,300.862083,0.000000000
6077,498.791977,302.000000,300.919583,0.000000000
6078,575.423077,302.400000,300.992500,0.000000000
6079,513.515008,302.440000,301.014583,0.005555556
6080,330.860578,301.250000,300.970000,0.000000000
6081,342.159515,301.550000,300.930000,0.000000000
6082,232.835663,301.930000,300.922083,0.000000000
6083,91.369312,302.100000,300.950833,0.000000000
6084,4.046550,301.900000,300.978333,0.000000000
6085,0.000000,301.670000,301.005417,0.005555556
6086,0.000000,301.390000,301.025833,0.005555556
6087,0.000000,301.110000,301.037917,0.000000000
6088,0.000000,300.870000,301.046667,0.000000000
6089,0.000000,300.600000,301.047500,0.000000000
6090,0.000000,300.320000,301.045000,0.000000000
6091,0.000000,300.220000,301.037500,0.000000000
6092,0.000000,300.140000,301.034167,0.000000000
6093,0.000000,299.990000,301.027500,0.000000000
6094,0.000000,299.920000,301.025000,0.000000000
6095,0.000000,299.860000,301.022917,0.000000000
6096,0.000000,299.840000,301.024167,0.000000000
6097,98.732174,299.930000,301.026667,0.005555556
6098,185.406320,300.440000,301.024583,0.005555556
6099,395.576094,300.990000,301.019167,0.000000000
6100,476.935758,301.820000,301.028333,0.000000000
6101,589.910178,302.420000,301.045833,0.000000000
6102,594.550816,302.920000,301.067500,0.000000000
6103,610.338919,303.300000,301.103333,0.005555556
6104,564.580670,303.170000,301.183333,0.000000000
6105,365.857721,302.710000,301.231667,0.000000000
6106,111.452363,302.240000,301.244583,0.000000000
6107,77.105855,301.890000,301.235833,0.000000000
6108,4.222755,301.750000,301.229583,0.000000000
6109,0.000000,301.480000,301.221667,0.005555556
6110,0.000000,301.190000,301.213333,0.005555556
6111,0.000000,301.000000,301.208750,0.000000000
6112,0.000000,300.890000,301.209583,0.000000000
6113,0.000000,300.680000,301.212917,0.000000000
6114,0.000000,300.500000,301.220417,0.000000000
6115,0.000000,300.490000,301.231667,0.000000000
6116,0.000000,300.250000,301.236250,0.000000000
6117,0.000000,299.900000,301.232500,0.000000000
6118,0.000000,299.750000,301.225417,0.000000000
6119,0.000000,299.490000,301.210000,0.000000000
6120,0.000000,299.500000,301.195833,0.000000000
6121,58.777577,299.680000,301.185417,0.005555556
6122,105.970408,300.050000,301.169167,0.005555556
6123,168.152153,300.200000,301.136250,0.000000000
6124,166.207944,300.390000,301.076667,0.000000000
6125,219.507733,300.410000,300.992917,0.000000000
6126,583.653361,300.570000,300.895000,0.000000000
6127,575.550237,301.650000,300.826250,0.005555556
6128,319.331401,301.990000,300.777083,0.000000000
6129,308.810215,302.030000,300.748750,0.000000000
6130,161.360672,302.170000,300.745833,0.000000000
6131,38.612228,301.950000,300.748333,0.000000000
6132,2.067456,301.580000,300.741250,0.000000000
6133,0.000000,300.840000,300.714583,0.005555556
6134,0.000000,300.750000,300.696250,0.005555556
6135,0.000000,300.710000,300.684167,0.000000000
6136,0.000000,300.580000,300.671250,0.000000000
6137,0.000000,300.450000,300.661667,0.000000000
6138,0.000000,300.230000,300.650417,0.000000000
6139,0.000000,300.390000,300.646250,0.000000000
6140,0.000000,300.230000,300.645417,0.000000000
6141,0.000000,300.130000,300.655000,0.000000000
6142,0.000000,300.040000,300.667083,0.000000000
6143,0.000000,299.860000,300.682500,0.000000000
6144,0.000000,299.680000,300.690000,0.000000000
6145,127.574368,299.640000,300.688333,0.005555556
6146,285.360046,300.440000,300.704583,0.005555556
6147,470.933060,301.490000,300.758333,0.000000000
6148,631.391966,302.600000,300.850417,0.000000000
6149,614.487476,303.430000,300.976250,0.000000000
6150,740.795079,303.950000,301.117083,0.000000000
6151,684.492924,304.280000,301.226667,0.005555556
6152,498.541584,304.380000,301.326250,0.000000000
6153,336.594463,304.280000,301.420000,0.000000000
6154,243.228739,303.890000,301.491667,0.000000000
6155,75.273566,303.290000,301.547500,0.000000000
6156,2.771270,302.920000,301.603333,0.000000000
6157,0.000000,302.490000,301.672083,0.005555556
6158,0.000000,302.180000,301.731667,0.005555556
6159,0.000000,301.910000,301.781667,0.000000000
6160,0.000000,301.730000,301.829583,0.000000000
6161,0.000000,301.450000,301.871250,0.000000000
6162,0.000000,301.220000,301.912500,0.000000000
6163,0.000000,301.070000,301.940833,0.000000000
6164,0.000000,300.890000,301.968333,0.000000000
6165,0.000000,300.470000,301.982500,0.000000000
6166,0.000000,300.170000,301.987917,0.000000000
6167,0.000000,299.880000,301.988750,0.000000000
6168,0.000000,299.820000,301.994583,0.000000000
6169,62.008415,299.780000,302.000417,0.005555556
6170,110.953252,300.070000,301.985000,0.005555556
6171,228.729233,300.540000,301.945417,0.000000000
6172,305.549866,301.240000,301.888750,0.000000000
6173,492.322696,301.970000,301.827917,0.000000000
6174,592.450278,302.840000,301.781667,0.000000000
6175,568.203763,303.620000,301.754167,0.005555556
6176,507.513868,303.860000,301.732500,0.000000000
6177,339.621725,304.240000,301.730833,0.000000000
6178,154.986007,303.260000,301.704583,0.000000000
6179,53.143455,302.490000,301.671250,0.000000000
6180,2.023467,302.100000,301.637083,0.000000000
6181,0.000000,301.770000,301.607083,0.005555556
6182,0.000000,301.550000,301.580833,0.005555556
6183,0.000000,301.350000,301.557500,0.000000000
6184,0.000000,301.200000,301.535417,0.000000000
6185,0.000000,300.980000,301.515833,0.000000000
6186,0.000000,300.830000,301.499583,0.000000000
6187,0.000000,300.620000,301.480833,0.000000000
6188,0.000000,300.600000,301.468750,0.000000000
6189,0.000000,300.520000,301.470833,0.000000000
6190,0.000000,300.400000,301.480417,0.000000000
6191,0.000000,300.260000,301.496250,0.000000000
6192,0.000000,300.250000,301.514167,0.000000000
6193,88.365861,300.260000,301.534167,0.005555556
6194,182.203388,300.700000,301.560417,0.005555556
6195,197.129140,301.200000,301.587917,0.000000000
6196,225.725533,301.560000,301.601250,0.000000000
6197,354.924881,301.770000,301.592917,0.000000000
6198,376.550075,302.110000,301.562500,0.000000000
6199,290.923809,302.080000,301.498333,0.005555556
6200,330.401406,302.120000,301.425833,0.000000000
6201,313.108282,302.070000,301.335417,0.000000000
6202,195.599910,302.120000,301.287917,0.000000000
6203,68.620593,301.980000,301.266667,0.000000000
6204,1.231676,301.700000,301.250000,0.000000000
6205,0.000000,300.950000,301.215833,0.005555556
6206,0.000000,300.760000,301.182917,0.005555556
6207,0.000000,300.200000,301.135000,0.000000000
6208,0.000000,300.000000,301.085000,0.000000000
6209,0.000000,299.880000,301.039167,0.000000000
6210,0.000000,299.710000,300.992500,0.000000000
6211,0.000000,299.300000,300.937500,0.000000000
6212,0.000000,299.120000,300.875833,0.000000000
6213,0.000000,299.000000,300.812500,0.000000000
6214,0.000000,298.920000,300.750833,0.000000000
6215,0.000000,298.960000,300.696667,0.000000000
6216,0.000000,299.200000,300.652917,0.000000000
6217,95.956414,299.180000,300.607917,0.005555556
6218,171.447990,299.860000,300.572917,0.005555556
6219,290.035643,300.400000,300.539583,0.000000000
6220,669.114465,300.930000,300.513333,0.000000000
6221,640.029114,301.910000,300.519167,0.000000000
6222,531.503815,302.390000,300.530833,0.000000000
6223,511.197886,301.280000,300.497500,0.005555556
6224,424.475187,301.140000,300.456667,0.000000000
6225,291.110945,301.140000,300.417917,0.000000000
6226,171.978096,300.950000,300.369167,0.000000000
6227,32.498279,300.180000,300.294167,0.000000000
6228,1.363641,299.750000,300.212917,0.000000000
6229,0.000000,299.730000,300.162083,0.005555556
6230,0.000000,299.580000,300.112917,0.005555556
6231,0.000000,299.250000,300.073333,0.000000000
6232,0.000000,298.970000,300.030417,0.000000000
6233,0.000000,299.080000,299.997083,0.000000000
6234,0.000000,298.920000,299.964167,0.000000000
6235,0.000000,299.190000,299.959583,0.000000000
6236,0.000000,299.170000,299.961667,0.000000000
6237,0.000000,299.130000,299.967083,0.000000000
6238,0.000000,299.150000,299.976667,0.000000000
6239,0.000000,299.140000,299.984167,0.000000000
6240,0.000000,299.360000,299.990833,0.000000000
6241,28.724436,299.100000,299.987500,0.005555556
6242,56.313709,299.320000,299.965000,0.005555556
6243,121.056373,299.450000,299.925417,0.000000000
6244,189.488491,299.700000,299.874167,0.000000000
6245,282.953643,300.170000,299.801667,0.000000000
6246,531.236534,300.580000,299.726250,0.000000000
6247,603.947569,301.700000,299.743750,0.005555556
6248,549.616653,302.090000,299.783333,0.000000000
6249,451.491553,302.150000,299.825417,0.000000000
6250,245.513383,301.690000,299.856250,0.000000000
6251,66.491850,301.640000,299.917083,0.000000000
6252,2.375858,301.390000,299.985417,0.000000000
6253,0.000000,300.940000,300.035833,0.005555556
6254,0.000000,300.620000,300.079167,0.005555556
6255,0.000000,300.290000,300.122500,0.000000000
6256,0.000000,300.070000,300.168333,0.000000000
6257,0.000000,299.600000,300.190000,0.000000000
6258,0.000000,299.400000,300.210000,0.000000000
6259,0.000000,299.190000,300.210000,0.000000000
6260,0.000000,299.070000,300.205833,0.000000000
6261,0.000000,298.700000,300.187917,0.000000000
6262,0.000000,298.480000,300.160000,0.000000000
6263,0.000000,298.370000,300.127917,0.000000000
6264,0.000000,298.200000,300.079583,0.000000000
6265,140.683433,298.870000,300.070000,0.005555556
6266,305.791524,300.210000,300.107083,0.005555556
6267,469.051274,300.980000,300.170833,0.000000000
6268,580.508877,301.790000,300.257917,0.000000000
6269,666.369833,302.390000,300.350417,0.000000000
6270,856.875265,302.750000,300.440833,0.000000000
6271,791.318494,303.100000,300.499167,0.005555556
6272,715.984393,303.190000,300.545000,0.000000000
6273,512.897426,302.750000,300.570000,0.000000000
6274,281.931781,302.570000,300.606667,0.000000000
6275,86.642161,302.320000,300.635000,0.000000000
6276,2.156023,301.960000,300.658750,0.000000000
6277,0.000000,301.480000,300.681250,0.005555556
6278,0.000000,301.190000,300.705000,0.005555556
6279,0.000000,300.970000,300.733333,0.000000000
6280,0.000000,300.940000,300.769583,0.000000000
6281,0.000000,300.660000,300.813750,0.000000000
6282,0.000000,300.300000,300.851250,0.000000000
6283,0.000000,300.400000,300.901667,0.000000000
6284,0.000000,300.180000,300.947917,0.000000000
6285,0.000000,299.780000,300.992917,0.000000000
6286,0.000000,299.530000,301.036667,0.000000000
6287,0.000000,299.670000,301.090833,0.000000000
6288,0.000000,299.650000,301.151250,0.000000000
6289,101.470486,299.900000,301.194167,0.005555556
6290,257.528980,300.560000,301.208750,0.005555556
6291,376.118021,301.260000,301.220417,0.000000000
6292,495.750151,301.390000,301.203750,0.000000000
6293,660.091934,302.010000,301.187917,0.000000000
6294,834.461093,302.540000,301.179167,0.000000000
6295,784.606651,303.390000,301.191250,0.005555556
6296,651.537800,302.660000,301.169167,0.000000000
6297,475.777072,302.320000,301.151250,0.000000000
6298,242.153478,302.150000,301.133750,0.000000000
6299,81.265753,301.900000,301.116250,0.000000000
6300,1.628045,301.550000,301.099167,0.000000000
6301,0.000000,301.370000,301.094583,0.005555556
6302,0.000000,301.280000,301.098333,0.005555556
6303,0.000000,301.050000,301.101667,0.000000000
6304,0.000000,300.830000,301.097083,0.000000000
6305,0.000000,300.580000,301.093750,0.000000000
6306,0.000000,300.370000,301.096667,0.000000000
6307,0.000000,299.730000,301.068750,0.000000000
6308,0.000000,300.050000,301.063333,0.000000000
6309,0.000000,299.150000,301.037083,0.000000000
6310,0.000000,299.370000,301.030417,0.000000000
6311,0.000000,299.310000,301.015417,0.000000000
6312,0.000000,299.260000,300.999167,0.000000000
6313,96.012160,299.330000,300.975417,0.005555556
6314,210.708743,299.970000,300.950833,0.005555556
6315,423.479032,300.640000,300.925000,0.000000000
6316,453.714077,301.250000,300.919167,0.000000000
6317,487.369860,301.600000,300.902083,0.000000000
6318,810.538718,301.800000,300.871250,0.000000000
6319,760.880840,302.660000,300.840833,0.005555556
6320,465.398847,302.270000,300.824583,0.000000000
6321,483.616796,301.810000,300.803333,0.000000000
6322,260.782880,302.160000,300.803750,0.000000000
6323,80.931994,302.020000,300.808750,0.000000000
6324,1.319919,301.370000,300.801250,0.000000000
6325,0.000000,301.010000,300.786250,0.005555556
6326,0.000000,300.660000,300.760417,0.005555556
6327,0.000000,300.230000,300.726250,0.000000000
6328,0.000000,299.950000,300.689583,0.000000000
6329,0.000000,299.620000,300.649583,0.000000000
6330,0.000000,299.280000,300.604167,0.000000000
6331,0.000000,300.030000,300.616667,0.000000000
6332,0.000000,299.950000,300.612500,0.000000000
6333,0.000000,299.690000,300.635000,0.000000000
6334,0.000000,299.370000,300.635000,0.000000000
6335,0.000000,299.090000,300.625833,0.000000000
6336,0.000000,299.040000,300.616667,0.000000000
6337,115.701841,299.300000,300.615417,0.005555556
6338,215.753114,300.240000,300.626667,0.005555556
6339,316.569480,300.890000,300.637083,0.000000000
6340,591.938815,301.550000,300.649583,0.000000000
6341,740.808426,302.320000,300.679583,0.000000000
6342,851.447836,302.790000,300.720833,0.000000000
6343,808.855177,302.980000,300.734167,0.005555556
6344,385.331371,302.260000,300.733750,0.000000000
6345,470.646979,301.960000,300.740000,0.000000000
6346,261.164381,302.360000,300.748333,0.000000000
6347,83.648862,302.220000,300.756667,0.000000000
6348,1.540211,301.980000,300.782083,0.000000000
6349,0.000000,301.700000,300.810833,0.005555556
6350,0.000000,301.470000,300.844583,0.005555556
6351,0.000000,301.020000,300.877500,0.000000000
6352,0.000000,300.660000,300.907083,0.000000000
6353,0.000000,300.350000,300.937500,0.000000000
6354,0.000000,300.140000,300.973333,0.000000000
6355,0.000000,300.000000,300.972083,0.000000000
6356,0.000000,299.740000,300.963333,0.000000000
6357,0.000000,299.520000,300.956250,0.000000000
6358,0.000000,299.260000,300.951667,0.000000000
6359,0.000000,299.040000,300.949583,0.000000000
6360,0.000000,299.010000,300.948333,0.000000000
6361,149.203830,299.290000,300.947917,0.005555556
6362,309.866518,300.460000,300.957083,0.005555556
6363,547.594869,301.370000,300.977083,0.000000000
6364,645.642394,302.190000,301.003750,0.000000000
6365,835.970740,302.630000,301.016667,0.000000000
6366,784.957016,303.070000,301.028333,0.000000000
6367,742.018807,303.110000,301.033750,0.005555556
6368,681.874658,303.020000,301.065417,0.000000000
6369,508.411278,302.490000,301.087500,0.000000000
6370,266.804874,301.970000,301.071250,0.000000000
6371,74.521189,301.960000,301.060417,0.000000000
6372,1.319653,301.670000,301.047500,0.000000000
6373,0.000000,301.310000,301.031250,0.005555556
6374,0.000000,300.650000,300.997083,0.005555556
6375,0.000000,300.230000,300.964167,0.000000000
6376,0.000000,299.940000,300.934167,0.000000000
6377,0.000000,299.840000,300.912917,0.000000000
6378,0.000000,299.970000,300.905833,0.000000000
6379,0.000000,299.870000,300.900417,0.000000000
6380,0.000000,299.750000,300.900833,0.000000000
6381,0.000000,299.680000,300.907500,0.000000000
6382,0.000000,299.430000,300.914583,0.000000000
6383,0.000000,299.360000,300.927917,0.000000000
6384,0.000000,299.210000,300.936250,0.000000000
6385,118.695755,299.520000,300.945833,0.005555556
6386,262.786966,300.400000,300.943333,0.005555556
6387,366.917479,301.370000,300.943333,0.000000000
6388,397.109845,302.260000,300.946250,0.000000000
6389,473.617341,302.990000,300.961250,0.000000000
6390,911.078163,303.560000,300.981667,0.000000000
6391,801.737896,304.230000,301.028333,0.005555556
6392,673.225613,304.410000,301.086250,0.000000000
6393,416.725940,304.430000,301.167083,0.000000000
6394,264.685839,303.880000,301.246667,0.000000000
6395,57.265791,303.280000,301.301667,0.000000000
6396,0.923757,302.520000,301.337083,0.000000000
6397,0.000000,302.200000,301.374167,0.005555556
6398,0.000000,302.000000,301.430417,0.005555556
6399,0.000000,301.880000,301.499167,0.000000000
6400,0.000000,301.670000,301.571250,0.000000000
6401,0.000000,301.370000,301.635000,0.000000000
6402,0.000000,300.950000,301.675833,0.000000000
6403,0.000000,300.310000,301.694167,0.000000000
6404,0.000000,299.940000,301.702083,0.000000000
6405,0.000000,299.650000,301.700833,0.000000000
6406,0.000000,299.450000,301.701667,0.000000000
6407,0.000000,299.250000,301.697083,0.000000000
6408,0.000000,298.950000,301.686250,0.000000000
6409,160.503454,299.470000,301.684167,0.005555556
6410,371.773364,301.220000,301.718333,0.005555556
6411,572.788349,302.440000,301.762917,0.000000000
6412,776.313458,303.590000,301.818333,0.000000000
6413,859.106298,304.400000,301.877083,0.000000000
6414,881.740724,304.970000,301.935833,0.000000000
6415,804.149187,305.330000,301.981667,0.005555556
6416,722.507435,305.340000,302.020417,0.000000000
6417,515.855161,305.450000,302.062917,0.000000000
6418,269.599327,305.060000,302.112083,0.000000000
6419,74.148812,304.040000,302.143750,0.000000000
6420,0.967745,303.560000,302.187083,0.000000000
6421,0.000000,302.830000,302.213333,0.005555556
6422,0.000000,301.930000,302.210417,0.005555556
6423,0.000000,301.550000,302.196667,0.000000000
6424,0.000000,301.340000,302.182917,0.000000000
6425,0.000000,301.150000,302.173750,0.000000000
6426,0.000000,300.980000,302.175000,0.000000000
6427,0.000000,300.390000,302.178333,0.000000000
6428,0.000000,300.620000,302.206667,0.000000000
6429,0.000000,301.020000,302.263750,0.000000000
6430,0.000000,300.600000,302.311667,0.000000000
6431,0.000000,300.240000,302.352917,0.000000000
6432,0.000000,299.060000,302.357500,0.000000000
6433,152.198074,299.800000,302.371250,0.005555556
6434,384.100367,301.120000,302.367083,0.005555556
6435,605.689259,302.300000,302.361250,0.000000000
6436,767.874030,303.400000,302.353333,0.000000000
6437,818.472735,304.130000,302.342083,0.000000000
6438,879.365453,304.640000,302.328333,0.000000000
6439,810.412195,305.080000,302.317917,0.005555556
6440,601.763904,305.070000,302.306667,0.000000000
6441,455.724851,304.950000,302.285833,0.000000000
6442,273.624218,304.490000,302.262083,0.000000000
6443,75.583409,304.030000,302.261667,0.000000000
6444,0.747803,303.360000,302.253333,0.000000000
6445,0.000000,302.080000,302.222083,0.005555556
6446,0.000000,301.470000,302.202917,0.005555556
6447,0.000000,300.980000,302.179167,0.000000000
6448,0.000000,300.510000,302.144583,0.000000000
6449,0.000000,300.150000,302.102917,0.000000000
6450,0.000000,299.760000,302.052083,0.000000000
6451,0.000000,300.250000,302.046250,0.000000000
6452,0.000000,300.100000,302.024583,0.000000000
6453,0.000000,299.560000,301.963750,0.000000000
6454,0.000000,299.580000,301.921250,0.000000000
6455,0.000000,299.000000,301.869583,0.000000000
6456,0.000000,299.910000,301.905000,0.000000000
6457,137.960609,299.420000,301.889167,0.005555556
6458,346.215095,300.660000,301.870000,0.005555556
6459,621.840095,301.670000,301.843750,0.000000000
6460,803.029844,302.900000,301.822917,0.000000000
6461,870.133431,303.900000,301.813333,0.000000000
6462,909.676205,304.570000,301.810417,0.000000000
6463,707.988998,305.150000,301.813333,0.005555556
6464,554.990735,304.710000,301.798333,0.000000000
6465,497.704872,304.080000,301.762083,0.000000000
6466,244.188844,303.550000,301.722917,0.000000000
6467,72.352922,302.930000,301.677083,0.000000000
6468,0.659826,302.330000,301.634167,0.000000000
6469,0.000000,301.830000,301.623750,0.005555556
6470,0.000000,301.410000,301.621250,0.005555556
6471,0.000000,301.020000,301.622917,0.000000000
6472,0.000000,300.660000,301.629167,0.000000000
6473,0.000000,300.410000,301.640000,0.000000000
6474,0.000000,300.160000,301.656667,0.000000000
6475,0.000000,299.620000,301.630417,0.000000000
6476,0.000000,298.980000,301.583750,0.000000000
6477,0.000000,299.640000,301.587083,0.000000000
6478,0.000000,298.860000,301.557083,0.000000000
6479,0.000000,298.550000,301.538333,0.000000000
6480,0.000000,299.230000,301.510000,0.000000000
6481,146.326712,299.450000,301.511250,0.005555556
6482,311.046194,300.490000,301.504167,0.005555556
6483,554.620823,301.220000,301.485417,0.000000000
6484,643.593098,301.570000,301.430000,0.000000000
6485,759.649650,302.260000,301.361667,0.000000000
6486,787.767290,302.640000,301.281250,0.000000000
6487,714.593984,302.500000,301.170833,0.005555556
6488,680.558686,302.400000,301.074583,0.000000000
6489,404.060037,302.530000,301.010000,0.000000000
6490,227.019879,302.190000,300.953333,0.000000000
6491,68.514063,301.840000,300.907917,0.000000000
6492,0.439884,301.420000,300.870000,0.000000000
6493,0.000000,301.000000,300.835417,0.005555556
6494,0.000000,300.550000,300.799583,0.005555556
6495,0.000000,300.080000,300.760417,0.000000000
6496,0.000000,299.570000,300.715000,0.000000000
6497,0.000000,299.460000,300.675417,0.000000000
6498,0.000000,299.460000,300.646250,0.000000000
6499,0.000000,299.330000,300.634167,0.000000000
6500,0.000000,299.380000,300.650833,0.000000000
6501,0.000000,299.220000,300.633333,0.000000000
6502,0.000000,299.190000,300.647083,0.000000000
6503,0.000000,299.110000,300.670417,0.000000000
6504,0.000000,299.500000,300.681667,0.000000000
6505,136.083980,299.230000,300.672500,0.005555556
6506,255.267424,299.720000,300.640417,0.005555556
6507,415.981286,300.100000,300.593750,0.000000000
6508,609.491885,300.610000,300.553750,0.000000000
6509,548.352351,301.090000,300.505000,0.000000000
6510,693.724411,301.050000,300.438750,0.000000000
6511,523.772091,300.710000,300.364167,0.005555556
6512,461.901155,300.940000,300.303333,0.000000000
6513,389.176416,301.170000,300.246667,0.000000000
6514,202.886346,301.350000,300.211667,0.000000000
6515,56.555082,301.240000,300.186667,0.000000000
6516,0.351907,300.900000,300.165000,0.000000000
6517,0.000000,300.490000,300.143750,0.005555556
6518,0.000000,300.090000,300.124583,0.005555556
6519,0.000000,299.470000,300.099167,0.000000000
6520,0.000000,299.290000,300.087500,0.000000000
6521,0.000000,299.240000,300.078333,0.000000000
6522,0.000000,299.190000,300.067083,0.000000000
6523,0.000000,299.750000,300.084583,0.000000000
6524,0.000000,299.660000,300.096250,0.000000000
6525,0.000000,299.500000,300.107917,0.000000000
6526,0.000000,299.640000,300.126667,0.000000000
6527,0.000000,299.610000,300.147500,0.000000000
6528,0.000000,299.580000,300.150833,0.000000000
6529,119.804803,299.380000,300.157083,0.005555556
6530,316.599051,299.870000,300.163333,0.005555556
6531,503.101958,300.480000,300.179167,0.000000000
6532,745.861771,301.210000,300.204167,0.000000000
6533,713.990589,302.190000,300.250000,0.000000000
6534,635.565010,301.580000,300.272083,0.000000000
6535,759.311803,301.790000,300.317083,0.005555556
6536,576.480841,301.910000,300.357500,0.000000000
6537,409.774633,301.780000,300.382917,0.000000000
6538,234.724363,301.440000,300.386667,0.000000000
6539,60.622625,301.340000,300.390833,0.000000000
6540,0.175954,300.070000,300.356250,0.000000000
6541,0.000000,299.670000,300.322083,0.005555556
6542,0.000000,300.010000,300.318750,0.005555556
6543,0.000000,299.740000,300.330000,0.000000000
6544,0.000000,298.680000,300.304583,0.000000000
6545,0.000000,298.970000,300.293333,0.000000000
6546,0.000000,299.270000,300.296667,0.000000000
6547,0.000000,299.560000,300.288750,0.000000000
6548,0.000000,299.860000,300.297083,0.000000000
6549,0.000000,300.160000,300.324583,0.000000000
6550,0.000000,300.450000,300.358333,0.000000000
6551,0.000000,300.750000,300.405833,0.000000000
6552,0.000000,301.050000,300.467083,0.000000000
6553,137.278460,301.340000,300.548750,0.005555556
6554,352.571867,301.640000,300.622500,0.005555556
6555,612.474170,301.930000,300.682917,0.000000000
6556,766.111238,302.230000,300.725417,0.000000000
6557,830.734499,302.530000,300.739583,0.000000000
6558,922.195980,302.820000,300.791250,0.000000000
6559,825.173929,303.120000,300.846667,0.005555556
6560,691.475274,304.270000,300.945000,0.000000000
6561,486.049622,303.180000,301.003333,0.000000000
6562,252.451818,302.920000,301.065000,0.000000000
6563,57.111023,302.750000,301.123750,0.000000000
6564,0.175954,302.380000,301.220000,0.000000000
6565,0.000000,301.970000,301.315833,0.005555556
6566,0.000000,301.520000,301.378750,0.005555556
6567,0.000000,301.220000,301.440417,0.000000000
6568,0.000000,300.540000,301.517917,0.000000000
6569,0.000000,299.980000,301.560000,0.000000000
6570,0.000000,299.760000,301.580417,0.000000000
6571,0.000000,299.570000,301.580833,0.000000000
6572,0.000000,299.560000,301.568333,0.000000000
6573,0.000000,299.290000,301.532083,0.000000000
6574,0.000000,299.210000,301.480417,0.000000000
6575,0.000000,298.820000,301.400000,0.000000000
6576,0.000000,299.510000,301.335833,0.000000000
6577,166.144804,299.700000,301.267500,0.005555556
6578,386.127224,301.090000,301.244583,0.005555556
6579,606.536241,301.880000,301.242500,0.000000000
6580,802.655313,302.630000,301.259167,0.000000000
6581,885.872735,303.290000,301.290833,0.000000000
6582,925.131064,303.740000,301.329167,0.000000000
6583,842.426805,303.960000,301.364167,0.005555556
6584,669.528357,303.990000,301.352500,0.000000000
6585,494.369218,303.810000,301.378750,0.000000000
6586,248.217355,303.260000,301.392917,0.000000000
6587,67.111835,302.900000,301.399167,0.000000000
6588,0.175954,302.460000,301.402500,0.000000000
6589,0.000000,302.060000,301.406250,0.005555556
6590,0.000000,301.530000,301.406667,0.005555556
6591,0.000000,300.770000,301.387917,0.000000000
6592,0.000000,300.380000,301.381250,0.000000000
6593,0.000000,300.250000,301.392500,0.000000000
6594,0.000000,300.080000,301.405833,0.000000000
6595,0.000000,300.330000,301.437500,0.000000000
6596,0.000000,300.190000,301.463750,0.000000000
6597,0.000000,300.000000,301.493333,0.000000000
6598,0.000000,299.880000,301.521250,0.000000000
6599,0.000000,299.430000,301.546667,0.000000000
6600,0.000000,299.290000,301.537500,0.000000000
6601,165.712279,299.330000,301.522083,0.005555556
6602,407.849761,301.200000,301.526667,0.005555556
6603,631.277334,302.020000,301.532500,0.000000000
6604,802.493746,302.800000,301.539583,0.000000000
6605,895.039409,303.510000,301.548750,0.000000000
6606,900.802448,303.970000,301.558333,0.000000000
6607,854.787062,304.340000,301.574167,0.005555556
6608,693.844342,304.460000,301.593750,0.000000000
6609,475.250115,304.450000,301.620417,0.000000000
6610,208.015620,303.030000,301.610833,0.000000000
6611,56.044466,302.990000,301.614583,0.000000000
6612,0.043988,302.730000,301.625833,0.000000000
6613,0.000000,302.450000,301.642083,0.005555556
6614,0.000000,302.150000,301.667917,0.005555556
6615,0.000000,301.900000,301.715000,0.000000000
6616,0.000000,301.630000,301.767083,0.000000000
6617,0.000000,301.280000,301.810000,0.000000000
6618,0.000000,300.970000,301.847083,0.000000000
6619,0.000000,300.680000,301.861667,0.000000000
6620,0.000000,300.390000,301.870000,0.000000000
6621,0.000000,300.030000,301.871250,0.000000000
6622,0.000000,299.610000,301.860000,0.000000000
6623,0.000000,299.120000,301.847083,0.000000000
6624,0.000000,298.790000,301.826250,0.000000000
6625,163.528463,299.060000,301.815000,0.005555556
6626,409.025339,300.830000,301.799583,0.005555556
6627,641.158738,301.930000,301.795833,0.000000000
6628,805.326373,302.900000,301.800000,0.000000000
6629,910.452692,303.610000,301.804167,0.000000000
6630,924.457333,304.080000,301.808750,0.000000000
6631,819.901838,304.380000,301.810417,0.005555556
6632,666.605787,304.350000,301.805833,0.000000000
6633,388.073180,303.670000,301.773333,0.000000000
6634,226.642620,303.090000,301.775833,0.000000000
6635,58.545310,302.960000,301.774583,0.000000000
6636,0.043988,302.610000,301.769583,0.000000000
6637,0.000000,301.970000,301.749583,0.005555556
6638,0.000000,301.390000,301.717917,0.005555556
6639,0.000000,301.030000,301.681667,0.000000000
6640,0.000000,300.810000,301.647500,0.000000000
6641,0.000000,300.510000,301.615417,0.000000000
6642,0.000000,299.820000,301.567500,0.000000000
6643,0.000000,299.570000,301.521250,0.000000000
6644,0.000000,299.270000,301.474583,0.000000000
6645,0.000000,298.970000,301.430417,0.000000000
6646,0.000000,298.910000,301.401250,0.000000000
6647,0.000000,299.150000,301.402500,0.000000000
6648,0.000000,299.040000,301.412917,0.000000000
6649,155.491777,299.080000,301.413750,0.005555556
6650,308.969207,300.500000,301.400000,0.005555556
6651,549.513884,301.020000,301.362083,0.000000000
6652,679.890627,301.610000,301.308333,0.000000000
6653,798.349508,302.180000,301.248750,0.000000000
6654,755.423252,302.710000,301.191667,0.000000000
6655,728.914143,303.040000,301.135833,0.005555556
6656,594.974470,303.420000,301.097083,0.000000000
6657,321.710817,303.030000,301.070417,0.000000000
6658,218.276129,302.210000,301.033750,0.000000000
6659,51.432689,302.190000,301.001667,0.000000000
6660,0.000000,301.270000,300.945833,0.000000000
6661,0.000000,300.890000,300.900833,0.005555556
6662,0.000000,300.230000,300.852500,0.005555556
6663,0.000000,299.690000,300.796667,0.000000000
6664,0.000000,299.130000,300.726667,0.000000000
6665,0.000000,298.890000,300.659167,0.000000000
6666,0.000000,299.040000,300.626667,0.000000000
6667,0.000000,299.140000,300.608750,0.000000000
6668,0.000000,299.010000,300.597917,0.000000000
6669,0.000000,299.020000,300.600000,0.000000000
6670,0.000000,299.080000,300.607083,0.000000000
6671,0.000000,298.860000,300.595000,0.000000000
6672,0.000000,298.500000,300.572500,0.000000000
6673,128.322671,298.380000,300.543333,0.005555556
6674,305.998810,299.100000,300.485000,0.005555556
6675,428.754371,299.700000,300.430000,0.000000000
6676,624.561899,300.530000,300.385000,0.000000000
6677,720.424853,301.350000,300.350417,0.000000000
6678,840.152965,302.040000,300.322500,0.000000000
6679,745.972077,302.480000,300.299167,0.005555556
6680,638.495800,302.550000,300.262917,0.000000000
6681,349.834276,302.060000,300.222500,0.000000000
6682,185.543953,301.160000,300.178750,0.000000000
6683,51.991144,300.890000,300.124583,0.000000000
6684,0.000000,300.340000,300.085833,0.000000000
6685,0.000000,300.310000,300.061667,0.005555556
6686,0.000000,299.910000,300.048333,0.005555556
6687,0.000000,299.670000,300.047500,0.000000000
6688,0.000000,299.410000,300.059167,0.000000000
6689,0.000000,299.110000,300.068333,0.000000000
6690,0.000000,298.920000,300.063333,0.000000000
6691,0.000000,298.710000,300.045417,0.000000000
6692,0.000000,298.710000,300.032917,0.000000000
6693,0.000000,298.630000,300.016667,0.000000000
6694,0.000000,298.600000,299.996667,0.000000000
6695,0.000000,298.580000,299.985000,0.000000000
6696,0.000000,298.630000,299.990417,0.000000000
6697,124.196072,298.770000,300.006667,0.005555556
6698,294.898413,299.280000,300.014167,0.005555556
6699,464.375500,300.010000,300.027083,0.000000000
6700,649.198498,300.490000,300.025417,0.000000000
6701,688.424720,300.730000,299.999583,0.000000000
6702,736.830133,300.930000,299.953333,0.000000000
6703,636.033236,301.340000,299.905833,0.005555556
6704,522.423571,301.510000,299.862500,0.000000000
6705,342.113742,301.550000,299.841250,0.000000000
6706,223.682358,301.540000,299.857083,0.000000000
6707,53.351544,301.390000,299.877917,0.000000000
6708,0.000000,301.090000,299.909167,0.000000000
6709,0.000000,300.760000,299.927917,0.005555556
6710,0.000000,300.320000,299.945000,0.005555556
6711,0.000000,300.080000,299.962083,0.000000000
6712,0.000000,299.750000,299.976250,0.000000000
6713,0.000000,299.840000,300.006667,0.000000000
6714,0.000000,299.880000,300.046667,0.000000000
6715,0.000000,299.680000,300.087083,0.000000000
6716,0.000000,298.380000,300.073333,0.000000000
6717,0.000000,298.540000,300.069583,0.000000000
6718,0.000000,298.710000,300.074167,0.000000000
6719,0.000000,298.550000,300.072917,0.000000000
6720,0.000000,298.430000,300.064583,0.000000000
6721,130.357865,298.540000,300.055000,0.005555556
6722,295.221799,299.090000,300.047083,0.005555556
6723,486.694606,299.890000,300.042083,0.000000000
6724,678.442950,300.740000,300.052500,0.000000000
6725,851.004898,301.590000,300.088333,0.000000000
6726,741.759011,302.070000,300.135833,0.000000000
6727,749.809743,302.200000,300.171667,0.005555556
6728,493.912778,302.240000,300.202083,0.000000000
6729,424.871166,301.610000,300.204583,0.000000000
6730,206.401587,301.690000,300.210833,0.000000000
6731,47.784509,301.690000,300.223333,0.000000000
6732,0.000000,301.420000,300.237083,0.000000000
6733,0.000000,301.170000,300.254167,0.005555556
6734,0.000000,300.700000,300.270000,0.005555556
6735,0.000000,300.190000,300.274583,0.000000000
6736,0.000000,300.630000,300.311250,0.000000000
6737,0.000000,300.510000,300.339167,0.000000000
6738,0.000000,299.020000,300.303333,0.000000000
6739,0.000000,299.330000,300.288750,0.000000000
6740,0.000000,298.500000,300.293750,0.000000000
6741,0.000000,298.790000,300.304167,0.000000000
6742,0.000000,298.940000,300.313750,0.000000000
6743,0.000000,298.880000,300.327500,0.000000000
6744,0.000000,298.770000,300.341667,0.000000000
6745,163.818335,298.870000,300.355417,0.005555556
6746,386.081315,299.680000,300.380000,0.005555556
6747,535.083226,300.900000,300.422083,0.000000000
6748,729.613260,302.010000,300.475000,0.000000000
6749,765.567658,303.050000,300.535833,0.000000000
6750,834.145603,303.680000,300.602917,0.000000000
6751,776.032872,304.070000,300.680833,0.005555556
6752,606.116712,304.150000,300.760417,0.000000000
6753,454.486554,304.060000,300.862500,0.000000000
6754,244.810171,304.030000,300.960000,0.000000000
6755,52.924092,303.700000,301.043750,0.000000000
6756,0.000000,303.140000,301.115417,0.000000000
6757,0.000000,302.660000,301.177500,0.005555556
6758,0.000000,302.210000,301.240417,0.005555556
6759,0.000000,301.840000,301.309167,0.000000000
6760,0.000000,301.390000,301.340833,0.000000000
6761,0.000000,301.000000,301.361250,0.000000000
6762,0.000000,300.640000,301.428750,0.000000000
6763,0.000000,300.450000,301.475417,0.000000000
6764,0.000000,300.360000,301.552917,0.000000000
6765,0.000000,300.190000,301.611250,0.000000000
6766,0.000000,300.030000,301.656667,0.000000000
6767,0.000000,299.850000,301.697083,0.000000000
6768,0.000000,299.700000,301.735833,0.000000000
6769,113.483051,299.690000,301.770000,0.005555556
6770,208.320841,300.220000,301.792500,0.005555556
6771,417.479273,300.920000,301.793333,0.000000000
6772,476.538940,301.880000,301.787917,0.000000000
6773,536.276295,302.390000,301.760417,0.000000000
6774,493.401568,302.010000,301.690833,0.000000000
6775,424.314450,302.180000,301.612083,0.005555556
6776,287.291308,301.380000,301.496667,0.000000000
6777,115.407198,300.720000,301.357500,0.000000000
6778,54.535432,299.990000,301.189167,0.000000000
6779,22.736984,300.300000,301.047500,0.000000000
6780,0.000000,300.530000,300.938750,0.000000000
6781,0.000000,300.500000,300.848750,0.005555556
6782,0.000000,300.420000,300.774167,0.005555556
6783,0.000000,300.410000,300.714583,0.000000000
6784,0.000000,300.340000,300.670833,0.000000000
6785,0.000000,300.240000,300.639167,0.000000000
6786,0.000000,300.050000,300.614583,0.000000000
6787,0.000000,299.250000,300.564583,0.000000000
6788,0.000000,299.080000,300.511250,0.000000000
6789,0.000000,298.810000,300.453750,0.000000000
6790,0.000000,298.740000,300.400000,0.000000000
6791,0.000000,298.750000,300.354167,0.000000000
6792,0.000000,298.940000,300.322500,0.000000000
6793,50.906154,298.800000,300.285417,0.005555556
6794,109.958156,298.970000,300.233333,0.005555556
6795,245.130418,299.490000,300.173750,0.000000000
6796,365.581915,299.880000,300.090417,0.000000000
6797,190.491367,300.010000,299.991250,0.000000000
6798,202.105457,299.510000,299.887083,0.000000000
6799,241.387421,299.280000,299.766250,0.005555556
6800,306.418121,299.430000,299.685000,0.000000000
6801,133.719887,299.430000,299.631250,0.000000000
6802,70.389283,299.110000,299.594583,0.000000000
6803,21.698057,299.060000,299.542917,0.000000000
6804,0.000000,299.070000,299.482083,0.000000000
6805,0.000000,299.040000,299.421250,0.005555556
6806,0.000000,299.250000,299.372500,0.005555556
6807,0.000000,299.610000,299.339167,0.000000000
6808,0.000000,299.210000,299.292083,0.000000000
6809,0.000000,298.990000,299.240000,0.000000000
6810,0.000000,299.170000,299.203333,0.000000000
6811,0.000000,299.130000,299.198333,0.000000000
6812,0.000000,298.780000,299.185833,0.000000000
6813,0.000000,298.700000,299.181250,0.000000000
6814,0.000000,298.590000,299.175000,0.000000000
6815,0.000000,299.030000,299.186667,0.000000000
6816,0.000000,299.150000,299.195417,0.000000000
6817,51.243709,299.370000,299.219167,0.005555556
6818,62.414738,299.610000,299.245833,0.005555556
6819,180.993909,300.030000,299.268333,0.000000000
6820,223.604565,300.130000,299.278750,0.000000000
6821,217.092118,300.330000,299.292083,0.000000000
6822,190.041477,300.100000,299.316667,0.000000000
6823,137.483954,299.880000,299.341667,0.005555556
6824,129.383908,299.760000,299.355417,0.000000000
6825,84.062417,300.220000,299.388333,0.000000000
6826,56.282112,299.580000,299.407917,0.000000000
6827,17.513489,299.690000,299.434167,0.000000000
6828,0.000000,299.500000,299.452083,0.000000000
6829,0.000000,299.330000,299.464167,0.005555556
6830,0.000000,299.630000,299.480000,0.005555556
6831,0.000000,299.860000,299.490417,0.000000000
6832,0.000000,299.790000,299.514583,0.000000000
6833,0.000000,299.740000,299.545833,0.000000000
6834,0.000000,299.560000,299.562083,0.000000000
6835,0.000000,299.820000,299.590833,0.000000000
6836,0.000000,299.480000,299.620000,0.000000000
6837,0.000000,299.210000,299.641250,0.000000000
6838,0.000000,299.550000,299.681250,0.000000000
6839,0.000000,299.670000,299.707917,0.000000000
6840,0.000000,299.910000,299.739583,0.000000000
6841,87.108397,300.110000,299.770417,0.005555556
6842,225.837727,300.560000,299.810000,0.005555556
6843,238.318316,300.620000,299.834583,0.000000000
6844,570.462985,300.840000,299.864167,0.000000000
6845,641.948763,301.240000,299.902083,0.000000000
6846,530.333909,301.640000,299.966250,0.000000000
6847,607.640299,301.790000,300.045833,0.005555556
6848,540.217490,301.860000,300.133333,0.000000000
6849,363.853075,301.930000,300.204583,0.000000000
6850,220.337816,302.080000,300.308750,0.000000000
6851,44.590033,301.750000,300.394583,0.000000000
6852,0.000000,301.240000,300.467083,0.000000000
6853,0.000000,301.080000,300.540000,0.005555556
6854,0.000000,300.890000,300.592500,0.005555556
6855,0.000000,300.930000,300.637083,0.000000000
6856,0.000000,300.730000,300.676250,0.000000000
6857,0.000000,300.710000,300.716667,0.000000000
6858,0.000000,300.570000,300.758750,0.000000000
6859,0.000000,300.430000,300.784167,0.000000000
6860,0.000000,300.340000,300.820000,0.000000000
6861,0.000000,300.360000,300.867917,0.000000000
6862,0.000000,300.340000,300.900833,0.000000000
6863,0.000000,300.230000,300.924167,0.000000000
6864,0.000000,300.150000,300.934167,0.000000000
6865,142.500939,300.030000,300.930833,0.005555556
6866,384.139284,300.420000,300.925000,0.005555556
6867,508.881119,301.120000,300.945833,0.000000000
6868,688.518451,301.520000,300.974167,0.000000000
6869,719.606936,301.810000,300.997917,0.000000000
6870,693.777768,301.750000,301.002500,0.000000000
6871,637.537257,302.420000,301.028750,0.005555556
6872,585.950889,302.370000,301.050000,0.000000000
6873,439.669987,302.340000,301.067083,0.000000000
6874,216.182377,302.210000,301.072500,0.000000000
6875,44.601518,301.900000,301.078750,0.000000000
6876,0.000000,301.530000,301.090833,0.000000000
6877,0.000000,301.280000,301.099167,0.005555556
6878,0.000000,301.110000,301.108333,0.005555556
6879,0.000000,301.010000,301.111667,0.000000000
6880,0.000000,300.780000,301.113750,0.000000000
6881,0.000000,300.550000,301.107083,0.000000000
6882,0.000000,300.230000,301.092917,0.000000000
6883,0.000000,300.020000,301.075833,0.000000000
6884,0.000000,299.870000,301.056250,0.000000000
6885,0.000000,299.740000,301.030417,0.000000000
6886,0.000000,299.520000,300.996250,0.000000000
6887,0.000000,299.110000,300.949583,0.000000000
6888,0.000000,298.720000,300.890000,0.000000000
6889,160.095145,298.780000,300.837917,0.005555556
6890,385.809519,300.000000,300.820417,0.005555556
6891,544.736764,300.650000,300.800833,0.000000000
6892,663.852257,301.390000,300.795417,0.000000000
6893,849.409119,302.010000,300.803750,0.000000000
6894,814.935048,302.320000,300.827500,0.000000000
6895,764.972317,302.730000,300.840417,0.005555556
6896,673.831976,302.860000,300.860833,0.000000000
6897,464.481711,302.700000,300.875833,0.000000000
6898,223.784927,302.150000,300.873333,0.000000000
6899,43.844641,301.840000,300.870833,0.000000000
6900,0.000000,301.380000,300.864583,0.000000000
6901,0.000000,300.860000,300.847083,0.005555556
6902,0.000000,300.460000,300.820000,0.005555556
6903,0.000000,299.660000,300.763750,0.000000000
6904,0.000000,299.410000,300.706667,0.000000000
6905,0.000000,299.110000,300.646667,0.000000000
6906,0.000000,298.680000,300.582083,0.000000000
6907,0.000000,299.050000,300.541667,0.000000000
6908,0.000000,298.810000,300.497500,0.000000000
6909,0.000000,298.570000,300.448750,0.000000000
6910,0.000000,298.180000,300.392917,0.000000000
6911,0.000000,298.270000,300.357917,0.000000000
6912,0.000000,299.030000,300.370833,0.000000000
6913,171.024238,299.220000,300.389167,0.005555556
6914,402.397070,300.090000,300.392917,0.005555556
6915,576.548047,300.850000,300.401250,0.000000000
6916,738.027027,301.560000,300.408333,0.000000000
6917,850.609481,302.180000,300.415417,0.000000000
6918,812.563565,302.600000,300.427083,0.000000000
6919,745.905470,302.710000,300.426250,0.005555556
6920,654.306107,302.730000,300.420833,0.000000000
6921,440.904214,302.560000,300.415000,0.000000000
6922,219.091634,301.950000,300.406667,0.000000000
6923,34.256536,301.440000,300.390000,0.000000000
6924,0.000000,301.030000,300.375417,0.000000000
6925,0.000000,300.200000,300.347917,0.005555556
6926,0.000000,299.560000,300.310417,0.005555556
6927,0.000000,299.220000,300.292083,0.000000000
6928,0.000000,299.500000,300.295833,0.000000000
6929,0.000000,299.640000,300.317917,0.000000000
6930,0.000000,299.570000,300.355000,0.000000000
6931,0.000000,299.390000,300.369167,0.000000000
6932,0.000000,299.210000,300.385833,0.000000000
6933,0.000000,298.020000,300.362917,0.000000000
6934,0.000000,298.130000,300.360833,0.000000000
6935,0.000000,298.170000,300.356667,0.000000000
6936,0.000000,298.140000,300.319583,0.000000000
6937,140.564713,298.190000,300.276667,0.005555556
6938,335.928251,298.740000,300.220417,0.005555556
6939,538.436470,299.820000,300.177500,0.000000000
6940,636.926137,300.680000,300.140833,0.000000000
6941,683.847110,300.830000,300.084583,0.000000000
6942,674.878828,301.090000,300.021667,0.000000000
6943,666.287157,301.620000,299.976250,0.005555556
6944,585.995783,301.620000,299.930000,0.000000000
6945,428.945177,301.840000,299.900000,0.000000000
6946,222.785087,301.850000,299.895833,0.000000000
6947,31.530640,301.620000,299.903333,0.000000000
6948,0.000000,300.830000,299.895000,0.000000000
6949,0.000000,300.080000,299.890000,0.005555556
6950,0.000000,299.490000,299.887083,0.005555556
6951,0.000000,299.100000,299.882083,0.000000000
6952,0.000000,298.860000,299.855417,0.000000000
6953,0.000000,298.550000,299.810000,0.000000000
6954,0.000000,298.240000,299.754583,0.000000000
6955,0.000000,298.370000,299.712083,0.000000000
6956,0.000000,298.280000,299.673333,0.000000000
6957,0.000000,298.090000,299.676250,0.000000000
6958,0.000000,297.860000,299.665000,0.000000000
6959,0.000000,297.670000,299.644167,0.000000000
6960,0.000000,297.760000,299.628333,0.000000000
6961,118.883882,298.070000,299.623333,0.005555556
6962,277.905659,298.860000,299.628333,0.005555556
6963,517.917354,299.620000,299.620000,0.000000000
6964,599.680142,300.540000,299.614167,0.000000000
6965,775.841394,300.760000,299.611250,0.000000000
6966,817.900543,301.120000,299.612500,0.000000000
6967,683.792907,301.240000,299.596667,0.005555556
6968,567.906363,301.680000,299.599167,0.000000000
6969,379.000092,301.320000,299.577500,0.000000000
6970,178.771512,300.410000,299.517500,0.000000000
6971,29.126163,300.060000,299.452500,0.000000000
6972,0.000000,299.850000,299.411667,0.000000000
6973,0.000000,299.400000,299.383333,0.005555556
6974,0.000000,299.060000,299.365417,0.005555556
6975,0.000000,298.720000,299.349583,0.000000000
6976,0.000000,298.500000,299.334583,0.000000000
6977,0.000000,298.280000,299.323333,0.000000000
6978,0.000000,298.140000,299.319167,0.000000000
6979,0.000000,298.290000,299.315833,0.000000000
6980,0.000000,297.930000,299.301250,0.000000000
6981,0.000000,297.690000,299.284583,0.000000000
6982,0.000000,297.670000,299.276667,0.000000000
6983,0.000000,297.790000,299.281667,0.000000000
6984,0.000000,297.740000,299.280833,0.000000000
6985,175.621826,297.790000,299.269167,0.005555556
6986,413.686765,298.740000,299.264167,0.005555556
6987,604.412935,299.920000,299.276667,0.000000000
6988,754.272246,300.900000,299.291667,0.000000000
6989,804.654149,301.700000,299.330833,0.000000000
6990,902.295893,302.210000,299.376250,0.000000000
6991,832.147070,302.540000,299.430417,0.005555556
6992,688.071267,302.710000,299.473333,0.000000000
6993,418.192559,302.700000,299.530833,0.000000000
6994,221.545240,302.340000,299.611250,0.000000000
6995,40.107265,302.000000,299.692083,0.000000000
6996,0.000000,301.310000,299.752917,0.000000000
6997,0.000000,300.450000,299.796667,0.005555556
6998,0.000000,299.700000,299.823333,0.005555556
6999,0.000000,299.030000,299.836250,0.000000000
7000,0.000000,298.800000,299.848750,0.000000000
7001,0.000000,298.740000,299.867917,0.000000000
7002,0.000000,298.830000,299.896667,0.000000000
7003,0.000000,298.400000,299.901250,0.000000000
7004,0.000000,299.600000,299.970833,0.000000000
7005,0.000000,299.490000,300.045833,0.000000000
7006,0.000000,299.290000,300.113333,0.000000000
7007,0.000000,299.070000,300.166667,0.000000000
7008,0.000000,297.840000,300.170833,0.000000000
7009,179.628469,297.560000,300.161250,0.005555556
7010,418.614159,299.710000,300.201667,0.005555556
7011,611.949357,300.620000,300.230833,0.000000000
7012,725.708593,301.390000,300.251250,0.000000000
7013,884.234221,302.000000,300.263750,0.000000000
7014,907.916218,302.420000,300.272500,0.000000000
7015,829.625964,302.730000,300.280417,0.005555556
7016,598.107353,302.670000,300.278750,0.000000000
7017,354.909030,302.060000,300.252083,0.000000000
7018,178.046204,301.500000,300.217083,0.000000000
7019,34.989849,301.360000,300.190417,0.000000000
7020,0.000000,300.950000,300.175417,0.000000000
7021,0.000000,300.590000,300.181250,0.005555556
7022,0.000000,299.790000,300.185000,0.005555556
7023,0.000000,298.840000,300.177083,0.000000000
7024,0.000000,298.600000,300.168750,0.000000000
7025,0.000000,299.060000,300.182083,0.000000000
7026,0.000000,298.310000,300.160417,0.000000000
7027,0.000000,299.440000,300.203750,0.000000000
7028,0.000000,298.330000,300.150833,0.000000000
7029,0.000000,297.390000,300.063333,0.000000000
7030,0.000000,297.670000,299.995833,0.000000000
7031,0.000000,297.550000,299.932500,0.000000000
7032,0.000000,297.550000,299.920417,0.000000000
7033,164.389249,297.730000,299.927500,0.005555556
7034,391.388159,298.790000,299.889167,0.005555556
7035,559.050131,299.810000,299.855417,0.000000000
7036,695.824316,300.540000,299.820000,0.000000000
7037,755.335245,301.100000,299.782500,0.000000000
7038,716.829453,301.450000,299.742083,0.000000000
7039,705.267927,301.710000,299.699583,0.005555556
7040,608.816067,301.700000,299.659167,0.000000000
7041,421.882996,301.650000,299.642083,0.000000000
7042,227.759412,301.450000,299.640000,0.000000000
7043,37.905555,301.180000,299.632500,0.000000000
7044,0.000000,300.660000,299.620417,0.000000000
7045,0.000000,299.970000,299.594583,0.005555556
7046,0.000000,299.090000,299.565417,0.005555556
7047,0.000000,298.640000,299.557083,0.000000000
7048,0.000000,298.450000,299.550833,0.000000000
7049,0.000000,298.730000,299.537083,0.000000000
7050,0.000000,299.820000,299.600000,0.000000000
7051,0.000000,299.630000,299.607917,0.000000000
7052,0.000000,299.340000,299.650000,0.000000000
7053,0.000000,299.000000,299.717083,0.000000000
7054,0.000000,298.030000,299.732083,0.000000000
7055,0.000000,297.120000,299.714167,0.000000000
7056,0.000000,296.900000,299.687083,0.000000000
7057,167.968768,297.070000,299.659583,0.005555556
7058,391.325375,298.870000,299.662917,0.005555556
7059,570.345874,299.460000,299.648333,0.000000000
7060,673.473883,299.960000,299.624167,0.000000000
7061,737.098702,300.460000,299.597500,0.000000000
7062,802.674495,300.900000,299.574583,0.000000000
7063,724.042289,301.310000,299.557917,0.005555556
7064,641.154170,301.470000,299.548333,0.000000000
7065,425.208672,301.510000,299.542500,0.000000000
7066,212.164714,301.330000,299.537500,0.000000000
7067,38.204149,301.030000,299.531250,0.000000000
7068,0.000000,300.440000,299.522083,0.000000000
7069,0.000000,299.400000,299.498333,0.005555556
7070,0.000000,298.720000,299.482917,0.005555556
7071,0.000000,298.260000,299.467083,0.000000000
7072,0.000000,297.920000,299.445000,0.000000000
7073,0.000000,297.770000,299.405000,0.000000000
7074,0.000000,297.620000,299.313333,0.000000000
7075,0.000000,299.290000,299.299167,0.000000000
7076,0.000000,298.030000,299.244583,0.000000000
7077,0.000000,296.670000,299.147500,0.000000000
7078,0.000000,296.790000,299.095833,0.000000000
7079,0.000000,296.670000,299.077083,0.000000000
7080,0.000000,296.780000,299.072083,0.000000000
7081,165.598601,296.970000,299.067917,0.005555556
7082,414.902199,297.800000,299.023333,0.005555556
7083,584.654546,299.170000,299.011250,0.000000000
7084,668.412651,300.150000,299.019167,0.000000000
7085,846.534004,300.780000,299.032500,0.000000000
7086,698.261637,301.310000,299.049583,0.000000000
7087,779.525713,301.280000,299.048333,0.005555556
7088,605.398194,301.410000,299.045833,0.000000000
7089,441.293113,301.370000,299.040000,0.000000000
7090,197.689363,301.180000,299.033750,0.000000000
7091,35.719729,300.850000,299.026250,0.000000000
7092,0.000000,300.320000,299.021250,0.000000000
7093,0.000000,299.810000,299.038333,0.005555556
7094,0.000000,299.130000,299.055417,0.005555556
7095,0.000000,298.260000,299.055417,0.000000000
7096,0.000000,298.330000,299.072500,0.000000000
7097,0.000000,299.460000,299.142917,0.000000000
7098,0.000000,298.120000,299.163750,0.000000000
7099,0.000000,297.950000,299.107917,0.000000000
7100,0.000000,297.300000,299.077500,0.000000000
7101,0.000000,296.950000,299.089167,0.000000000
7102,0.000000,296.630000,299.082500,0.000000000
7103,0.000000,296.160000,299.061250,0.000000000
7104,0.000000,296.000000,299.028750,0.000000000
7105,191.838327,296.340000,299.002500,0.005555556
7106,420.629927,298.670000,299.038750,0.005555556
7107,621.301698,299.580000,299.055833,0.000000000
7108,718.627647,300.450000,299.068333,0.000000000
7109,826.594125,300.960000,299.075833,0.000000000
7110,860.289106,301.380000,299.078750,0.000000000
7111,788.276442,301.640000,299.093750,0.005555556
7112,553.078267,301.780000,299.109167,0.000000000
7113,417.678103,301.670000,299.121667,0.000000000
7114,197.836343,301.490000,299.134583,0.000000000
7115,35.424599,301.050000,299.142917,0.000000000
7116,0.000000,300.320000,299.142917,0.000000000
7117,0.000000,299.610000,299.134583,0.005555556
7118,0.000000,299.130000,299.134583,0.005555556
7119,0.000000,298.380000,299.139583,0.000000000
7120,0.000000,298.240000,299.135833,0.000000000
7121,0.000000,299.610000,299.142083,0.000000000
7122,0.000000,299.250000,299.189167,0.000000000
7123,0.000000,299.070000,299.235833,0.000000000
7124,0.000000,297.620000,299.249167,0.000000000
7125,0.000000,296.910000,299.247500,0.000000000
7126,0.000000,296.940000,299.260417,0.000000000
7127,0.000000,296.560000,299.277083,0.000000000
7128,0.000000,296.120000,299.282083,0.000000000
7129,176.902941,296.770000,299.300000,0.005555556
7130,329.259678,298.700000,299.301250,0.005555556
7131,537.481781,299.590000,299.301667,0.000000000
7132,793.631800,300.460000,299.302083,0.000000000
7133,878.728766,301.140000,299.309583,0.000000000
7134,801.585829,301.610000,299.319167,0.000000000
7135,794.486381,301.840000,299.327500,0.005555556
7136,558.501349,302.000000,299.336667,0.000000000
7137,441.782738,301.860000,299.344583,0.000000000
7138,207.641214,301.600000,299.349167,0.000000000
7139,32.367369,301.200000,299.355417,0.000000000
7140,0.000000,300.600000,299.367083,0.000000000
7141,0.000000,300.200000,299.391667,0.005555556
7142,0.000000,299.360000,299.401250,0.005555556
7143,0.000000,298.880000,299.422083,0.000000000
7144,0.000000,298.480000,299.432083,0.000000000
7145,0.000000,298.460000,299.384167,0.000000000
7146,0.000000,298.810000,299.365833,0.000000000
7147,0.000000,299.750000,299.394167,0.000000000
7148,0.000000,299.600000,299.476667,0.000000000
7149,0.000000,299.400000,299.580417,0.000000000
7150,0.000000,298.570000,299.648333,0.000000000
7151,0.000000,297.380000,299.682500,0.000000000
7152,0.000000,297.690000,299.747917,0.000000000
7153,82.954593,298.080000,299.802500,0.005555556
7154,204.734655,298.940000,299.812500,0.005555556
7155,347.633602,299.840000,299.822917,0.000000000
7156,574.362418,300.630000,299.830000,0.000000000
7157,565.633291,301.280000,299.835833,0.000000000
7158,601.830890,301.550000,299.833333,0.000000000
7159,620.104320,301.210000,299.807083,0.005555556
7160,574.627883,301.480000,299.785417,0.000000000
7161,344.716322,301.580000,299.773750,0.000000000
7162,168.725475,301.380000,299.764583,0.000000000
7163,21.401701,301.010000,299.756667,0.000000000
7164,0.000000,300.480000,299.751667,0.000000000
7165,0.000000,300.070000,299.746250,0.005555556
7166,0.000000,299.740000,299.762083,0.005555556
7167,0.000000,299.510000,299.788333,0.000000000
7168,0.000000,299.110000,299.814583,0.000000000
7169,0.000000,298.870000,299.831667,0.000000000
7170,0.000000,298.710000,299.827500,0.000000000
7171,0.000000,298.410000,299.771667,0.000000000
7172,0.000000,298.350000,299.719583,0.000000000
7173,0.000000,298.190000,299.669167,0.000000000
7174,0.000000,298.050000,299.647500,0.000000000
7175,0.000000,297.970000,299.672083,0.000000000
7176,0.000000,297.930000,299.682083,0.000000000
7177,128.910982,297.920000,299.675417,0.005555556
7178,226.917496,298.190000,299.644167,0.005555556
7179,328.567993,298.550000,299.590417,0.000000000
7180,431.405497,298.710000,299.510417,0.000000000
7181,576.244018,298.910000,299.411667,0.000000000
7182,270.838286,299.180000,299.312917,0.000000000
7183,403.144108,298.650000,299.206250,0.005555556
7184,293.422976,298.910000,299.099167,0.000000000
7185,157.495200,299.040000,298.993333,0.000000000
7186,128.511202,299.010000,298.894583,0.000000000
7187,20.140203,299.050000,298.812917,0.000000000
7188,0.000000,298.830000,298.744167,0.000000000
7189,0.000000,298.730000,298.688333,0.005555556
7190,0.000000,298.640000,298.642500,0.005555556
7191,0.000000,298.470000,298.599167,0.000000000
7192,0.000000,298.190000,298.560833,0.000000000
7193,0.000000,298.020000,298.525417,0.000000000
7194,0.000000,297.810000,298.487917,0.000000000
7195,0.000000,297.140000,298.435000,0.000000000
7196,0.000000,296.930000,298.375833,0.000000000
7197,0.000000,296.810000,298.318333,0.000000000
7198,0.000000,296.800000,298.266250,0.000000000
7199,0.000000,296.540000,298.206667,0.000000000
7200,0.000000,296.540000,298.148750,0.000000000
7201,44.447017,296.680000,298.097083,0.005555556
7202,119.628093,297.110000,298.052083,0.005555556
7203,189.035337,297.320000,298.000833,0.000000000
7204,80.102908,297.650000,297.956667,0.000000000
7205,266.181666,297.660000,297.904583,0.000000000
7206,207.758281,298.060000,297.857917,0.000000000
7207,589.246059,298.170000,297.837917,0.005555556
7208,428.096248,299.060000,297.844167,0.000000000
7209,291.460203,299.490000,297.862917,0.000000000
7210,178.572461,299.510000,297.883750,0.000000000
7211,27.869360,299.140000,297.887500,0.000000000
7212,0.000000,298.490000,297.873333,0.000000000
7213,0.000000,298.090000,297.846667,0.005555556
7214,0.000000,297.880000,297.815000,0.005555556
7215,0.000000,297.530000,297.775833,0.000000000
7216,0.000000,297.030000,297.727500,0.000000000
7217,0.000000,296.420000,297.660833,0.000000000
7218,0.000000,295.960000,297.583750,0.000000000
7219,0.000000,295.820000,297.528750,0.000000000
7220,0.000000,296.000000,297.490000,0.000000000
7221,0.000000,296.070000,297.459167,0.000000000
7222,0.000000,296.000000,297.425833,0.000000000
7223,0.000000,295.840000,297.396667,0.000000000
7224,0.000000,295.720000,297.362500,0.000000000
7225,199.971873,295.760000,297.324167,0.005555556
7226,423.800640,296.800000,297.311250,0.005555556
7227,648.949730,298.170000,297.346667,0.000000000
7228,815.863146,299.340000,297.417083,0.000000000
7229,855.506373,300.280000,297.526250,0.000000000
7230,820.727572,300.760000,297.638750,0.000000000
7231,779.293358,301.120000,297.761667,0.005555556
7232,609.988544,301.260000,297.853333,0.000000000
7233,409.139231,301.140000,297.922083,0.000000000
7234,186.475695,300.850000,297.977917,0.000000000
7235,20.778290,300.380000,298.029583,0.000000000
7236,0.000000,299.840000,298.085833,0.000000000
7237,0.000000,299.480000,298.143750,0.005555556
7238,0.000000,299.220000,298.199583,0.005555556
7239,0.000000,298.660000,298.246667,0.000000000
7240,0.000000,297.990000,298.286667,0.000000000
7241,0.000000,297.400000,298.327500,0.000000000
7242,0.000000,296.900000,298.366667,0.000000000
7243,0.000000,296.710000,298.403750,0.000000000
7244,0.000000,296.760000,298.435417,0.000000000
7245,0.000000,296.820000,298.466667,0.000000000
7246,0.000000,296.670000,298.494583,0.000000000
7247,0.000000,296.580000,298.525417,0.000000000
7248,0.000000,296.490000,298.557500,0.000000000
7249,198.383854,296.480000,298.587500,0.005555556
7250,426.365006,297.380000,298.611667,0.005555556
7251,602.999623,298.660000,298.632083,0.000000000
7252,795.906971,299.680000,298.646250,0.000000000
7253,873.732241,300.460000,298.653750,0.000000000
7254,911.556095,300.990000,298.663333,0.000000000
7255,841.337407,301.330000,298.672083,0.005555556
7256,681.993053,301.500000,298.682083,0.000000000
7257,455.775530,301.550000,298.699167,0.000000000
7258,213.442113,301.320000,298.718750,0.000000000
7259,32.297264,300.850000,298.738333,0.000000000
7260,0.000000,300.220000,298.754167,0.000000000
7261,0.000000,299.750000,298.765417,0.005555556
7262,0.000000,299.270000,298.767500,0.005555556
7263,0.000000,298.680000,298.768333,0.000000000
7264,0.000000,298.140000,298.774583,0.000000000
7265,0.000000,297.600000,298.782917,0.000000000
7266,0.000000,297.120000,298.792083,0.000000000
7267,0.000000,296.850000,298.797917,0.000000000
7268,0.000000,296.800000,298.799583,0.000000000
7269,0.000000,296.560000,298.788750,0.000000000
7270,0.000000,296.350000,298.775417,0.000000000
7271,0.000000,296.150000,298.757500,0.000000000
7272,0.000000,295.980000,298.736250,0.000000000
7273,211.662845,295.960000,298.714583,0.005555556
7274,441.879972,296.990000,298.698333,0.005555556
7275,664.429889,298.520000,298.692500,0.000000000
7276,831.236987,299.780000,298.696667,0.000000000
7277,919.758307,300.650000,298.704583,0.000000000
7278,915.074173,301.240000,298.715000,0.000000000
7279,831.936048,301.650000,298.728333,0.005555556
7280,674.788014,301.820000,298.741667,0.000000000
7281,458.648541,301.840000,298.753750,0.000000000
7282,213.822555,301.700000,298.769583,0.000000000
7283,31.521112,301.220000,298.785000,0.000000000
7284,0.000000,300.560000,298.799167,0.000000000
7285,0.000000,300.040000,298.811250,0.005555556
7286,0.000000,299.450000,298.818750,0.005555556
7287,0.000000,298.910000,298.828333,0.000000000
7288,0.000000,295.600000,298.722500,0.000000000
7289,0.000000,296.010000,298.656250,0.000000000
7290,0.000000,296.420000,298.627083,0.000000000
7291,0.000000,296.820000,298.625833,0.000000000
7292,0.000000,297.230000,298.643750,0.000000000
7293,0.000000,297.640000,298.688750,0.000000000
7294,0.000000,298.040000,298.759167,0.000000000
7295,0.000000,298.450000,298.855000,0.000000000
7296,0.000000,298.850000,298.974583,0.000000000
7297,156.856608,299.260000,299.112083,0.005555556
7298,383.102933,299.670000,299.223750,0.005555556
7299,526.535818,300.070000,299.288333,0.000000000
7300,719.085632,300.480000,299.317500,0.000000000
7301,738.115492,300.890000,299.327500,0.000000000
7302,743.979780,301.290000,299.329583,0.000000000
7303,788.668179,301.700000,299.331667,0.005555556
7304,640.288340,303.300000,299.393333,0.000000000
7305,403.088397,303.280000,299.453333,0.000000000
7306,203.701636,302.830000,299.500417,0.000000000
7307,27.878894,302.270000,299.544167,0.000000000
7308,0.000000,301.610000,299.587917,0.000000000
7309,0.000000,301.050000,299.630000,0.005555556
7310,0.000000,300.580000,299.677083,0.005555556
7311,0.000000,300.050000,299.724583,0.000000000
7312,0.000000,299.570000,299.890000,0.000000000
7313,0.000000,299.200000,300.022917,0.000000000
7314,0.000000,299.140000,300.136250,0.000000000
7315,0.000000,300.140000,300.274583,0.000000000
7316,0.000000,299.980000,300.389167,0.000000000
7317,0.000000,299.690000,300.474583,0.000000000
7318,0.000000,299.230000,300.524167,0.000000000
7319,0.000000,297.560000,300.487083,0.000000000
7320,0.000000,297.560000,300.433333,0.000000000
7321,182.087090,298.100000,300.385000,0.005555556
7322,345.709716,299.380000,300.372917,0.005555556
7323,608.336150,300.460000,300.389167,0.000000000
7324,716.007900,301.350000,300.425417,0.000000000
7325,742.781775,301.930000,300.468750,0.000000000
7326,777.598907,302.360000,300.513333,0.000000000
7327,724.933996,302.720000,300.555833,0.005555556
7328,551.050363,302.750000,300.532917,0.000000000
7329,400.163949,302.490000,300.500000,0.000000000
7330,190.065996,302.130000,300.470833,0.000000000
7331,25.891287,301.710000,300.447500,0.000000000
7332,0.000000,301.130000,300.427500,0.000000000
7333,0.000000,300.550000,300.406667,0.005555556
7334,0.000000,299.800000,300.374167,0.005555556
7335,0.000000,299.160000,300.337083,0.000000000
7336,0.000000,299.630000,300.339583,0.000000000
7337,0.000000,299.490000,300.351667,0.000000000
7338,0.000000,298.370000,300.319583,0.000000000
7339,0.000000,298.920000,300.268750,0.000000000
7340,0.000000,298.680000,300.214583,0.000000000
7341,0.000000,298.390000,300.160417,0.000000000
7342,0.000000,297.200000,300.075833,0.000000000
7343,0.000000,296.720000,300.040833,0.000000000
7344,0.000000,296.560000,299.999167,0.000000000
7345,198.645744,296.920000,299.950000,0.005555556
7346,422.317061,298.990000,299.933750,0.005555556
7347,638.071578,300.160000,299.921250,0.000000000
7348,801.154602,301.220000,299.915833,0.000000000
7349,890.249487,302.070000,299.921667,0.000000000
7350,893.917784,302.710000,299.936250,0.000000000
7351,806.247192,303.400000,299.964583,0.005555556
7352,646.166462,303.670000,300.002917,0.000000000
7353,418.083787,303.770000,300.056250,0.000000000
7354,199.044679,303.480000,300.112500,0.000000000
7355,27.872366,302.770000,300.156667,0.000000000
7356,0.000000,301.800000,300.184583,0.000000000
7357,0.000000,301.160000,300.210000,0.005555556
7358,0.000000,300.690000,300.247083,0.005555556
7359,0.000000,300.210000,300.290833,0.000000000
7360,0.000000,299.710000,300.294167,0.000000000
7361,0.000000,299.250000,300.284167,0.000000000
7362,0.000000,298.870000,300.305000,0.000000000
7363,0.000000,298.580000,300.290833,0.000000000
7364,0.000000,298.280000,300.274167,0.000000000
7365,0.000000,297.850000,300.251667,0.000000000
7366,0.000000,297.450000,300.262083,0.000000000
7367,0.000000,297.160000,300.280417,0.000000000
7368,0.000000,296.930000,300.295833,0.000000000
7369,203.587998,297.130000,300.304583,0.005555556
7370,425.860048,299.040000,300.306667,0.005555556
7371,641.071095,300.390000,300.316250,0.000000000
7372,802.193794,301.760000,300.338750,0.000000000
7373,888.856691,302.720000,300.365833,0.000000000
7374,889.273166,303.320000,300.391250,0.000000000
7375,809.346142,303.750000,300.405833,0.005555556
7376,604.016740,303.860000,300.413750,0.000000000
7377,428.819594,303.730000,300.412083,0.000000000
7378,191.184560,303.550000,300.415000,0.000000000
7379,23.708915,302.830000,300.417500,0.000000000
7380,0.000000,301.990000,300.425417,0.000000000
7381,0.000000,301.210000,300.427500,0.005555556
7382,0.000000,300.500000,300.419583,0.005555556
7383,0.000000,300.030000,300.412083,0.000000000
7384,0.000000,299.430000,300.400417,0.000000000
7385,0.000000,298.910000,300.386250,0.000000000
7386,0.000000,298.440000,300.368333,0.000000000
7387,0.000000,298.020000,300.345000,0.000000000
7388,0.000000,297.710000,300.321250,0.000000000
7389,0.000000,297.340000,300.300000,0.000000000
7390,0.000000,296.990000,300.280833,0.000000000
7391,0.000000,297.300000,300.286667,0.000000000
7392,0.000000,297.320000,300.302917,0.000000000
7393,204.161876,296.510000,300.277083,0.005555556
7394,425.990480,299.000000,300.275417,0.005555556
7395,637.524988,300.300000,300.271667,0.000000000
7396,797.263379,301.600000,300.265000,0.000000000
7397,838.720672,302.530000,300.257083,0.000000000
7398,868.113669,302.970000,300.242500,0.000000000
7399,720.259010,302.940000,300.208750,0.005555556
7400,566.895880,302.870000,300.167500,0.000000000
7401,396.650209,302.690000,300.124167,0.000000000
7402,196.315782,302.420000,300.077083,0.000000000
7403,22.226306,301.860000,300.036667,0.000000000
7404,0.000000,301.150000,300.001667,0.000000000
7405,0.000000,300.320000,299.964583,0.005555556
7406,0.000000,300.040000,299.945417,0.005555556
7407,0.000000,300.660000,299.971667,0.000000000
7408,0.000000,299.820000,299.987917,0.000000000
7409,0.000000,297.880000,299.945000,0.000000000
7410,0.000000,297.590000,299.909583,0.000000000
7411,0.000000,297.230000,299.876667,0.000000000
7412,0.000000,297.070000,299.850000,0.000000000
7413,0.000000,296.760000,299.825833,0.000000000
7414,0.000000,296.560000,299.807917,0.000000000
7415,0.000000,296.450000,299.772500,0.000000000
7416,0.000000,296.440000,299.735833,0.000000000
7417,176.452970,296.900000,299.752083,0.005555556
7418,397.234187,298.230000,299.720000,0.005555556
7419,631.769836,299.510000,299.687083,0.000000000
7420,793.766559,300.740000,299.651250,0.000000000
7421,775.423637,301.690000,299.616250,0.000000000
7422,664.909962,302.160000,299.582500,0.000000000
7423,658.851954,302.010000,299.543750,0.005555556
7424,563.641187,301.680000,299.494167,0.000000000
7425,327.469959,301.660000,299.451250,0.000000000
7426,150.842922,301.260000,299.402917,0.000000000
7427,23.196827,301.030000,299.368333,0.000000000
7428,0.000000,300.650000,299.347500,0.000000000
7429,0.000000,299.990000,299.333750,0.005555556
7430,0.000000,299.120000,299.295417,0.005555556
7431,0.000000,298.400000,299.201250,0.000000000
7432,0.000000,297.840000,299.118750,0.000000000
7433,0.000000,297.460000,299.101250,0.000000000
7434,0.000000,297.240000,299.086667,0.000000000
7435,0.000000,297.180000,299.084583,0.000000000
7436,0.000000,297.450000,299.100417,0.000000000
7437,0.000000,297.380000,299.126250,0.000000000
7438,0.000000,297.240000,299.154583,0.000000000
7439,0.000000,297.130000,299.182917,0.000000000
7440,0.000000,297.030000,299.207500,0.000000000
7441,141.273059,296.960000,299.210000,0.005555556
7442,407.027966,297.560000,299.182083,0.005555556
7443,634.219096,298.850000,299.154583,0.000000000
7444,794.727960,300.000000,299.123750,0.000000000
7445,879.300590,300.780000,299.085833,0.000000000
7446,887.421703,301.340000,299.051667,0.000000000
7447,760.659180,301.780000,299.042083,0.005555556
7448,552.986678,302.020000,299.056250,0.000000000
7449,325.854701,302.000000,299.070417,0.000000000
7450,132.254524,301.760000,299.091250,0.000000000
7451,17.520472,301.220000,299.099167,0.000000000
7452,0.000000,300.560000,299.095417,0.000000000
7453,0.000000,300.100000,299.100000,0.005555556
7454,0.000000,299.790000,299.127917,0.005555556
7455,0.000000,299.440000,299.171250,0.000000000
7456,0.000000,299.060000,299.222083,0.000000000
7457,0.000000,298.630000,299.270833,0.000000000
7458,0.000000,298.320000,299.315833,0.000000000
7459,0.000000,298.080000,299.353333,0.000000000
7460,0.000000,297.930000,299.373333,0.000000000
7461,0.000000,297.820000,299.391667,0.000000000
7462,0.000000,297.810000,299.415417,0.000000000
7463,0.000000,297.840000,299.445000,0.000000000
7464,0.000000,297.930000,299.482500,0.000000000
7465,31.319753,297.790000,299.517083,0.005555556
7466,33.079290,297.940000,299.532917,0.005555556
7467,77.825660,297.980000,299.496667,0.000000000
7468,124.091325,298.050000,299.415417,0.000000000
7469,233.101072,298.410000,299.316667,0.000000000
7470,277.177532,298.910000,299.215417,0.000000000
7471,253.411534,299.940000,299.138750,0.005555556
7472,229.937453,300.270000,299.065833,0.000000000
7473,138.544720,300.460000,299.001667,0.000000000
7474,39.897494,300.380000,298.944167,0.000000000
7475,7.653985,300.150000,298.899583,0.000000000
7476,0.000000,300.120000,298.881250,0.000000000
7477,0.000000,299.970000,298.875833,0.005555556
7478,0.000000,299.790000,298.875833,0.005555556
7479,0.000000,299.610000,298.882917,0.000000000
7480,0.000000,299.490000,298.900833,0.000000000
7481,0.000000,299.330000,298.930000,0.000000000
7482,0.000000,299.190000,298.966250,0.000000000
7483,0.000000,299.150000,299.010833,0.000000000
7484,0.000000,299.070000,299.058333,0.000000000
7485,0.000000,298.910000,299.103750,0.000000000
7486,0.000000,298.760000,299.143333,0.000000000
7487,0.000000,298.620000,299.175833,0.000000000
7488,0.000000,298.440000,299.197083,0.000000000
7489,91.949972,298.370000,299.221250,0.005555556
7490,219.440309,298.520000,299.245417,0.005555556
7491,436.766502,299.180000,299.295417,0.000000000
7492,651.191813,300.190000,299.384583,0.000000000
7493,741.490833,301.270000,299.503750,0.000000000
7494,588.328840,302.190000,299.640417,0.000000000
7495,500.771256,302.040000,299.727917,0.005555556
7496,474.524292,302.280000,299.811667,0.000000000
7497,305.964930,302.410000,299.892917,0.000000000
7498,141.222381,302.210000,299.969167,0.000000000
7499,17.803233,301.760000,300.036250,0.000000000
7500,0.000000,301.260000,300.083750,0.000000000
7501,0.000000,300.890000,300.122083,0.005555556
7502,0.000000,300.490000,300.151250,0.005555556
7503,0.000000,300.150000,300.173750,0.000000000
7504,0.000000,299.820000,300.187500,0.000000000
7505,0.000000,299.480000,300.193750,0.000000000
7506,0.000000,299.090000,300.189583,0.000000000
7507,0.000000,298.710000,300.171250,0.000000000
7508,0.000000,298.520000,300.148333,0.000000000
7509,0.000000,298.290000,300.122500,0.000000000
7510,0.000000,298.080000,300.094167,0.000000000
7511,0.000000,297.860000,300.062500,0.000000000
7512,0.000000,297.660000,300.030000,0.000000000
7513,197.653900,297.530000,299.995000,0.005555556
7514,412.508419,298.300000,299.985833,0.005555556
7515,621.779515,299.450000,299.997083,0.000000000
7516,745.751259,300.410000,300.006250,0.000000000
7517,865.601811,301.270000,300.006250,0.000000000
7518,841.704224,302.180000,300.005833,0.000000000
7519,536.730285,302.810000,300.037917,0.005555556
7520,390.752682,302.830000,300.060833,0.000000000
7521,210.755655,302.640000,300.070417,0.000000000
7522,98.469801,302.300000,300.074167,0.000000000
7523,18.062613,301.820000,300.076667,0.000000000
7524,0.000000,301.170000,300.072917,0.000000000
7525,0.000000,300.330000,300.049583,0.005555556
7526,0.000000,301.010000,300.071250,0.005555556
7527,0.000000,299.360000,300.038333,0.000000000
7528,0.000000,298.530000,299.984583,0.000000000
7529,0.000000,298.890000,299.960000,0.000000000
7530,0.000000,298.630000,299.940833,0.000000000
7531,0.000000,298.830000,299.945833,0.000000000
7532,0.000000,298.830000,299.958750,0.000000000
7533,0.000000,298.460000,299.965833,0.000000000
7534,0.000000,297.930000,299.959583,0.000000000
7535,0.000000,297.750000,299.955000,0.000000000
7536,0.000000,297.680000,299.955833,0.000000000
7537,186.097405,297.720000,299.963750,0.005555556
7538,410.405454,298.700000,299.980417,0.005555556
7539,598.319984,300.000000,300.003333,0.000000000
7540,715.791359,300.970000,300.026667,0.000000000
7541,827.882262,301.540000,300.037917,0.000000000
7542,671.993796,302.040000,300.032083,0.000000000
7543,668.579170,302.210000,300.007083,0.005555556
7544,558.062144,302.420000,299.990000,0.000000000
7545,391.779389,302.350000,299.977917,0.000000000
7546,166.726312,302.080000,299.968750,0.000000000
7547,23.424213,301.480000,299.954583,0.000000000
7548,0.000000,300.790000,299.938750,0.000000000
7549,0.000000,300.320000,299.938333,0.005555556
7550,0.000000,299.890000,299.891667,0.005555556
7551,0.000000,299.140000,299.882500,0.000000000
7552,0.000000,298.500000,299.881250,0.000000000
7553,0.000000,298.440000,299.862500,0.000000000
7554,0.000000,298.580000,299.860417,0.000000000
7555,0.000000,297.050000,299.786250,0.000000000
7556,0.000000,296.880000,299.705000,0.000000000
7557,0.000000,296.480000,299.622500,0.000000000
7558,0.000000,296.320000,299.555417,0.000000000
7559,0.000000,296.400000,299.499167,0.000000000
7560,0.000000,295.940000,299.426667,0.000000000
7561,164.584226,295.740000,299.344167,0.005555556
7562,410.070226,297.790000,299.306250,0.005555556
7563,612.529963,299.140000,299.270417,0.000000000
7564,778.130832,300.160000,299.236667,0.000000000
7565,868.433801,300.880000,299.209167,0.000000000
7566,870.779563,301.440000,299.184167,0.000000000
7567,813.598964,302.110000,299.180000,0.005555556
7568,602.997140,302.170000,299.169583,0.000000000
7569,443.110560,302.010000,299.155417,0.000000000
7570,193.093487,301.720000,299.140417,0.000000000
7571,24.649007,301.030000,299.121667,0.000000000
7572,0.000000,300.210000,299.097500,0.000000000
7573,0.000000,299.630000,299.068750,0.005555556
7574,0.000000,299.020000,299.032500,0.005555556
7575,0.000000,298.340000,298.999167,0.000000000
7576,0.000000,297.870000,298.972917,0.000000000
7577,0.000000,297.510000,298.934167,0.000000000
7578,0.000000,297.650000,298.895417,0.000000000
7579,0.000000,298.520000,298.956667,0.000000000
7580,0.000000,298.210000,299.012083,0.000000000
7581,0.000000,297.000000,299.033750,0.000000000
7582,0.000000,295.870000,299.015000,0.000000000
7583,0.000000,295.720000,298.986667,0.000000000
7584,0.000000,296.020000,298.990000,0.000000000
7585,151.586667,296.310000,299.013750,0.005555556
7586,312.301001,297.240000,298.990833,0.005555556
7587,499.998075,298.370000,298.958750,0.000000000
7588,726.412698,299.340000,298.924583,0.000000000
7589,836.778153,300.260000,298.898750,0.000000000
7590,895.669287,300.820000,298.872917,0.000000000
7591,821.060486,301.180000,298.834167,0.005555556
7592,662.266880,301.310000,298.798333,0.000000000
7593,450.299245,301.180000,298.763750,0.000000000
7594,206.712806,300.900000,298.729583,0.000000000
7595,24.963671,300.340000,298.700833,0.000000000
7596,0.000000,299.600000,298.675417,0.000000000
7597,0.000000,299.040000,298.650833,0.005555556
7598,0.000000,298.540000,298.630833,0.005555556
7599,0.000000,297.950000,298.614583,0.000000000
7600,0.000000,297.710000,298.607917,0.000000000
7601,0.000000,297.380000,298.602500,0.000000000
7602,0.000000,297.020000,298.576250,0.000000000
7603,0.000000,296.690000,298.500000,0.000000000
7604,0.000000,296.250000,298.418333,0.000000000
7605,0.000000,295.710000,298.364583,0.000000000
7606,0.000000,295.660000,298.355833,0.000000000
7607,0.000000,295.950000,298.365417,0.000000000
7608,0.000000,295.990000,298.364167,0.000000000
7609,201.965313,296.030000,298.352500,0.005555556
7610,417.648624,296.750000,298.332083,0.005555556
7611,633.792111,298.000000,298.316667,0.000000000
7612,799.217624,299.040000,298.304167,0.000000000
7613,884.206686,299.780000,298.284167,0.000000000
7614,899.844592,300.310000,298.262917,0.000000000
7615,823.561662,300.730000,298.244167,0.005555556
7616,666.404855,300.970000,298.230000,0.000000000
7617,449.437216,301.010000,298.222917,0.000000000
7618,206.044979,300.860000,298.221250,0.000000000
7619,24.668412,300.410000,298.224167,0.000000000
7620,0.000000,299.570000,298.222917,0.000000000
7621,0.000000,298.670000,298.207500,0.005555556
7622,0.000000,297.790000,298.176250,0.005555556
7623,0.000000,297.160000,298.143333,0.000000000
7624,0.000000,296.830000,298.106667,0.000000000
7625,0.000000,297.350000,298.105417,0.000000000
7626,0.000000,297.380000,298.120417,0.000000000
7627,0.000000,297.180000,298.140833,0.000000000
7628,0.000000,294.550000,298.070000,0.000000000
7629,0.000000,294.790000,298.031667,0.000000000
7630,0.000000,295.120000,298.009167,0.000000000
7631,0.000000,295.130000,297.975000,0.000000000
7632,0.000000,294.990000,297.933333,0.000000000
7633,208.580411,294.950000,297.888333,0.005555556
7634,417.688620,295.950000,297.855000,0.005555556
7635,632.837237,297.520000,297.835000,0.000000000
7636,793.130215,298.780000,297.824167,0.000000000
7637,880.494954,299.640000,297.818333,0.000000000
7638,884.199264,300.260000,297.816250,0.000000000
7639,805.856380,300.710000,297.815417,0.005555556
7640,651.813504,300.930000,297.813750,0.000000000
7641,438.682468,301.040000,297.815000,0.000000000
7642,199.472974,300.940000,297.818333,0.000000000
7643,23.483301,300.540000,297.823750,0.000000000
7644,0.000000,299.720000,297.830000,0.000000000
7645,0.000000,298.930000,297.840833,0.005555556
7646,0.000000,298.010000,297.850000,0.005555556
7647,0.000000,297.590000,297.867917,0.000000000
7648,0.000000,297.670000,297.902917,0.000000000
7649,0.000000,297.480000,297.908333,0.000000000
7650,0.000000,298.330000,297.947917,0.000000000
7651,0.000000,297.770000,297.972500,0.000000000
7652,0.000000,295.550000,298.014167,0.000000000
7653,0.000000,295.360000,298.037917,0.000000000
7654,0.000000,295.700000,298.062083,0.000000000
7655,0.000000,295.910000,298.094583,0.000000000
7656,0.000000,295.850000,298.130417,0.000000000
7657,177.468896,295.880000,298.169167,0.005555556
7658,365.411819,296.920000,298.209583,0.005555556
7659,606.782582,298.320000,298.242917,0.000000000
7660,772.887418,299.550000,298.275000,0.000000000
7661,855.394611,300.450000,298.308750,0.000000000
7662,867.182381,301.010000,298.340000,0.000000000
7663,780.353571,301.350000,298.366667,0.005555556
7664,638.227390,301.440000,298.387917,0.000000000
7665,426.183703,301.380000,298.402083,0.000000000
7666,193.191107,301.090000,298.408333,0.000000000
7667,22.417414,300.490000,298.406250,0.000000000
7668,0.000000,299.780000,298.408750,0.000000000
7669,0.000000,299.230000,298.421250,0.005555556
7670,0.000000,298.730000,298.451250,0.005555556
7671,0.000000,298.020000,298.469167,0.000000000
7672,0.000000,297.650000,298.468333,0.000000000
7673,0.000000,298.710000,298.519583,0.000000000
7674,0.000000,298.310000,298.518750,0.000000000
7675,0.000000,298.070000,298.531250,0.000000000
7676,0.000000,296.390000,298.566250,0.000000000
7677,0.000000,295.670000,298.579167,0.000000000
7678,0.000000,295.910000,298.587917,0.000000000
7679,0.000000,296.160000,298.598333,0.000000000
7680,0.000000,296.240000,298.614583,0.000000000
7681,194.216663,296.270000,298.630833,0.005555556
7682,396.260251,297.360000,298.649167,0.005555556
7683,602.033859,298.840000,298.670833,0.000000000
7684,760.712960,299.870000,298.684167,0.000000000
7685,848.787391,300.620000,298.691250,0.000000000
7686,865.841751,301.180000,298.698333,0.000000000
7687,773.189379,301.610000,298.709167,0.005555556
7688,639.068766,301.720000,298.720833,0.000000000
7689,424.510091,301.660000,298.732500,0.000000000
7690,184.103102,301.320000,298.742083,0.000000000
7691,22.072818,300.670000,298.749583,0.000000000
7692,0.000000,299.980000,298.757917,0.000000000
7693,0.000000,299.660000,298.775833,0.005555556
7694,0.000000,299.290000,298.799167,0.005555556
7695,0.000000,298.810000,298.832083,0.000000000
7696,0.000000,298.250000,298.857083,0.000000000
7697,0.000000,297.610000,298.811250,0.000000000
7698,0.000000,297.440000,298.775000,0.000000000
7699,0.000000,296.920000,298.727083,0.000000000
7700,0.000000,296.090000,298.714583,0.000000000
7701,0.000000,295.830000,298.721250,0.000000000
7702,0.000000,295.620000,298.709167,0.000000000
7703,0.000000,295.410000,298.677917,0.000000000
7704,0.000000,295.170000,298.633333,0.000000000
7705,204.672837,295.180000,298.587917,0.005555556
7706,407.044031,297.580000,298.597083,0.005555556
7707,619.471659,298.930000,298.600833,0.000000000
7708,777.884496,300.060000,298.608750,0.000000000
7709,870.422507,300.900000,298.620417,0.000000000
7710,873.094487,301.420000,298.630417,0.000000000
7711,799.090758,301.910000,298.642917,0.005555556
7712,642.551044,301.960000,298.652917,0.000000000
7713,432.378176,301.780000,298.657917,0.000000000
7714,195.346441,301.290000,298.656667,0.000000000
7715,22.486508,300.520000,298.650417,0.000000000
7716,0.000000,299.820000,298.643750,0.000000000
7717,0.000000,299.360000,298.631250,0.005555556
7718,0.000000,298.990000,298.618750,0.005555556
7719,0.000000,298.590000,298.609583,0.000000000
7720,0.000000,297.960000,298.597500,0.000000000
7721,0.000000,297.070000,298.575000,0.000000000
7722,0.000000,297.360000,298.571667,0.000000000
7723,0.000000,297.780000,298.607500,0.000000000
7724,0.000000,296.440000,298.622083,0.000000000
7725,0.000000,295.220000,298.596667,0.000000000
7726,0.000000,295.010000,298.571250,0.000000000
7727,0.000000,294.880000,298.549167,0.000000000
7728,0.000000,294.730000,298.530833,0.000000000
7729,203.761267,294.810000,298.515417,0.005555556
7730,400.868914,296.890000,298.486667,0.005555556
7731,607.596358,298.270000,298.459167,0.000000000
7732,759.020854,299.380000,298.430833,0.000000000
7733,812.834934,300.200000,298.401667,0.000000000
7734,856.041252,300.650000,298.369583,0.000000000
7735,734.198515,300.900000,298.327500,0.005555556
7736,580.013563,300.890000,298.282917,0.000000000
7737,381.460148,300.670000,298.236667,0.000000000
7738,195.181892,300.140000,298.188750,0.000000000
7739,22.342719,299.640000,298.152083,0.000000000
7740,0.000000,299.130000,298.123333,0.000000000
7741,0.000000,298.770000,298.098750,0.005555556
7742,0.000000,298.490000,298.077917,0.005555556
7743,0.000000,298.140000,298.059167,0.000000000
7744,0.000000,297.530000,298.041250,0.000000000
7745,0.000000,297.350000,298.052917,0.000000000
7746,0.000000,297.940000,298.077083,0.000000000
7747,0.000000,297.530000,298.066667,0.000000000
7748,0.000000,296.390000,298.064583,0.000000000
7749,0.000000,294.900000,298.051250,0.000000000
7750,0.000000,294.830000,298.043750,0.000000000
7751,0.000000,295.310000,298.061667,0.000000000
7752,0.000000,295.410000,298.090000,0.000000000
7753,172.437445,295.320000,298.111250,0.005555556
7754,347.632731,295.950000,298.072083,0.005555556
7755,482.428021,297.120000,298.024167,0.000000000
7756,773.731106,298.140000,297.972500,0.000000000
7757,859.377801,299.240000,297.932500,0.000000000
7758,871.566327,299.960000,297.903750,0.000000000
7759,806.951136,300.420000,297.883750,0.005555556
7760,653.615674,300.530000,297.868750,0.000000000
7761,438.562463,300.420000,297.858333,0.000000000
7762,200.319682,300.120000,297.857500,0.000000000
7763,22.903436,299.680000,297.859167,0.000000000
7764,0.000000,298.970000,297.852500,0.000000000
7765,0.000000,298.340000,297.834583,0.005555556
7766,0.000000,297.950000,297.812083,0.005555556
7767,0.000000,297.560000,297.787917,0.000000000
7768,0.000000,297.060000,297.768333,0.000000000
7769,0.000000,296.740000,297.742917,0.000000000
7770,0.000000,297.110000,297.708333,0.000000000
7771,0.000000,296.210000,297.653333,0.000000000
7772,0.000000,295.090000,297.599167,0.000000000
7773,0.000000,295.050000,297.605417,0.000000000
7774,0.000000,294.880000,297.607500,0.000000000
7775,0.000000,294.790000,297.585833,0.000000000
7776,0.000000,294.860000,297.562917,0.000000000
7777,201.720054,295.100000,297.553750,0.005555556
7778,387.109853,296.230000,297.565417,0.005555556
7779,603.576751,297.610000,297.585833,0.000000000
7780,778.286556,298.690000,297.608750,0.000000000
7781,870.849313,299.520000,297.620417,0.000000000
7782,883.234786,300.100000,297.626250,0.000000000
7783,808.678090,300.380000,297.624583,0.005555556
7784,654.395161,300.500000,297.623333,0.000000000
7785,440.407077,300.420000,297.623333,0.000000000
7786,199.918870,300.050000,297.620417,0.000000000
7787,22.736910,299.490000,297.612500,0.000000000
7788,0.000000,298.780000,297.604583,0.000000000
7789,0.000000,298.080000,297.593750,0.005555556
7790,0.000000,297.320000,297.567500,0.005555556
7791,0.000000,296.770000,297.534583,0.000000000
7792,0.000000,296.540000,297.512917,0.000000000
7793,0.000000,296.920000,297.520417,0.000000000
7794,0.000000,297.510000,297.537083,0.000000000
7795,0.000000,296.140000,297.534167,0.000000000
7796,0.000000,294.460000,297.507917,0.000000000
7797,0.000000,294.370000,297.479583,0.000000000
7798,0.000000,294.350000,297.457500,0.000000000
7799,0.000000,294.380000,297.440417,0.000000000
7800,0.000000,294.310000,297.417500,0.000000000
7801,210.638514,294.240000,297.381667,0.005555556
7802,404.328139,295.930000,297.369167,0.005555556
7803,610.984780,297.560000,297.367083,0.000000000
7804,763.013442,298.530000,297.360417,0.000000000
7805,847.243289,299.310000,297.351667,0.000000000
7806,845.012229,299.820000,297.340000,0.000000000
7807,778.628829,300.190000,297.332083,0.005555556
7808,616.119307,300.280000,297.322917,0.000000000
7809,412.193933,300.160000,297.312083,0.000000000
7810,193.654211,299.720000,297.298333,0.000000000
7811,22.237558,299.230000,297.287500,0.000000000
7812,0.000000,298.630000,297.281250,0.000000000
7813,0.000000,298.210000,297.286667,0.005555556
7814,0.000000,297.770000,297.305417,0.005555556
7815,0.000000,297.130000,297.320417,0.000000000
7816,0.000000,296.720000,297.327917,0.000000000
7817,0.000000,297.560000,297.354583,0.000000000
7818,0.000000,296.880000,297.328333,0.000000000
7819,0.000000,295.580000,297.305000,0.000000000
7820,0.000000,294.330000,297.299583,0.000000000
7821,0.000000,294.000000,297.284167,0.000000000
7822,0.000000,293.800000,297.261250,0.000000000
7823,0.000000,293.780000,297.236250,0.000000000
7824,0.000000,293.520000,297.203333,0.000000000
7825,213.401446,293.460000,297.170833,0.005555556
7826,406.311720,295.900000,297.169583,0.005555556
7827,614.958053,297.450000,297.165000,0.000000000
7828,770.635043,298.530000,297.165000,0.000000000
7829,858.270996,299.300000,297.164583,0.000000000
7830,873.047392,299.820000,297.164583,0.000000000
7831,795.144940,300.110000,297.161250,0.005555556
7832,585.690382,300.260000,297.160417,0.000000000
7833,362.604053,300.110000,297.158333,0.000000000
7834,194.689010,299.720000,297.158333,0.000000000
7835,22.180213,299.150000,297.155000,0.000000000
7836,0.000000,298.570000,297.152500,0.000000000
7837,0.000000,298.180000,297.151250,0.005555556
7838,0.000000,297.860000,297.155000,0.005555556
7839,0.000000,297.510000,297.170833,0.000000000
7840,0.000000,296.650000,297.167917,0.000000000
7841,0.000000,297.230000,297.154167,0.000000000
7842,0.000000,296.600000,297.142500,0.000000000
7843,0.000000,295.160000,297.125000,0.000000000
7844,0.000000,294.510000,297.132500,0.000000000
7845,0.000000,294.250000,297.142917,0.000000000
7846,0.000000,294.030000,297.152500,0.000000000
7847,0.000000,294.240000,297.171667,0.000000000
7848,0.000000,294.540000,297.214167,0.000000000
7849,203.471711,294.190000,297.244583,0.005555556
7850,399.355876,295.440000,297.225417,0.005555556
7851,612.868084,297.000000,297.206667,0.000000000
7852,771.203844,298.290000,297.196667,0.000000000
7853,853.501056,299.100000,297.188333,0.000000000
7854,840.457676,299.720000,297.184167,0.000000000
7855,682.254543,300.190000,297.187500,0.005555556
7856,517.770930,300.210000,297.185417,0.000000000
7857,379.114097,299.990000,297.180417,0.000000000
7858,193.464602,299.460000,297.169583,0.000000000
7859,21.825270,299.050000,297.165417,0.000000000
7860,0.000000,298.570000,297.165417,0.000000000
7861,0.000000,298.240000,297.167917,0.005555556
7862,0.000000,297.910000,297.170000,0.005555556
7863,0.000000,297.170000,297.155833,0.000000000
7864,0.000000,297.130000,297.175833,0.000000000
7865,0.000000,297.600000,297.191250,0.000000000
7866,0.000000,296.410000,297.183333,0.000000000
7867,0.000000,294.370000,297.150417,0.000000000
7868,0.000000,294.090000,297.132917,0.000000000
7869,0.000000,293.960000,297.120833,0.000000000
7870,0.000000,293.880000,297.114583,0.000000000
7871,0.000000,293.920000,297.101250,0.000000000
7872,0.000000,293.960000,297.077083,0.000000000
7873,132.769179,294.200000,297.077500,0.005555556
7874,344.890434,294.840000,297.052500,0.005555556
7875,550.607504,296.270000,297.022083,0.000000000
7876,674.425920,297.760000,297.000000,0.000000000
7877,781.030060,298.850000,296.989583,0.000000000
7878,804.858676,299.480000,296.979583,0.000000000
7879,728.936083,299.940000,296.969167,0.005555556
7880,583.486396,300.150000,296.966667,0.000000000
7881,408.409664,300.060000,296.969583,0.000000000
7882,194.337945,299.670000,296.978333,0.000000000
7883,22.086913,299.150000,296.982500,0.000000000
7884,0.000000,298.570000,296.982500,0.000000000
7885,0.000000,298.090000,296.976250,0.005555556
7886,0.000000,297.690000,296.967083,0.005555556
7887,0.000000,297.270000,296.971250,0.000000000
7888,0.000000,296.790000,296.957083,0.000000000
7889,0.000000,296.460000,296.909583,0.000000000
7890,0.000000,296.130000,296.897917,0.000000000
7891,0.000000,297.030000,297.008750,0.000000000
7892,0.000000,296.290000,297.100417,0.000000000
7893,0.000000,294.520000,297.123750,0.000000000
7894,0.000000,293.910000,297.125000,0.000000000
7895,0.000000,294.300000,297.140833,0.000000000
7896,0.000000,294.750000,297.173750,0.000000000
7897,150.055443,294.860000,297.201250,0.005555556
7898,321.389448,295.350000,297.222500,0.005555556
7899,552.659113,296.660000,297.238750,0.000000000
7900,747.803383,297.850000,297.242500,0.000000000
7901,843.258739,298.890000,297.244167,0.000000000
7902,840.097727,299.630000,297.250417,0.000000000
7903,777.016351,300.070000,297.255833,0.005555556
7904,628.561957,300.290000,297.261667,0.000000000
7905,421.328702,300.250000,297.269583,0.000000000
7906,192.256110,300.010000,297.283750,0.000000000
7907,21.708632,299.450000,297.296250,0.000000000
7908,0.000000,298.710000,297.302083,0.000000000
7909,0.000000,298.190000,297.306250,0.005555556
7910,0.000000,297.780000,297.310000,0.005555556
7911,0.000000,297.210000,297.307500,0.000000000
7912,0.000000,296.850000,297.310000,0.000000000
7913,0.000000,296.370000,297.306250,0.000000000
7914,0.000000,295.730000,297.289583,0.000000000
7915,0.000000,295.970000,297.245417,0.000000000
7916,0.000000,294.830000,297.184583,0.000000000
7917,0.000000,294.840000,297.197917,0.000000000
7918,0.000000,294.880000,297.238333,0.000000000
7919,0.000000,295.220000,297.276667,0.000000000
7920,0.000000,295.200000,297.295417,0.000000000
7921,125.593082,295.390000,297.317500,0.005555556
7922,268.140416,296.110000,297.349167,0.005555556
7923,497.074704,297.320000,297.376667,0.000000000
7924,663.402241,298.100000,297.387083,0.000000000
7925,710.386482,298.870000,297.386250,0.000000000
7926,776.219963,299.440000,297.378333,0.000000000
7927,786.318779,299.990000,297.375000,0.005555556
7928,636.394685,300.190000,297.370833,0.000000000
7929,429.597440,300.140000,297.366250,0.000000000
7930,197.109179,299.840000,297.359167,0.000000000
7931,22.699626,299.350000,297.355000,0.000000000
7932,0.000000,298.630000,297.351667,0.000000000
7933,0.000000,298.140000,297.349583,0.005555556
7934,0.000000,297.600000,297.342083,0.005555556
7935,0.000000,296.980000,297.332500,0.000000000
7936,0.000000,296.480000,297.317083,0.000000000
7937,0.000000,295.830000,297.294583,0.000000000
7938,0.000000,295.340000,297.278333,0.000000000
7939,0.000000,295.650000,297.265000,0.000000000
7940,0.000000,294.810000,297.264167,0.000000000
7941,0.000000,294.800000,297.262500,0.000000000
7942,0.000000,295.060000,297.270000,0.000000000
7943,0.000000,295.430000,297.278750,0.000000000
7944,0.000000,295.480000,297.290417,0.000000000
7945,152.156852,295.310000,297.287083,0.005555556
7946,333.811731,295.810000,297.274583,0.005555556
7947,530.142578,296.950000,297.259167,0.000000000
7948,618.686500,298.140000,297.260833,0.000000000
7949,785.040098,298.870000,297.260833,0.000000000
7950,686.891961,299.650000,297.269583,0.000000000
7951,727.184193,300.160000,297.276667,0.005555556
7952,644.531880,300.380000,297.284583,0.000000000
7953,439.075252,300.340000,297.292917,0.000000000
7954,202.051642,300.020000,297.300417,0.000000000
7955,23.365601,299.440000,297.304167,0.000000000
7956,0.000000,298.660000,297.305417,0.000000000
7957,0.000000,297.930000,297.296667,0.005555556
7958,0.000000,296.980000,297.270833,0.005555556
7959,0.000000,297.090000,297.275417,0.000000000
7960,0.000000,297.580000,297.321250,0.000000000
7961,0.000000,297.090000,297.373750,0.000000000
7962,0.000000,296.440000,297.419583,0.000000000
7963,0.000000,295.340000,297.406667,0.000000000
7964,0.000000,293.640000,297.357917,0.000000000
7965,0.000000,293.330000,297.296667,0.000000000
7966,0.000000,293.660000,297.238333,0.000000000
7967,0.000000,293.950000,297.176667,0.000000000
7968,0.000000,294.060000,297.117500,0.000000000
7969,208.564027,294.180000,297.070417,0.005555556
7970,378.528826,295.040000,297.038333,0.005555556
7971,597.201819,296.820000,297.032917,0.000000000
7972,758.724992,298.100000,297.031250,0.000000000
7973,859.023579,299.160000,297.043333,0.000000000
7974,868.278787,299.970000,297.056667,0.000000000
7975,794.961297,300.600000,297.075000,0.005555556
7976,645.484775,300.780000,297.091667,0.000000000
7977,434.982352,300.620000,297.103333,0.000000000
7978,197.373325,300.060000,297.105000,0.000000000
7979,22.622612,299.350000,297.101250,0.000000000
7980,0.000000,298.610000,297.099167,0.000000000
7981,0.000000,298.150000,297.108333,0.005555556
7982,0.000000,297.790000,297.142083,0.005555556
7983,0.000000,297.340000,297.152500,0.000000000
7984,0.000000,296.570000,297.110417,0.000000000
7985,0.000000,297.570000,297.130417,0.000000000
7986,0.000000,297.020000,297.154583,0.000000000
7987,0.000000,296.820000,297.216250,0.000000000
7988,0.000000,294.510000,297.252500,0.000000000
7989,0.000000,294.600000,297.305417,0.000000000
7990,0.000000,294.940000,297.358750,0.000000000
7991,0.000000,295.040000,297.404167,0.000000000
7992,0.000000,295.060000,297.445833,0.000000000
7993,141.339957,294.980000,297.479167,0.005555556
7994,331.411457,295.390000,297.493750,0.005555556
7995,548.696455,296.760000,297.491250,0.000000000
7996,705.169320,298.130000,297.492500,0.000000000
7997,819.199362,299.170000,297.492917,0.000000000
7998,850.576745,299.940000,297.491667,0.000000000
7999,771.519038,300.650000,297.493750,0.005555556
8000,633.974364,300.790000,297.494167,0.000000000
8001,412.172779,300.780000,297.500833,0.000000000
8002,193.460883,300.360000,297.513333,0.000000000
8003,22.146298,299.780000,297.531250,0.000000000
8004,0.000000,299.130000,297.552917,0.000000000
8005,0.000000,298.700000,297.575833,0.005555556
8006,0.000000,298.350000,297.599167,0.005555556
8007,0.000000,298.060000,297.629167,0.000000000
8008,0.000000,295.650000,297.590833,0.000000000
8009,0.000000,295.880000,297.520417,0.000000000
8010,0.000000,296.110000,297.482500,0.000000000
8011,0.000000,296.350000,297.462917,0.000000000
8012,0.000000,296.580000,297.549167,0.000000000
8013,0.000000,296.810000,297.641250,0.000000000
8014,0.000000,297.050000,297.729167,0.000000000
8015,0.000000,297.280000,297.822500,0.000000000
8016,0.000000,297.510000,297.924583,0.000000000
8017,114.994312,297.750000,298.040000,0.005555556
8018,296.003616,297.980000,298.147917,0.005555556
8019,519.960425,298.210000,298.208333,0.000000000
8020,651.260082,298.450000,298.221667,0.000000000
8021,755.917014,298.680000,298.201250,0.000000000
8022,547.065490,298.910000,298.158333,0.000000000
8023,439.878935,299.150000,298.095833,0.005555556
8024,338.280789,300.900000,298.100417,0.000000000
8025,254.850100,300.740000,298.098750,0.000000000
8026,113.175774,300.420000,298.101250,0.000000000
8027,16.765810,299.940000,298.107917,0.000000000
8028,0.000000,299.320000,298.115833,0.000000000
8029,0.000000,298.770000,298.118750,0.005555556
8030,0.000000,298.330000,298.117917,0.005555556
8031,0.000000,297.990000,298.115000,0.000000000
8032,0.000000,297.500000,298.192083,0.000000000
8033,0.000000,297.380000,298.254583,0.000000000
8034,0.000000,297.450000,298.310417,0.000000000
8035,0.000000,297.140000,298.343333,0.000000000
8036,0.000000,296.930000,298.357917,0.000000000
8037,0.000000,297.320000,298.379167,0.000000000
8038,0.000000,296.640000,298.362083,0.000000000
8039,0.000000,296.930000,298.347500,0.000000000
8040,0.000000,297.190000,298.334167,0.000000000
8041,23.181896,297.440000,298.321250,0.005555556
8042,42.553801,297.720000,298.310417,0.005555556
8043,100.792021,298.160000,298.308333,0.000000000
8044,123.149352,298.900000,298.327083,0.000000000
8045,216.527563,299.380000,298.356250,0.000000000
8046,392.528117,300.090000,298.405417,0.000000000
8047,259.709541,300.920000,298.479167,0.005555556
8048,165.977466,300.810000,298.475417,0.000000000
8049,59.682231,300.460000,298.463750,0.000000000
8050,20.894498,299.870000,298.440833,0.000000000
8051,3.211154,299.470000,298.421250,0.000000000
8052,0.000000,298.990000,298.407500,0.000000000
8053,0.000000,298.290000,298.387500,0.005555556
8054,0.000000,298.000000,298.373750,0.005555556
8055,0.000000,297.730000,298.362917,0.000000000
8056,0.000000,297.520000,298.363750,0.000000000
8057,0.000000,297.390000,298.364167,0.000000000
8058,0.000000,297.250000,298.355833,0.000000000
8059,0.000000,297.250000,298.360417,0.000000000
8060,0.000000,297.110000,298.367917,0.000000000
8061,0.000000,296.950000,298.352500,0.000000000
8062,0.000000,296.640000,298.352500,0.000000000
8063,0.000000,296.560000,298.337083,0.000000000
8064,0.000000,296.570000,298.311250,0.000000000
8065,102.525335,296.380000,298.267083,0.005555556
8066,279.955560,297.630000,298.263333,0.005555556
8067,509.231519,298.670000,298.284583,0.000000000
8068,665.873036,299.550000,298.311667,0.000000000
8069,735.690356,300.210000,298.346250,0.000000000
8070,796.147400,300.730000,298.372917,0.000000000
8071,770.057127,300.680000,298.362917,0.005555556
8072,591.152334,300.830000,298.363750,0.000000000
8073,385.831254,300.590000,298.369167,0.000000000
8074,183.786081,300.150000,298.380833,0.000000000
8075,21.305886,299.500000,298.382083,0.000000000
8076,0.000000,298.980000,298.381667,0.000000000
8077,0.000000,298.690000,298.398333,0.005555556
8078,0.000000,298.450000,298.417083,0.005555556
8079,0.000000,298.290000,298.440417,0.000000000
8080,0.000000,298.040000,298.462083,0.000000000
8081,0.000000,297.790000,298.478750,0.000000000
8082,0.000000,297.520000,298.490000,0.000000000
8083,0.000000,296.980000,298.478750,0.000000000
8084,0.000000,296.060000,298.435000,0.000000000
8085,0.000000,295.900000,298.391250,0.000000000
8086,0.000000,296.460000,298.383750,0.000000000
8087,0.000000,296.340000,298.374583,0.000000000
8088,0.000000,295.780000,298.341667,0.000000000
8089,224.918341,295.370000,298.299583,0.005555556
8090,379.415511,296.290000,298.243750,0.005555556
8091,586.104052,298.160000,298.222500,0.000000000
8092,745.445367,299.100000,298.203750,0.000000000
8093,841.423526,299.840000,298.188333,0.000000000
8094,854.210516,300.440000,298.176250,0.000000000
8095,711.266784,300.640000,298.174583,0.005555556
8096,583.861609,300.560000,298.163333,0.000000000
8097,406.470880,300.300000,298.151250,0.000000000
8098,185.871542,299.950000,298.142917,0.000000000
8099,22.978694,299.490000,298.142500,0.000000000
8100,0.000000,298.990000,298.142917,0.000000000
8101,0.000000,298.680000,298.142500,0.005555556
8102,0.000000,298.350000,298.138333,0.005555556
8103,0.000000,297.990000,298.125833,0.000000000
8104,0.000000,297.540000,298.105000,0.000000000
8105,0.000000,296.930000,298.069167,0.000000000
8106,0.000000,296.570000,298.029583,0.000000000
8107,0.000000,297.250000,298.040833,0.000000000
8108,0.000000,297.790000,298.112917,0.000000000
8109,0.000000,297.340000,298.172917,0.000000000
8110,0.000000,295.580000,298.136250,0.000000000
8111,0.000000,294.790000,298.071667,0.000000000
8112,0.000000,294.590000,298.022083,0.000000000
8113,225.016850,294.610000,297.990417,0.005555556
8114,379.951397,296.540000,298.000833,0.005555556
8115,571.443769,298.140000,298.000000,0.000000000
8116,693.681611,298.990000,297.995417,0.000000000
8117,828.173848,299.580000,297.984583,0.000000000
8118,812.059900,300.020000,297.967083,0.000000000
8119,709.944223,300.130000,297.945833,0.005555556
8120,637.991157,300.150000,297.928750,0.000000000
8121,426.378612,300.050000,297.918333,0.000000000
8122,199.090812,299.710000,297.908333,0.000000000
8123,23.246270,299.230000,297.897500,0.000000000
8124,0.000000,298.740000,297.887083,0.000000000
8125,0.000000,298.520000,297.880417,0.005555556
8126,0.000000,298.240000,297.875833,0.005555556
8127,0.000000,297.910000,297.872500,0.000000000
8128,0.000000,297.600000,297.875000,0.000000000
8129,0.000000,297.350000,297.892500,0.000000000
8130,0.000000,296.970000,297.909167,0.000000000
8131,0.000000,297.110000,297.903333,0.000000000
8132,0.000000,297.330000,297.884167,0.000000000
8133,0.000000,297.080000,297.873333,0.000000000
8134,0.000000,296.620000,297.916667,0.000000000
8135,0.000000,296.010000,297.967500,0.000000000
8136,0.000000,296.170000,298.033333,0.000000000
8137,188.348952,295.960000,298.089583,0.005555556
8138,314.901004,297.400000,298.125417,0.005555556
8139,442.975706,298.370000,298.135000,0.000000000
8140,604.688598,299.040000,298.137083,0.000000000
8141,817.277409,299.670000,298.140833,0.000000000
8142,866.545629,300.310000,298.152917,0.000000000
8143,782.316801,300.850000,298.182917,0.005555556
8144,653.911996,300.920000,298.215000,0.000000000
8145,438.145237,300.810000,298.246667,0.000000000
8146,207.596129,300.460000,298.277917,0.000000000
8147,25.025452,299.770000,298.300417,0.000000000
8148,0.000000,298.990000,298.310833,0.000000000
8149,0.000000,298.460000,298.308333,0.005555556
8150,0.000000,298.140000,298.304167,0.005555556
8151,0.000000,297.960000,298.306250,0.000000000
8152,0.000000,297.840000,298.316250,0.000000000
8153,0.000000,297.580000,298.325833,0.000000000
8154,0.000000,297.210000,298.335833,0.000000000
8155,0.000000,296.590000,298.314167,0.000000000
8156,0.000000,295.920000,298.255417,0.000000000
8157,0.000000,295.450000,298.187500,0.000000000
8158,0.000000,295.390000,298.136250,0.000000000
8159,0.000000,296.290000,298.147917,0.000000000
8160,0.000000,296.420000,298.158333,0.000000000
8161,214.666375,296.100000,298.164167,0.005555556
8162,357.935129,295.900000,298.101667,0.005555556
8163,566.009145,297.840000,298.079583,0.000000000
8164,719.399067,298.760000,298.067917,0.000000000
8165,823.883417,299.470000,298.059583,0.000000000
8166,847.457628,300.070000,298.049583,0.000000000
8167,772.997622,300.490000,298.034583,0.005555556
8168,638.498930,300.590000,298.020833,0.000000000
8169,440.692425,300.400000,298.003750,0.000000000
8170,203.437048,299.860000,297.978750,0.000000000
8171,25.051364,299.190000,297.954583,0.000000000
8172,0.000000,298.600000,297.938333,0.000000000
8173,0.000000,298.230000,297.928750,0.005555556
8174,0.000000,297.940000,297.920417,0.005555556
8175,0.000000,297.650000,297.907500,0.000000000
8176,0.000000,297.330000,297.886250,0.000000000
8177,0.000000,296.890000,297.857500,0.000000000
8178,0.000000,295.910000,297.803333,0.000000000
8179,0.000000,295.090000,297.740833,0.000000000
8180,0.000000,294.640000,297.687500,0.000000000
8181,0.000000,294.170000,297.634167,0.000000000
8182,0.000000,293.820000,297.568750,0.000000000
8183,0.000000,293.840000,297.466667,0.000000000
8184,0.000000,293.700000,297.353333,0.000000000
8185,231.925255,293.570000,297.247917,0.005555556
8186,381.223910,294.670000,297.196667,0.005555556
8187,599.746785,296.160000,297.126667,0.000000000
8188,764.830734,297.810000,297.087083,0.000000000
8189,858.136129,298.930000,297.064583,0.000000000
8190,883.578063,299.600000,297.045000,0.000000000
8191,802.782718,300.230000,297.034167,0.005555556
8192,651.728099,300.240000,297.019583,0.000000000
8193,446.844777,299.950000,297.000833,0.000000000
8194,209.372784,299.440000,296.983333,0.000000000
8195,26.401453,298.900000,296.971250,0.000000000
8196,0.000000,298.320000,296.959583,0.000000000
8197,0.000000,297.920000,296.946667,0.005555556
8198,0.000000,297.580000,296.931667,0.005555556
8199,0.000000,297.270000,296.915833,0.000000000
8200,0.000000,296.830000,296.895000,0.000000000
8201,0.000000,296.010000,296.858333,0.000000000
8202,0.000000,295.110000,296.825000,0.000000000
8203,0.000000,294.980000,296.820417,0.000000000
8204,0.000000,294.860000,296.829583,0.000000000
8205,0.000000,294.460000,296.841667,0.000000000
8206,0.000000,293.870000,296.843750,0.000000000
8207,0.000000,293.290000,296.820833,0.000000000
8208,0.000000,292.830000,296.784583,0.000000000
8209,186.329499,292.480000,296.739167,0.005555556
8210,265.614441,293.900000,296.707083,0.005555556
8211,466.639864,294.670000,296.645000,0.000000000
8212,699.760379,296.000000,296.569583,0.000000000
8213,867.964618,297.660000,296.516667,0.000000000
8214,894.876406,298.890000,296.487083,0.000000000
8215,825.856046,299.880000,296.472500,0.005555556
8216,677.448872,300.160000,296.469167,0.000000000
8217,463.503056,300.080000,296.474583,0.000000000
8218,218.664701,299.650000,296.483333,0.000000000
8219,27.921454,298.940000,296.485000,0.000000000
8220,0.000000,298.200000,296.480000,0.000000000
8221,0.000000,297.690000,296.470417,0.005555556
8222,0.000000,297.340000,296.460417,0.005555556
8223,0.000000,297.030000,296.450417,0.000000000
8224,0.000000,296.600000,296.440833,0.000000000
8225,0.000000,295.950000,296.438333,0.000000000
8226,0.000000,295.020000,296.434583,0.000000000
8227,0.000000,294.010000,296.394167,0.000000000
8228,0.000000,293.270000,296.327917,0.000000000
8229,0.000000,292.690000,296.254167,0.000000000
8230,0.000000,292.130000,296.181667,0.000000000
8231,0.000000,291.710000,296.115833,0.000000000
8232,0.000000,291.480000,296.059583,0.000000000
8233,281.036612,291.280000,296.009583,0.005555556
8234,398.457434,293.240000,295.982083,0.005555556
8235,610.234002,296.130000,296.042917,0.000000000
8236,777.221172,297.620000,296.110417,0.000000000
8237,873.259033,298.700000,296.153750,0.000000000
8238,897.584018,299.530000,296.180417,0.000000000
8239,828.514802,299.990000,296.185000,0.005555556
8240,678.479320,300.190000,296.186250,0.000000000
8241,464.571511,300.080000,296.186250,0.000000000
8242,218.915618,299.600000,296.184167,0.000000000
8243,28.176676,298.860000,296.180833,0.000000000
8244,0.000000,298.100000,296.176667,0.000000000
8245,0.000000,297.700000,296.177083,0.005555556
8246,0.000000,297.400000,296.179583,0.005555556
8247,0.000000,297.090000,296.182083,0.000000000
8248,0.000000,296.800000,296.190417,0.000000000
8249,0.000000,296.480000,296.212500,0.000000000
8250,0.000000,296.080000,296.256667,0.000000000
8251,0.000000,295.940000,296.337083,0.000000000
8252,0.000000,295.570000,296.432917,0.000000000
8253,0.000000,295.060000,296.531667,0.000000000
8254,0.000000,294.450000,296.628333,0.000000000
8255,0.000000,293.790000,296.715000,0.000000000
8256,0.000000,293.380000,296.794167,0.000000000
8257,279.331393,293.050000,296.867917,0.005555556
8258,386.046098,294.250000,296.910000,0.005555556
8259,595.802495,296.420000,296.922083,0.000000000
8260,760.151691,298.050000,296.940000,0.000000000
8261,854.834568,299.350000,296.967083,0.000000000
8262,869.334840,300.300000,296.999167,0.000000000
8263,801.328462,300.840000,297.034583,0.005555556
8264,656.176071,301.000000,297.068333,0.000000000
8265,449.297648,300.860000,297.100833,0.000000000
8266,209.630204,300.280000,297.129167,0.000000000
8267,27.171012,299.580000,297.159167,0.000000000
8268,0.000000,298.800000,297.188333,0.000000000
8269,0.000000,298.260000,297.211667,0.005555556
8270,0.000000,297.910000,297.232917,0.005555556
8271,0.000000,297.640000,297.255833,0.000000000
8272,0.000000,297.390000,297.280417,0.000000000
8273,0.000000,297.130000,297.307500,0.000000000
8274,0.000000,296.880000,297.340833,0.000000000
8275,0.000000,296.660000,297.370833,0.000000000
8276,0.000000,296.450000,297.407500,0.000000000
8277,0.000000,296.210000,297.455417,0.000000000
8278,0.000000,295.980000,297.519167,0.000000000
8279,0.000000,295.800000,297.602917,0.000000000
8280,0.000000,295.650000,297.697500,0.000000000
8281,265.642874,295.530000,297.800833,0.005555556
8282,366.469451,296.130000,297.879167,0.005555556
8283,571.722565,297.540000,297.925833,0.000000000
8284,733.389386,298.940000,297.962917,0.000000000
8285,827.013328,300.120000,297.995000,0.000000000
8286,843.052775,301.050000,298.026250,0.000000000
8287,775.421837,301.530000,298.055000,0.005555556
8288,634.954618,301.760000,298.086667,0.000000000
8289,432.261053,301.540000,298.115000,0.000000000
8290,201.547076,300.980000,298.144167,0.000000000
8291,24.174913,300.240000,298.171667,0.000000000
8292,0.000000,299.570000,298.203750,0.000000000
8293,0.000000,299.140000,298.240417,0.005555556
8294,0.000000,298.890000,298.281250,0.005555556
8295,0.000000,298.640000,298.322917,0.000000000
8296,0.000000,298.440000,298.366667,0.000000000
8297,0.000000,298.230000,298.412500,0.000000000
8298,0.000000,298.010000,298.459583,0.000000000
8299,0.000000,297.960000,298.513750,0.000000000
8300,0.000000,297.770000,298.568750,0.000000000
8301,0.000000,297.590000,298.626250,0.000000000
8302,0.000000,297.390000,298.685000,0.000000000
8303,0.000000,297.210000,298.743750,0.000000000
8304,0.000000,297.040000,298.801667,0.000000000
8305,38.181946,296.940000,298.860417,0.005555556
8306,318.646282,297.230000,298.906250,0.005555556
8307,545.107927,298.160000,298.932083,0.000000000
8308,711.339111,299.360000,298.949583,0.000000000
8309,808.801510,300.340000,298.958750,0.000000000
8310,762.472829,301.070000,298.959583,0.000000000
8311,709.521544,301.580000,298.961667,0.005555556
8312,605.146186,301.450000,298.948750,0.000000000
8313,415.036110,300.900000,298.922083,0.000000000
8314,153.560871,300.730000,298.911667,0.000000000
8315,22.400263,300.230000,298.911250,0.000000000
8316,0.000000,299.700000,298.916667,0.000000000
8317,0.000000,299.340000,298.925000,0.005555556
8318,0.000000,299.080000,298.932917,0.005555556
8319,0.000000,298.920000,298.944583,0.000000000
8320,0.000000,298.680000,298.954583,0.000000000
8321,0.000000,298.510000,298.966250,0.000000000
8322,0.000000,298.250000,298.976250,0.000000000
8323,0.000000,298.130000,298.983333,0.000000000
8324,0.000000,298.090000,298.996667,0.000000000
8325,0.000000,297.940000,299.011250,0.000000000
8326,0.000000,297.850000,299.030417,0.000000000
8327,0.000000,297.850000,299.057083,0.000000000
8328,0.000000,297.810000,299.089167,0.000000000
8329,26.700969,297.750000,299.122917,0.005555556
8330,239.470656,298.020000,299.155833,0.005555556
8331,306.425095,298.690000,299.177917,0.000000000
8332,457.345083,299.300000,299.175417,0.000000000
8333,544.459567,299.840000,299.154583,0.000000000
8334,584.366958,300.230000,299.119583,0.000000000
8335,659.680286,300.810000,299.087500,0.005555556
8336,540.919450,300.880000,299.063750,0.000000000
8337,329.917521,300.540000,299.048750,0.000000000
8338,155.975137,300.110000,299.022917,0.000000000
8339,23.110399,299.730000,299.002083,0.000000000
8340,0.000000,299.230000,298.982500,0.000000000
8341,0.000000,298.920000,298.965000,0.005555556
8342,0.000000,298.770000,298.952083,0.005555556
8343,0.000000,298.630000,298.940000,0.000000000
8344,0.000000,298.490000,298.932083,0.000000000
8345,0.000000,298.450000,298.929583,0.000000000
8346,0.000000,298.310000,298.932083,0.000000000
8347,0.000000,298.040000,298.928333,0.000000000
8348,0.000000,297.840000,298.917917,0.000000000
8349,0.000000,297.670000,298.906667,0.000000000
8350,0.000000,297.430000,298.889167,0.000000000
8351,0.000000,297.100000,298.857917,0.000000000
8352,0.000000,296.820000,298.816667,0.000000000
8353,37.434143,296.590000,298.768333,0.005555556
8354,292.474813,297.440000,298.744167,0.005555556
8355,514.270416,298.410000,298.732500,0.000000000
8356,626.277628,299.420000,298.737500,0.000000000
8357,711.227528,300.200000,298.752500,0.000000000
8358,791.073634,300.730000,298.773333,0.000000000
8359,694.359058,301.150000,298.787500,0.005555556
8360,406.207716,300.410000,298.767917,0.000000000
8361,299.030612,299.940000,298.742917,0.000000000
8362,158.986288,299.910000,298.734583,0.000000000
8363,16.383280,298.530000,298.684583,0.000000000
8364,0.000000,298.060000,298.635833,0.000000000
8365,0.000000,297.940000,298.595000,0.005555556
8366,0.000000,297.380000,298.537083,0.005555556
8367,0.000000,297.120000,298.474167,0.000000000
8368,0.000000,296.980000,298.411250,0.000000000
8369,0.000000,296.830000,298.343750,0.000000000
8370,0.000000,296.810000,298.281250,0.000000000
8371,0.000000,296.620000,298.222083,0.000000000
8372,0.000000,296.630000,298.171667,0.000000000
8373,0.000000,296.560000,298.125417,0.000000000
8374,0.000000,296.500000,298.086667,0.000000000
8375,0.000000,296.380000,298.056667,0.000000000
8376,0.000000,296.310000,298.035417,0.000000000
8377,28.064610,296.300000,298.023333,0.005555556
8378,88.021922,296.360000,297.978333,0.005555556
8379,143.499764,296.700000,297.907083,0.000000000
8380,200.376598,296.890000,297.801667,0.000000000
8381,200.789240,297.310000,297.681250,0.000000000
8382,359.924178,297.580000,297.550000,0.000000000
8383,191.271798,298.070000,297.421667,0.005555556
8384,201.965411,298.110000,297.325833,0.000000000
8385,147.219322,298.170000,297.252083,0.000000000
8386,107.899372,298.110000,297.177083,0.000000000
8387,15.890947,297.880000,297.150000,0.000000000
8388,0.000000,297.490000,297.126250,0.000000000
8389,0.000000,297.240000,297.097083,0.005555556
8390,0.000000,297.140000,297.087083,0.005555556
8391,0.000000,297.140000,297.087917,0.000000000
8392,0.000000,296.870000,297.083333,0.000000000
8393,0.000000,296.750000,297.080000,0.000000000
8394,0.000000,296.620000,297.072083,0.000000000
8395,0.000000,296.500000,297.067083,0.000000000
8396,0.000000,296.270000,297.052083,0.000000000
8397,0.000000,296.120000,297.033750,0.000000000
8398,0.000000,296.040000,297.014583,0.000000000
8399,0.000000,296.090000,297.002500,0.000000000
8400,0.000000,296.140000,296.995417,0.000000000
8401,23.269873,296.050000,296.985000,0.005555556
8402,133.114931,296.370000,296.985417,0.005555556
8403,298.763653,296.880000,296.992917,0.000000000
8404,533.801157,297.710000,297.027083,0.000000000
8405,602.851360,298.320000,297.069167,0.000000000
8406,769.943193,298.550000,297.109583,0.000000000
8407,716.326265,299.310000,297.161250,0.005555556
8408,505.448782,299.450000,297.217083,0.000000000
8409,363.444939,299.290000,297.263750,0.000000000
8410,143.477709,299.210000,297.309583,0.000000000
8411,17.487649,299.040000,297.357917,0.000000000
8412,0.000000,298.750000,297.410417,0.000000000
8413,0.000000,298.310000,297.455000,0.005555556
8414,0.000000,297.780000,297.481667,0.005555556
8415,0.000000,297.230000,297.485417,0.000000000
8416,0.000000,296.920000,297.487500,0.000000000
8417,0.000000,296.610000,297.481667,0.000000000
8418,0.000000,296.470000,297.475417,0.000000000
8419,0.000000,296.550000,297.477500,0.000000000
8420,0.000000,296.320000,297.479583,0.000000000
8421,0.000000,296.190000,297.482500,0.000000000
8422,0.000000,296.120000,297.485833,0.000000000
8423,0.000000,296.410000,297.499167,0.000000000
8424,0.000000,296.430000,297.511250,0.000000000
8425,33.167267,296.300000,297.521667,0.005555556
8426,237.977424,296.800000,297.539583,0.005555556
8427,444.142177,297.680000,297.572917,0.000000000
8428,693.148712,298.560000,297.608333,0.000000000
8429,750.380007,299.340000,297.650833,0.000000000
8430,770.229127,299.950000,297.709167,0.000000000
8431,749.688549,301.240000,297.789583,0.005555556
8432,579.011482,301.520000,297.875833,0.000000000
8433,351.708889,301.030000,297.948333,0.000000000
8434,167.413461,300.330000,297.995000,0.000000000
8435,12.478293,298.990000,297.992917,0.000000000
8436,0.000000,298.300000,297.974167,0.000000000
8437,0.000000,298.050000,297.963333,0.005555556
8438,0.000000,297.880000,297.967500,0.005555556
8439,0.000000,297.190000,297.965833,0.000000000
8440,0.000000,297.220000,297.978333,0.000000000
8441,0.000000,297.640000,298.021250,0.000000000
8442,0.000000,297.180000,298.050833,0.000000000
8443,0.000000,295.260000,297.997083,0.000000000
8444,0.000000,295.340000,297.956250,0.000000000
8445,0.000000,295.160000,297.913333,0.000000000
8446,0.000000,295.540000,297.889167,0.000000000
8447,0.000000,295.700000,297.859583,0.000000000
8448,0.000000,295.660000,297.827500,0.000000000
8449,32.375475,295.640000,297.800000,0.005555556
8450,279.630265,295.950000,297.764583,0.005555556
8451,399.785854,296.460000,297.713750,0.000000000
8452,482.697517,296.850000,297.642500,0.000000000
8453,583.476206,297.190000,297.552917,0.000000000
8454,683.216854,297.670000,297.457917,0.000000000
8455,522.821491,297.930000,297.320000,0.005555556
8456,529.312693,297.980000,297.172500,0.000000000
8457,370.093344,298.100000,297.050417,0.000000000
8458,160.208179,298.140000,296.959167,0.000000000
8459,25.681444,297.870000,296.912500,0.000000000
8460,0.000000,297.550000,296.881250,0.000000000
8461,0.000000,297.380000,296.853333,0.005555556
8462,0.000000,297.210000,296.825417,0.005555556
8463,0.000000,297.040000,296.819167,0.000000000
8464,0.000000,296.890000,296.805417,0.000000000
8465,0.000000,296.700000,296.766250,0.000000000
8466,0.000000,296.480000,296.737083,0.000000000
8467,0.000000,296.330000,296.781667,0.000000000
8468,0.000000,296.000000,296.809167,0.000000000
8469,0.000000,295.620000,296.828333,0.000000000
8470,0.000000,295.490000,296.826250,0.000000000
8471,0.000000,295.410000,296.814167,0.000000000
8472,0.000000,295.640000,296.813333,0.000000000
8473,32.815359,295.680000,296.815000,0.005555556
8474,189.069030,296.020000,296.817917,0.005555556
8475,463.942620,296.330000,296.812500,0.000000000
8476,569.207661,296.890000,296.814167,0.000000000
8477,663.898959,297.400000,296.822917,0.000000000
8478,530.760447,297.790000,296.827917,0.000000000
8479,581.347519,297.830000,296.823750,0.005555556
8480,407.928715,297.950000,296.822500,0.000000000
8481,348.807921,297.940000,296.815833,0.000000000
8482,164.817454,297.880000,296.805000,0.000000000
8483,28.188457,297.580000,296.792917,0.000000000
8484,0.000000,297.260000,296.780833,0.000000000
8485,0.000000,297.040000,296.766667,0.005555556
8486,0.000000,296.580000,296.740417,0.005555556
8487,0.000000,296.090000,296.700833,0.000000000
8488,0.000000,295.510000,296.643333,0.000000000
8489,0.000000,295.870000,296.608750,0.000000000
8490,0.000000,296.040000,296.590417,0.000000000
8491,0.000000,296.570000,296.600417,0.000000000
8492,0.000000,296.390000,296.616667,0.000000000
8493,0.000000,296.220000,296.641667,0.000000000
8494,0.000000,296.170000,296.670000,0.000000000
8495,0.000000,296.020000,296.695417,0.000000000
8496,0.000000,296.030000,296.711667,0.000000000
8497,28.724436,296.080000,296.728333,0.005555556
8498,128.185195,296.110000,296.732083,0.005555556
8499,295.800512,296.480000,296.738333,0.000000000
8500,382.833359,296.870000,296.737500,0.000000000
8501,554.742683,297.300000,296.733333,0.000000000
8502,648.501362,297.690000,296.729167,0.000000000
8503,645.355102,298.620000,296.762083,0.005555556
8504,512.992126,298.510000,296.785417,0.000000000
8505,200.612926,298.170000,296.795000,0.000000000
8506,151.107078,297.770000,296.790417,0.000000000
8507,13.664007,297.820000,296.800417,0.000000000
8508,0.000000,297.310000,296.802500,0.000000000
8509,0.000000,296.690000,296.787917,0.005555556
8510,0.000000,295.570000,296.745833,0.005555556
8511,0.000000,295.700000,296.729583,0.000000000
8512,0.000000,295.030000,296.709583,0.000000000
8513,0.000000,294.850000,296.667083,0.000000000
8514,0.000000,294.800000,296.615417,0.000000000
8515,0.000000,294.870000,296.544583,0.000000000
8516,0.000000,295.130000,296.492083,0.000000000
8517,0.000000,295.210000,296.450000,0.000000000
8518,0.000000,295.130000,296.406667,0.000000000
8519,0.000000,294.760000,296.354167,0.000000000
8520,0.000000,295.160000,296.317917,0.000000000
8521,21.202417,295.130000,296.278333,0.005555556
8522,74.396941,295.160000,296.238750,0.005555556
8523,154.987814,295.450000,296.195833,0.000000000
8524,464.312248,295.890000,296.155000,0.000000000
8525,528.385419,296.920000,296.139167,0.000000000
8526,686.532521,297.660000,296.137917,0.000000000
8527,661.340715,298.340000,296.126250,0.005555556
8528,409.164415,298.120000,296.110000,0.000000000
8529,362.188190,298.100000,296.107083,0.000000000
8530,129.754988,297.450000,296.093750,0.000000000
8531,23.035339,297.300000,296.072083,0.000000000
8532,0.000000,296.990000,296.058750,0.000000000
8533,0.000000,296.590000,296.054583,0.005555556
8534,0.000000,296.240000,296.082500,0.005555556
8535,0.000000,295.910000,296.091250,0.000000000
8536,0.000000,295.910000,296.127917,0.000000000
8537,0.000000,296.130000,296.181250,0.000000000
8538,0.000000,295.760000,296.221250,0.000000000
8539,0.000000,295.540000,296.249167,0.000000000
8540,0.000000,295.540000,296.266250,0.000000000
8541,0.000000,295.540000,296.280000,0.000000000
8542,0.000000,295.260000,296.285417,0.000000000
8543,0.000000,295.230000,296.305000,0.000000000
8544,0.000000,295.310000,296.311250,0.000000000
8545,33.871081,295.540000,296.328333,0.005555556
8546,157.344575,295.980000,296.362500,0.005555556
8547,404.090025,296.670000,296.413333,0.000000000
8548,435.612991,297.300000,296.472083,0.000000000
8549,636.329082,297.590000,296.500000,0.000000000
8550,648.149071,298.150000,296.520417,0.000000000
8551,547.891110,298.550000,296.529167,0.005555556
8552,466.374774,298.290000,296.536250,0.000000000
8553,278.512076,298.170000,296.539167,0.000000000
8554,114.260160,297.940000,296.559583,0.000000000
8555,24.168546,297.840000,296.582083,0.000000000
8556,0.000000,297.510000,296.603750,0.000000000
8557,0.000000,296.970000,296.619583,0.005555556
8558,0.000000,296.530000,296.631667,0.005555556
8559,0.000000,296.120000,296.640417,0.000000000
8560,0.000000,295.990000,296.643750,0.000000000
8561,0.000000,296.060000,296.640833,0.000000000
8562,0.000000,295.970000,296.649583,0.000000000
8563,0.000000,296.060000,296.671250,0.000000000
8564,0.000000,295.760000,296.680417,0.000000000
8565,0.000000,295.740000,296.688750,0.000000000
8566,0.000000,295.310000,296.690833,0.000000000
8567,0.000000,295.240000,296.691250,0.000000000
8568,0.000000,295.800000,296.711667,0.000000000
8569,31.143799,295.250000,296.699583,0.005555556
8570,262.878469,295.910000,296.696667,0.005555556
8571,389.721791,296.690000,296.697500,0.000000000
8572,525.511277,297.390000,296.701250,0.000000000
8573,581.826144,297.950000,296.716250,0.000000000
8574,680.014781,298.240000,296.720000,0.000000000
8575,641.169244,298.870000,296.733333,0.005555556
8576,589.912182,299.070000,296.765833,0.000000000
8577,420.028432,298.810000,296.792500,0.000000000
8578,150.411525,298.390000,296.811250,0.000000000
8579,15.119627,297.630000,296.802500,0.000000000
8580,0.000000,296.730000,296.770000,0.000000000
8581,0.000000,296.380000,296.745417,0.005555556
8582,0.000000,296.250000,296.733750,0.005555556
8583,0.000000,296.140000,296.734583,0.000000000
8584,0.000000,296.000000,296.735000,0.000000000
8585,0.000000,295.900000,296.728333,0.000000000
8586,0.000000,295.890000,296.725000,0.000000000
8587,0.000000,295.580000,296.705000,0.000000000
8588,0.000000,295.290000,296.685417,0.000000000
8589,0.000000,295.230000,296.664167,0.000000000
8590,0.000000,295.060000,296.653750,0.000000000
8591,0.000000,294.950000,296.641667,0.000000000
8592,0.000000,294.870000,296.602917,0.000000000
8593,33.563162,294.700000,296.580000,0.005555556
8594,315.524188,294.990000,296.541667,0.005555556
8595,516.205875,295.750000,296.502500,0.000000000
8596,629.437252,296.690000,296.473333,0.000000000
8597,666.355319,297.490000,296.454167,0.000000000
8598,640.259627,298.100000,296.448333,0.000000000
8599,640.487148,298.540000,296.434583,0.005555556
8600,544.935400,298.780000,296.422500,0.000000000
8601,344.703416,298.700000,296.417917,0.000000000
8602,209.651491,298.330000,296.415417,0.000000000
8603,36.867134,297.830000,296.423750,0.000000000
8604,0.000000,297.260000,296.445833,0.000000000
8605,0.000000,296.820000,296.464167,0.005555556
8606,0.000000,296.420000,296.471250,0.005555556
8607,0.000000,295.990000,296.465000,0.000000000
8608,0.000000,295.570000,296.447083,0.000000000
8609,0.000000,295.030000,296.410833,0.000000000
8610,0.000000,294.550000,296.355000,0.000000000
8611,0.000000,294.240000,296.299167,0.000000000
8612,0.000000,293.820000,296.237917,0.000000000
8613,0.000000,293.420000,296.162500,0.000000000
8614,0.000000,293.130000,296.082083,0.000000000
8615,0.000000,292.880000,295.995833,0.000000000
8616,0.000000,292.700000,295.905417,0.000000000
8617,33.123278,292.520000,295.814583,0.005555556
8618,368.883354,292.780000,295.722500,0.005555556
8619,591.640532,293.620000,295.633750,0.000000000
8620,769.383174,294.460000,295.540833,0.000000000
8621,878.951115,295.140000,295.442917,0.000000000
8622,904.137766,295.680000,295.342083,0.000000000
8623,846.834645,296.010000,295.236667,0.005555556
8624,707.767730,296.370000,295.136250,0.000000000
8625,501.515168,296.620000,295.049583,0.000000000
8626,255.398907,296.610000,294.977917,0.000000000
8627,43.982586,296.350000,294.916250,0.000000000
8628,0.000000,295.680000,294.850417,0.000000000
8629,0.000000,295.260000,294.785417,0.005555556
8630,0.000000,295.010000,294.726667,0.005555556
8631,0.000000,294.730000,294.674167,0.000000000
8632,0.000000,294.360000,294.623750,0.000000000
8633,0.000000,293.920000,294.577500,0.000000000
8634,0.000000,293.420000,294.530417,0.000000000
8635,0.000000,293.180000,294.486250,0.000000000
8636,0.000000,292.770000,294.442500,0.000000000
8637,0.000000,292.320000,294.396667,0.000000000
8638,0.000000,291.940000,294.347083,0.000000000
8639,0.000000,291.630000,294.295000,0.000000000
8640,0.000000,291.450000,294.242917,0.000000000
8641,32.375475,291.280000,294.191250,0.005555556
8642,382.533607,291.660000,294.144583,0.005555556
8643,600.484234,293.100000,294.122917,0.000000000
8644,775.868654,294.550000,294.126667,0.000000000
8645,880.956894,295.600000,294.145833,0.000000000
8646,898.109355,296.270000,294.170417,0.000000000
8647,841.048651,296.430000,294.187917,0.005555556
8648,700.679060,296.670000,294.200417,0.000000000
8649,497.890001,296.710000,294.204167,0.000000000
8650,255.113725,296.550000,294.201667,0.000000000
8651,44.515663,296.050000,294.189167,0.000000000
8652,0.000000,295.130000,294.166250,0.000000000
8653,0.000000,294.330000,294.127500,0.005555556
8654,0.000000,293.210000,294.052500,0.005555556
8655,0.000000,293.420000,293.997917,0.000000000
8656,0.000000,295.000000,294.024583,0.000000000
8657,0.000000,294.530000,294.050000,0.000000000
8658,0.000000,292.280000,294.002500,0.000000000
8659,0.000000,291.500000,293.932500,0.000000000
8660,0.000000,290.610000,293.842500,0.000000000
8661,0.000000,290.050000,293.747917,0.000000000
8662,0.000000,289.690000,293.654167,0.000000000
8663,0.000000,289.590000,293.569167,0.000000000
8664,0.000000,289.580000,293.491250,0.000000000
8665,33.607151,289.560000,293.419583,0.005555556
8666,371.962382,290.940000,293.389583,0.005555556
8667,589.720485,294.050000,293.429167,0.000000000
8668,768.292525,295.720000,293.477917,0.000000000
8669,870.667095,297.130000,293.541667,0.000000000
8670,894.195485,298.100000,293.617917,0.000000000
8671,840.650732,298.800000,293.716667,0.005555556
8672,703.299770,299.180000,293.821250,0.000000000
8673,496.931210,299.320000,293.930000,0.000000000
8674,252.136937,299.140000,294.037917,0.000000000
8675,45.743937,298.250000,294.129583,0.000000000
8676,0.000000,297.020000,294.208333,0.000000000
8677,0.000000,296.030000,294.279167,0.005555556
8678,0.000000,294.600000,294.337083,0.005555556
8679,0.000000,294.160000,294.367917,0.000000000
8680,0.000000,293.770000,294.316667,0.000000000
8681,0.000000,292.650000,294.238333,0.000000000
8682,0.000000,291.900000,294.222500,0.000000000
8683,0.000000,291.680000,294.230000,0.000000000
8684,0.000000,292.480000,294.307917,0.000000000
8685,0.000000,292.770000,294.421250,0.000000000
8686,0.000000,291.610000,294.501250,0.000000000
8687,0.000000,290.680000,294.546667,0.000000000
8688,0.000000,290.160000,294.570833,0.000000000
8689,40.029460,290.020000,294.590000,0.005555556
8690,309.510072,291.520000,294.614167,0.005555556
8691,523.729319,294.760000,294.643750,0.000000000
8692,703.843051,296.420000,294.672917,0.000000000
8693,806.936198,297.880000,294.704167,0.000000000
8694,870.101486,298.930000,294.738750,0.000000000
8695,825.095578,299.600000,294.772083,0.005555556
8696,698.854133,299.860000,294.800417,0.000000000
8697,496.881173,299.850000,294.822500,0.000000000
8698,261.814440,299.490000,294.837083,0.000000000
8699,48.102585,298.610000,294.852083,0.000000000
8700,0.000000,297.540000,294.873750,0.000000000
8701,0.000000,296.560000,294.895833,0.005555556
8702,0.000000,295.450000,294.931250,0.005555556
8703,0.000000,294.320000,294.937917,0.000000000
8704,0.000000,293.330000,294.919583,0.000000000
8705,0.000000,293.020000,294.935000,0.000000000
8706,0.000000,292.860000,294.975000,0.000000000
8707,0.000000,293.250000,295.040417,0.000000000
8708,0.000000,292.540000,295.042917,0.000000000
8709,0.000000,291.670000,294.997083,0.000000000
8710,0.000000,291.130000,294.977083,0.000000000
8711,0.000000,290.710000,294.978333,0.000000000
8712,0.000000,290.240000,294.981667,0.000000000
8713,33.255243,290.110000,294.985417,0.005555556
8714,346.342407,291.760000,294.995417,0.005555556
8715,573.279770,294.910000,295.001667,0.000000000
8716,757.196516,296.740000,295.015000,0.000000000
8717,839.923634,298.220000,295.029167,0.000000000
8718,889.299966,299.190000,295.040000,0.000000000
8719,830.659549,299.780000,295.047500,0.005555556
8720,700.082062,299.970000,295.052083,0.000000000
8721,492.353589,299.860000,295.052500,0.000000000
8722,254.134249,299.360000,295.047083,0.000000000
8723,46.657674,298.520000,295.043333,0.000000000
8724,0.000000,297.580000,295.045000,0.000000000
8725,0.000000,296.890000,295.058750,0.005555556
8726,0.000000,296.080000,295.085000,0.005555556
8727,0.000000,294.920000,295.110000,0.000000000
8728,0.000000,296.770000,295.253333,0.000000000
8729,0.000000,296.310000,295.390417,0.000000000
8730,0.000000,295.620000,295.505417,0.000000000
8731,0.000000,295.270000,295.589583,0.000000000
8732,0.000000,294.830000,295.685000,0.000000000
8733,0.000000,293.300000,295.752917,0.000000000
8734,0.000000,292.500000,295.810000,0.000000000
8735,0.000000,292.280000,295.875417,0.000000000
8736,0.000000,292.110000,295.953333,0.000000000
8737,32.727382,291.790000,296.023333,0.005555556
8738,339.677927,293.180000,296.082500,0.005555556
8739,560.141807,295.730000,296.116667,0.000000000
8740,730.424879,297.080000,296.130833,0.000000000
8741,835.033214,298.020000,296.122500,0.000000000
8742,869.285116,298.680000,296.101250,0.000000000
8743,821.371881,298.620000,296.052917,0.005555556
8744,683.859544,298.660000,295.998333,0.000000000
8745,489.301173,298.530000,295.942917,0.000000000
8746,253.855410,298.220000,295.895417,0.000000000
8747,48.429320,297.740000,295.862917,0.000000000
8748,0.000000,297.130000,295.844167,0.000000000
8749,0.000000,296.520000,295.828750,0.005555556
8750,0.000000,295.890000,295.820833,0.005555556
8751,0.000000,294.970000,295.822917,0.000000000
8752,0.000000,293.860000,295.701667,0.000000000
8753,0.000000,293.770000,295.595833,0.000000000
8754,0.000000,293.690000,295.515417,0.000000000
8755,0.000000,293.600000,295.445833,0.000000000
8756,0.000000,293.520000,295.391250,0.000000000
8757,0.000000,293.430000,295.396667,0.000000000
8758,0.000000,293.350000,295.432083,0.000000000
8759,0.000000,293.260000,295.472917,0.000000000
