case_id,geometry_version,solver,arrangement,f_interdig,G_T_W_m2,T_in_K,T_amb_K,v_wind_m_s,mdot_total_kg_s,mdot_channel_kg_s,bridge_mm,g_ratio,lambda_G,Dh_in_mm,Dh_out_mm,A_in_mm2,A_out_mm2,Re_in,Re_out,mu_Pa_s,dp_channel_Pa,W_pump_W,q_abs_W_m2,T_sky_K,h_wind_W_m2K,T_out_K,dT_fluid_K,Qu_W,eta,T_plate_mean_K,T_plate_max_K,T_plate_min_K,plate_spread_K,plate_std_K,P90_K,P95_K,P99_K,R4_K4,Tmean_pow4_K4,T_R4_K,Q_solar_W,Q_rad_W,Q_conv_W,Q_rear_W,U_L_W_m2K,T_glass_mean_K,lateral_bridge_W,energy_error_pct,outer_iters,residual,converged,Nu_closure_input,Nu_closure_basis,dataset_rev,k_model,outer_cap,plate_nx,plate_ny
ALT_000,GateA_converged_v1,GRAIL-CHT-1.0,alternating,1,833.0998180592153,292.06544238494786,289.5494984747478,3.0065091853244392,0.003751271843434751,0.0003126059869528959,23.829625230697392,0.9381791981459208,1.926904166501923,5.198875,4.877476378760875,28.056939,24.69516240019809,68.28911555417666,72.78898923482123,0.0008482324657072429,14.305338800237765,5.382468871828143e-05,540.6043036373511,271.97144160341844,17.12473490423287,308.54332306242924,16.47788067748138,258.37838106813814,0.5873881902737962,311.46567982455093,316.34757843507214,299.3664727329311,16.981105702141065,4.063354804148345,315.84227184371343,316.05255383882553,316.24920077248714,9420648699.197672,9411108841.613081,311.54458151004985,285.4390723205214,3.018433445739331,20.889207174976406,3.152859147669377,2.338514560182729,288.0700982039423,219.64266786610594,6.883376697727558e-05,348,9.68859183103632e-07,True,4.48,conjugate_3D_benchmark_H1_type,4,k(T)_cubic_273_373K,3000,richardson_2x220_minus_110,120
ALT_001,GateA_converged_v1,GRAIL-CHT-1.0,alternating,1,484.5320756111663,326.79041688252545,287.06705190862976,3.33261531333765,0.0028023535364404407,0.00023352946137003672,20.21086700464004,0.6723063356073826,0.5626446050661631,5.198875,3.495236600530832,28.056939,12.681618838501977,90.8209533858227,135.08864720689002,0.00047645809355117855,15.515524106136558,4.3610816297451045e-05,314.416255588615,268.4813368312973,18.36393819068307,335.8181951486811,9.027778266155678,105.74993014451113,0.41335541791407665,338.7246705492696,342.1140083914055,330.63218832002184,11.481820071383652,2.868268463512721,341.80600994098467,341.93832555739397,342.0580922036414,13169609463.597118,13163983102.968145,338.7608579584603,166.01178295078873,7.497195772439804,45.332992145075586,7.431458650501644,2.209399116431525,287.95243640210526,117.09651720152473,0.00012438559785389264,413,9.96483720427932e-07,True,4.48,conjugate_3D_benchmark_H1_type,4,k(T)_cubic_273_373K,3000,richardson_2x220_minus_110,120
ALT_002,GateA_converged_v1,GRAIL-CHT-1.0,alternating,1,419.95032765710994,290.3043677028324,297.28222061625,3.0624161357873176,0.002287071793785387,0.00019058931614878227,28.382706470356656,0.8240635844809214,1.4522044719395197,5.198875,4.284203567768251,28.056939,19.05292833666524,38.64943450091525,46.90103437256066,0.0009137439099790477,11.973003830130647,2.7465515894459587e-05,272.5087072689922,282.9387837388334,17.337181315991806,303.7275886608442,13.423220958011825,128.325456745538,0.578736630904794,308.89069136891356,314.22283322254975,296.47764037820787,17.745192844341886,4.555545918974273,313.82852229755036,313.9929727920769,314.1520012864585,9115494149.626812,9103728199.251379,308.9904480933378,143.8845974380279,1.7944653425402957,12.094492625565648,1.6699931716579242,2.538497113118068,295.34505093310855,155.24974542350608,0.0001331505465296474,612,9.803202374314424e-07,True,4.48,conjugate_3D_benchmark_H1_type,4,k(T)_cubic_273_373K,3000,richardson_2x220_minus_110,120
ALT_003,GateA_converged_v1,GRAIL-CHT-1.0,alternating,1,882.516114248624,309.9996398235053,296.54320210335237,2.43910756139583,0.002390127427989617,0.0001991772856658014,24.91944925697403,0.6606925390638025,1.5280476574877842,5.198875,3.4348579240253265,28.056939,12.247264379472528,66.90191387966846,101.26028360251816,0.0005516585521989645,11.262996116950069,2.7000998937274735e-05,572.6708841487317,281.88439678877205,14.968608733304155,334.66255793977246,24.66291811626718,246.40062124372017,0.52879243305596,344.289981974232,354.28053535622,320.948325912705,33.33220944351501,8.507699047443293,353.48462257125595,353.8256513296656,354.13963357428594,14101452268.234262,14050686496.780867,344.60054536425577,302.3702268305304,7.447916110292025,41.652639087127916,6.868845867120487,2.220108689439826,297.6396850379262,300.9854174345317,6.80216230007013e-05,680,9.95550522020494e-07,True,4.48,conjugate_3D_benchmark_H1_type,4,k(T)_cubic_273_373K,3000,richardson_2x220_minus_110,120
ALT_004,GateA_converged_v1,GRAIL-CHT-1.0,alternating,1,475.1486762466718,302.63575277943465,311.734161120509,4.9430841329226505,0.0014730988373608993,0.0001227582364467416,27.529365867418345,0.7968689795538508,1.9054237368625886,5.198875,4.142822216078026,28.056939,17.81616105081785,35.12390535370547,44.077390706525634,0.0006476150459149645,5.492520250441825,8.115371309034151e-06,308.32730205719906,303.81951963093314,24.483719705106072,324.20915084657076,21.57339806713611,132.8393450124003,0.5294967263119965,336.76881442800465,346.7795046338149,313.3895245344166,33.389980099398315,8.787514149258653,346.2845288816712,346.4991869725806,346.69821949940194,12914269619.670317,12862561730.546682,337.10676061367917,162.79681548620113,4.115481789591456,22.240303106513956,3.6014821391308582,2.2663638587764967,311.86002673505504,200.13172176456615,0.00012463164604149284,1085,9.95122945823823e-07,True,4.48,conjugate_3D_benchmark_H1_type,4,k(T)_cubic_273_373K,3000,richardson_2x220_minus_110,120
ALT_005,GateA_converged_v1,GRAIL-CHT-1.0,alternating,1,602.7356684887246,315.60430496369514,284.3833122762884,3.6742844047716505,0.003590308016397938,0.0002991923346998282,20.987311756247063,0.5130161233668782,1.8617415602498641,5.198875,2.667106698368979,28.056939,7.384180720986087,97.80490867094797,190.64685146553143,0.0005668379235333029,26.299441844336265,9.470721853612023e-05,391.1193944320128,264.72517256773557,19.66228073813227,325.95181183157985,10.347506867884704,155.2900800643465,0.4879585123264864,328.13015556991905,331.4406416442449,320.0322155420571,11.408426102187832,2.7634128909730777,331.10592044417774,331.2439460680799,331.3777515393199,11597605422.548544,11592699479.802229,328.16486561208103,206.5110402601028,6.006235752285505,38.92110247632054,6.293415484135936,2.217517585417839,284.53913643159405,141.9992908439931,9.8867690110942e-05,323,9.8158676564708e-07,True,4.48,conjugate_3D_benchmark_H1_type,4,k(T)_cubic_273_373K,3000,richardson_2x220_minus_110,120
ALT_006,GateA_converged_v1,GRAIL-CHT-1.0,alternating,1,728.7408385376815,324.7919895324646,305.4446873685101,0.2335732121363339,0.0020068750396046104,0.00016723958663371753,20.352289447683003,0.6676807849631763,0.6991053871866466,5.198875,3.4711889409254337,28.056939,12.50771692834246,69.94862461709229,104.76357294144698,0.0004430257745578719,9.798928065179844,1.9724397340913267e-05,472.8850313129712,294.6713694499947,6.587578206118069,347.3455631416354,22.553573609170826,189.19601242794423,0.49170536652311203,358.1919814813981,368.1727006596171,334.8555095880996,33.31719107151747,8.595791393359946,367.4582216282156,367.7573314748713,368.04879608198985,16517328540.893667,16461273772.573336,358.4965262597667,249.6832965332488,8.835975983922296,44.062878409737,7.588219229629605,2.171850748481325,308.84225462776874,257.7222752272113,8.339376586307682e-05,835,9.999461099141627e-07,True,4.48,conjugate_3D_benchmark_H1_type,4,k(T)_cubic_273_373K,3000,richardson_2x220_minus_110,120
ALT_007,GateA_converged_v1,GRAIL-CHT-1.0,alternating,1,874.7908753666511,320.13997790194884,301.64373464543695,4.08516320030322,0.004235471876394564,0.000352955989699547,30.967642103974345,0.3823835204628353,0.5324706569091636,5.198875,1.9879641249462232,28.056939,4.102405846890012,129.04245352293873,337.4686580811494,0.0005068238365293902,120.75326107672889,0.0005129859992712292,567.6579225615474,289.18818225839686,21.223620161152233,334.7081469656277,14.568169063678852,257.9188341038516,0.5583993318899971,336.87513760174033,340.8714536045048,326.68447370343955,14.186979901065229,3.3594634908419154,340.4825143306091,340.63427113596214,340.79248320349143,12886453347.21175,12878813071.13151,336.92508876283284,299.723383112497,5.461134349985611,31.27480720601104,5.06838528679199,2.247292913981952,301.8478482207657,204.05382151301347,7.178391505977615e-05,304,9.949961281563446e-07,True,4.48,conjugate_3D_benchmark_H1_type,4,k(T)_cubic_273_373K,3000,richardson_2x220_minus_110,120
ALT_008,GateA_converged_v1,GRAIL-CHT-1.0,alternating,1,551.3601150513252,327.3107326896822,296.25551266708277,2.2553945248509737,0.0038415657189747494,0.00032013047658122914,33.13680713974689,0.8007489895717985,0.6410268919641401,5.198875,4.162993903160085,28.056939,17.990079667096687,125.21766554048685,156.3756772361925,0.0004737295828982529,12.983915770805798,5.0028651678217814e-05,357.78143817761026,281.4742938545409,14.2704991944337,336.04165475179593,8.730922062113734,140.19891751541996,0.4815877057871623,337.6478979378412,340.2402603825906,331.18966438550143,9.050595997089147,2.183805483118816,339.9950479611721,340.09400973058706,340.1932020135729,13000639140.047676,12997391517.106554,337.66898775277866,188.90859935777823,6.247196667555083,36.50798634786127,5.954703443167944,2.22874774439899,296.7595306938881,120.6303350530701,-0.00011070240046796302,306,9.764841593096207e-07,True,4.48,conjugate_3D_benchmark_H1_type,4,k(T)_cubic_273_373K,3000,richardson_2x220_minus_110,120
ALT_009,GateA_converged_v1,GRAIL-CHT-1.0,alternating,1,664.23833401132,292.46794144455544,311.34424210841786,3.090601604823307,0.0018414546183838584,0.0001534545515319882,26.378163573875806,0.9050876313544999,1.7020758506653522,5.198875,4.705437459458126,28.056939,22.983784868228888,37.61351640519242,41.5578725221361,0.0007559706338080488,6.665353687482778,1.2310878967880684e-05,431.0289046082836,303.2496689225302,17.444286098328565,318.8052363783332,26.33729493377774,202.72554157664896,0.5780303088366633,331.8731983282339,343.5365887664348,304.9567935744766,38.579795191958226,10.070676428459894,342.8148540115932,343.11128484732444,343.40926920149013,12196664994.96525,12130779898.662176,332.32290363675565,227.58326163317375,3.3680830734263396,18.536143498713923,2.9532931114540495,2.2932980495679316,311.1130108054173,280.7438065999696,8.810069396961863e-05,894,9.929684665621608e-07,True,4.48,conjugate_3D_benchmark_H1_type,4,k(T)_cubic_273_373K,3000,richardson_2x220_minus_110,120
ALT_010,GateA_converged_v1,GRAIL-CHT-1.0,alternating,1,939.2449105405487,314.72828944652827,300.4743681037212,0.28098576792685104,0.002040957418356762,0.0001700797848630635,30.176335304290497,0.4072603995417007,1.8042564112225776,5.198875,2.117295909667359,28.056939,4.653552886336211,64.50706013752003,158.392665258177,0.0004885562075230315,21.582966065145563,4.418246208706227e-05,609.4825971641358,287.50819194956523,6.767745918122034,344.64061840885006,29.912328962321794,255.18812092919006,0.5145738131442318,358.57624875125185,371.4942966680189,328.53053467490776,42.96376199311112,11.143589959474971,370.6662769017966,371.00816998575465,371.3440171913781,16626189609.037285,16532025942.944952,359.085759402593,321.8068113026637,9.615926152900796,48.644024945639444,8.358529388515331,2.1715607251404005,304.0957102397696,341.2898250715254,6.471398487335979e-05,841,9.960380111806444e-07,True,4.48,conjugate_3D_benchmark_H1_type,4,k(T)_cubic_273_373K,3000,richardson_2x220_minus_110,120
ALT_011,GateA_converged_v1,GRAIL-CHT-1.0,alternating,1,434.8821241620741,320.9100904278072,291.0778239157642,1.1652801234327317,0.004072181417403835,0.00033934845145031957,20.339255117031765,0.856707988038188,1.0130279055926943,5.198875,4.453917741312035,28.056939,20.592350447528943,117.22826273894164,136.83572976526995,0.0005363924178702492,12.314167800496847,5.0296414531570624e-05,282.19805454363893,274.1275956726007,10.12806446904438,327.0861110277951,6.176020599987908,105.12648302083548,0.45783254007759194,328.1068326961646,329.924629356663,323.54533901905535,6.379290337607642,1.5131741009612454,329.73124579360683,329.81191118705186,329.88695883899334,11590877671.548801,11589403882.167063,328.1172632867474,149.00057279904135,5.282142401373992,33.26516849481571,5.326988639079841,2.244047835494864,290.8503701542997,87.17375780878749,-0.00013869971626798074,315,9.828058864513878e-07,True,4.48,conjugate_3D_benchmark_H1_type,4,k(T)_cubic_273_373K,3000,richardson_2x220_minus_110,120
ALT_012,GateA_converged_v1,GRAIL-CHT-1.0,alternating,1,857.3034172462809,311.29728731059436,285.3093332729495,4.527094762474661,0.003587817107497725,0.00029898475895814375,33.30602017031029,0.729045322617176,0.9296834865476368,5.198875,3.790215501621371,28.056939,14.912461789805983,95.2642191941981,130.66981741575708,0.0005815516947166461,17.0384853711326,6.131491404252685e-05,556.3101885750324,266.01923858215486,22.90296009740371,327.3440973204253,16.04681000983095,240.65522140147556,0.5316512158944605,330.63567022098795,335.5688289826668,318.5189199231812,17.04990905948557,4.158615981231961,335.1186767379565,335.2984814527489,335.4813389712269,11962111686.112284,11950850685.814312,330.71353023205273,293.73177956761714,6.325653958862406,40.2300561892701,6.520641246576056,2.2177786949960323,285.57864362855554,216.51860162937064,7.091090658421564e-05,380,9.89235331871896e-07,True,4.48,conjugate_3D_benchmark_H1_type,4,k(T)_cubic_273_373K,3000,richardson_2x220_minus_110,120
ALT_013,GateA_converged_v1,GRAIL-CHT-1.0,alternating,1,888.5517730810826,324.1227465461296,290.3728773971053,0.5669463751235433,0.0018944939391162964,0.00015787449492635802,30.411111120150004,0.9722093263379317,1.1786881563015223,5.198875,5.054394761465115,28.056939,26.519165506997766,67.87116017528443,69.8112621804792,0.00043101837851893345,3.537713366910424,6.722343562630396e-06,576.5874654147259,273.1323554222001,7.854396225469465,351.73659588283675,27.613849336707176,218.67364945298044,0.4661007401734154,365.56768526632385,377.8526439393592,336.8927324375107,40.959911501848524,10.647709311932125,377.11255637147434,377.4143239316731,377.71926727171297,17948972160.294353,17859578105.605762,366.0242808218007,304.4381817389753,12.306409593905329,62.64040179394286,10.817515791811799,2.1601601347494817,295.41142607265385,304.17367317412834,6.792898354544717e-05,905,9.8660251524052e-07,True,4.48,conjugate_3D_benchmark_H1_type,4,k(T)_cubic_273_373K,3000,richardson_2x220_minus_110,120
ALT_014,GateA_converged_v1,GRAIL-CHT-1.0,alternating,1,646.9750452546116,331.8155890653097,286.7166566650029,4.985774134418909,0.0019166059664500528,0.00015971716387083775,27.705656401626324,0.9898720703305586,0.8577232950183382,5.198875,5.146221159639784,28.056939,27.491499529514897,71.19656080915904,71.92501227495345,0.00041568242409445184,3.349316492897943,6.438635881462149e-06,419.82663569103414,267.98992269998433,24.645941710791853,349.1062305725577,17.290641507247983,138.522469107939,0.40550738875257775,357.7477711677605,365.44350857463553,339.75510879362093,25.688399781014596,6.667735613495966,364.96144728508887,365.1576265834008,365.3569716963654,16413486901.40395,16379768023.842533,357.93174130035396,221.66846364486605,11.275605176033524,61.651656333845786,10.218527377315285,2.2169647147468354,288.6988912499024,192.3881311390761,9.282464389256981e-05,838,9.871691872831434e-07,True,4.48,conjugate_3D_benchmark_H1_type,4,k(T)_cubic_273_373K,3000,richardson_2x220_minus_110,120
ALT_015,GateA_converged_v1,GRAIL-CHT-1.0,alternating,1,641.1758263136524,330.89281848046704,303.7740273078725,4.701725738622171,0.0012767344342036106,0.00010639453618363422,33.86625759785724,0.8650362200405126,1.6170680577232628,5.198875,4.4972151784631205,28.056939,20.994661286680984,49.70415832958936,57.45904874048111,0.0003966392509037133,2.6234434207445427,3.359519108775796e-06,416.0634819257131,292.25707680558617,23.566557806764248,356.6777018478662,25.784883367399175,137.60747463420478,0.4064723066816704,372.9558311008171,384.9846195106046,344.3818517852511,40.60276772535349,10.703484794982938,384.484222520566,384.7320157154827,384.9108682166642,19441662778.174316,19347711668.661636,373.40777069794797,219.68151845677653,12.66347648887509,59.45787190636892,9.952485766541292,2.246880773457506,306.36395504151324,215.62777793235495,9.58293494554767e-05,1267,9.949911827789037e-07,True,4.48,conjugate_3D_benchmark_H1_type,4,k(T)_cubic_273_373K,3000,richardson_2x220_minus_110,120
ALT_016,GateA_converged_v1,GRAIL-CHT-1.0,alternating,1,442.5428206356087,305.832052238647,292.4692619619114,4.167839372881797,0.0017752152251071546,0.00014793460209226288,22.50049661108444,0.813100691887475,1.7758041048522588,5.198875,4.227208859536497,28.056939,18.549360820947523,42.1355492070975,51.820825670787436,0.000650564253547398,6.525023842603961,1.1618176198172258e-05,287.16913411019084,276.0955592778319,21.53778961695083,320.57051454451175,14.738462305864743,109.36528040256299,0.4680478435649385,328.1195012596672,334.73768799118557,312.6828119590137,22.054876032171876,5.728478710862597,334.3201258486929,334.4899719360184,334.6644898371801,11612138819.62774,11591193904.050306,328.26762627943015,151.62530281018078,5.137693543794771,31.993490733563522,5.1286390312489845,2.245087909734937,292.28729769562165,153.95140401494675,0.00013165972713679523,855,9.933478395396378e-07,True,4.48,conjugate_3D_benchmark_H1_type,4,k(T)_cubic_273_373K,3000,richardson_2x220_minus_110,120
ALT_017,GateA_converged_v1,GRAIL-CHT-1.0,alternating,1,931.5965195246023,328.1698452762267,288.0415165537854,4.402313844891903,0.003951260399433582,0.00032927169995279853,21.965495043440868,0.6061610860236604,0.573954648379831,5.198875,3.1513557161012575,28.056939,10.308996510501675,137.08414160110786,226.15133957272377,0.0004450781523727685,26.777169031271484,0.00010612193340240955,604.519502695151,269.84955796102264,22.428792610589227,343.3862608003711,15.216415524144395,251.31840394225065,0.5109313052082864,346.11965466002465,350.6876783414782,334.6823966782206,16.00528166325762,3.8186560945463244,350.21902989298445,350.4139017299146,350.601024611602,14362169282.454578,14351756157.340559,346.1824206203771,319.1862974230397,8.765173538210714,50.747390914726545,8.355113789451574,2.2131852231871125,289.28337953318936,215.09046849832336,6.670450781357297e-05,343,9.904962325890665e-07,True,4.48,conjugate_3D_benchmark_H1_type,4,k(T)_cubic_273_373K,3000,richardson_2x220_minus_110,120
ALT_018,GateA_converged_v1,GRAIL-CHT-1.0,alternating,1,854.4474224561814,297.9633716660752,303.11988818633796,0.5544396679637325,0.0033314333993990416,0.00027761944994992015,24.06222780866954,0.932491986717556,1.1102894745920222,5.198875,4.8479092774462345,28.056939,24.396667360570778,70.84621859521657,75.97515003276408,0.0007261098065373767,11.378108515827217,3.8019469139030544e-05,554.4569135637731,291.31357696085917,7.806870738262184,317.2835432500108,19.320171583935576,269.0409552688048,0.5963471249078603,321.7256154083973,328.0427519935876,306.41317550246515,21.629576491122464,5.2770626584844385,327.4182670742546,327.6789233844902,327.92600149384236,10730911999.575016,10713775977.59241,321.85418337581046,292.7532503616722,2.9437381706734325,18.091744104599293,2.676617624887359,2.413754069437915,301.46314817769456,255.14987686201025,6.791038356024846e-05,427,9.733550996315898e-07,True,4.48,conjugate_3D_benchmark_H1_type,4,k(T)_cubic_273_373K,3000,richardson_2x220_minus_110,120
ALT_019,GateA_converged_v1,GRAIL-CHT-1.0,alternating,1,739.0229220561592,306.3072583328939,286.91081370228204,1.997329379786492,0.001520964024683455,0.0001267470020569546,31.994648889612314,0.8170667829732507,1.6491924824416198,5.198875,4.247828071330059,28.056939,18.730759949272183,41.20713019248449,50.433001379072756,0.000569946923273797,4.925328026020507,7.513788101647308e-06,479.557147282696,268.2621824514243,13.289851643188669,334.53838219245284,28.23112385955892,179.48302934510633,0.45997217362960957,350.62311715784244,363.5887611679957,320.2566999832508,43.33206118474487,11.372674900544947,362.96011741825447,363.2326272314458,363.4832597809377,15207041774.634699,15113400313.557281,351.1649682411243,253.20617376526351,9.772792163816334,54.78450148612846,9.165644122157032,2.1915259673480403,289.2653420480974,267.1058667514326,8.155127926319931e-05,1101,9.960066336134332e-07,True,4.48,conjugate_3D_benchmark_H1_type,4,k(T)_cubic_273_373K,3000,richardson_2x220_minus_110,120
ALT_020,GateA_converged_v1,GRAIL-CHT-1.0,alternating,1,740.7045886655048,295.68314810912653,287.9219982084813,2.684940974452723,0.0038491279832270357,0.00032076066526891966,25.751871110368008,0.6300501947959543,1.2157414675819438,5.198875,3.275552206469817,28.056939,11.137573633323488,73.7641157272458,117.0765699884194,0.0008057587912951581,31.87875456115313,0.00012307463014218757,480.6483925171667,269.68162057205126,15.902775702920348,309.62215751869786,13.939009409571327,224.2696703192161,0.5734447578468805,311.9963190837495,316.05973772496054,301.9318088011472,14.127928923813329,3.396426028422842,315.6575765278807,315.82161332513147,315.98261076858716,9482102232.02484,9475407166.654366,312.0514165184801,253.78235124906405,3.2707114220461575,22.778439135943902,3.4633288337979096,2.3217780191350985,286.48482754981353,187.76518198150973,7.872383311368044e-05,325,9.775525313671096e-07,True,4.48,conjugate_3D_benchmark_H1_type,4,k(T)_cubic_273_373K,3000,richardson_2x220_minus_110,120
ALT_021,GateA_converged_v1,GRAIL-CHT-1.0,alternating,1,575.8091286642341,332.27796013766084,294.47440566283205,1.4149459569252847,0.004332089091958844,0.0003610074243299037,32.09088448750022,0.6764081104688351,0.91528275687836,5.198875,3.5165612153136654,28.056939,12.836833276339465,151.27520906076987,223.6448775812539,0.0004421986977958405,18.668334680990565,8.111623774980564e-05,373.64657425412213,278.9397508211588,11.076794636316082,340.1561264849521,7.8781663472912555,142.6588793205436,0.4692306147823772,341.2792827963367,343.4252151638602,335.7763181433113,7.648897020548873,1.8018561894353287,343.21281205533774,343.2956406876803,343.38155138061734,13567882372.68156,13565621695.240824,341.2935002458391,197.28539120617648,7.07137636971554,40.82200247849537,6.733343855417446,2.2104385087604186,295.5592857230918,111.18050692935162,-0.00010739499349136319,284,9.72332486526284e-07,True,4.48,conjugate_3D_benchmark_H1_type,4,k(T)_cubic_273_373K,3000,richardson_2x220_minus_110,120
ALT_022,GateA_converged_v1,GRAIL-CHT-1.0,alternating,1,481.30889358517777,293.4261382564862,285.901627169421,3.64468997088623,0.001590809109006416,0.00013256742575053467,21.690379866721738,0.5764008796456099,0.8464371531420695,5.198875,2.9966361231675704,28.056939,9.32158057157931,30.48420465337441,52.88715845145324,0.0008058070117238955,18.891644592115714,3.014343059302856e-05,312.3247102096769,266.84804068226003,19.549821889367674,311.82530951809736,18.399171261611173,122.34679942796573,0.48143183358405717,321.8774081998978,330.2597273957995,302.33496156135624,27.924765834443235,7.311532282014261,329.80326819333305,329.9947771832003,330.1802142271729,10766764025.060247,10734009682.108446,322.12267629133623,164.9074469907094,4.909842654700898,32.475135926927685,5.175471424793103,2.2405986678194583,285.5057696377151,178.19226534247596,0.00012030035893929022,972,9.972085308618261e-07,True,4.48,conjugate_3D_benchmark_H1_type,4,k(T)_cubic_273_373K,3000,richardson_2x220_minus_110,120
ALT_023,GateA_converged_v1,GRAIL-CHT-1.0,alternating,1,840.5578545131132,314.36622555450464,305.38920059074565,2.218798755709883,0.0016515560946089598,0.00013762967455074665,22.23381372332959,0.7580689848174975,1.93852390057473,5.198875,3.9411058934430683,28.056939,16.123441455386054,52.69805626014747,69.51617506530006,0.0004839344881616686,4.9667875036908935,8.22761100536441e-06,545.4438756985406,294.59107853532447,14.131435271697555,346.1694424035874,31.803216849082787,219.5536498518413,0.4946968305690743,363.87841774469973,378.65760702052194,329.3561586670603,49.30144835346164,12.864953786852947,377.7865937420729,378.1473819739496,378.50389236714426,17660647771.592686,17531746824.315773,364.5454291729718,287.99436636882945,10.291032891530339,49.73522525981218,8.414251570587643,2.216178903878517,308.1757521414222,323.58204985042863,7.20221501136992e-05,1045,9.93904393453704e-07,True,4.48,conjugate_3D_benchmark_H1_type,4,k(T)_cubic_273_373K,3000,richardson_2x220_minus_110,120
ALT_024,GateA_converged_v1,GRAIL-CHT-1.0,alternating,1,663.4160035645798,310.5827117804662,298.916339551277,4.290005907723083,0.0031277797126653926,0.0002606483093887827,34.931395342996524,0.783806408221136,1.2722145457524183,5.198875,4.074911540540659,28.056939,17.236850212094293,80.96535363715972,103.29764185127318,0.0005965196891079064,12.062710463654337,3.784303015844994e-05,430.49528862508066,285.27489932392865,22.002022449347713,325.2142236222933,14.631511841827091,191.29412988076913,0.5461120721596818,329.0531302501967,333.9905186408996,317.2205563525965,16.769962288303134,4.188742720751572,333.58288225608675,333.7473510475928,333.91109101431437,11734994036.185349,11723684061.24639,329.1324619058667,227.3015123940426,4.504971708761782,27.166731071598907,4.335474995389199,2.2628753305499645,298.62682116020443,191.78501820056866,9.002694537734528e-05,444,9.855535267888627e-07,True,4.48,conjugate_3D_benchmark_H1_type,4,k(T)_cubic_273_373K,3000,richardson_2x220_minus_110,120
ALT_025,GateA_converged_v1,GRAIL-CHT-1.0,alternating,1,421.5005918573323,298.6573392290255,310.43000087410496,1.8860925711040535,0.004410445175473992,0.000367537097956166,21.54457777508085,0.8089643779785041,1.6980640840407666,5.198875,4.205704680562996,28.056939,18.36111642743867,84.41001292454406,104.34330017778235,0.0008068193449888128,20.447330209938123,9.045318844106841e-05,273.51468456036594,301.91494185263116,12.867151770195402,306.5293401620233,7.872000932997764,145.125539281595,0.6520962988472974,307.51674529687256,309.61472479650365,302.1500237621976,7.464701034306074,1.743729843388729,309.3922577438599,309.4793046224724,309.56869459979805,8944551034.518242,8942832121.299738,307.53152127876547,144.41575344787321,-0.03731233462873539,-0.25317852582157574,-0.4191005882627664,0.46143955314175683,307.80030124113745,108.53489022181824,-0.00013598808428877022,263,9.578354251971177e-07,True,4.48,conjugate_3D_benchmark_H1_type,4,k(T)_cubic_273_373K,3000,richardson_2x220_minus_110,120
ALT_026,GateA_converged_v1,GRAIL-CHT-1.0,alternating,1,408.50907704273624,296.4790712363447,312.56910287978417,1.2345751946256387,0.0018717639114603098,0.0001559803259550258,30.58581891513459,0.6131362993740954,1.628735291461313,5.198875,3.1876189784085005,28.056939,10.547616831912851,37.478845005047226,61.126449442491904,0.0007711745922221762,13.918714869327896,2.6130941009341984e-05,265.08439965657084,305.04095162594473,10.391385739577427,312.9161164201785,16.437045183833845,128.60300018207644,0.5962322550745889,320.78232009567984,327.89135638666124,304.2769377647842,23.614418621877064,6.152025081735347,327.46798500382465,327.6418600704115,327.8171349902126,10611756194.196503,10588676900.813963,320.9569733073183,139.9645630186694,1.4895778070523766,8.690236414642847,1.181552416345782,2.6199369707762687,311.0493927692317,174.31808545099338,0.00014037505623556437,814,9.856506721916958e-07,True,4.48,conjugate_3D_benchmark_H1_type,4,k(T)_cubic_273_373K,3000,richardson_2x220_minus_110,120
ALT_027,GateA_converged_v1,GRAIL-CHT-1.0,alternating,1,533.7717249623478,328.4800653141074,305.64624468197803,1.6442984620085008,0.0032209435954548213,0.0002684119662879018,29.379524285696817,0.5079446953905744,1.335486918080236,5.198875,2.6407409782486724,28.056939,7.2389094870090265,108.3050759052246,213.22218124936904,0.0004592214336596029,23.375367237683403,7.55172912694291e-05,346.3682087301421,294.9630898616225,11.948334155632303,338.91669750236696,10.43663218825958,140.5140590684499,0.4985747641294351,341.60104207813,345.1540998743312,333.0326188358035,12.121481038527747,2.9986847266077863,344.83477712014576,344.96785086356704,345.09437487844207,13623110527.935247,13616852949.04381,341.6402807187527,182.88241420951505,5.73339947361819,31.462294578778398,5.172452721745493,2.231777194402044,306.36376980524057,139.90393676628128,0.00011446302753383241,389,9.91254353266413e-07,True,4.48,conjugate_3D_benchmark_H1_type,4,k(T)_cubic_273_373K,3000,richardson_2x220_minus_110,120
ALT_028,GateA_converged_v1,GRAIL-CHT-1.0,alternating,1,774.0704827830687,292.8302858882695,287.7378441888248,0.8734692354637669,0.0043438929660902705,0.00036199108050752256,28.640103531612404,0.5047817753499757,1.6718012767768196,5.198875,2.6242973523226047,28.056939,7.14903826175152,77.53292124714763,153.5969106519197,0.0008651288795630653,53.243510109310705,0.00023198004920139517,502.2997547713127,269.4229306516038,9.019183094762314,306.0150952411693,13.184809352899833,239.4028145385257,0.5857534056127403,307.6857797386612,311.1526950303071,298.904906254328,12.247788775979075,2.892976288481195,310.80251499646806,310.93790375346407,311.08136676550595,8967239710.873594,8962510964.659052,307.72635654206664,265.2142705192531,2.807483327315254,20.13406873667084,2.8697075494853914,2.4506462422991477,285.13594122454055,179.16892426010105,7.571504531127652e-05,269,9.736766060086666e-07,True,4.48,conjugate_3D_benchmark_H1_type,4,k(T)_cubic_273_373K,3000,richardson_2x220_minus_110,120
ALT_029,GateA_converged_v1,GRAIL-CHT-1.0,alternating,1,524.0092100598043,326.54134128328894,294.71308538018474,4.844737563251959,0.001014528745999696,8.454406216664134e-05,36.72028606042984,0.9117852116737594,1.3510623911215758,5.198875,4.740257342340416,28.056939,23.32519998938327,36.393210632528884,39.914236562053965,0.000430459034769681,2.108985362037262,2.1460644680836296e-06,340.0332444722774,279.27895220061794,24.110002740357444,349.4424623578663,22.90112107457736,97.1174747993528,0.35101408111017446,364.6388391568251,375.02457180295454,339.68750605294645,35.337065750008094,9.342345230653564,374.65203762098315,374.88495269926193,374.98198519881976,17747262093.18454,17678755967.313053,364.9915757483973,179.53755308136246,11.88252993975705,60.47782699363164,10.059510319499045,2.232348236223284,296.90462953294275,154.95808202817327,0.00011779885454464406,1476,9.933021374308737e-07,True,4.48,conjugate_3D_benchmark_H1_type,4,k(T)_cubic_273_373K,3000,richardson_2x220_minus_110,120
ALT_030,GateA_converged_v1,GRAIL-CHT-1.0,alternating,1,850.1571477206317,305.2806660151805,306.4101430036952,1.9029389276206157,0.002573002238258382,0.0002144168531881985,30.026066320708033,0.6171630365983197,1.1913618613072217,5.198875,3.20855348189509,28.056939,10.686613492691576,65.68188855789492,106.42550616757684,0.00060489831389191,16.87116657831333,4.3540169877663185e-05,551.6729242559518,296.06957754500706,12.93116792495834,328.95846340445047,23.677797389269983,254.65824734081215,0.5673154521178195,337.20513428859584,346.27333235511264,315.9203478334846,30.35298452162806,7.7117363610936716,345.54344635168457,345.86051694269986,346.1410029805668,12969409763.693449,12929350662.427984,337.4660226473269,291.28330400714253,4.914895014672988,27.27979033018147,4.430163650560858,2.2524973942641475,306.65220061730776,293.0846055541829,7.051299179810936e-05,613,9.947850685421145e-07,True,4.48,conjugate_3D_benchmark_H1_type,4,k(T)_cubic_273_373K,3000,richardson_2x220_minus_110,120
ALT_031,GateA_converged_v1,GRAIL-CHT-1.0,alternating,1,542.6066359886486,322.4070601926028,306.85082459930993,4.480982479310116,0.0013349104657197817,0.00011124253880998181,23.676514265123775,0.6881033543242737,1.4122110122696674,5.198875,3.5773633262126086,28.056939,13.284574166740319,44.835105731057446,65.15751659877618,0.00045975004586628444,4.975650058009935,6.66203343650622e-06,352.1012443394859,296.70852170471807,22.72773342137844,344.7567374854263,22.349677292823515,124.70953975685643,0.4352919674769745,358.60254020145607,369.1250119057646,333.6490031725335,35.47600873323108,9.303349263258218,368.62956236916216,368.8517567299611,369.04646424517733,16602571663.4091,16536875106.767456,358.9581686914118,185.90945701124858,8.990775280308162,44.76393994957837,7.444995427785877,2.2397119176686355,308.4676355122565,193.96592117017423,0.0001117537388183452,1205,9.939438996298122e-07,True,4.48,conjugate_3D_benchmark_H1_type,4,k(T)_cubic_273_373K,3000,richardson_2x220_minus_110,120
ALT_032,GateA_converged_v1,GRAIL-CHT-1.0,alternating,1,412.81067601091894,329.7280985667402,307.2950056532993,1.3739993882014443,0.0034573680040505886,0.00028811400033754907,24.32794892888765,0.4488959135365547,0.9705208258507926,5.198875,2.333753742487356,28.056939,5.653684791202711,115.61836936738243,257.5616437594666,0.0004617496874039255,40.67303217226931,0.00014104477438327395,267.87573733821733,297.35300418149967,10.921197675165487,336.9510687809073,7.2229702141671055,104.38490835096805,0.4789088595504793,338.5834920052034,340.95092688446675,332.8070175217883,8.143909362678471,1.9884668998955126,340.72451787998733,340.818841669606,340.9080953391189,13144757481.911879,13142050122.564404,338.6009283329998,141.43838931457876,4.97916630418508,27.57336255725252,4.501157790073475,2.2429032357231624,307.70176208317906,98.58985190218536,-0.00014694659527041476,371,9.844375767897873e-07,True,4.48,conjugate_3D_benchmark_H1_type,4,k(T)_cubic_273_373K,3000,richardson_2x220_minus_110,120
ALT_033,GateA_converged_v1,GRAIL-CHT-1.0,alternating,1,829.0544753828651,291.82627592162214,298.6826178963398,2.823196513764824,0.002151273215328523,0.00017927276794404358,26.562236360125908,0.6200758348768931,0.7400631040593887,5.198875,3.223696756045608,28.056939,10.787725854152129,43.80223575481647,70.64012704754533,0.0007583804574489078,21.21674944487707,4.5780365894784705e-05,537.9792524572688,284.94038154500583,16.42814675230633,319.15576536328035,27.32948944165821,245.7555702501716,0.5614180606912383,330.74778693217286,342.1435698009784,304.4497156232398,37.693854177738615,9.755596097461423,341.34535933933176,341.6767818210139,341.99904165769277,12028542785.37659,11967068799.870955,331.17172813897116,284.0530452974379,4.872921847764877,28.811465605222025,4.612891265252264,2.2620525280678363,298.47940118013724,313.5822937855963,7.002818727611031e-05,758,9.82521157766314e-07,True,4.48,conjugate_3D_benchmark_H1_type,4,k(T)_cubic_273_373K,3000,richardson_2x220_minus_110,120
ALT_034,GateA_converged_v1,GRAIL-CHT-1.0,alternating,1,648.1786574243745,315.06896520412084,283.65089960658884,0.48103562906764297,0.0028663792839233333,0.00023886494032694444,22.467043912510267,0.8369267388620002,1.2616291811870377,5.198875,4.351077499501182,28.056939,19.65238096986744,79.69787646205529,95.22682543327916,0.0005553601941016836,9.082411586961902,2.611197233794668e-05,420.60766805327853,263.70315489907034,7.527935390457044,328.8388782250802,13.769913020959336,164.98373651526273,0.48207264211261125,333.04717493904195,338.12060069539916,320.97129889268206,17.149301802717105,4.270728766592047,337.6490917011607,337.8529513298484,338.03365685003945,12315377827.904926,12303339736.00209,333.1286118165194,222.08084873213107,6.841079384286308,43.149687238545646,7.106142080911316,2.1892029182341757,284.7202077527313,178.37623712930215,9.131157359374171e-05,498,9.86018960702495e-07,True,4.48,conjugate_3D_benchmark_H1_type,4,k(T)_cubic_273_373K,3000,richardson_2x220_minus_110,120
ALT_035,GateA_converged_v1,GRAIL-CHT-1.0,alternating,1,777.928354023067,327.009682742087,304.33671808611285,3.5831041509768413,0.001289013111125129,0.00010741775926042742,27.720357440741786,0.4964095834602711,0.7597024038798685,5.198875,2.580771373212017,28.056939,6.913860336712068,49.91639980692667,100.55486733148777,0.00039875112539164296,11.642103513658666,1.5051980010212591e-05,504.8031544240463,293.06948904923297,19.315795773711997,359.760035240335,32.75035249824799,176.46134913440318,0.42961167169827763,380.40168411906086,395.75104524680376,343.8976838680201,51.85336137878363,13.645816927549683,395.09240582675636,395.4012672226454,395.64630271523583,21098034684.18333,20939664736.218315,381.11891242731707,266.53606553589646,14.420298352770265,64.71151218062234,10.942696637993224,2.2427677640296615,307.92581405213133,276.4694798933035,7.885206692337801e-05,1287,9.923544439516263e-07,True,4.48,conjugate_3D_benchmark_H1_type,4,k(T)_cubic_273_373K,3000,richardson_2x220_minus_110,120
ALT_036,GateA_converged_v1,GRAIL-CHT-1.0,alternating,1,721.7222206335316,299.7673309231766,295.2715434436647,2.7956692328925214,0.0034287722670498116,0.00028573102225415095,32.868052273629424,0.7563880390076596,0.7762977237580619,5.198875,3.932366866295947,28.056939,16.052016339349656,72.59492879703768,95.9757757305077,0.0007293234856721743,19.66680046098694,6.763588766523016e-05,468.330601024643,280.0731455340344,16.32354308499158,315.04809750969395,15.280766586517359,219.0080431288487,0.5747196755383273,318.3234262188056,323.08637654526217,306.6934499775149,16.39292656774728,4.015790789176863,322.65987398393224,322.8321226989122,323.004679015543,10277461752.229288,10267729113.762362,318.3988330138551,247.27855734101152,3.3297829286201748,21.62428968994646,3.31624101473581,2.3227014068924117,294.1045638086098,200.71486337779098,8.10268975927163e-05,389,9.748470688464295e-07,True,4.48,conjugate_3D_benchmark_H1_type,4,k(T)_cubic_273_373K,3000,richardson_2x220_minus_110,120
ALT_037,GateA_converged_v1,GRAIL-CHT-1.0,alternating,1,897.5503011312926,307.73504501989765,297.14675672344185,1.0470198756190778,0.001815191805281359,0.00015126598377344659,23.04639837726351,0.7831511504405185,1.12796701009407,5.198875,4.07150493724645,28.056939,17.208042437640287,51.88519978048383,66.25183369940613,0.0005402152880205777,6.52628621747581,1.1882107583633668e-05,582.4266732562037,282.74541383738153,9.678675527352496,339.34424329891755,31.609198279019893,239.83484713412847,0.5060804552727947,355.64399835647777,369.94222935432975,322.36255805436934,47.57967129996041,12.368236725999866,369.03426323502924,369.4050579236195,369.7828318189191,16111737857.38674,15997861653.345276,356.2752034802886,307.52128347927555,9.547087253842065,49.72373418893183,8.415405971159297,2.191453898521064,299.9542025708262,339.1963786816031,6.740495525702278e-05,952,9.997876304623787e-07,True,4.48,conjugate_3D_benchmark_H1_type,4,k(T)_cubic_273_373K,3000,richardson_2x220_minus_110,120
ALT_038,GateA_converged_v1,GRAIL-CHT-1.0,alternating,1,509.2857061209411,326.3963026081709,306.3473805418597,0.3606541378373432,0.0027766647716522073,0.00023138873097101726,31.59571397665398,0.4337701938054675,0.8227371734645809,5.198875,2.2551170163203995,28.056939,5.279097716520414,91.15880334125724,210.15460408084,0.0004703408247310895,40.09562247306186,0.00011166710372960623,330.4790597018215,295.9786156215591,7.070485723781904,337.8753056546005,11.479003046429568,133.2305752979251,0.49545988038004657,341.55084666672616,345.76673563238717,331.4672919655809,14.299443666806269,3.593473693374406,345.4284099500742,345.57466041661854,345.70294103854405,13617822611.418188,13608851183.08051,341.6071233076515,174.49294352256175,5.60057678562868,30.59722223369952,5.0643662976648605,2.2199071077455996,307.2824417370293,146.804400863907,0.00011701816617325202,497,9.76431351773499e-07,True,4.48,conjugate_3D_benchmark_H1_type,4,k(T)_cubic_273_373K,3000,richardson_2x220_minus_110,120
ALT_039,GateA_converged_v1,GRAIL-CHT-1.0,alternating,1,911.2767113616077,304.4841084243859,290.4213121530768,3.9748200956011197,0.00254499635520968,0.00021208302960080668,33.702028953511395,0.7163572621824095,0.897854825543216,5.198875,3.7242518614285745,28.056939,14.397915615493655,64.3276205307961,89.79823884917367,0.0006109104007238925,13.350500155991643,3.4079211872843526e-05,591.3338369395267,273.2006967773528,20.804316363284254,328.66865841776445,24.18454999337854,257.27729282753495,0.5347087157797393,337.22992900789507,346.4715832396831,315.55836340771685,30.913219831966273,7.8914852338611245,345.7903766491271,346.0753178347338,346.34969839447615,12975098719.296518,12933153866.447067,337.50302343495815,312.2242659040701,6.915741285927708,41.29714941070409,6.7338818512646785,2.223228197708756,290.9777748862205,298.172526652239,6.473093537521794e-05,622,9.782528991308936e-07,True,4.48,conjugate_3D_benchmark_H1_type,4,k(T)_cubic_273_373K,3000,richardson_2x220_minus_110,120
ALT_040,GateA_converged_v1,GRAIL-CHT-1.0,alternating,1,978.1818278723043,307.36132531735495,291.6226272516569,3.7136140900761077,0.0029165425852604376,0.0002430452154383698,36.99179327542463,0.3578468699139378,1.769066633281616,5.198875,1.8604011458238239,28.056939,3.592813993075868,76.87772728418616,214.83414764163024,0.0005858084443622264,50.58155154872817,0.00014796715057212813,634.7490353791333,274.8975726830812,19.811733542289208,330.44703437303036,23.08570905567541,281.4412959301652,0.5449219585308825,337.3431058441706,345.53926947397423,318.01080719454694,27.528462279427288,6.977402366619162,344.8971713615136,345.1650160215755,345.41774432301133,12983389187.61673,12950524453.528267,337.55692259980265,335.1474906801824,6.786031611006344,40.34261532869253,6.5773424149697295,2.224742195771627,292.16001479599106,299.9005038619092,6.129633535418675e-05,528,9.844614510257088e-07,True,4.48,conjugate_3D_benchmark_H1_type,4,k(T)_cubic_273_373K,3000,richardson_2x220_minus_110,120
ALT_041,GateA_converged_v1,GRAIL-CHT-1.0,alternating,1,923.1339815959126,310.84368599832607,308.9976325984736,3.142215523225316,0.0030071379514563608,0.00025059482928803004,23.942064644954225,0.7007078303881513,0.5915372220969815,5.198875,3.6428924217092007,28.056939,13.775717542827623,83.65946700141615,119.39279593189887,0.0005550423226638304,17.121046686263547,5.1640270069126656e-05,599.0281025954587,299.82773628898383,17.6404189882562,333.12416938523944,22.280483386913374,280.06203636884504,0.574586716555329,339.4839988076081,347.4187758972019,320.50975976105303,26.909016136148864,6.6813498383318715,346.69286213138037,346.9997810532872,347.2872471106139,13312951868.14065,13282420845.77381,339.6789156724265,316.2868381704022,4.946583827457971,26.892241758076683,4.385764885201212,2.250434791046341,309.3651134070216,293.1194870192068,6.566723727318236e-05,508,9.97688061943336e-07,True,4.48,conjugate_3D_benchmark_H1_type,4,k(T)_cubic_273_373K,3000,richardson_2x220_minus_110,120
ALT_042,GateA_converged_v1,GRAIL-CHT-1.0,alternating,1,945.0807838995427,316.9883043035671,290.75384461665925,2.2984434467965404,0.0032735088278597196,0.0002727924023216433,25.20515222680213,0.5355046623692137,1.468434836621316,5.198875,2.784021801574746,28.056939,8.045754941931678,98.52428173220422,183.98398493172186,0.000513048096411054,22.46767109735838,7.376942796253896e-05,613.2695362379004,273.6700533496607,14.434085097826852,336.354498732837,19.36619442926991,264.9928072217784,0.5310448855356908,341.16030870555505,347.7215680742302,325.36410259761396,22.357465476616255,5.511011813955449,347.1050072998008,347.3650598371431,347.60123890566456,13567730667.740868,13546715024.759192,341.2925462257885,323.8063151336114,7.520606291826606,44.041228918882275,7.251467710900765,2.2098201400031363,291.8348289392419,260.7001392483554,6.384049425751428e-05,450,9.83567872481217e-07,True,4.48,conjugate_3D_benchmark_H1_type,4,k(T)_cubic_273_373K,3000,richardson_2x220_minus_110,120
ALT_043,GateA_converged_v1,GRAIL-CHT-1.0,alternating,1,623.6177753792288,301.6694788206025,297.46236950498917,1.572673311399337,0.0041054448502160995,0.00034212040418467494,34.257158420830166,0.38722830010723774,1.1852093849312113,5.198875,2.0131515287200155,28.056939,4.20701894073423,86.64573913611993,223.75879839393082,0.0007316457482903145,97.3003972376378,0.0004006634049781754,404.6699397680091,283.1960081459901,11.67615858331748,312.83864172837355,11.169162907771067,191.67131818510168,0.5821095461531762,314.5230245740328,317.57619327763666,306.84037129747543,10.735821980161234,2.5711502794273757,317.29030236979696,317.40260029911855,317.51659460552975,9790007249.848616,9786102796.588346,314.5543919319316,213.66572819750883,2.5759566409370467,16.963911247536284,2.4543437353948216,2.4416459626182596,295.52371230372665,152.10079520848623,9.492774893109453e-05,270,9.72734710558143e-07,True,4.48,conjugate_3D_benchmark_H1_type,4,k(T)_cubic_273_373K,3000,richardson_2x220_minus_110,120
ALT_044,GateA_converged_v1,GRAIL-CHT-1.0,alternating,1,425.17913013078527,321.2444889961351,304.16353842488115,0.8537803208435086,0.0033436026777931872,0.0002786335564827656,29.287591639481306,0.5218412470951989,1.5991287240233685,5.198875,2.712987413492052,28.056939,7.640417571709593,98.35768104926595,188.4819983026805,0.0005249213353566189,23.735552816732575,7.960106114034971e-05,275.9017137957774,292.8193723975928,8.944365219205332,329.33243047120453,8.087941475069442,113.03916639480491,0.5035273726331232,331.24683506419825,333.9135664236966,324.7878504125961,9.125716011100508,2.245801375045206,333.669140590451,333.7717555401233,333.8674123024541,12042762148.623821,12039458381.939003,331.2695572171976,145.67610488417048,4.202689391231986,24.538251970579886,3.8961997163379487,2.2823064830613204,303.76438099133736,108.49241093631242,-0.0001393015261611369,364,9.703960017759528e-07,True,4.48,conjugate_3D_benchmark_H1_type,4,k(T)_cubic_273_373K,3000,richardson_2x220_minus_110,120
ALT_045,GateA_converged_v1,GRAIL-CHT-1.0,alternating,1,863.0301908295787,301.98425961745545,297.7903279079319,3.533268021844867,0.0011641790969613825,9.701492474678188e-05,33.76032114302455,0.4896082080568295,0.5237902606726941,5.198875,2.54541187266145,28.056939,6.725702727668915,33.19680696396425,67.8027990905558,0.0005415160405708987,17.91923485663385,2.0923970565330917e-05,560.0263320406493,283.66448137961993,19.126418483010493,344.69251110220364,42.70825148474819,207.82982424159155,0.4560872789262335,372.29969104853507,392.1004524842308,325.37436797804907,66.72608450618173,17.67753178354374,391.3696317649888,391.7657308733428,391.9979651402381,19465292064.881855,19211917069.323143,373.5211784446799,295.69390331746285,13.416252907462846,63.72871000039481,10.718907797638751,2.2334003896929753,300.92454387797125,329.1316610120103,7.112973658163674e-05,1425,9.929968882715912e-07,True,4.48,conjugate_3D_benchmark_H1_type,4,k(T)_cubic_273_373K,3000,richardson_2x220_minus_110,120
ALT_046,GateA_converged_v1,GRAIL-CHT-1.0,alternating,1,557.5515560772545,300.1845732762989,310.0564934816611,2.4742335106668594,0.004464986127505153,0.0003720821772920961,31.298542106128934,0.593770270286919,1.9987451679949064,5.198875,3.086937413937906,28.056939,9.891842340824622,90.32388263043654,152.11924063963437,0.0007633177433552733,32.0229925002533,0.00014341245463874878,361.79910759942294,301.37021259671485,15.102087340534066,310.22024424955816,10.035670973259244,187.3021704048802,0.6362442275221614,311.4253023699571,313.99565031651065,304.79880368903974,9.196846627470904,2.1519138449086355,313.7353183510962,313.8339325149065,313.9424521022773,9408913141.487465,9406229681.454735,311.447511267429,191.0299288124953,0.48594089379517585,3.045102455572066,0.19691667795556417,5.157877450708409,308.0148357856725,136.83763406489254,-0.00010519244827156892,224,9.61192199611105e-07,True,4.48,conjugate_3D_benchmark_H1_type,4,k(T)_cubic_273_373K,3000,richardson_2x220_minus_110,120
ALT_047,GateA_converged_v1,GRAIL-CHT-1.0,alternating,1,588.3968017441084,309.8345946600553,291.44483805960346,0.7202051941766018,0.0017598300760551546,0.00014665250633792956,26.24918412926116,0.7062301066083121,0.9043748749366921,5.198875,3.6716020454932887,28.056939,13.993705927939248,47.067820962617425,66.64657952442982,0.0005773437708037444,8.995770410760636,1.5878663316091876e-05,381.81480342936413,274.6462219836867,8.436779737871086,329.585787381603,19.75119272154768,145.29154569544653,0.4676663455397633,339.9196046837546,348.85345636682337,319.1636865317612,29.68976983506218,7.760536186704595,348.33944906568,348.550495301774,348.76216323221666,13391882454.516611,13350725052.273518,340.1812770568316,201.59821621070427,7.203541746458946,42.129353345338366,6.9735739517169995,2.199936768283098,292.7353953186885,207.05145066923654,0.00010048131216527762,923,9.904881039801694e-07,True,4.48,conjugate_3D_benchmark_H1_type,4,k(T)_cubic_273_373K,3000,richardson_2x220_minus_110,120
ALT_048,GateA_converged_v1,GRAIL-CHT-1.0,alternating,1,445.1665721547005,303.2963651146308,292.68545440730384,4.827817380207294,0.0030704416866582634,0.0002558701405548553,34.495692274508535,0.6411486573233709,1.449668791998859,5.198875,3.3332517258420404,28.056939,11.533410827928959,66.00095029696705,102.94172738737979,0.0007183539871816975,20.39433923213319,6.280805351072401e-05,288.8717048371902,276.40174942064016,24.045706044787714,313.0154676894284,9.719102574797603,124.7392995967268,0.5306972451573703,315.5596845333683,318.82433368612055,307.7299614155506,11.094372270569977,2.77226891802628,318.5556411451107,318.6654452775672,318.7724754728611,9920324898.919182,9915761056.72673,315.5959882545707,152.52426015403643,3.1921210585458515,21.30195896377696,3.290683926536521,2.3005378134487997,291.701827438011,124.81282382461622,0.00012937660247269793,367,9.726882126415148e-07,True,4.48,conjugate_3D_benchmark_H1_type,4,k(T)_cubic_273_373K,3000,richardson_2x220_minus_110,120
ALT_049,GateA_converged_v1,GRAIL-CHT-1.0,alternating,1,505.0827965899125,323.81834502149036,299.335071835944,4.3036154145363215,0.002227814446337938,0.00018565120386149483,24.8563718704958,0.5621516797847197,0.9933728823728836,5.198875,2.9225563142407847,28.056939,8.866399860620552,71.16550309934995,126.59484203018535,0.0004833896345108535,15.660715946793534,3.4994151681305466e-05,327.7517622867703,285.87454353133757,22.05373857523802,336.93318793905934,13.114842917568978,122.12888462523017,0.457954037023763,342.47828210329783,347.96136569900676,329.6375617031663,18.32380399584048,4.703176052697674,347.5580415262871,347.7285008203196,347.88922364410183,13772683748.812752,13757266347.347988,342.5741933748141,173.05293048741473,6.76075530886466,37.956512543392655,6.206576911377472,2.235509503337738,299.96758843243555,155.47458299501176,0.00011744443952573933,669,9.855781399892294e-07,True,4.48,conjugate_3D_benchmark_H1_type,4,k(T)_cubic_273_373K,3000,richardson_2x220_minus_110,120
ALT_050,GateA_converged_v1,GRAIL-CHT-1.0,alternating,1,813.60303068945,320.6877453785677,284.6842950955919,2.184816863883737,0.003037252345544624,0.00025310436212871865,24.596733812822805,0.5173767316928177,1.3720216647113257,5.198875,2.689776955979498,28.056939,7.510244466422677,94.99508489702261,183.6091170667955,0.0004937050646770411,22.41304985904515,6.827892503028433e-05,527.9527018355989,265.1455495928042,14.0023040827582,337.4085689386721,16.720823560104407,212.28280721338535,0.49416085741073645,342.1063539208773,348.05690133145845,327.87406086486686,20.182840466591585,5.0150901733613,347.51510256213953,347.74356558526836,347.9585753656651,13715109191.399204,13697602581.076502,342.2156112574552,278.75902656919624,8.339220552171197,49.8760675160205,8.260730304959644,2.192570819886497,286.24594721842124,221.01590873864217,7.319043598021936e-05,484,9.750956451171078e-07,True,4.48,conjugate_3D_benchmark_H1_type,4,k(T)_cubic_273_373K,3000,richardson_2x220_minus_110,120
ALT_051,GateA_converged_v1,GRAIL-CHT-1.0,alternating,1,992.1226315517079,289.4104568102605,294.83928731718356,4.249013025426163,0.0041995516635108514,0.00034996263862590427,32.748052710190095,0.8961414622365942,1.8506267088702892,5.198875,4.658927444485275,28.056939,22.531672544925772,73.47978163009833,81.99573920696307,0.0008825166605528497,17.874734035843925,7.529174428790611e-05,643.795320472324,279.45836051035474,21.846249496619418,307.6700913887194,18.25963457845893,320.531925254702,0.6118881083335898,310.1279276574388,314.9396078077596,297.9182686408154,17.021339166944188,4.027665078681203,314.4662410702998,314.64851785983416,314.8419932592327,9259759940.463722,9250463810.30633,310.20581304292557,339.9239292093871,2.209113563757466,14.983270390495163,2.1994219149237684,2.4022594161302355,293.3469018182006,244.1312848895165,5.9386747343244415e-05,303,9.76518379047775e-07,True,4.48,conjugate_3D_benchmark_H1_type,4,k(T)_cubic_273_373K,3000,richardson_2x220_minus_110,120
ALT_052,GateA_converged_v1,GRAIL-CHT-1.0,alternating,1,904.6212533037924,289.75481160261467,289.04974368376395,2.934315161800085,0.0032055742948291256,0.00026713119123576045,22.827932107674986,0.8603523291488546,1.65218165234625,5.198875,4.472864215203751,28.056939,20.767918244463594,58.12565022097729,67.56028693323923,0.0008515808061417141,14.22738322589625,4.574416645096902e-05,587.015063617604,271.26762222216706,16.850397614840322,310.4927580185959,20.73794641598124,277.8739768670034,0.581764433918607,315.4939333668101,322.40234455208537,298.89675331631594,23.50559123576943,5.76765165098789,321.7293725978195,322.0142772562551,322.27256724824645,9927168005.745712,9907499302.822428,315.6503992404407,309.94395359009496,3.6395234752488985,24.625989939040913,3.804257868382945,2.2968596507051635,287.91321415706966,269.2533431165016,6.485894919338595e-05,444,9.993673870667408e-07,True,4.48,conjugate_3D_benchmark_H1_type,4,k(T)_cubic_273_373K,3000,richardson_2x220_minus_110,120
ALT_053,GateA_converged_v1,GRAIL-CHT-1.0,alternating,1,757.9965837759712,313.56765729185474,307.87759054425794,2.5447388010128065,0.0038208860368233173,0.00031840716973527644,32.316199110187256,0.9255393370406811,0.9640894742765107,5.198875,4.811763320857371,28.056939,24.034221064136116,104.18898304155964,112.57110192063088,0.0005662785703691684,10.437656205330434,4.000109814654895e-05,491.86928918831404,298.19900937752493,15.370007443848664,328.1010536326681,14.53339634081334,232.11728579125307,0.5799710460229107,330.69843105312935,334.9707062550441,320.04429407913364,14.926412175910457,3.5869503048051086,334.55906887532245,334.72812031796883,334.8923115535801,11968316027.609129,11959927249.384186,330.7564043659738,259.70698469142985,3.6041809389116324,20.702315138042838,3.2830033027877468,2.2897148592602585,307.5121655577186,197.49624332598086,7.882856232613821e-05,343,9.667099902799237e-07,True,4.48,conjugate_3D_benchmark_H1_type,4,k(T)_cubic_273_373K,3000,richardson_2x220_minus_110,120
ALT_054,GateA_converged_v1,GRAIL-CHT-1.0,alternating,1,682.4552492307023,325.81844378980793,304.55202246175054,1.3541067919116747,0.0012400006871916907,0.00010333339059930756,21.74136584354759,0.8829246737401965,1.2993397534505677,5.198875,4.590215013191065,28.056939,21.871954563895216,46.16375520221637,52.28504375878413,0.0004147712428459368,2.6431852321033675,3.2874137454193625e-06,442.8499884125473,293.38054403324475,10.845605809264363,355.32734960533793,29.50890581553,152.9506453862441,0.4244662971704053,374.2269313994208,388.20026859322036,340.88156689786246,47.3187016953579,12.402683706658419,387.56367868145384,387.850627877929,388.099812534407,19739564942.40884,19612825028.986027,374.83004422201503,233.82479388182497,12.646004980849996,58.204511704255935,10.023423811883072,2.198362913170197,309.0387989414387,241.94768228474834,8.953056904093149e-05,1328,9.917187639985059e-07,True,4.48,conjugate_3D_benchmark_H1_type,4,k(T)_cubic_273_373K,3000,richardson_2x220_minus_110,120
ALT_055,GateA_converged_v1,GRAIL-CHT-1.0,alternating,1,940.3440115406308,332.9786828301657,288.3488469749876,0.20347150900025573,0.002375431832665235,0.0001979526527221029,35.98761971073191,0.4164481305175868,0.8184543210885478,5.198875,2.1650617745446192,28.056939,4.865888147941294,93.68466197648871,224.96117790239995,0.00039152718278816283,31.85143110556787,7.588856907132351e-05,610.1958114967961,270.28155347870336,6.473191734200972,356.56468773321956,23.586004903053833,234.1926378418297,0.47168552905710504,366.15614734199016,375.73034217478414,343.794585613451,31.935756561333164,8.246574763908637,375.10738434304807,375.3651058639266,375.61973331188216,18028840126.209526,17974851840.834442,366.43077987076157,322.18338847030833,12.54978962358244,64.24740127662784,11.193348640536156,2.1418189312766316,294.200074146453,291.28734649854647,6.563475654742279e-05,699,9.98815607999859e-07,True,4.48,conjugate_3D_benchmark_H1_type,4,k(T)_cubic_273_373K,3000,richardson_2x220_minus_110,120
ALT_056,GateA_converged_v1,GRAIL-CHT-1.0,alternating,1,677.9394753174302,311.53058807732316,305.07826983900713,0.8071805352617755,0.0017319537560844397,0.0001443294796737033,20.85060684532825,0.7618515373640897,1.1060519496225985,5.198875,3.9607709113137326,28.056939,16.284745826673184,49.87332329963965,65.46330991494098,0.0005362358251574853,6.576237532835636,1.1424011329887813e-05,439.9196711098076,294.14128803937143,8.767286033994747,336.4364270660546,24.905838988731432,180.30748258916492,0.5037196633781578,349.76711986433423,361.21632439236225,323.0934483880507,38.122876004311536,9.925700968545524,360.50954639241974,360.7978147445431,361.0924156399067,15037460197.446934,14966350900.425333,350.18184189602675,232.27758634597842,7.333067129206125,38.20789771601491,6.428932456449274,2.2025231518905333,306.974878776424,260.3388646088796,8.865464865113445e-05,972,9.98280199837609e-07,True,4.48,conjugate_3D_benchmark_H1_type,4,k(T)_cubic_273_373K,3000,richardson_2x220_minus_110,120
ALT_057,GateA_converged_v1,GRAIL-CHT-1.0,alternating,1,633.8700490007586,315.40324526932875,288.52614251986074,0.7344947086683111,0.004257045613849879,0.0003547538011541566,31.531133416626087,0.5672023291729881,1.6340532253338138,5.198875,2.9488140090792183,28.056939,9.026435830798437,114.88567985555659,202.54796912252849,0.0005721768026963811,27.405186738086535,0.0001170161785357153,411.3227118869352,270.5308716972988,8.491079892939583,325.0847633414968,9.681518072168046,172.27729570614093,0.5147470803101724,326.46456473132207,329.0904154690513,319.7524138928665,9.338001576184809,2.2049674124564675,328.83167498470397,328.9328684384918,329.0374090638748,11362202842.519125,11359107120.0826,326.4868054848459,217.17839187630182,5.311898687305875,34.131580692358504,5.457816743181105,2.2415258703625827,288.2377342326982,133.99199649754354,-9.492969177598669e-05,250,9.666980531619629e-07,True,4.48,conjugate_3D_benchmark_H1_type,4,k(T)_cubic_273_373K,3000,richardson_2x220_minus_110,120
ALT_058,GateA_converged_v1,GRAIL-CHT-1.0,alternating,1,562.337144877923,323.31638293466455,284.4093689770492,0.17557027937310882,0.004097883779426829,0.00034149031495223574,28.831023649637554,0.8932065063084175,1.5082713588898202,5.198875,4.643668975484174,28.056939,22.38432711282362,124.62427705628214,139.52459613326005,0.0005077440311672581,10.301994610932088,4.234340683237834e-05,364.90450967129834,264.7615566784233,6.367167061617813,331.3104077880325,7.994024853367932,136.93088437601676,0.46118026975258386,332.60824668880934,334.91008533906773,326.83820056408945,8.071884774978287,1.9265913119193643,334.67883691771976,334.7716421684302,334.86513673061506,12241062654.18746,12238608761.130596,332.62491777704525,192.66958110644552,6.67511366875949,42.129911233431216,6.933884606785562,2.190211028063891,285.42341249790377,112.39383201241142,-0.00011060796709087893,298,9.997419851970335e-07,True,4.48,conjugate_3D_benchmark_H1_type,4,k(T)_cubic_273_373K,3000,richardson_2x220_minus_110,120
ALT_059,GateA_converged_v1,GRAIL-CHT-1.0,alternating,1,866.4153144402918,321.8615883547729,297.8475357131905,4.219494113433405,0.003937573230343683,0.00032813110252864026,23.207920976211668,0.7897338902079141,0.7987063061793274,5.198875,4.1057277784546695,28.056939,17.498540979333807,123.8055587729254,156.76870438006785,0.0004911072446562095,13.64077763034652,5.387318037946178e-05,562.2229624475063,283.7462264880199,21.734077631046937,336.9043296644073,15.042741309634437,247.5893231557308,0.5412175487068271,339.5808487968827,344.0767330801348,328.3317468360606,15.744986244074198,3.751754104317402,343.6079899784488,343.8027417264938,343.98930575130345,13307259758.992163,13297584481.34183,339.6426014205751,296.85372417228336,6.416966878817851,36.843483818992084,6.003749276315,2.2357148979992285,298.3167296919996,210.92951671910177,6.967103454905363e-05,341,9.703764476398646e-07,True,4.48,conjugate_3D_benchmark_H1_type,4,k(T)_cubic_273_373K,3000,richardson_2x220_minus_110,120
ALT_060,GateA_converged_v1,GRAIL-CHT-1.0,alternating,1,704.0813911518162,316.47674272813026,301.47067969121514,4.92479675835873,0.0029392442569768805,0.00024493702141474,22.683773826630386,0.6026525476077063,1.3273039890729785,5.198875,3.1331152634440143,28.056939,10.19000228857883,85.42197125031434,141.7433172553671,0.0005313172676630558,17.021019219521865,5.017947140308199e-05,456.8833432881515,288.93935427014634,24.414227681763172,332.63865532715863,16.16191259902837,198.56592073574785,0.5341311733293491,337.42440644481053,343.2775074383529,323.42369674896077,19.853810689392162,4.93760869397757,342.7417686020427,342.9665922018538,343.17830816375385,12979519221.901333,12963013413.07044,337.53176584486533,241.234405256144,5.592263820549558,31.90372098586432,5.172298699239248,2.247653609504897,301.69274357825367,211.3581744596301,8.377063954483291e-05,498,9.743664008965425e-07,True,4.48,conjugate_3D_benchmark_H1_type,4,k(T)_cubic_273_373K,3000,richardson_2x220_minus_110,120
ALT_061,GateA_converged_v1,GRAIL-CHT-1.0,alternating,1,878.4982171724637,323.6474617044083,284.90120691856634,3.278138147711482,0.004174590402578809,0.0003478825335482341,22.85467638550525,0.9858657313038334,1.075988089753513,5.198875,5.125392703832217,28.056939,27.2694155173422,133.5009862409299,135.41497792439884,0.00048285556134088,8.521276569277756,3.5679879020889275e-05,570.0636426107318,265.44864407057463,18.15692496130363,337.2623345873906,13.614872882982354,237.57664385904764,0.5121874536442299,339.41435140354747,343.34445814792923,329.4952530108125,13.849205137116712,3.268237163461906,342.92010043189185,343.0938812160848,343.2603326430384,13278864902.022018,13271524291.092508,339.46127502796173,300.9936032984664,7.851080149120112,47.723417739263766,7.842254246506265,2.2032828753671088,285.964878401487,193.49723809481299,6.890123338920608e-05,309,9.693756624074013e-07,True,4.48,conjugate_3D_benchmark_H1_type,4,k(T)_cubic_273_373K,3000,richardson_2x220_minus_110,120
ALT_062,GateA_converged_v1,GRAIL-CHT-1.0,alternating,1,807.5823423459337,297.20401060336997,304.791563530537,4.136068769747092,0.0024771274095797997,0.00020642728413164998,24.43981940587149,0.9651560871735122,1.5746752833013855,5.198875,5.017725852704194,28.056939,26.13577580746239,54.297559777262855,56.25780171606735,0.0007044592470954872,7.58752585189153,1.8851823729805245e-05,524.0458350246728,293.72674353710653,21.417061325038947,321.031340228919,23.827329625549055,246.7175248864187,0.5786011098264622,329.6688142345507,339.0168054198799,307.7929845236754,31.22382089620453,7.914978725545067,338.21162124811826,338.5619866034935,338.8780912654188,11851981928.83616,11811674328.183136,329.9497055695339,276.69620089302725,3.8833166155936802,22.516319111731868,3.5788382199948607,2.282317935474322,304.45089298164464,290.08789434743034,7.303353705245134e-05,634,9.967461664928123e-07,True,4.48,conjugate_3D_benchmark_H1_type,4,k(T)_cubic_273_373K,3000,richardson_2x220_minus_110,120
ALT_063,GateA_converged_v1,GRAIL-CHT-1.0,alternating,1,803.7772489893591,317.87736814793766,298.31415320241445,2.8476205909392056,0.004274621709469486,0.0003562184757891238,35.38701490861975,0.8399625099545129,0.6214219584771916,5.198875,4.366860093939769,28.056939,19.795209079889638,123.96294540807476,147.58152172147277,0.0005324681582150882,14.471066026218207,6.204446639402074e-05,521.5766833099381,284.41327646288954,16.52095824556898,330.9905585064256,13.113190358487941,234.30541982081772,0.5520935873342062,332.91222824316975,336.48992846207125,323.89001274909566,12.599915712975587,3.0111563015674743,336.1450656530352,336.2808294146814,336.4202159195198,12289408606.530003,12283411193.19246,332.9528571601101,275.3924887876473,5.2065680882897265,30.90301984928051,4.977274810923064,2.2491545673023294,298.30133482098097,184.29867617242556,7.550262860033544e-05,291,9.6436247076781e-07,True,4.48,conjugate_3D_benchmark_H1_type,4,k(T)_cubic_273_373K,3000,richardson_2x220_minus_110,120
ALT_064,GateA_converged_v1,GRAIL-CHT-1.0,alternating,1,948.2689122006215,331.2788464917761,308.00678466228857,1.7572985008909228,0.0013705039669492406,0.00011420866391243672,34.07600369999834,0.7466580612285383,0.7369690454449611,5.198875,3.8817819280695174,28.056939,15.641694684580447,58.5634099070669,78.43404223173813,0.00036136141864461543,4.071729496589031,5.597112765716651e-06,615.3383350093685,298.3867281358114,12.377734303385505,370.2798178712609,39.00097137948478,223.42512144011314,0.44623801713495215,394.4050515311776,412.63130087884724,351.29429280200634,61.3370080768409,16.177062936672606,411.85426905482694,412.2288557085639,412.51159896394,24436245807.91451,24197465256.43254,395.37446865919804,324.8986408849466,17.486170481989507,71.55789478886291,12.429244022604495,2.2244045266543244,314.26134123578385,346.7992593951739,6.47139651350676e-05,1246,9.930962505677599e-07,True,4.48,conjugate_3D_benchmark_H1_type,4,k(T)_cubic_273_373K,3000,richardson_2x220_minus_110,120
ALT_065,GateA_converged_v1,GRAIL-CHT-1.0,alternating,1,963.4240487094532,300.9633121512385,309.2254595924308,4.113453040920692,0.0023399517880437794,0.00019499598233698161,26.873088552622875,0.9554797785356102,0.5122552021293847,5.198875,4.9674199336343206,28.056939,25.614346983504657,58.332564904656955,61.05054886044661,0.0006194177951600832,6.725339287871025,1.5784322659834384e-05,625.172609175905,300.15939631307253,21.33112155549863,330.668523796796,29.70521164555754,290.5466297757285,0.5711687482222357,342.5122229048376,354.6100322621224,314.4178946463601,40.192137615762306,10.308063544434773,353.6600830606361,354.0640209298277,354.4410913323448,13836314226.685284,13762720731.906832,342.9691871133457,330.09113764487785,5.513738196369383,29.24193460293878,4.78862966731064,2.2499905011615593,309.76171868430936,358.56294513787395,6.200689138141295e-05,708,9.942036172105873e-07,True,4.48,conjugate_3D_benchmark_H1_type,4,k(T)_cubic_273_373K,3000,richardson_2x220_minus_110,120
ALT_066,GateA_converged_v1,GRAIL-CHT-1.0,alternating,1,431.7773274232726,290.61811713720545,309.8972067396232,1.704638787195056,0.0037004467696886145,0.0003083705641407179,28.992609655636734,0.9588171964075473,1.5541203962516423,5.198875,4.984770751973288,28.056939,25.793597406115058,60.46031237761452,63.05718400143895,0.0009450866231992952,15.374129168776532,5.706233362023533e-05,280.1833302062535,301.1380059774616,12.177627391341211,300.5409823633281,9.922865226122667,153.48556451121544,0.6732459964111328,302.318538775119,305.23380001305793,295.124691653844,10.109108359213906,2.443589870659476,304.95147590411705,305.06633865300614,305.18040188657955,8356577697.885494,8353320008.8239,302.34800956629937,147.93679834890187,-0.5804064700459506,-3.8782865019209707,-1.090266239252971,1.3866588260343604,306.6621583124125,130.62595480822225,0.0001314925582813538,239,9.739205779624172e-07,True,4.48,conjugate_3D_benchmark_H1_type,4,k(T)_cubic_273_373K,3000,richardson_2x220_minus_110,120
ALT_067,GateA_converged_v1,GRAIL-CHT-1.0,alternating,1,448.268413193491,332.6775322385884,308.3979160226597,2.0415495746556016,0.0018245911123538512,0.00015204925936282093,32.65295780781436,0.720817099169812,1.220333952251119,5.198875,3.747437996446456,28.056939,14.57774834409756,66.69811516503988,92.53126103953169,0.0004224154899186441,5.958772447003993,1.0905038362429784e-05,290.8845112001486,298.95528111706636,13.457888383691285,346.0016357823001,13.324103543711715,101.62015098682438,0.42934635032814855,352.817496937717,358.7350344554854,338.9321711637092,19.80286329177619,5.156662391683372,358.40341667515474,358.5436604417791,358.6785162877645,15514963559.928892,15495316742.792427,352.9292798648011,153.58702191367848,7.461229949824999,38.11523980886803,6.3901954354350385,2.2157368890162052,310.1290312401933,142.69265240377484,0.0001347396496077074,842,9.940570180333452e-07,True,4.48,conjugate_3D_benchmark_H1_type,4,k(T)_cubic_273_373K,3000,richardson_2x220_minus_110,120
ALT_068,GateA_converged_v1,GRAIL-CHT-1.0,alternating,1,969.3078098836351,308.9591787324391,299.57770915054334,2.9939404665584224,0.0016756596166923555,0.00013963830139102963,30.8182535358784,0.6624711618185593,1.5372944290167307,5.198875,3.4441047613994624,28.056939,12.313293834097784,50.88314258597912,76.80808693060548,0.0005085102589091281,7.224871280964578,1.214285360211907e-05,628.9906229881599,286.2222035245213,17.076973772922006,345.37919691891165,36.42001818647253,255.0951745256619,0.49843279432154386,365.1674779388859,381.742155789379,326.5171075889463,55.225048200432695,14.468143176244917,380.85273830775054,381.2288495208003,381.58784278337976,17945445543.81529,17781498935.39127,366.00630037188864,332.10704893774846,11.428658901314325,56.14726935173974,9.435736053521149,2.22375875757146,302.2834243752585,370.33449838096624,6.297615316369602e-05,1036,9.982346114156826e-07,True,4.48,conjugate_3D_benchmark_H1_type,4,k(T)_cubic_273_373K,3000,richardson_2x220_minus_110,120
ALT_069,GateA_converged_v1,GRAIL-CHT-1.0,alternating,1,516.731903831309,300.7075560738815,300.9319502190371,0.01785256976537215,0.0015423489408754132,0.00012852907840628442,26.080567916901778,0.7102569019115562,0.9451511776777121,5.198875,3.692536850925442,28.056939,14.153739993009825,35.35403161609552,49.776399949011605,0.0006736456894634379,8.958214769485084,1.3858267865446141e-05,335.3109495194631,288.16519647856063,5.767839765108414,322.0402160783472,21.33266000446571,137.53205525728163,0.5040861139981981,334.1408193361704,344.018547209511,311.1791029068656,32.839444302645404,8.636915197433161,343.51380100155905,343.73031923149,343.93203883816795,12514921261.584324,12465741959.853931,334.46989234219944,177.04418134627653,5.130157553616942,29.604342184080277,4.777423817979564,2.25342127352477,300.9844243571514,204.6300594929036,0.00011437844367848376,1054,9.977475201594643e-07,True,4.48,conjugate_3D_benchmark_H1_type,4,k(T)_cubic_273_373K,3000,richardson_2x220_minus_110,120
ALT_070,GateA_converged_v1,GRAIL-CHT-1.0,alternating,1,845.5913062004126,300.3883463484109,304.8056576744347,3.452040339656957,0.0015600404004720023,0.00013000336670600018,24.730317067437074,0.5854662224389796,1.396641218457709,5.198875,3.0437657071824504,28.056939,9.617096554026737,40.49855929685911,69.17317813510599,0.0005948180147811092,10.513997123206918,1.64516151280333e-05,548.7101177325911,293.7471175008741,18.817753290696437,335.623778590634,35.23543224222311,229.76915691252051,0.5146326063169406,355.63481640554846,372.0018862643252,317.57483846459456,54.427047799730644,14.303101730256154,371.1455991747523,371.5102396051236,371.85386317037756,16148115587.952326,15996209597.999794,356.47613655764474,289.7189421628081,8.727419499880828,43.909886802694686,7.312276510030366,2.233782001869435,306.4564377318596,342.2909434125334,7.08333448144931e-05,1103,9.888137810776243e-07,True,4.48,conjugate_3D_benchmark_H1_type,4,k(T)_cubic_273_373K,3000,richardson_2x220_minus_110,120
ALT_071,GateA_converged_v1,GRAIL-CHT-1.0,alternating,1,839.0997367755554,319.66709918860795,303.48380808996086,2.641896115961422,0.0037796218176947274,0.00031496848480789397,33.52342791924864,0.6463497701759189,0.931386884242832,5.198875,3.3602916614233305,28.056939,11.721292004979587,115.22884475733271,178.27629880021541,0.0005064947883541807,20.608437500130293,7.812647944241789e-05,544.4976928918152,291.83835260139887,15.739205240653401,335.2586956176932,15.591596429085257,246.32881299073847,0.5559909297293447,338.22320582150866,342.89068195152794,326.66287580929753,16.227806142230406,3.9329084343151113,342.4569866271236,342.6279890838824,342.80663381035845,13096746314.99839,13086201601.208078,338.2913193550513,287.4947818468784,5.45061104639605,30.71753699610951,4.997605475801494,2.2443063264600798,303.8200502609932,214.73228826112978,7.360647678812649e-05,359,9.896720030155848e-07,True,4.48,conjugate_3D_benchmark_H1_type,4,k(T)_cubic_273_373K,3000,richardson_2x220_minus_110,120
ALT_072,GateA_converged_v1,GRAIL-CHT-1.0,alternating,1,787.7986819744215,322.01898520006836,296.8382842064268,3.5651232880144597,0.0016272956035373563,0.00013560796696144637,27.32382566597441,0.3599891967744044,0.5873943912200745,5.198875,1.871538835380532,28.056939,3.6359610617566087,56.62098295495618,157.28522817433057,0.00044378936248365127,45.24470016312437,7.384804579620681e-05,511.2080793239759,282.3052447237944,19.247468494454946,349.8473430684861,27.828357868417754,189.29115124609092,0.4550730744694895,365.46372719736576,378.2418355628239,335.49158698342336,42.750248579400534,11.218269289539432,377.59490160112335,377.87387590503596,378.1264300875849,17938330165.768852,17839271546.76105,365.9700145563442,269.9178658830593,11.791358701907015,58.962701402495014,9.872447770139885,2.225153010305909,299.42643427003344,279.3695841549244,7.686956974645939e-05,1042,9.883759162221395e-07,True,4.48,conjugate_3D_benchmark_H1_type,4,k(T)_cubic_273_373K,3000,richardson_2x220_minus_110,120
ALT_073,GateA_converged_v1,GRAIL-CHT-1.0,alternating,1,611.6248231830864,308.50693112332186,300.7908575274762,4.022694128037421,0.002684350804184307,0.00022369590034869227,28.49264688113984,0.7726025503625662,1.6677555828916009,5.198875,4.0166640840161865,28.056939,16.747599349299136,67.52814814688448,87.4034755841732,0.0006138217491608556,10.279046668781818,2.7675593973513036e-05,396.88762913726697,287.96255978379355,20.9862376865422,324.1398966937042,15.63296557038234,175.4110402686811,0.5431726553670254,329.2894098039847,335.16122568221067,315.45416540245964,19.707060279751033,4.982484764868565,334.6690921322799,334.88081932437007,335.0707262868082,11773393443.405903,11757393533.904474,329.4013800768061,209.55666818447696,4.314520319738301,25.731108378221272,4.09979821786478,2.269229300248702,300.4709754225908,196.5614284381553,9.655471714701717e-05,544,9.89577188192925e-07,True,4.48,conjugate_3D_benchmark_H1_type,4,k(T)_cubic_273_373K,3000,richardson_2x220_minus_110,120
ALT_074,GateA_converged_v1,GRAIL-CHT-1.0,alternating,1,598.691251494639,297.37144475680077,299.807624560191,3.9000123636439845,0.0028708031201714196,0.0002392335933476183,28.088002590417776,0.4297578798350955,0.7669906843326609,5.198875,2.234257497527682,28.056939,5.1818875562590065,57.859723936769335,134.63330552303304,0.0007661519194026104,72.16456092600839,0.00020779362755484994,388.49494393363165,286.5517650256159,20.52004698184714,312.6681890455305,15.296744288729712,183.56027435205732,0.5806866793021734,317.0968736348797,322.5022516530724,304.2626868370022,18.239564816070185,4.579586526846606,322.04181167266074,322.23777768416676,322.41780342161013,10122931007.440065,10110388423.981451,317.19517265484586,205.1253303969575,2.58502851644525,16.49260188969628,2.4872292408712173,2.362329850157633,298.62542039041125,192.7987263924693,9.642215960923835e-05,486,9.800695579542662e-07,True,4.48,conjugate_3D_benchmark_H1_type,4,k(T)_cubic_273_373K,3000,richardson_2x220_minus_110,120
ALT_075,GateA_converged_v1,GRAIL-CHT-1.0,alternating,1,458.20550213520517,330.0362748763086,306.7993051417779,2.1649676864770475,0.0010492227592721706,8.743522993934754e-05,26.986913489626797,0.5368467483113791,1.2317080822931172,5.198875,2.790999138627321,28.056939,8.086134144936567,38.90541475984836,72.47024384933526,0.0004164333422161634,6.359836457423525,6.692964048523227e-06,297.3327577740496,296.6337999545594,13.92687720861278,350.57214208560237,20.53586720929377,90.06520289585717,0.37227408879362367,364.0737674127767,373.49971165304373,341.32412099615306,32.17559065689068,8.449967842352116,373.1544101010245,373.3344350036918,373.4528881434155,17625349785.457546,17569425122.202156,364.36314006115913,156.99169610469818,10.049478983487482,48.63730670904997,8.239497082852223,2.2131106423433704,309.6007532200089,143.4239407316185,0.00013442864841128186,1434,9.940409881892265e-07,True,4.48,conjugate_3D_benchmark_H1_type,4,k(T)_cubic_273_373K,3000,richardson_2x220_minus_110,120
ALT_076,GateA_converged_v1,GRAIL-CHT-1.0,alternating,1,793.1198994196101,329.5966579468162,312.65952270772414,4.663431157591021,0.0029941709785816363,0.0002495142482151364,34.80971918769022,0.8466051230903913,1.6816278564703337,5.198875,4.401394209306559,28.056939,20.10953703661005,108.21220502179614,127.8189820382677,0.0004272560208378839,6.828515455259715,2.0507264596724985e-05,514.6610545726809,305.1733243303434,23.42103839884588,347.51848536366737,17.92182741685116,224.30304493498093,0.5356269251266939,352.76213113018093,359.11107078327314,337.6083220265341,21.502748756739038,5.399622688602493,358.58905608305207,358.80966067836164,359.0143212200531,15507163033.279,15485592635.435093,352.88491054590213,271.7410368143755,6.915267812891224,34.75336124617306,5.769156304744737,2.2403700189100637,313.8389162463083,236.74712753613346,7.67388328052538e-05,502,9.809707535168855e-07,True,4.48,conjugate_3D_benchmark_H1_type,4,k(T)_cubic_273_373K,3000,richardson_2x220_minus_110,120
ALT_077,GateA_converged_v1,GRAIL-CHT-1.0,alternating,1,902.3377616140087,291.2585884885454,294.16033022768835,1.8431012020880426,0.002106673464000436,0.00017555612200003635,32.13565505448048,0.6351473491026028,1.0473639667056829,5.198875,3.3020516745657944,28.056939,11.31851022671543,43.48701893562273,68.46760676410813,0.0007480410460968416,16.881575816565586,3.5670980745506734e-05,585.5332898756615,278.49360970725,12.703784567934562,321.04132305404426,29.782734565498856,262.26363576503087,0.5504717329846623,333.8845071047908,346.2404686905962,305.22673400711426,41.013734683481914,10.616231629944089,345.45795735673363,345.78157000100055,346.09762438634334,12501650947.73474,12427537137.594753,334.38119249434817,309.16157705434927,5.940792876483156,35.24223362391971,5.7147151892742425,2.2359647319387257,294.41376289058854,336.66792188387797,6.491210636102996e-05,785,9.854351219473756e-07,True,4.48,conjugate_3D_benchmark_H1_type,4,k(T)_cubic_273_373K,3000,richardson_2x220_minus_110,120
ALT_078,GateA_converged_v1,GRAIL-CHT-1.0,alternating,1,714.8181029033261,312.4100249407437,303.2128840557551,3.257152820822901,0.0022087483376648127,0.00018406236147206772,22.077358723763986,0.46898544927701424,0.8303494114967831,5.198875,2.4381967276100376,28.056939,6.171049427994423,62.676430061100426,133.64258988785713,0.0005441640230191218,30.014892887299485,6.64948292577835e-05,463.85047070068856,291.44764785900594,18.07718071912702,333.8524396037731,21.44241466302941,197.96855256359072,0.5245256645550485,342.9482216480732,351.9379805523144,321.9250978689454,30.012882683369014,7.701241504225811,351.267712334671,351.55343040590094,351.8185640544153,13874231124.127281,13832931320.250708,343.2039133698288,244.91304852996356,6.365439168426359,34.86253469835314,5.716320768389507,2.237555677808847,303.90273422461155,252.6307338767666,8.258824620968503e-05,729,9.821684443522827e-07,True,4.48,conjugate_3D_benchmark_H1_type,4,k(T)_cubic_273_373K,3000,richardson_2x220_minus_110,120
ALT_079,GateA_converged_v1,GRAIL-CHT-1.0,alternating,1,782.8822847730177,290.7940573537935,293.98202861883925,0.03870524549779805,0.004015846669850334,0.0003346538891541945,26.175682696446827,0.9285574877424297,1.6028161114264592,5.198875,4.827454309086924,28.056939,24.191226113289844,69.70813035962897,75.07142129574332,0.0008895728699417498,16.5043563312325,6.647839960963222e-05,508.0177947652045,278.24043994793885,5.847079932891633,305.586850313004,14.792792959210487,248.3153592738692,0.600721526334381,307.86684777069183,312.01393472634373,297.51089267803195,14.503042048311784,3.457803436499208,311.5898954997911,311.76020578864757,311.93061054071467,8990383005.679888,8983626757.45293,307.9247152261762,268.233395636028,2.247357542507435,15.673015965075182,1.9974683717903592,2.7168919741512463,290.31331779798563,199.51075384553818,7.270246957382806e-05,311,9.593632626092585e-07,True,4.48,conjugate_3D_benchmark_H1_type,4,k(T)_cubic_273_373K,3000,richardson_2x220_minus_110,120
ALT_080,GateA_converged_v1,GRAIL-CHT-1.0,alternating,1,817.7127149495946,328.71827584869766,306.0663986186383,1.8121349404397893,0.0038823962537956488,0.0003235330211496374,28.5345388923311,0.42728891638625577,1.4357199719550677,5.198875,2.2214216651775955,28.056939,5.1225185903680295,134.96845976952108,315.8716610554762,0.0004441763274679196,38.81218867092821,0.00015113770902469567,530.6195047197964,295.571501475876,12.5861127736712,343.11080000110843,14.392524152410772,233.56787414128885,0.5409765433598932,345.7688019219286,350.1140859587302,335.030121150184,15.08396480854617,3.6393872900480333,349.6875925804587,349.85974755150227,350.03245758733976,14303094432.18896,14293652530.638681,345.82588856548307,280.1670984920525,6.4312423832556025,34.45619344270889,5.711582845629364,2.2229411668289845,307.1784102774794,201.95045130729517,7.512814440099382e-05,346,9.761498631633003e-07,True,4.48,conjugate_3D_benchmark_H1_type,4,k(T)_cubic_273_373K,3000,richardson_2x220_minus_110,120
ALT_081,GateA_converged_v1,GRAIL-CHT-1.0,alternating,1,869.5122304910899,330.4186489395952,310.2453012018009,1.313973845299512,0.001951890022557539,0.0001626575018797949,36.287418770556584,0.7926667085063208,1.8176757284783696,5.198875,4.120975134185799,28.056939,17.628750243241818,76.49636819077281,96.50508513839374,0.0003940055768243347,4.508764210798844,8.827093156592558e-06,564.2325729512816,301.645531863483,10.693100612138146,358.17103689903826,27.75238795944307,226.42896628956453,0.49319920312400456,371.9011647985579,384.0874703125411,343.5865179891191,40.500952323421984,10.605439387825813,383.4157668022615,383.6953267094508,383.969710944275,19221607493.58766,19129787876.054276,372.3466288391238,297.91479851827665,11.258415772983488,51.35740225613285,8.869804937539303,2.1958955056080267,314.38168661821163,312.4141392858562,7.040482890969899e-05,877,9.942714314092882e-07,True,4.48,conjugate_3D_benchmark_H1_type,4,k(T)_cubic_273_373K,3000,richardson_2x220_minus_110,120
ALT_082,GateA_converged_v1,GRAIL-CHT-1.0,alternating,1,406.7253863748329,308.00612877747545,299.16730201486916,2.504706911099875,0.0014312183724453187,0.00011926819770377655,30.72723611260912,0.5567560541055047,1.545179675653558,5.198875,2.8945051307877554,28.056939,8.697014303627794,35.93247567059673,64.5389940632555,0.0006150445917036067,10.570566681132627,1.5174312177728538e-05,263.92695029633364,285.6342389129517,15.217886262179526,324.3848197852999,16.378691007824443,97.98540097567368,0.4562744720531145,334.0026074023333,341.556170704423,316.256806587661,25.29936411676198,6.654564515826204,341.199728732314,341.3620212836083,341.4964771303011,12474370203.21966,12445129744.707127,334.1986237632712,139.35342975646418,5.308734912328904,31.047690745467523,5.011402739360385,2.249113033059629,299.2296848647491,147.9885420159387,0.00014499171191262542,1074,9.91579440778878e-07,True,4.48,conjugate_3D_benchmark_H1_type,4,k(T)_cubic_273_373K,3000,richardson_2x220_minus_110,120
ALT_083,GateA_converged_v1,GRAIL-CHT-1.0,alternating,1,762.2330277669787,325.64237690952456,290.0636947950302,0.5042379016290078,0.003768291839555993,0.0003140243199629994,33.02682852923413,0.5498485767832646,0.804662293443466,5.198875,2.858594019624095,28.056939,8.482551371666649,123.57386926801621,224.74163703569184,0.00047087510075760646,30.09439963958597,0.00011374571773138277,494.61834734918676,272.6962336521644,7.6161040261902295,338.4880508579808,12.845673948456238,202.33811795070022,0.5027545626106603,340.9688487348227,344.8419201164002,331.35859072182313,13.483329394577083,3.265310094626075,344.48167852141813,344.6253042797825,344.7719978513958,13523724386.476904,13516330820.43125,341.0154675024567,261.15848740037063,7.4867711900186995,44.01018207332723,7.323209171383964,2.1884270303663094,291.6781409444472,177.53439353146956,8.025051904603422e-05,346,9.77167701421422e-07,True,4.48,conjugate_3D_benchmark_H1_type,4,k(T)_cubic_273_373K,3000,richardson_2x220_minus_110,120
ALT_084,GateA_converged_v1,GRAIL-CHT-1.0,alternating,1,578.870251913161,295.1917615729956,299.78883041670207,4.687112851971675,0.0019742711487100305,0.00016452259572583588,31.43020341174597,0.7011456751751051,1.4094414740924777,5.198875,3.6451687220259745,28.056939,13.79293873064394,40.10063327369223,57.19301237032868,0.000760227209305525,11.734512805798458,2.3236820538271097e-05,375.63295855821355,286.52482069458705,23.511028837492365,315.5629087608076,20.371147187812028,168.11194290471514,0.5500262454438476,324.83236378260966,333.44883341366716,304.7792570424539,28.66957637121328,7.438561777883539,332.92002462388007,333.1380599655178,333.35194736103585,11168194416.631638,11133639880.356213,325.08410965815295,198.33420211873675,3.753846657036196,22.865454031361445,3.6027596232395034,2.285585123431683,299.2234169421657,221.73990810318313,0.00010009396000178418,791,9.884055884867848e-07,True,4.48,conjugate_3D_benchmark_H1_type,4,k(T)_cubic_273_373K,3000,richardson_2x220_minus_110,120
ALT_085,GateA_converged_v1,GRAIL-CHT-1.0,alternating,1,604.6497254265487,295.40155465562555,302.17807467165505,0.12650212669628474,0.0038978894485139316,0.0003248241207094943,29.45338146109527,0.4980388218075956,1.2546231725153825,5.198875,2.589241579724964,28.056939,6.95931800624476,72.67042525415974,145.9131739778994,0.0008282465918481837,55.22608276652591,0.0002159129040104297,392.3614393773654,289.95693633145754,6.180708081445882,307.3721437295905,11.970589073964959,195.0389372875194,0.6109188694666506,309.33161189469536,312.74787202924665,300.8428597324067,11.90501229683997,2.8603958531914593,312.41477178525656,312.55029230957,312.6825715361751,9160490955.105183,9155819421.57554,309.37106157483436,207.16683999124893,1.4511624706673836,9.64742839054211,1.0291069831861204,3.2109307577902304,298.5266446956394,160.17079688620947,9.765647280769965e-05,300,9.891178365251108e-07,True,4.48,conjugate_3D_benchmark_H1_type,4,k(T)_cubic_273_373K,3000,richardson_2x220_minus_110,120
ALT_086,GateA_converged_v1,GRAIL-CHT-1.0,alternating,1,913.0524835170876,288.8562826344793,294.27410301321936,3.8511523341626774,0.0028312233930489457,0.0002359352827540788,31.786439669856904,0.5974666402653156,1.0268515248593761,5.198875,3.1061543794093427,28.056939,10.015384123503418,52.09045134101574,87.18553946021832,0.0008392741737166607,29.51492670573511,8.381479531936037e-05,592.4861479216227,278.6551953494347,20.334378869818174,312.6972699463875,23.84098731190818,282.1464929417845,0.585254810091416,319.6129495203595,327.97230431953267,299.7579247147261,28.214379604806595,7.076437355377879,327.2856499304523,327.57326286671736,327.8457195330481,10465449301.36761,10435120487.416933,319.84492898293195,312.8326861026168,3.6383706261082756,23.402378419032686,3.645243335337902,2.2936241419259953,293.4026558585336,296.5955531208733,6.415253458614155e-05,527,9.923395509758848e-07,True,4.48,conjugate_3D_benchmark_H1_type,4,k(T)_cubic_273_373K,3000,richardson_2x220_minus_110,120
ALT_087,GateA_converged_v1,GRAIL-CHT-1.0,alternating,1,895.1566764974949,319.8816216412551,292.9842523597807,4.629535554775596,0.004008421334950344,0.000334035111245862,36.783449293720686,0.5660411098661491,1.9490025548925127,5.198875,2.9427769750553763,28.056939,8.989514465752567,122.20760964314215,215.89882344771812,0.0005064807657090417,21.108433423968666,8.486609316350546e-05,580.8734334759598,276.82511869074943,23.292235108147263,335.04866551300296,15.167043871747865,254.1268713784236,0.5376722370494578,337.65651283114835,342.01974540178924,326.8337946097764,15.185950792012818,3.6812777294799743,341.6187099633548,341.77792065303174,341.9399475513043,13007930033.080944,12998718051.964521,337.71631986592024,306.7011728753068,6.662984098225234,39.48455918621064,6.4265458852614215,2.2289568439818312,293.4344310902319,212.5309871960133,6.886279400293555e-05,332,9.808583172343788e-07,True,4.48,conjugate_3D_benchmark_H1_type,4,k(T)_cubic_273_373K,3000,richardson_2x220_minus_110,120
ALT_088,GateA_converged_v1,GRAIL-CHT-1.0,alternating,1,654.5634611246254,294.7668693177051,288.70547122825917,4.898255941294296,0.0026314718663920248,0.0002192893221993354,29.7128034802204,0.6948444229369339,0.5444145594097068,5.198875,3.6124092992962527,28.056939,13.546136267097536,51.2424725410916,73.74668465280683,0.0007929695225766072,22.421556069378052,5.917923169237682e-05,424.75081186799724,270.7831269463156,24.313372576918322,312.0157581425385,17.248888824833443,189.73005649672515,0.5489723297357697,317.59638748442046,323.9676925254112,302.58149019937065,21.386202326040575,5.413281969020005,323.4487466186101,323.67396105360547,323.8715881296184,10191801721.996868,10174245564.752403,317.73330593541954,224.26842866630255,3.9461964106789313,26.435734183724634,4.1562436516161725,2.264157463007169,287.98878334629245,210.36316424515354,8.888502911322385e-05,549,9.929950692821876e-07,True,4.48,conjugate_3D_benchmark_H1_type,4,k(T)_cubic_273_373K,3000,richardson_2x220_minus_110,120
ALT_089,GateA_converged_v1,GRAIL-CHT-1.0,alternating,1,495.30543888896716,313.25106482325407,302.57859437451157,1.2211047682777543,0.0024194331491037683,0.0002016194290919807,24.134653631723772,0.4821609180897274,1.2829272127705251,5.198875,2.5066943430337316,28.056939,6.522653356502587,64.93006412613393,134.66471812643022,0.0005753811586717809,25.34070896155423,6.149463518894206e-05,321.40716643312294,290.5336092403303,10.340198119455465,326.58704115123777,13.335976327983701,134.8698033909933,0.5157125556061662,331.608574618384,336.93735771575393,319.0974747541144,17.839882961639546,4.540406243710243,336.5156278044342,336.697510464439,336.8620524366103,12105612352.160332,12092135565.590137,331.70093116264064,169.70298387668893,4.473680763110656,26.183047551921746,4.1762493797477385,2.2725448720202004,302.28397551100045,161.92587537510843,0.00011908673916747243,602,9.913627536661807e-07,True,4.48,conjugate_3D_benchmark_H1_type,4,k(T)_cubic_273_373K,3000,richardson_2x220_minus_110,120
ALT_090,GateA_converged_v1,GRAIL-CHT-1.0,alternating,1,466.9548490837265,292.7888096361195,289.6194291312243,1.5203336111852186,0.0010846525234287125,9.038771028572604e-05,27.093979967397015,0.4753005967006304,0.8857574582201261,5.198875,2.4710283896719902,28.056939,6.338361529182985,21.820006595246436,45.90780391759078,0.000767579902306858,19.37812231851062,2.1081774595870407e-05,303.01027025437367,272.0699754803304,11.47726772250383,316.9781209706184,24.18931133449894,109.67064988008218,0.4448172335599396,332.48002461688765,343.55893391464974,306.1593443742999,37.39958954034984,9.881602263316715,343.13592055706414,343.3577100003318,343.49892163652316,12283357161.311491,12219747502.146673,332.9118621416186,159.9894226943093,6.207575491857188,37.94507507144927,6.165919983717628,2.2235040135975006,289.98214073368973,172.55748841875692,0.00012733314980244598,1403,9.939831215888262e-07,True,4.48,conjugate_3D_benchmark_H1_type,4,k(T)_cubic_273_373K,3000,richardson_2x220_minus_110,120
ALT_091,GateA_converged_v1,GRAIL-CHT-1.0,alternating,1,686.7090542798117,291.4183576368946,310.861797427058,0.9641943766697656,0.0011900940314717367,9.917450262264473e-05,29.149383214308294,0.9745762912589006,1.4792109840844185,5.198875,5.066700316218617,28.056939,26.64845113182148,26.66616263471508,27.361801096422415,0.0006891418035914071,3.517120669668459,4.198299214582057e-06,445.6103122855497,302.5450894888515,9.363938631345109,328.9067586348246,37.48840099793,186.48953911809238,0.5143370143324764,352.7963355861355,370.3113536423877,311.49199754679444,58.819356095593264,15.548628558162681,369.58063090010836,369.93833226312574,370.20027291257617,15667866956.089495,15491599553.604792,353.7956336369152,235.28224488677026,7.227364245464856,35.53243537113461,6.032697490857623,2.2036829699098246,313.00057000532314,293.85289504417307,8.862338422877508e-05,1397,9.996518315347203e-07,True,4.48,conjugate_3D_benchmark_H1_type,4,k(T)_cubic_273_373K,3000,richardson_2x220_minus_110,120
ALT_092,GateA_converged_v1,GRAIL-CHT-1.0,alternating,1,953.4980033383824,294.0825931162371,284.0843926688483,4.454856961952879,0.0021801860010933825,0.00018168216675778189,28.85439543518953,0.9977812091820023,1.5165241446490125,5.198875,5.187339783886083,28.056939,27.93257216795935,47.398667456425876,47.50406904864854,0.0007102565638809025,6.391068917191368,1.3975645923052821e-05,618.7315288522997,264.30789730836125,22.628456455420938,323.3130807360299,29.230487619792825,266.38262163970796,0.5291175641877576,335.7233225926165,347.8882775606225,307.58162781178635,40.30664974883615,10.408310932616326,347.0135262444449,347.37639701192086,347.73242224956357,12775626836.461056,12703577762.582865,336.1983320627928,326.69024723401424,7.383743736145373,45.49490731232338,7.428770093996023,2.211877512501122,284.7697460192304,339.57022707668375,6.23413157916845e-05,757,9.993991056944651e-07,True,4.48,conjugate_3D_benchmark_H1_type,4,k(T)_cubic_273_373K,3000,richardson_2x220_minus_110,120
ALT_093,GateA_converged_v1,GRAIL-CHT-1.0,alternating,1,585.6455261877147,298.9078502584365,312.2178164209703,3.205340735479715,0.0016928207556923926,0.00014106839630769938,25.0414514878917,0.464745532837856,0.5026134079014769,5.198875,2.416153932032409,28.056939,6.059973652290455,38.57330580682301,82.99876616625976,0.0006776601638971856,38.51266216139977,6.53912074862453e-05,380.02948146189135,304.5268574230393,17.880294794822916,323.2267198105213,24.318869552084777,172.08009621487358,0.5564957957687324,336.07910230790566,347.0608392028386,310.61790916285776,36.442930039980865,9.558489656759043,346.45469596611355,346.71308653706535,346.95684826580174,12818411716.408829,12757513424.227571,336.4794567425841,200.65556621187864,3.933713799638077,21.20887193015388,3.432681646634329,2.2681178451197046,312.32550121780065,246.46937731931789,0.00010075932984446969,966,9.92417426459724e-07,True,4.48,conjugate_3D_benchmark_H1_type,4,k(T)_cubic_273_373K,3000,richardson_2x220_minus_110,120
ALT_094,GateA_converged_v1,GRAIL-CHT-1.0,alternating,1,886.9076774957017,294.5654070126553,309.5619253747827,2.356523012856888,0.002453141236248825,0.00020442843635406875,35.513701705825454,0.40201248658065675,1.344482685142399,5.198875,2.0900126661720115,28.056939,4.534395244056858,52.66892235856484,131.01315037884467,0.0007192104051168946,47.90223875075768,0.000117864550840642,575.5206002807032,300.64943115909546,14.654787448856176,321.60015761296495,27.03475060030962,277.2178571089669,0.5919824955903358,331.58267092635765,342.06359815676234,307.26614525078105,34.79745290598129,8.967432720405068,341.3424364922184,341.64286474004365,341.9356185654819,12140640500.111193,12088357686.73734,331.9406192261596,303.8748769482113,3.5638605856992815,19.925052198039943,3.1679017408480528,2.292691674781103,309.2669276293812,328.1842009048998,6.712497619722111e-05,654,9.971363965632918e-07,True,4.48,conjugate_3D_benchmark_H1_type,4,k(T)_cubic_273_373K,3000,richardson_2x220_minus_110,120
ALT_095,GateA_converged_v1,GRAIL-CHT-1.0,alternating,1,567.387269522867,306.76362210339795,283.33071271090296,3.4279689563034936,0.00308800234880566,0.00025733352906713835,36.14293580270677,0.6402701473724689,1.7947981313266388,5.198875,3.3286844624210445,28.056939,11.501826032672739,72.37887373503195,113.04427362740441,0.0006588000790963964,17.372069784707,5.380641153339123e-05,368.18157090427496,263.2567762905773,18.726282033953275,318.3492784316485,11.585656328250536,149.54591192810796,0.4991844354234668,321.42430560141963,325.3390831131984,312.07444973960577,13.26463337359263,3.3274103199034184,325.0184685783833,325.1489972024123,325.27849957084476,10680513216.18184,10673696686.729242,321.4756110158574,194.3998694374572,5.07975234140869,34.29386105213459,5.480139577944188,2.2300515823013516,283.0157236667185,150.62118011208398,0.00010413736456484444,418,9.869460200206959e-07,True,4.48,conjugate_3D_benchmark_H1_type,4,k(T)_cubic_273_373K,3000,richardson_2x220_minus_110,120
ALT_096,GateA_converged_v1,GRAIL-CHT-1.0,alternating,1,752.1003822141879,302.26544068469707,298.1784587921558,3.3565903296601918,0.00396559586286261,0.0003304663219052175,28.27305500541182,0.901565209410934,1.5639657442193626,5.198875,4.68712482807627,28.056939,22.805236299084388,87.18030212758852,96.69883134083061,0.0007023893607789523,13.528283394936453,5.3809132058769254e-05,488.0432027214619,284.2192415721634,18.455043252708727,316.29103747863456,14.025596793937495,232.49096723250966,0.5854588190480731,318.6109727005109,322.6454896662725,308.5685707742049,14.076918892067624,3.373453845869603,322.24111678458985,322.40543234743444,322.5666064329463,10311768234.726074,10304879408.561003,318.6642073262809,257.6868110369319,3.0078904907142516,19.24833221347184,2.939418932414402,2.3354640236033815,297.0531450822216,192.03050639001572,7.810991108947302e-05,319,9.692694789009693e-07,True,4.48,conjugate_3D_benchmark_H1_type,4,k(T)_cubic_273_373K,3000,richardson_2x220_minus_110,120
ALT_097,GateA_converged_v1,GRAIL-CHT-1.0,alternating,1,744.2641944266941,293.33694594149074,309.0569154525399,0.3978800420406315,0.001506301923060609,0.00012552516025505077,36.51318576131675,0.7425947356606241,0.6093248493943755,5.198875,3.860657206357627,28.056939,15.471913197462552,33.712130336683366,45.39775023679977,0.0006899437339855857,9.090944370565968,1.3734911722989503e-05,482.9582456128427,299.91402576780075,7.2119441597544,326.9226734669503,33.58572752545956,211.46722810857557,0.5381235814393954,346.40638636024795,361.9301533103385,310.66770286548194,51.26245044485654,13.63819150857581,361.24211253659274,361.5538601912084,361.8166020580044,14530450170.030483,14399372289.520472,347.1920461741456,255.00195368358095,6.215424906759263,31.946003826476307,5.373090281215278,2.2075850009920015,310.6273673810154,318.12875786360246,8.091930486225331e-05,1141,9.996574021897686e-07,True,4.48,conjugate_3D_benchmark_H1_type,4,k(T)_cubic_273_373K,3000,richardson_2x220_minus_110,120
ALT_098,GateA_converged_v1,GRAIL-CHT-1.0,alternating,1,932.2672438749544,309.3275172585491,287.4491626962222,2.307020924983441,0.002092715120179394,0.00017439292668161617,36.371078721665135,0.7339319175051557,0.8604514965177116,5.198875,3.815620297619617,28.056939,15.11304020429199,59.68300159354656,81.31953410123671,0.0005414362100320437,9.311891207806012,1.9545772846580942e-05,604.954740421165,269.0175725941896,14.466679514937077,337.50916018593244,28.181642927383336,246.52030811034086,0.5008161833463245,350.31288002544346,362.25993769144895,322.70696381177754,39.55297387967141,10.332567135174518,361.5670261668284,361.8511417328671,362.13216223293915,15137316027.081396,15059980919.277891,350.7617429879949,319.4161029423751,9.650385071530023,54.20163779706182,9.04356662661571,2.1961828436247757,289.6079030279974,325.15661889380357,6.429947298983036e-05,806,9.872844657365931e-07,True,4.48,conjugate_3D_benchmark_H1_type,4,k(T)_cubic_273_373K,3000,richardson_2x220_minus_110,120
ALT_099,GateA_converged_v1,GRAIL-CHT-1.0,alternating,1,595.7384664876089,303.86870153059033,292.1341328818157,2.0942155651791197,0.0010992869629498545,9.160724691248787e-05,23.111367414994145,0.5910582754218352,0.952398619219654,5.198875,3.072838091633694,28.056939,9.801688411548612,28.793240131817026,48.71472294549542,0.0005895333521106521,8.531158652576341,9.40641071778738e-06,386.5788610730748,275.6211446034767,13.658019147680655,333.1155057327727,29.246804202182375,134.3896357717575,0.4272442349172903,352.08217397740407,365.6208281204395,319.71002754025886,45.91080058018065,12.081057960956226,365.06754833647074,365.34697255055147,365.5435556223506,15472940964.836521,15366542048.569147,352.6900577133863,204.1136386465835,9.495205645715922,51.604470570068294,8.624117803021514,2.202791506351562,294.2859831934569,213.0374924987618,0.0001021951651347171,1437,9.964491027858458e-07,True,4.48,conjugate_3D_benchmark_H1_type,4,k(T)_cubic_273_373K,3000,richardson_2x220_minus_110,120
ALT_100,GateA_converged_v1,GRAIL-CHT-1.0,alternating,1,690.3159902301778,331.6022235322919,295.8993037493724,0.6908206850886045,0.003652051875380365,0.0003043376562816971,35.27163002446471,0.45907943001485263,0.6522465490080417,5.198875,2.386696571718467,28.056939,5.913109963382606,129.88065774073752,282.9154373929049,0.00043419048311138986,47.922910121573835,0.00017554358453678875,447.95087827229395,280.9667918601548,8.325118603336698,343.31042886911933,11.708205336827461,178.73250821718236,0.4903675173122476,345.7739574574452,349.41288807419255,336.8553522961719,12.557535778020679,3.0787668560616988,349.09046111982593,349.2204759189776,349.34990457513993,14301265692.06397,14294505043.428013,345.81483403448135,236.51806372777122,7.679602311137983,42.93077952208671,7.174961535064702,2.194347867010078,297.6921634509922,162.52803789267548,8.920738825295857e-05,352,9.808550203160848e-07,True,4.48,conjugate_3D_benchmark_H1_type,4,k(T)_cubic_273_373K,3000,richardson_2x220_minus_110,120
ALT_101,GateA_converged_v1,GRAIL-CHT-1.0,alternating,1,824.1105658094325,325.1719441653927,295.77900429741374,4.596162574095141,0.004439273543789526,0.0003699394619824605,34.36942190537758,0.3525120292009156,1.3030624487371603,5.198875,1.8326659758119102,28.056939,3.4864879699808333,144.0726564404103,408.70280871548795,0.00047579314906743804,80.89712639270269,0.0003602050882284077,534.7711149277013,280.79546643790786,23.165417781561533,337.62172943591946,12.449785270526775,231.020249937156,0.5309219057566128,339.3267770467622,342.64689106022206,330.8533250351926,11.793566025029463,2.794016521866776,342.3236673683168,342.4479200790218,342.5802312038914,13263199267.897284,13257832525.154991,339.3611115268016,282.3591486818263,6.621842139652421,38.452065992285895,6.264777220172243,2.2327838287769053,296.26107135156406,177.1114966080504,7.652739322921752e-05,273,9.897092922983575e-07,True,4.48,conjugate_3D_benchmark_H1_type,4,k(T)_cubic_273_373K,3000,richardson_2x220_minus_110,120
ALT_102,GateA_converged_v1,GRAIL-CHT-1.0,alternating,1,400.05312036349414,304.69414116100955,292.37514189177887,3.738868662592456,0.0031753839608944004,0.00026461533007453335,25.62454189962877,0.5465703673121804,1.785178412845015,5.198875,2.8415510183601125,28.056939,8.381706569262615,69.16775605149043,126.54867550107123,0.0007088925331002408,26.150012055112423,8.328618741925698e-05,259.59727017571385,275.9622937726567,19.907700917851333,312.9386443101827,8.24450314917317,109.43015561348847,0.5180664068136497,314.97726142745324,317.7481935978644,308.31155242634526,9.436641171519113,2.333021273308401,317.49270106397057,317.60081828947904,317.69955887123945,9845980667.729591,9842758076.881748,315.00303972635993,137.0673586527769,3.161960131866376,21.22390766590934,3.251538130542438,2.315853054922273,291.20682055113,107.30300491187778,-0.00014578303566823895,365,9.89204352208617e-07,True,4.48,conjugate_3D_benchmark_H1_type,4,k(T)_cubic_273_373K,3000,richardson_2x220_minus_110,120
ALT_103,GateA_converged_v1,GRAIL-CHT-1.0,alternating,1,521.6209208565308,305.51523868580455,298.4611634569098,4.342836584555979,0.0026540595860295763,0.00022117163216913135,23.320563790631237,0.9472111647374385,1.3647276077367683,5.198875,4.92443244407435,28.056939,25.172937919607087,61.805419395438484,65.24988481588538,0.0006630891973506654,7.942856584883428,2.1144247401773323e-05,338.48346689024874,284.62354214346504,22.20277902131272,318.91558836447894,13.400349678674388,148.6630648570866,0.5397767299943952,323.34195786794464,328.4133269129116,311.3426339398181,17.070692973093514,4.283307869694701,327.96157293675896,328.1553370340265,328.33204585115453,10942116636.005222,10930707041.208279,323.4263018523715,178.71927051805133,3.6657931479169674,22.810864952957235,3.579348017250127,2.287894469655629,297.7941499318496,166.85661300212047,0.00011217322469565844,529,9.936665605891903e-07,True,4.48,conjugate_3D_benchmark_H1_type,4,k(T)_cubic_273_373K,3000,richardson_2x220_minus_110,120
ALT_104,GateA_converged_v1,GRAIL-CHT-1.0,alternating,1,983.1650887015024,321.5094214115607,311.5456317270946,2.7570508807523315,0.0031174745236878867,0.00025978954364065725,32.56174526949035,0.40127568810032915,0.6167587187095118,5.198875,2.086182142972599,28.056939,4.517789421876189,103.24632466365418,257.29524046779517,0.0004662471111086471,65.40652609623659,0.00020451672897486912,637.9827082140258,303.5439470961433,16.176793346858858,343.8905508184363,22.381129406875573,291.64947108189887,0.5618246913477413,349.9888066960905,357.6801867462119,331.4604558175978,26.219730928614126,6.523384059833222,357.03534712581626,357.3024453509011,357.5597952806687,15035281994.578032,15004330440.465742,350.1691600914001,336.8548699370057,6.5003738280155305,33.174382602345354,5.530430412665935,2.2270867528365805,312.8340229177852,297.7272385685315,6.248858095205251e-05,491,9.904438229568768e-07,True,4.48,conjugate_3D_benchmark_H1_type,4,k(T)_cubic_273_373K,3000,richardson_2x220_minus_110,120
ALT_105,GateA_converged_v1,GRAIL-CHT-1.0,alternating,1,615.1602152306772,329.1717686974042,293.1093657930649,2.7050780872034452,0.002608437334417308,0.000217369777868109,33.165667471141056,0.4877578115594764,0.6852225067929573,5.198875,2.535791892571273,28.056939,6.67496134219149,90.70506684180135,185.9633299399059,0.0004440549355191986,29.0031777683609,7.588061354837977e-05,399.18176978469296,277.00245708684656,15.97929673137309,342.68378600072157,13.51201730331735,147.3251466605704,0.4535808592135989,347.45578292706836,352.61991268826046,335.22127591212603,17.398636776134424,4.4210610567883215,352.23703867997574,352.39759063924254,352.55139103950086,14588687909.658566,14574651442.322155,347.53940913582335,210.76797444631788,8.407771928176267,47.21658397972121,7.818268870344861,2.21094374096577,294.5739557188445,170.41698543021187,9.788294841311475e-05,563,9.83729535164457e-07,True,4.48,conjugate_3D_benchmark_H1_type,4,k(T)_cubic_273_373K,3000,richardson_2x220_minus_110,120
ALT_106,GateA_converged_v1,GRAIL-CHT-1.0,alternating,1,624.1820808313238,304.0054009187005,285.57626017315744,1.0005554785615667,0.0022542180438299454,0.00018785150365249544,30.440041364253183,0.8856975812869429,1.1681824591254002,5.198875,4.604631012913155,28.056939,22.009552133571965,52.98264562237256,59.82024422533403,0.0006569769352055745,7.661787023600374,1.7323308482028177e-05,405.0361215260118,266.3926453798722,9.502110818533954,321.3793492936342,17.37394837493372,163.70831190286438,0.4967358572921605,328.389707167265,335.4544148406675,311.9022913056325,23.55212353503498,6.049419408425715,334.9466931088279,335.1592630035019,335.3610225134145,11652831835.499748,11629422415.167444,328.5548404028829,213.85907216573423,5.935938727793991,38.05548123122746,6.159137207533767,2.2185202819789795,285.7681701314667,203.11299071814636,9.470024231099174e-05,679,9.994047900363512e-07,True,4.48,conjugate_3D_benchmark_H1_type,4,k(T)_cubic_273_373K,3000,richardson_2x220_minus_110,120
ALT_107,GateA_converged_v1,GRAIL-CHT-1.0,alternating,1,479.83770536428483,301.4274661775026,290.98388217733736,4.5537636302594215,0.004361603921306915,0.0003634669934422429,23.43958517997594,0.7366945559267061,1.1450334408875098,5.198875,3.829982909443454,28.056939,15.22703019416404,88.38777834681856,119.978867273742,0.0007619769749512858,25.014993193499972,0.00010943379378559203,311.3700458748219,273.99489948514815,23.0043017949858,309.145889842686,7.718423665183423,140.7184749438754,0.5554216773126395,310.14688701210696,312.20466696358596,304.86200946997633,7.342657493609636,1.7166923232019666,311.9880415072293,312.074481448587,312.16149887453923,9254420752.486814,9252726088.444,310.1610871158698,164.40338422190598,2.6377198645539153,18.290604113664163,2.7567875135637507,2.340853280073918,289.66169971672315,106.16127319284043,-0.0001239423120416762,268,9.872332498161995e-07,True,4.48,conjugate_3D_benchmark_H1_type,4,k(T)_cubic_273_373K,3000,richardson_2x220_minus_110,120
ALT_108,GateA_converged_v1,GRAIL-CHT-1.0,alternating,1,674.6621779799772,309.00295320588293,301.36535952259914,1.4731536446593185,0.0034195854821093643,0.00028496545684244704,27.47710876051156,0.7683078744158002,1.9125768919058006,5.198875,3.994336600603443,28.056939,16.5619266372084,85.55217614258716,111.35142433316679,0.000617206150569274,12.874438462628834,4.415771600513136e-05,437.793009926453,288.78795405650146,11.29798384970541,323.0546538844896,14.051700678606664,200.85314505315037,0.5638432036486184,326.22665791998605,330.77808096363333,315.2027765421076,15.575304421525743,3.8206034241949625,330.34694280876636,330.52388616647096,330.69397590799866,11335286909.12435,11326032089.430876,326.2932797556869,231.1547092411672,3.784533444638936,22.94027922818634,3.5765433231297417,2.308380085237229,300.53390804264683,188.90933298049305,8.931128949020485e-05,393,9.96945573206176e-07,True,4.48,conjugate_3D_benchmark_H1_type,4,k(T)_cubic_273_373K,3000,richardson_2x220_minus_110,120
ALT_109,GateA_converged_v1,GRAIL-CHT-1.0,alternating,1,669.1468958966466,306.2676291218688,289.85543697389545,2.3914126621628244,0.004051113687223751,0.0003375928072686459,35.84100874601778,0.4768526762579901,0.9806899898918333,5.198875,2.4790974572807585,28.056939,6.379824568293146,93.9080753824377,196.93309916883197,0.0006661305208798854,58.81670800719446,0.00023899014126919585,434.2141047756052,272.4026036858944,14.787368116218733,317.698934121091,11.431304999222164,193.57377748684488,0.5478871755427228,319.52143999844367,322.7103060895493,311.56296370489486,11.14734238465445,2.6891590173149478,322.41552585975853,322.5316738553026,322.65096487543246,10427581947.958467,10423174752.929274,319.555210181412,229.26504732151957,4.11825886437792,27.30506378697367,4.267747538581782,2.278604970938469,288.9402004553115,157.00000363744223,8.930569985329074e-05,285,9.743675377649197e-07,True,4.48,conjugate_3D_benchmark_H1_type,4,k(T)_cubic_273_373K,3000,richardson_2x220_minus_110,120
ALT_110,GateA_converged_v1,GRAIL-CHT-1.0,alternating,1,790.4050892565067,317.25988754299954,285.7372374692516,1.0850208740335952,0.002713781989708252,0.00022614849914235434,21.382292134067207,0.5739429259586738,0.5556756764564335,5.198875,2.9838575291934,28.056939,9.242249806673392,81.26719362611554,141.59455574850506,0.0005156411101951544,25.013288904052345,6.808486753378788e-05,512.899395254172,266.6179225635888,9.823079321327661,335.46167801136284,18.2017904683633,206.47398902157838,0.4947453235651823,341.5386661313539,348.45835749870395,325.11267925773546,23.345678240968482,5.862545517872733,347.8587918406996,348.1132027641718,348.34984812174116,13630715972.520767,13606909987.76197,341.6879530625072,270.8108806942028,8.09321675268141,48.21588599786512,8.027586649437417,2.1836389595012213,287.53763646928434,233.01941698794258,7.49389096680395e-05,565,9.782162919691473e-07,True,4.48,conjugate_3D_benchmark_H1_type,4,k(T)_cubic_273_373K,3000,richardson_2x220_minus_110,120
ALT_111,GateA_converged_v1,GRAIL-CHT-1.0,alternating,1,985.5464013389994,302.891402363758,300.36480374510984,0.9819696977569864,0.0019967121552103926,0.00016639267960086605,20.785491715277725,0.9436105759726071,1.873057785166725,5.198875,4.905713433159588,28.056939,24.98192427237786,53.23738792147905,56.4188122484805,0.0005791440042187148,5.1639891791256165,1.0342026041459433e-05,639.527958653686,287.3509516876711,9.431484851476547,336.15659402566695,33.26519166190894,277.63983240356055,0.5335446562449199,352.06302647599756,366.8008397699433,317.91849234232444,48.88234742761887,12.631522572721455,365.7137938124991,366.1810926946294,366.6137550794687,15479588204.403034,15363199568.817616,352.7279308901364,337.67076216914626,8.446762517543117,44.14666674623955,7.4372999499199945,2.199204087337478,302.6194580108088,377.6473809518002,6.02547191887479e-05,869,9.86182271844882e-07,True,4.48,conjugate_3D_benchmark_H1_type,4,k(T)_cubic_273_373K,3000,richardson_2x220_minus_110,120
ALT_112,GateA_converged_v1,GRAIL-CHT-1.0,alternating,1,656.3288353018759,296.3540637673613,301.08724762328643,4.034770102692552,0.004396840465230032,0.0003664033721025027,27.244101573754833,0.921701674820073,1.0090896923678332,5.198875,4.791811794680208,28.056939,23.83532298138883,83.36100185477298,90.44249797099044,0.0008144522437324051,17.3622608695689,7.656879755185608e-05,425.89637552923426,288.38828884219174,21.0321263902317,307.9614317527396,11.60736798537829,213.32941515723428,0.6155953563528933,309.43562276746474,312.4862192804392,301.66394958870546,10.822269691733709,2.546373298468192,312.1730938882122,312.2946765498256,312.4226115924558,9171847048.567593,9168139988.242825,309.4668974488792,224.8732862794357,1.357173521573547,8.985505170361199,1.2009962192494208,2.618879949608269,299.3719991050305,159.50677601368906,8.78667160220479e-05,250,9.564927836436254e-07,True,4.48,conjugate_3D_benchmark_H1_type,4,k(T)_cubic_273_373K,3000,richardson_2x220_minus_110,120
ALT_113,GateA_converged_v1,GRAIL-CHT-1.0,alternating,1,546.385655027363,288.26974480816324,303.99312280180527,1.679393284605857,0.004487108910831986,0.0003739257425693322,34.001141648218905,0.4206930978683639,1.987974838153841,5.198875,2.1871308291803904,28.056939,4.965592329598487,69.4271742671116,165.0304571643711,0.0009979871809186755,84.6240786665353,0.0003808600375682623,354.553476246841,292.57331723686406,12.081694481502257,298.33785456173615,10.068109753572912,188.83862686025424,0.6545722992858337,299.48008262140706,301.971688665224,293.0639875386918,8.907701126532231,2.09418721127375,301.72915959165346,301.82107838852545,301.92205616803506,8046344997.985277,8043994724.139351,299.50195555653784,187.20423545833205,-0.12157086619227575,-0.8633704726193677,-0.649245404090244,0.6858875918412803,300.44704389436464,134.84508423462034,-0.00010774091428653928,217,9.869656310002028e-07,True,4.48,conjugate_3D_benchmark_H1_type,4,k(T)_cubic_273_373K,3000,richardson_2x220_minus_110,120
ALT_114,GateA_converged_v1,GRAIL-CHT-1.0,alternating,1,798.2994103141381,324.58648454345416,293.20174600575314,0.7709888923291892,0.0010352477143172156,8.627064285976797e-05,26.645068039467766,0.6238173869895149,1.9617901170751346,5.198875,3.2431486177851148,28.056939,10.918305410197558,40.23479222213627,64.49770888289225,0.0003973107893987618,3.558439937589201,3.694951666925091e-06,518.0220754487164,277.13342302515963,8.629757790850919,362.657691936783,38.07120739332885,164.74688521930474,0.39085662837063845,387.84729953509856,405.3196978781933,345.5895207045027,59.730177173690606,15.683060853592924,404.675005493181,405.01444891360933,405.2343488055525,22844824737.642708,22627839400.872234,388.77377144366983,273.51565583692224,17.452862507638805,77.69999896075636,13.615697665045502,2.176557184370964,300.82452972001397,263.081288780241,7.75106887379367e-05,1541,9.927932183018129e-07,True,4.48,conjugate_3D_benchmark_H1_type,4,k(T)_cubic_273_373K,3000,richardson_2x220_minus_110,120
ALT_115,GateA_converged_v1,GRAIL-CHT-1.0,alternating,1,820.3977875911369,304.99374429454565,296.65541476362637,2.1105470053374282,0.003534725916168764,0.0002945604930140637,35.896441513363094,0.5267399468171658,1.8304706900035486,5.198875,2.7384551410090934,28.056939,7.7845372126690116,84.09798408310222,159.65750194430015,0.0006490198806330177,28.349703843345033,0.00010050996277911825,532.3618671524018,282.0444105234577,13.720078620282226,321.68747293917806,16.693728644632415,246.652417060665,0.5694124683748834,325.2146891476529,330.3772557165897,312.670230832905,17.707024883684653,4.362573106229186,329.92297467242673,330.1056306160265,330.28888652313145,11198134456.968641,11186149351.89698,325.301764847919,281.0870658564682,4.200050914320473,26.125862604227795,4.108533692767911,2.2835712488310307,295.9541362771628,224.52089072217294,7.19039990581393e-05,389,9.683216717348841e-07,True,4.48,conjugate_3D_benchmark_H1_type,4,k(T)_cubic_273_373K,3000,richardson_2x220_minus_110,120
ALT_116,GateA_converged_v1,GRAIL-CHT-1.0,alternating,1,926.9084279233429,330.96256115011613,295.53544628804866,0.4074848306730378,0.0037186929138691414,0.0003098910761557618,25.53679671928863,0.8183152282757173,0.7098117770599105,5.198875,4.25431858240192,28.056939,18.78804338048491,135.52055143159288,165.6092258201647,0.0004237141793227125,10.451658717672235,3.8983459590357446e-05,601.4773672384525,280.4487080318603,7.248442356557543,347.3145948662083,16.352033716092194,254.17824217285397,0.5193589479081185,350.66968090824395,355.8150584530463,338.01038738117654,17.804671071869734,4.306758139284621,355.30927715319046,355.51543070491715,355.7175266302294,15135016378.204332,15121430323.733208,350.7484203685092,317.58004990190295,8.610134680602648,46.859857666338776,7.931604196804726,2.1779422917940114,298.18738152848425,229.58807380594735,6.707348751998158e-05,380,9.927271662490966e-07,True,4.48,conjugate_3D_benchmark_H1_type,4,k(T)_cubic_273_373K,3000,richardson_2x220_minus_110,120
ALT_117,GateA_converged_v1,GRAIL-CHT-1.0,alternating,1,998.9176257812499,296.8310898993229,307.16895772303246,3.6250340604616267,0.0041400787180890745,0.0003450065598407562,31.1220898225412,0.9483121375034237,1.2095141920516117,5.198875,4.930156263863113,28.056939,25.231490493644007,85.67871744965922,90.34864583218506,0.0007461454302232264,14.000975918359906,5.813956111542576e-05,648.2046397928334,297.1700681447704,19.47512942975418,315.7615207425633,18.9304308432404,327.6011207279306,0.621128962020333,318.49548547930453,323.6606716174267,305.45862325726085,18.20204836016586,4.315940755016938,323.14404753195834,323.34828562838874,323.5596629507704,10301201154.89432,10289946652.430723,318.58253741194306,342.25204981061603,1.8315027730653448,11.1897947343984,1.629432886948359,2.4498215467794013,305.96309237153343,256.7980822666145,5.8698502128154424e-05,318,9.606035860088014e-07,True,4.48,conjugate_3D_benchmark_H1_type,4,k(T)_cubic_273_373K,3000,richardson_2x220_minus_110,120
ALT_118,GateA_converged_v1,GRAIL-CHT-1.0,alternating,1,462.62582989594335,303.5960643373923,311.8556773182949,1.949591204220835,0.0036238781016049676,0.00030198984180041395,30.278033631351096,0.37594717048015713,1.38917464055387,5.198875,1.954502345930027,28.056939,3.9654632459387886,78.62481777315169,209.13794263362223,0.0007117078733593295,80.54144229172704,0.00029275062085523554,300.2011394002869,303.9971834629651,13.108446576039173,313.6422233404127,10.04615900302042,152.1773124760809,0.6229972222413553,315.6019537395137,318.6377776008702,308.1086134005261,10.529164200344098,2.557668413901874,318.3517707020138,318.46849832980064,318.58366507484595,9924963905.156984,9921074987.373796,315.6328770436747,158.50620160335149,0.8169105374552333,4.972842492911284,0.5389388642033613,3.199585692641657,310.0324488054678,133.83849732298003,0.00012667105449109877,286,9.760970556271786e-07,True,4.48,conjugate_3D_benchmark_H1_type,4,k(T)_cubic_273_373K,3000,richardson_2x220_minus_110,120
ALT_119,GateA_converged_v1,GRAIL-CHT-1.0,alternating,1,697.6727486673167,299.3149137185423,311.0549585238321,3.375888758008813,0.0011374971698802415,9.479143082335345e-05,31.026841181107756,0.8745166423487433,1.1390358739029218,5.198875,4.546502708990823,28.056939,21.457367788708385,29.657280291022452,33.912768328079004,0.0005922524208959872,3.5839622782933462,4.089013990487687e-06,452.72473031946237,302.82712326930675,18.52837728043349,337.1185474201547,37.8036337016124,179.74638012951294,0.4879490432951139,361.29293516123806,378.73160780320666,319.7390878856626,58.99251991754403,15.543906426173923,378.0339020413577,378.39235565182247,378.6313955688411,17223588215.322765,17038755746.109348,362.2687799170481,239.03865760867615,9.062607112162597,43.00223358350003,7.227229126896618,2.2352807097441874,313.1311137362279,282.87548769669473,8.737153989738829e-05,1430,9.907579396895017e-07,True,4.48,conjugate_3D_benchmark_H1_type,4,k(T)_cubic_273_373K,3000,richardson_2x220_minus_110,120
ALT_120,GateA_converged_v1,GRAIL-CHT-1.0,alternating,1,538.1740661057468,327.77228840410015,291.92996825938684,1.5418814112848336,0.0013769774666337867,0.00011474812221948222,20.658488056125016,0.8876670025988689,0.872528641505915,5.198875,4.614869788136195,28.056939,22.107541049292593,48.77233400696606,54.944403547921425,0.00043595447059339396,3.1977273714059566,4.416447878499591e-06,349.2249187144818,275.3322588776184,11.559149362882367,346.5220700780518,18.749781673951645,107.91935231381835,0.37978922729324455,358.09988747848723,367.01207052853675,336.9967525064557,30.015318022081033,7.856156307219442,366.5678322369887,366.7587771478302,366.9368897509973,16491142465.888695,16444351003.602901,358.35435431083005,184.39075708124642,10.620247207032923,56.33175570669024,9.519196422982601,2.188792244393581,295.009212115431,167.866716702223,0.00011227143420998924,1164,9.92527702692314e-07,True,4.48,conjugate_3D_benchmark_H1_type,4,k(T)_cubic_273_373K,3000,richardson_2x220_minus_110,120
ALT_121,GateA_converged_v1,GRAIL-CHT-1.0,alternating,1,553.3646629963365,298.36121755614164,312.8319080192398,1.4379459409532733,0.003493041672257852,0.00029108680602148764,35.56553147598944,0.5299127333574625,1.0693598196642116,5.198875,2.754950061633778,28.056939,7.878599037808295,69.97994976950989,132.05938518617103,0.0007707578949869224,43.41008695962653,0.0001520895112801531,359.0822033709637,305.4257457922826,11.164194575622439,311.1142066593336,12.752989103191965,186.20529956219323,0.6373040705048749,313.77969669658665,317.69647676529405,304.2565905712015,13.439886194092537,3.3119992273329744,317.3531706074537,317.49199561093576,317.6307103326158,9700356928.611906,9693918307.077589,313.8317862036584,189.59540337986886,0.4610903918170493,2.792463443383546,0.13634876230193868,6.774348885253111,310.65218180983175,168.61824238572186,0.00010612578814333047,361,9.837714856075763e-07,True,4.48,conjugate_3D_benchmark_H1_type,4,k(T)_cubic_273_373K,3000,richardson_2x220_minus_110,120
ALT_122,GateA_converged_v1,GRAIL-CHT-1.0,alternating,1,764.4003052189355,318.0538907868739,308.58086155248674,2.904577632808949,0.0017001527562989557,0.0001416793963582463,29.90937504750812,0.4127477028105749,0.7252653026004119,5.198875,2.145823713449327,28.056939,4.779798818882747,55.826726182824444,135.25629773994257,0.0004702552198363279,30.200827711582555,5.1500522042484414e-05,496.0247088587037,299.2213366239117,16.737395004674006,346.17254156058874,28.11865077371482,199.82908675629707,0.49511254362239715,361.395398911331,374.1285314020994,331.55970869820425,42.56882270389514,11.1440612814895,373.4627521343333,373.74964106030046,374.01121808197223,17153692346.708841,17058092937.352604,361.90068419889326,261.90104627739555,9.314469696465306,45.15938832895254,7.597892834704707,2.2259123202625832,310.8175982922434,289.26204345016004,7.941966032969466e-05,999,9.937254503711301e-07,True,4.48,conjugate_3D_benchmark_H1_type,4,k(T)_cubic_273_373K,3000,richardson_2x220_minus_110,120
ALT_123,GateA_converged_v1,GRAIL-CHT-1.0,alternating,1,568.0148604829012,297.6532278659657,307.51520350418144,2.884283980765398,0.002769768690989766,0.0002308140575824805,20.07801571094827,0.9673640005896861,1.7121773720182283,5.198875,5.029204518565705,28.056939,26.255490193702318,56.33222374615292,58.23270631511395,0.0007592319009336817,9.086830612031152,2.5244151383682307e-05,368.58881907137794,297.672672022482,16.660279126908513,313.2528533356006,15.59962546963493,180.60674062689844,0.6021994223768626,318.1482733323463,323.9429630967315,304.43902109447976,19.503942002251733,4.873635281601433,323.4083072186821,323.6393702346716,323.8530395962467,10259438995.627277,10245149077.811655,318.2591535311445,194.61489646968755,1.7574136086517604,10.720869070053999,1.529672114884114,2.495102413117454,306.1410695514021,197.73243496921694,0.00010241154379111204,516,9.976233172892535e-07,True,4.48,conjugate_3D_benchmark_H1_type,4,k(T)_cubic_273_373K,3000,richardson_2x220_minus_110,120
ALT_124,GateA_converged_v1,GRAIL-CHT-1.0,alternating,1,990.0515585313489,289.88197728307114,301.8344692729305,0.142426650521995,0.0033821752032368955,0.0002818479336030746,21.334440660972355,0.6538059183198034,1.0565045477830783,5.198875,3.3990552436048684,28.056939,11.99328027624044,62.72093688132971,95.9320420997632,0.0008326671008506679,28.174391102842844,9.557745933233027e-05,642.4513866919019,289.46251375780264,6.241221271983581,312.3984578278821,22.516480544810975,318.3265714406113,0.6089493305615019,317.4165555877984,324.6948904891859,299.8127676042257,24.88212288496021,6.072587733721962,323.9761643270605,324.27453955160735,324.56069291432016,10173285913.27122,10151221367.577557,317.588898166843,339.21433217332424,2.5476111440904368,16.098310505375125,2.2416370166624104,2.5388226007398247,299.3867024570593,297.79100574510613,5.889987029667184e-05,425,9.852394100562378e-07,True,4.48,conjugate_3D_benchmark_H1_type,4,k(T)_cubic_273_373K,3000,richardson_2x220_minus_110,120
ALT_125,GateA_converged_v1,GRAIL-CHT-1.0,alternating,1,732.0187656714647,318.77005711253054,288.9153375708755,0.4479301097759308,0.0013987863318884555,0.0001165655276573713,27.92217607385199,0.3774292475444692,0.6311385765822997,5.198875,1.962207479327752,28.056939,3.9967905553359175,46.49179547923539,123.18016100158661,0.0004645825601448027,34.114028089124716,4.786182168177181e-05,475.0121011755731,271.07843789295214,7.402134417148537,347.0111503728287,28.241093260298157,165.12360694538557,0.42722143028173076,364.23596593103025,377.4715697231271,333.0494564896511,44.42211323347601,11.708028063666346,376.873673857123,377.14445580418857,377.37285088778873,17707813636.53656,17600755472.4822,364.7885814560519,250.8063894207026,12.18426203144473,62.662697484718336,10.835616312129709,2.154496060978021,294.0547359163545,254.7273465752538,8.288839161486316e-05,1209,9.893206538436061e-07,True,4.48,conjugate_3D_benchmark_H1_type,4,k(T)_cubic_273_373K,3000,richardson_2x220_minus_110,120
ALT_126,GateA_converged_v1,GRAIL-CHT-1.0,alternating,1,638.0006636752368,288.5212444622331,286.1964462863453,1.2805536217400584,0.00296284409540995,0.00024690367461749585,25.890943076644575,0.6798850082572961,1.8988811157333934,5.198875,3.5346371723036505,28.056939,12.969141174417393,49.15660813601793,72.3013561690642,0.0009307107553474824,20.712816418188762,6.155350634296975e-05,414.00309666350677,267.2609039235616,10.566103762612222,303.9362324090328,15.414987946799727,190.90982115938286,0.5667261047987427,308.09397599621474,313.418086039369,295.44979855426675,17.968287485102223,4.481461198014126,312.9375796425925,313.141205069644,313.3273665091036,9021506589.064045,9010166728.495018,308.1908691818302,218.59363503833157,2.9993626126781088,21.53407889077446,3.15017592504745,2.394400938120234,283.97614825418077,194.45609933208888,8.903394057408972e-05,460,9.845342674452695e-07,True,4.48,conjugate_3D_benchmark_H1_type,4,k(T)_cubic_273_373K,3000,richardson_2x220_minus_110,120
ALT_127,GateA_converged_v1,GRAIL-CHT-1.0,alternating,1,582.0602776758244,322.7069301518482,296.1891486028719,3.9640469251467163,0.0031652145240998455,0.00026376787700832044,21.165481979174768,0.44337284925084747,1.483245879548506,5.198875,2.3050400216490003,28.056939,5.515418575887135,97.99672977941428,221.02555432746072,0.0004987459800186625,31.95420979433775,0.00010144626775042265,377.7029886057861,281.37971975636634,20.76337831555752,334.1260086428141,11.419078490965887,151.08122232222496,0.4915962995845271,337.15600682086006,341.14400695306,327.5536019277772,13.590405025282791,3.3543719756041974,340.76247071131303,340.92777347358077,341.0714116869584,12929440754.807247,12921817592.54446,337.20572170273323,199.42717798385507,6.189415729376926,36.26285353541997,5.893487173805437,2.235082550826501,296.5421844494491,153.0508172080825,0.00010173909183827979,417,9.731784302857704e-07,True,4.48,conjugate_3D_benchmark_H1_type,4,k(T)_cubic_273_373K,3000,richardson_2x220_minus_110,120
ALT_128,GateA_converged_v1,GRAIL-CHT-1.0,alternating,1,702.2304908098218,293.7252403344399,312.0126028896009,3.185308584074141,0.004301124639441072,0.000358427053286756,35.179191223854886,0.581758393642783,0.6693963518673411,5.198875,3.0244891687496236,28.056939,9.49566979628344,78.56424194355787,135.0461683098614,0.0008453663273404804,57.990936327905494,0.0002501767754305042,455.68228109992896,304.22666909973435,17.804172619481736,307.19185555026223,13.466615215822344,242.11224835121834,0.6529849257596447,308.9723431866806,312.48132206908366,300.0868184178257,12.394503651257935,2.9521922199964172,312.14476963791475,312.27737791347135,312.41183401257217,9118322958.045902,9113357893.735973,309.0144175311377,240.6002444207625,-0.14172774034245367,-0.933104410943199,-0.4373713861301376,0.9419076287893831,310.01740536754323,182.88041000309397,8.464156799579878e-05,275,9.815652219913318e-07,True,4.48,conjugate_3D_benchmark_H1_type,4,k(T)_cubic_273_373K,3000,richardson_2x220_minus_110,120
ALT_129,GateA_converged_v1,GRAIL-CHT-1.0,alternating,1,718.4347887804221,299.4999013954464,283.45323379517157,0.6292834257148079,0.0032954829772077897,0.0002746235814339825,20.542807910461825,0.9161083411780967,1.243759860998746,5.198875,4.762732752242278,28.056939,23.546912109294528,69.10589180262498,75.4341912374209,0.0007363627963999475,11.702548481766629,3.8681594093892467e-05,466.1973634831372,263.4275554769061,8.09127701771627,314.3737976814275,14.873896285981118,204.88968902355663,0.5401306555775748,317.92055052077194,322.8834471785209,305.9316851669586,16.951762011562323,4.144696803213268,322.39143709111727,322.6013009159977,322.7902478605064,10226184195.458078,10215847640.36074,318.00093927682707,246.15220791909647,4.603018008274638,31.70083297847957,4.958463935821693,2.26732793421622,282.4161190133019,197.59458577539152,8.144842537908669e-05,413,9.908945344250242e-07,True,4.48,conjugate_3D_benchmark_H1_type,4,k(T)_cubic_273_373K,3000,richardson_2x220_minus_110,120
ALT_130,GateA_converged_v1,GRAIL-CHT-1.0,alternating,1,749.3655015026209,319.3738146169125,291.29249176186823,3.1145349992586473,0.0026690497593455965,0.00022242081327879972,21.825834812929543,0.9940738727346405,1.9738209509226392,5.198875,5.168065805113304,28.056939,27.72538634882122,82.31412171052017,82.80483369317281,0.0005006914362603299,5.540341599715703,1.4831943243143022e-05,486.2685194835611,274.4309023351981,17.53523299718286,336.963432249983,17.589617633070475,196.24082049000623,0.49597722323718674,343.0442364624589,349.8664424205368,326.91564225568294,22.950800164853888,5.762151834532175,349.2488556135929,349.5206496496776,349.75900361149496,13871631101.121674,13848428985.742308,343.1878331853105,256.7497782873203,7.818963529609603,45.2447887413207,7.444999613884528,2.214423871534544,292.3707887323413,225.34233369392507,8.001949576165374e-05,574,9.928570534611936e-07,True,4.48,conjugate_3D_benchmark_H1_type,4,k(T)_cubic_273_373K,3000,richardson_2x220_minus_110,120
ALT_131,GateA_converged_v1,GRAIL-CHT-1.0,alternating,1,631.5229087409299,307.0110890498341,293.64447458298355,1.799473540644538,0.002738064028969248,0.000228172002414104,27.93861119125312,0.8673510827704496,1.1530177814433924,5.198875,4.509249860438222,28.056939,21.107176312098684,66.84811561858572,77.07157683491073,0.0006324734099425472,9.34792800859962,2.567224215219735e-05,409.7996361423506,277.76135853093507,12.537999454449244,322.40467847960167,15.393589429767587,176.1812880064577,0.5283682938686501,327.3529775451645,333.07326817553957,313.85160914271313,19.221659032826437,4.847046432625849,332.587377873981,332.79514066872855,332.9850457490431,11498226467.984077,11483259579.25583,327.45959062628253,216.37420788316112,4.887696572574163,30.455715815028007,4.849301081344959,2.25827158202024,293.2430575660998,194.94413336611285,9.417825492948158e-05,530,9.989947784561082e-07,True,4.48,conjugate_3D_benchmark_H1_type,4,k(T)_cubic_273_373K,3000,richardson_2x220_minus_110,120
ALT_132,GateA_converged_v1,GRAIL-CHT-1.0,alternating,1,919.1880732499704,316.1658331301952,285.10774508255736,2.4175786571285736,0.0014591616150100805,0.00012159680125084004,29.825649629434913,0.7232762346155106,1.0814551855327434,5.198875,3.760222734236713,28.056939,14.677384737988243,49.11934640166632,67.91229139137671,0.000458710476111741,5.3245688065435415,7.792784773308296e-06,596.4675750484186,265.7373505207289,14.886798897088578,351.25989601344037,35.09406288324516,214.04906160124196,0.44103699971758226,372.0733813185901,388.44629736161636,333.59736543753195,54.84893192408441,14.421113744299232,387.6612234160701,388.0145710389306,388.3142633446627,19334322221.762756,19165246270.606823,372.8912889879895,314.93487962556503,14.659675086021092,73.71507054660539,12.51086570982978,2.197093395918824,289.51366829568644,325.59582716527837,6.618062277339798e-05,1174,9.90146418189397e-07,True,4.48,conjugate_3D_benchmark_H1_type,4,k(T)_cubic_273_373K,3000,richardson_2x220_minus_110,120
ALT_133,GateA_converged_v1,GRAIL-CHT-1.0,alternating,1,958.317871817031,314.4999628011986,287.25411875586633,4.7631336443541965,0.0041679494875427785,0.0003473291239618982,25.906323933810665,0.3713315751992302,1.580296498337195,5.198875,1.930506443013898,28.056939,3.8686910405110773,116.75942724539158,314.4344166874222,0.0005512115798097312,67.51681775377246,0.0002822534462962438,621.859175247174,268.7438128177971,23.799907848545946,330.28733211973616,15.787369318537571,275.04800385834153,0.5435819001726455,332.7033401660338,337.18116936384416,321.49604604439025,15.685123319453908,3.735857483102406,336.72770027359905,336.90877508645843,337.0932204481279,12261821633.204256,12252610952.2972,332.76584849249855,328.3416445305079,6.459079441301227,40.29602164567097,6.5383193901516155,2.220828484707252,287.5724333058419,221.57681759563303,6.480567699541668e-05,315,9.963411002900102e-07,True,4.48,conjugate_3D_benchmark_H1_type,4,k(T)_cubic_273_373K,3000,richardson_2x220_minus_110,120
ALT_134,GateA_converged_v1,GRAIL-CHT-1.0,alternating,1,497.41933117026616,316.5382378731803,302.34854325094864,4.392739141424456,0.0023209637358487002,0.00019341364465405835,34.53023324150283,0.8318074706893694,1.4972557147583694,5.198875,4.324463064180196,28.056939,19.412699015219125,66.03303238509817,79.38499558121612,0.0005427439047832879,7.060064513383704,1.6435460088581624e-05,322.7788859317038,290.20233228279164,22.392408737412932,330.0478041077326,13.509566234552267,131.06479166690713,0.49903322316085574,335.44133176644146,340.8643012730766,322.7498644992084,18.114436773868192,4.664881472482559,340.5000696516944,340.6509120916451,340.7979482540403,12675502502.189154,12660950024.149027,335.53767919628507,170.42725177193964,5.132491807025699,29.46903560773557,4.760724476935258,2.2527601081542956,302.43647801271453,161.37733803918024,0.0001204532825936144,634,9.983653512790625e-07,True,4.48,conjugate_3D_benchmark_H1_type,4,k(T)_cubic_273_373K,3000,richardson_2x220_minus_110,120
ALT_135,GateA_converged_v1,GRAIL-CHT-1.0,alternating,1,512.7672286370617,289.05795109154644,310.75060399723264,2.630155125721741,0.0032626303643355213,0.00027188586369462675,32.39109545207486,0.541485984682083,0.7104133859549984,5.198875,2.815117948614064,28.056939,8.226492922449738,53.389844885633835,98.59875674710223,0.0009436198240011654,57.59251289295211,0.0001884684867832804,332.7382440331898,302.382776116911,15.694589477742614,302.2293805052256,13.171429413679164,179.6292531855055,0.6634724294222433,305.1891434805696,309.34231096730775,295.0966884357376,14.245622531570177,3.5086974164817244,308.9806596817905,309.1274112538945,309.27387199113616,8681968853.105268,8675136589.397457,305.2492150757267,175.68579284952423,-0.41244343819033996,-2.7311453442017144,-0.8000710244406175,1.3429340829400886,308.24798306614076,167.84836301526371,0.00011232795505573205,386,9.897967174765654e-07,True,4.48,conjugate_3D_benchmark_H1_type,4,k(T)_cubic_273_373K,3000,richardson_2x220_minus_110,120
ALT_136,GateA_converged_v1,GRAIL-CHT-1.0,alternating,1,724.0185454566672,295.816667802404,286.20166899726655,1.6060203007114353,0.0013265930080306034,0.00011054941733588361,21.100425425378255,0.8702470184499866,1.3129929180411435,5.198875,4.524305468044175,28.056939,21.2483580530362,30.679838625158776,35.254172636871786,0.000667686314451823,4.66870636728672,6.212109552046661e-06,469.82070227664946,267.26821969998633,11.802877142703455,327.7899940125147,31.973326210110656,177.29717035414433,0.46378659424518115,347.45941576768826,362.5686293681427,311.9861186366852,50.58251073145749,13.302976736549097,361.82971343068675,362.15152881349144,362.4505134704126,14700724626.134373,14575260995.753447,348.2047455173581,248.06533080207092,9.263425243296862,52.69199991127004,8.812531899973221,2.1879780758385383,288.4452093236078,275.2134948617887,8.23677450537945e-05,1260,9.89956561170402e-07,True,4.48,conjugate_3D_benchmark_H1_type,4,k(T)_cubic_273_373K,3000,richardson_2x220_minus_110,120
ALT_137,GateA_converged_v1,GRAIL-CHT-1.0,alternating,1,771.9648122737694,308.10699978601343,302.7461673178407,1.1012360377775834,0.0036785720384008656,0.0003065476698667388,29.551733683682187,0.36432712210315144,1.7557206517172095,5.198875,1.8940911669240215,28.056939,3.7241168087679415,91.58338116502445,251.37678643396347,0.0006202266650956347,65.0936355415428,0.00024017214401301514,500.93337043813483,290.7749960057934,9.884696943554816,323.4221951754129,15.315195389399491,235.4930470023396,0.5777589232375264,326.41722003561756,331.0936466634519,314.9479209547385,16.145725708713428,3.920465068008544,330.6437809918836,330.8296517518482,331.0092453483517,11362276883.221182,11352519250.509363,326.4873373635131,264.4928195913352,3.647069000499618,21.947177005798522,3.4053147263666714,2.320294427815406,301.8367289389427,207.94303420081297,7.835590242223303e-05,364,9.897761401589378e-07,True,4.48,conjugate_3D_benchmark_H1_type,4,k(T)_cubic_273_373K,3000,richardson_2x220_minus_110,120
ALT_138,GateA_converged_v1,GRAIL-CHT-1.0,alternating,1,964.3669342866937,310.29552170572555,300.084705948921,4.789034712805184,0.0011537595141245286,9.614662617704405e-05,23.555094704368358,0.8514957227729875,1.4263689926189884,5.198875,4.426819825731416,28.056939,20.3425423805328,38.87302208854423,45.65263341775817,0.0004583052495096626,2.8655263707419905,3.3160765428468434e-06,625.7844542271754,286.9491023340601,23.898331908659696,357.1483126810623,46.852790975336745,225.95764700752537,0.4437627150146358,387.49163298148517,409.3106641788927,335.11892707672746,74.19173710216523,19.468339879352616,408.38591458624137,408.8123460030028,409.1670577694565,22877361349.173447,22544952118.94154,388.9121247796987,330.41419183194864,17.108811016616155,74.77317141344717,12.574349749426801,2.2633717019254824,303.7468637242458,358.0344564614036,6.405985810705242e-05,1431,9.975950092666608e-07,True,4.48,conjugate_3D_benchmark_H1_type,4,k(T)_cubic_273_373K,3000,richardson_2x220_minus_110,120
ALT_139,GateA_converged_v1,GRAIL-CHT-1.0,alternating,1,489.37594650724657,318.91704476479686,289.375923519637,2.591480801150773,0.0024320084678531133,0.00020266737232109278,35.03310659277919,0.3935720018990992,0.7857746436346298,5.198875,2.046131641373179,28.056939,4.345989568652739,70.68731708991834,179.60453677810287,0.0005312652697096072,52.67643605225409,0.00012849502360622365,317.5594773201778,271.7269219850008,15.547627044372938,330.209166482628,11.29212171783115,114.79339896597642,0.4442632336500523,334.51541105181,338.95530776983463,324.10225779816784,14.853049971666792,3.81745535670083,338.6575696686429,338.7798225153796,338.9021015587254,12531438675.87908,12521735380.047785,334.58019758264896,167.67140402505387,6.517271575541033,39.866771554822954,6.493761112640109,2.2186281309226965,289.86525750369816,137.99794596840817,0.00012131593932313791,577,9.876219451143697e-07,True,4.48,conjugate_3D_benchmark_H1_type,4,k(T)_cubic_273_373K,3000,richardson_2x220_minus_110,120
ALT_140,GateA_converged_v1,GRAIL-CHT-1.0,alternating,1,453.78172839484415,325.3824531857089,307.607754746523,3.817607752704287,0.0022634074713965835,0.00018861728928304863,33.441531442239665,0.6507444036450125,1.8245514457951626,5.198875,3.3831388114999648,28.056939,11.881223668839363,73.48967698257411,112.93170801152743,0.00047558072893578535,8.866953885746266,2.0129919431822533e-05,294.4621400275131,297.8070656138325,20.20690946027629,337.4522511362785,12.06979795056958,114.19288019298737,0.47660445710303223,342.45094542639345,347.37573083341465,330.8866318404725,16.48909899294216,4.2421747781825445,347.04715148763256,347.1826234921482,347.3159644814234,13765423366.48353,13752874443.51806,342.52903675354617,155.47600993452693,5.654435123125756,30.61595041646603,5.012537116554033,2.243989261516839,308.1615652282314,143.272959214191,0.0001325749183895866,643,9.948778938451142e-07,True,4.48,conjugate_3D_benchmark_H1_type,4,k(T)_cubic_273_373K,3000,richardson_2x220_minus_110,120
ALT_141,GateA_converged_v1,GRAIL-CHT-1.0,alternating,1,974.350433603194,312.77803776697374,293.49422895164815,0.3018476422721085,0.002905525428927119,0.00024212711907725993,22.32385431359204,0.4404149576507096,1.9544694929816675,5.198875,2.289662312956333,28.056939,5.442073570034489,83.9236069376854,190.55575992549439,0.0005345992943835982,26.866724529632705,7.829684183834283e-05,632.2628168181477,277.5482074470048,6.847021040634012,335.5981384344135,22.82010066743976,277.1523200200779,0.5387278323124284,342.47492910381635,350.86071216184183,322.58300648584225,28.277705675999584,7.061666221321492,350.0917829646981,350.416157596769,350.7217139775853,13791418920.199877,13756727598.680698,342.69063609048374,333.83476727998203,7.3864593269547445,42.24943110519612,7.046357486697901,2.191743267795493,295.1562345470415,298.26681149721844,6.109927654972205e-05,537,9.801867690839572e-07,True,4.48,conjugate_3D_benchmark_H1_type,4,k(T)_cubic_273_373K,3000,richardson_2x220_minus_110,120
ALT_142,GateA_converged_v1,GRAIL-CHT-1.0,alternating,1,471.04717476625217,313.9931694724667,302.8139785172258,3.8746762260977627,0.002133371264964219,0.00017778093874701827,35.708188009970776,0.39204500301452183,1.7400214796517917,5.198875,2.038192965047122,28.056939,4.312331446436185,58.30594015784651,148.72256937218702,0.0005649909353980413,29.164247034995867,6.240538273698908e-05,305.6658090360443,290.8726961955094,20.423769659171498,327.9171771364552,13.924007663988505,124.1672253858076,0.49923916794751755,334.04117762884397,339.8433857455991,320.5478788995118,19.295506846087335,5.01914212866467,339.49758158196437,339.6395729215359,339.77892867266354,12467571865.813427,12450879336.066076,334.15308119395917,161.39154717103142,4.836895566221106,27.89488091322067,4.492341015239991,2.257666759984301,302.7993522337569,160.76505164864219,0.00012651356225804145,703,9.977222816814901e-07,True,4.48,conjugate_3D_benchmark_H1_type,4,k(T)_cubic_273_373K,3000,richardson_2x220_minus_110,120
ALT_143,GateA_converged_v1,GRAIL-CHT-1.0,alternating,1,711.9071899008263,312.90351530616294,295.0943705973755,2.02917270821585,0.0020621752372287127,0.00017184793643572606,24.2363046799546,0.8276627239019959,1.8821592418155604,5.198875,4.302915043725989,28.056939,19.219721038790347,59.096215547060766,71.40132549216797,0.0005388324459388638,6.03991097250469,1.2492833342592942e-05,461.96155887697546,279.8211034065405,13.41085629122023,334.5148550240525,21.611339717889564,186.28742496799933,0.49559422597146807,344.40341420153777,353.73357632122065,322.6371794786775,31.09639684254313,8.008711987426587,353.05362434612425,353.3424687015831,353.61436911487556,14114225363.531027,14069212606.495037,344.67855366425744,243.91570308704306,7.624691997769372,42.90979456122047,7.0935929352312685,2.2134776535260015,296.3451230193249,247.04285099010036,8.294009896722458e-05,791,9.838217920332681e-07,True,4.48,conjugate_3D_benchmark_H1_type,4,k(T)_cubic_273_373K,3000,richardson_2x220_minus_110,120
ALT_144,GateA_converged_v1,GRAIL-CHT-1.0,alternating,1,529.8267869891883,329.03542968101715,283.97069399151707,0.653459944984853,0.0012278362490962065,0.00010231968742468387,36.64988721894629,0.4572414698778825,1.0382546763506768,5.198875,2.3771412467113766,28.056939,5.865857552896192,44.25778106771486,96.79301634546616,0.0004283893408693526,12.298187693702525,1.5145597440839354e-05,343.80831086479316,264.14923784636187,8.183147790942442,347.6513729141072,18.615943233090036,95.54363903510765,0.34153399988930444,359.6708993294323,368.4018262896205,339.0697283477284,29.332097941892073,7.781943904534735,368.07185197691695,368.249464711106,368.3546898153296,16781142793.266378,16734826084.859024,359.91950529212477,181.5307881366108,11.714628759219117,63.38208853203904,10.89022220936497,2.1513078904993383,288.68396272073653,151.5830622298887,0.00011544493699379198,1284,9.960023703570187e-07,True,4.48,conjugate_3D_benchmark_H1_type,4,k(T)_cubic_273_373K,3000,richardson_2x220_minus_110,120
ALT_145,GateA_converged_v1,GRAIL-CHT-1.0,alternating,1,439.9395751869142,312.1504383601457,309.6480605568326,1.1797494858631703,0.002493957539642099,0.00020782979497017493,25.41775583746568,0.7786169994721285,1.7315074200876397,5.198875,4.047932453130662,28.056939,17.009363043981526,64.97046147505264,83.44341507968622,0.000592735508951976,9.022538514229298,2.2569536563965276e-05,285.4798699158149,300.77492282665366,10.183048046280046,324.34938714146637,12.198948781320667,127.17090000752874,0.5474705865792052,328.8154263754001,333.6127260748905,317.5418349735098,16.070891101380653,4.080610568932402,333.21560487392753,333.3874404386497,333.5415415406753,11700553678.606619,11689844578.928131,328.8907077037986,150.73337131555027,3.0822667459522735,17.722587720682547,2.757414884155381,2.3282225137895285,308.96640845554725,150.1326348213338,0.00013434490979919323,568,9.963646334654186e-07,True,4.48,conjugate_3D_benchmark_H1_type,4,k(T)_cubic_273_373K,3000,richardson_2x220_minus_110,120
ALT_146,GateA_converged_v1,GRAIL-CHT-1.0,alternating,1,695.9124307239379,311.97989116895155,286.42594566246316,0.915098673176701,0.003547362628140649,0.0002956135523450541,31.857063499127044,0.9801237834041139,1.0954443634635185,5.198875,5.095541034445063,28.056939,26.952691692997835,92.64633946268184,94.52514165191207,0.0005912418446097191,8.964127951271744,3.189469657794622e-05,451.58244768377824,267.5824409630211,9.177374958071464,324.81031401304205,12.830422844090492,190.24919925154103,0.517766944833975,327.42798269945,331.3973368740563,317.6506657991299,13.746671074926383,3.3356008010915414,331.0191005359763,331.17523602285104,331.32483810145357,11500899915.048683,11493787660.949373,327.4786233345672,238.43553237703492,5.681400422605445,36.606181752530446,5.89854799437052,2.2257917203853723,286.4296381554746,171.04659310341592,8.530896686120911e-05,363,9.727455676511454e-07,True,4.48,conjugate_3D_benchmark_H1_type,4,k(T)_cubic_273_373K,3000,richardson_2x220_minus_110,120
ALT_147,GateA_converged_v1,GRAIL-CHT-1.0,alternating,1,616.5602314202838,318.5775775836548,283.03925760915934,3.7921072666208606,0.002538152897205253,0.00021151274143377109,25.31874358955582,0.45200816715793884,1.7252831512479618,5.198875,2.3499339600332294,28.056939,5.7323520148161595,74.99256539474166,165.9097574857271,0.0005226216675355665,23.421042056303513,5.962506093357356e-05,400.090250090242,262.85067244208227,20.11000761315927,332.51578909935614,13.938211515701369,147.87716391102688,0.45424659574615706,337.51740805656084,342.97858556306875,324.6935982311789,18.28498733188985,4.644129159702226,342.53133649031275,342.72670963773743,342.8973712290241,12991919713.173573,12977310892.876373,337.6123555207192,211.2476520476478,7.728453380100386,47.804612759885636,7.837220008573305,2.203082573645634,283.9769979157074,173.24506494837343,9.664475423332485e-05,577,9.907658977681422e-07,True,4.48,conjugate_3D_benchmark_H1_type,4,k(T)_cubic_273_373K,3000,richardson_2x220_minus_110,120
ALT_148,GateA_converged_v1,GRAIL-CHT-1.0,alternating,1,501.1967879182783,317.63184633400823,308.76333127769715,0.0887815751987222,0.003502341018250929,0.00029186175152091075,34.68701418695118,0.7519039161428969,0.676345211365526,5.198875,3.9090544720374036,28.056939,15.862256979628567,98.4858493409484,130.98196089489645,0.0005491265440168703,15.88078059474981,5.578727109211198e-05,325.23010405768616,299.4867787449797,6.037369985755144,327.5979661105475,9.966119776539244,145.90185536021227,0.5513388716302186,329.77040364453705,332.9067734629399,322.1200062600495,10.786767202890417,2.65247489351587,332.62974148787083,332.7415757190989,332.85230990717,11830806180.854763,11826240410.767101,329.8022277462316,171.7214949424583,3.3708056615635607,19.426550511255797,3.0220748414339615,2.3278271092798053,308.0129743517007,134.6900246417283,0.00012068288970673382,317,9.864301091511152e-07,True,4.48,conjugate_3D_benchmark_H1_type,4,k(T)_cubic_273_373K,3000,richardson_2x220_minus_110,120
ALT_149,GateA_converged_v1,GRAIL-CHT-1.0,alternating,1,810.3819935710516,322.95247571051243,305.989666266972,3.4871662435315627,0.0033599795049242516,0.000279998292077021,26.790167779857153,0.6878274117437818,1.843125580085182,5.198875,3.575928735229454,28.056939,13.27392156744848,108.81120279772131,158.1955021563663,0.0004768160425003376,11.90682238694271,4.01270603700108e-05,525.8625483022103,295.4603565987529,18.951231725419937,339.55841402733216,16.60593831681973,233.2256598510216,0.5450704339109071,343.5654385617539,349.11252928798865,330.17511068004393,18.93741860794472,4.660640923571312,348.58581821505027,348.80490831492966,349.0120367122918,13948043611.290741,13932783080.12158,343.6594764675696,277.655425503567,6.0787470244894335,32.94516750811222,5.405645970866612,2.2394026335031985,306.66737206337666,226.15372273606738,7.50542473939859e-05,427,9.860108320935979e-07,True,4.48,conjugate_3D_benchmark_H1_type,4,k(T)_cubic_273_373K,3000,richardson_2x220_minus_110,120
PAR_000,GateA_converged_v1,GRAIL-CHT-1.0,parallel,0,665.0261485403818,289.92298855099943,289.9616569092876,1.8450970027167353,0.00323425763409006,0.000269521469507505,29.224789925588667,0.5215592297444251,1.2415122540389865,5.198875,2.7115212405375484,28.056939,7.632161619936409,55.66469613899235,106.72746826140762,0.0008971862534620165,44.914518826835646,0.00014570223209345526,431.5401229708934,272.55235370232197,12.711368610323593,305.7192343321986,15.796245781199161,213.5525571626303,0.6081799964926349,299.6618397002378,306.7435116609865,292.13581549385185,14.607696167134634,4.437833819921799,305.81582146094775,306.38484385717595,306.6877261077325,8074146531.280063,8063540391.525135,299.76032897230203,227.85318492863172,1.5429545033399705,11.36224460018024,1.395467100694865,2.792166175400543,286.9363054705198,8.116188610074461e-11,-1.9237241494814972e-05,115,8.749504445404455e-07,True,4.48,conjugate_3D_benchmark_H1_type,4,k(T)_cubic_273_373K,3000,richardson_2x220_minus_110,120
PAR_001,GateA_converged_v1,GRAIL-CHT-1.0,parallel,0,913.2766657605589,295.41924779204675,310.78004620024416,1.407915027025053,0.003159752907975586,0.00026331274233129884,20.238571220916803,0.41531641812097164,1.2974449544028175,5.198875,2.1591781432586665,28.056939,4.8394776392001555,66.61310243811705,160.39120904368932,0.0007324555983813835,59.48541112095488,0.00018852477509685096,592.6316213486868,302.42575121899785,11.050077102695202,318.9878402839203,23.568592491873574,311.28848181171236,0.6455453650420525,309.8162873646046,320.4193393850467,298.62136154578684,21.797977839259886,6.627371766479743,319.0363330141451,319.8757637461924,320.3320006623996,9238619405.593452,9213337520.270096,310.0286070767619,312.90949607210666,0.26505121129130643,1.4946603394113194,-0.138646227305514,-3.185550837373982,308.1422914262774,9.0469143287919e-11,-1.5351720662312597e-05,118,9.447447268939868e-07,True,4.48,conjugate_3D_benchmark_H1_type,4,k(T)_cubic_273_373K,3000,richardson_2x220_minus_110,120
PAR_002,GateA_converged_v1,GRAIL-CHT-1.0,parallel,0,550.2224033401654,294.452308131461,306.8768345845313,0.7645911554854578,0.0015128861067452083,0.00012607384222876737,34.489845200834736,0.5823143267007471,0.8952351321581937,5.198875,3.027379395226347,28.056939,9.513826746357578,32.884545012902436,56.47215516612541,0.0007103988321376285,15.068055580388842,2.2864846482682935e-05,357.0431690842567,296.7462479246752,8.60544639084474,322.98346242938266,28.53115429792166,180.42713743732935,0.6210544340867452,311.17755106034633,323.5003671425722,297.4010087883498,26.099358354222375,7.958531814759716,322.0820147482545,323.00121473782565,323.4409904095248,9413083419.80721,9376333250.01873,311.48201596959433,188.51879327648754,1.0418282110634496,6.431178986591375,0.6187005421192041,3.5633843435534294,303.9747323206394,8.858165756464585e-11,-2.8326290466099686e-05,224,9.653595611780474e-07,True,4.48,conjugate_3D_benchmark_H1_type,4,k(T)_cubic_273_373K,3000,richardson_2x220_minus_110,120
PAR_003,GateA_converged_v1,GRAIL-CHT-1.0,parallel,0,990.3463610124817,323.6548123267875,283.03741660372697,0.13488052817056873,0.003945113533167767,0.0003287594610973139,20.721900650096522,0.8876607722866804,0.8737015945043306,5.198875,4.6148373975219155,28.056939,22.107230715803382,129.5490821998272,145.9443587510341,0.00047023289515386803,9.880664572383921,3.90976364304946e-05,642.6426860855264,262.84810791057663,6.212546007048161,340.65997827670105,17.005165949913533,280.42495714916845,0.5362849749309907,334.24869372035243,341.96931914898744,326.15557636885427,15.813742780133168,4.792801097612103,340.88063339909695,341.5417179844137,341.91262298867935,12497240209.255507,12481847571.653406,334.35169512694563,339.31533825315796,7.0842018886798686,44.43897464906618,7.367248013871467,2.177934606921583,284.4777450275828,1.0016691476266713e-10,-1.4031088972575142e-05,104,8.974886895884993e-07,True,4.48,conjugate_3D_benchmark_H1_type,4,k(T)_cubic_273_373K,3000,richardson_2x220_minus_110,120
PAR_004,GateA_converged_v1,GRAIL-CHT-1.0,parallel,0,750.5296095401541,288.09102959418846,289.1408470901188,4.707045918844202,0.003041623399834007,0.0002534686166528339,27.54609390621322,0.722308447264888,0.576686820044626,5.198875,3.7551913287742447,28.056939,14.638132559327344,52.13580926493941,72.17942620269531,0.0009008597080306829,26.135409938028303,7.97332742545247e-05,487.0239173378726,271.3958805176535,23.58677449160797,307.1957195354892,19.104689941300762,242.8967568431012,0.6129428214392856,299.77440314922524,308.3191724179654,290.6880038215834,17.631168596381997,5.358579822870378,307.22332011539413,307.88529343761576,308.2495822915352,8091137413.645203,8075663009.068204,299.9179053237011,257.14862835439675,1.5291791648153046,11.192986590241441,1.5297420640074122,2.538396444479128,287.23843521339717,8.357005754078272e-11,-1.6317205563577736e-05,120,8.403433184867026e-07,True,4.48,conjugate_3D_benchmark_H1_type,4,k(T)_cubic_273_373K,3000,richardson_2x220_minus_110,120
PAR_005,GateA_converged_v1,GRAIL-CHT-1.0,parallel,0,752.7035408603059,308.370338975068,291.99904397446386,4.561641313531132,0.0035659800492308597,0.00029716500410257164,26.75201571440574,0.518488522733044,1.8541632549854499,5.198875,2.6955570186237545,28.056939,7.542556680961535,89.12244442395551,171.88894356653344,0.0006178451771103394,27.923975193984525,9.987596633597416e-05,488.4345965890384,275.42998727003726,23.034236991418297,323.5851590298966,15.214820054828579,226.78901313089332,0.5706425209456438,317.79622247764723,324.67430295108295,310.53573702303515,14.138565928047797,4.287567428108055,323.7371251351938,324.3343386541068,324.6224424096184,10211012249.462032,10199876713.179062,317.8829241013789,257.8934669990123,3.6032001120002506,23.790115754206653,3.7111789197962755,2.283581148245792,291.15166913346815,9.645702903071652e-11,-1.7832164196347557e-05,110,8.898646228772122e-07,True,4.48,conjugate_3D_benchmark_H1_type,4,k(T)_cubic_273_373K,3000,richardson_2x220_minus_110,120
PAR_006,GateA_converged_v1,GRAIL-CHT-1.0,parallel,0,904.8476701097946,330.2677826801027,297.94940259513277,0.49406515295648845,0.002038001720948485,0.0001698334767457071,27.74319092217125,0.7163896625604447,1.8928515659161784,5.198875,3.724420306943932,28.056939,14.39921806186557,80.69778094712163,112.64509409404386,0.0003899696380888676,5.460166993727628,1.116131367089571e-05,587.1619870679364,283.8918050700613,7.577447581234656,359.90527891798604,29.63749623788334,252.47730165037586,0.5284610034008755,347.6691417364657,360.76167905254937,333.38408586917365,27.377593183375723,8.32621518262424,359.15458114526564,360.19187539558,360.683701064096,14660714178.547728,14610483290.351513,347.9675791555843,310.02152917187044,7.815499923360512,42.57610534342917,7.152675544587729,2.1919921801473965,299.9845772000448,9.788891475182024e-11,-1.6653070368977418e-05,177,9.528812938697229e-07,True,4.48,conjugate_3D_benchmark_H1_type,4,k(T)_cubic_273_373K,3000,richardson_2x220_minus_110,120
PAR_007,GateA_converged_v1,GRAIL-CHT-1.0,parallel,0,976.0613353878628,330.3353520294811,311.1448752058567,2.188219696293398,0.004055141020598762,0.00033792841838323017,25.771221017867575,0.7454726465389433,1.0342351603648545,5.198875,3.875619105275149,28.056939,15.592067748764316,147.78603959875588,198.24475154774922,0.00042370188126160423,12.9668378565082,5.274057783287796e-05,633.3730329625319,302.9584401496421,14.015234845914915,347.9560114117263,17.620659382245208,298.67880124453336,0.5795532793918418,341.3723183389767,349.37188563284815,332.9572658317878,16.414619801060326,4.964841144049668,348.242132440396,348.94896722720415,349.3129477667396,13597649166.51775,13580420145.838278,341.48053875134406,334.4209614042168,4.945317747139082,26.448386318803955,4.348516243399746,2.2394710942899554,311.75054400968526,9.164068615064024e-11,-1.5956644320914803e-05,103,9.958435498447216e-07,True,4.48,conjugate_3D_benchmark_H1_type,4,k(T)_cubic_273_373K,3000,richardson_2x220_minus_110,120
PAR_008,GateA_converged_v1,GRAIL-CHT-1.0,parallel,0,853.6739958281371,323.0570571675325,306.771543602992,3.96702151100095,0.0013300254684142684,0.00011083545570118903,36.02720209587796,0.9589980584137747,0.8615435197441346,5.198875,4.985711030935913,28.056939,25.803329233579426,52.530379667840236,54.77631493303314,0.0003909644408782853,2.3410718862592628,3.123054395299349e-06,553.9550316108489,296.5935383357575,20.774681741803608,366.75039002753925,43.69333286000676,242.91336620551218,0.5389214100691272,348.66170472954207,367.32598256461404,327.3738129475401,39.952169617073935,12.171062126877386,365.2564072323489,366.59504566881685,367.2414558096123,14885868896.3681,14778045418.778305,349.29594783066545,292.4882566905282,7.0422899692309455,36.5063448024797,6.026313416427986,2.2413816398594433,307.7751759904511,8.474160040350399e-11,-2.006268616566711e-05,247,9.55521386458713e-07,True,4.48,conjugate_3D_benchmark_H1_type,4,k(T)_cubic_273_373K,3000,richardson_2x220_minus_110,120
PAR_009,GateA_converged_v1,GRAIL-CHT-1.0,parallel,0,824.5508425708031,300.7589069821375,301.7084103701508,4.049271608546458,0.001016299701749308,8.469164181244234e-05,25.913601854685783,0.5573418282120861,1.2189629953138037,5.198875,2.8975504971461095,28.056939,8.715324533937476,31.943722851626795,57.314418611106284,0.0004912743734853819,6.713788138817759,6.8437521395070514e-06,535.0568136000919,289.2811949202156,21.08723211247654,357.9978144883351,57.23890750619762,243.1584777408804,0.5585191308857873,334.6415705175737,358.4416120251568,306.62159059058246,51.82002143457436,15.817036077399223,355.99855560453165,357.61251766862244,358.37664282791974,12708146667.500618,12540635906.515707,335.7535046628813,282.50999758084856,5.258868905325173,29.354825942332898,4.737760359579947,2.2630501689688405,301.76462978258445,9.866994332696778e-11,2.2883258013812316e-05,345,9.91706428976613e-07,True,4.48,conjugate_3D_benchmark_H1_type,4,k(T)_cubic_273_373K,3000,richardson_2x220_minus_110,120
PAR_010,GateA_converged_v1,GRAIL-CHT-1.0,parallel,0,901.3440616144976,301.95778470743284,302.8938470755615,3.059405341709876,0.00392011975438753,0.00032667664619896085,30.292230791671805,0.7972371215877769,0.5180602101491205,5.198875,4.144736140494654,28.056939,17.832626474841213,89.06898999629979,111.7220806513752,0.000679611389058947,20.025581153563753,7.873889295203198e-05,584.8884709900786,290.9877822698524,17.32574029849753,319.9503076827822,17.992522975349345,294.8272910422028,0.6195026346688048,313.30520423770287,321.4325708300708,304.7233690896648,16.709201740406,5.056670373106004,320.30412338637797,321.0367298890407,321.37447115776206,9650468855.384836,9635415244.819605,313.4275034262821,308.82111268276157,1.6908818183591108,10.805204016046,1.4977765580775197,2.5456287459996108,301.2035466512169,8.233342896346583e-11,-1.426183184865553e-05,102,8.467546877000132e-07,True,4.48,conjugate_3D_benchmark_H1_type,4,k(T)_cubic_273_373K,3000,richardson_2x220_minus_110,120
PAR_011,GateA_converged_v1,GRAIL-CHT-1.0,parallel,0,928.9456810647171,291.59030031696295,312.76070787117067,4.812675917127515,0.002317334309788612,0.00019311119248238435,29.621934738630102,0.38001983501300113,1.4188691471028188,5.198875,1.9756756197532164,28.056939,4.051844950048254,49.682619440516845,130.73691124258585,0.0007202313942781132,50.033169949955976,0.00011629245872870367,602.7993550626624,305.32147995322066,23.988168485084554,324.47798453945546,32.88768422249251,318.56515269639164,0.6494923271902066,311.1836948702962,325.7089135037718,295.4644229039982,30.2444905997736,9.205088423725924,323.90395187108237,325.06802904922233,325.6279978825121,9426256716.974674,9377073767.64785,311.5909360053799,318.27805947308576,0.04193234672955041,-0.10211069544021507,-0.2268688959285911,0.34478927253645636,311.2980572340517,8.519720040567333e-11,-1.465207163638769e-05,149,9.064017945092928e-07,True,4.48,conjugate_3D_benchmark_H1_type,4,k(T)_cubic_273_373K,3000,richardson_2x220_minus_110,120
PAR_012,GateA_converged_v1,GRAIL-CHT-1.0,parallel,0,771.8174733830637,291.94279192024027,311.8715512665953,1.5762318209862358,0.0034095096554271815,0.0002841258046189318,35.87332746500598,0.9518801654980772,1.9606799146600045,5.198875,4.948705995403816,28.056939,25.421714837914998,63.63696479550042,66.85396660429622,0.0008273138763029315,12.41385657917273,4.245252143207389e-05,500.8377612005836,304.0203946660905,11.689680919747696,310.94078477886006,18.997992858619796,270.75465155613955,0.6643965942191107,303.7179199095768,312.2432594591759,294.6950187365416,17.54824072263426,5.324559430644133,311.11696639486877,311.8015358476141,312.17686632313234,8524745843.676052,8509061593.721908,303.8577795929863,264.44233791390815,-0.6668422863559208,-4.472453386687508,-1.1729804020320727,1.4662349756139395,308.72699695956453,9.450445759284775e-11,-1.5909953206774593e-05,111,8.309867780553759e-07,True,4.48,conjugate_3D_benchmark_H1_type,4,k(T)_cubic_273_373K,3000,richardson_2x220_minus_110,120
PAR_013,GateA_converged_v1,GRAIL-CHT-1.0,parallel,0,562.924600032789,299.7791555313195,303.8651219233999,2.1664994111482425,0.00407094533307417,0.0003392454444228475,36.8832382999269,0.9116754511866948,1.881367714064413,5.198875,4.739686711288228,28.056939,23.319584563334047,82.46446175195138,90.45374825505107,0.0007622830857543612,14.567019512533216,5.947998004147188e-05,365.285713433477,292.3885480940689,13.932697762363322,310.75919004026423,10.980034508944755,186.84232260814068,0.6286242157867655,306.75213844693855,311.7157525415231,301.528197077527,10.187555463996091,3.0847828765843026,311.02107595013484,311.4589054887913,311.6788969207937,8859592666.766409,8854221779.710182,306.7986461044467,192.87085669287586,0.7374967404401084,4.875769238681926,0.4153258412325237,3.954836454067643,301.29135402217184,7.771234322717644e-11,-2.617811641726378e-05,100,9.738947710502543e-07,True,4.48,conjugate_3D_benchmark_H1_type,4,k(T)_cubic_273_373K,3000,richardson_2x220_minus_110,120
PAR_014,GateA_converged_v1,GRAIL-CHT-1.0,parallel,0,838.4220336863228,293.95984013715275,299.6206455704648,4.134651374192369,0.004115655094195177,0.0003429712578495981,34.18477798000709,0.9316976972565207,0.8271843176286602,5.198875,4.843779865824495,28.056939,24.355123276497515,77.90899153446156,83.62046161954953,0.0008157164696940628,16.14230647415043,6.663607409468105e-05,544.0579266132905,286.2837391295052,21.411675221931002,310.21781277560547,16.257972638452713,279.6930290668669,0.6318078779858962,304.32897736765807,311.6656140452453,296.6040989522073,15.061515093037997,4.557230196805042,310.6381865487657,311.2962903619606,311.61050193549426,8589283651.012646,8577746881.500262,304.4312537551303,287.2625852518174,0.8873202735032698,6.004954336578253,0.6773400320114007,3.044874760496149,297.60352349415064,7.419771463901271e-11,-1.759650802746278e-05,98,9.749050491336675e-07,True,4.48,conjugate_3D_benchmark_H1_type,4,k(T)_cubic_273_373K,3000,richardson_2x220_minus_110,120
PAR_015,GateA_converged_v1,GRAIL-CHT-1.0,parallel,0,798.0382816002146,318.1956130841734,303.0469146489685,3.1966450121689083,0.0026454515377392056,0.00022045429481160048,35.53790413595273,0.887172994831354,1.9889681639490555,5.198875,4.612301503503856,28.056939,22.082941153190863,82.70982221217207,93.22851652838541,0.000493890376884352,6.348671739992793,1.684564033817991e-05,517.8526271983503,291.2083863900321,17.84725104624185,339.87183975799195,21.676226673818576,239.69544204014238,0.5688557186971671,331.1790118621491,340.84034253814457,320.79550481266295,20.044837725481614,6.086456188049266,339.6133997443391,340.3920809225647,340.7807039746339,12053964379.84064,12029601033.51651,331.3465674651376,273.426187160729,4.34421001133006,25.339504341617705,4.047080037622408,2.270857607476085,302.799167807548,9.951605761671092e-11,-1.83721939886758e-05,140,9.64452738116961e-07,True,4.48,conjugate_3D_benchmark_H1_type,4,k(T)_cubic_273_373K,3000,richardson_2x220_minus_110,120
PAR_016,GateA_converged_v1,GRAIL-CHT-1.0,parallel,0,419.67766139420814,290.5577996847044,297.10667679223724,1.1536383617017183,0.0044400039265955794,0.00037000032721629827,25.513787548873577,0.536873852766715,1.7530438682578398,5.198875,2.791140051302555,28.056939,8.086950675148298,70.47689391299294,131.27272551978217,0.000972801967554485,52.5020823582523,0.00023381088447852028,272.3317722223314,282.6882096058014,10.08382577446653,298.17293894541115,7.615139260706769,141.33101755588072,0.6378046924046186,295.48201972658126,298.9524662300676,291.8601641502887,7.092302079778904,2.14658318264303,298.4596293585978,298.7754030474044,298.9238109181716,7625383744.459195,7622970439.825801,295.50540311405615,143.791175733391,0.3246284235414504,2.3692941010007016,-0.23372296521561542,-2.867922459579206,292.8284478098074,9.033897185872773e-11,-2.9893594153908063e-05,93,8.324756208821782e-07,True,4.48,conjugate_3D_benchmark_H1_type,4,k(T)_cubic_273_373K,3000,richardson_2x220_minus_110,120
PAR_017,GateA_converged_v1,GRAIL-CHT-1.0,parallel,0,420.62734038751023,296.0346824353978,295.0860820936869,0.7148942807234453,0.0011535632406231052,9.613027005192543e-05,23.09827031633141,0.9040517563473457,0.8473214639426637,5.198875,4.700052074780308,28.056939,22.931204978402732,25.09624437566228,27.759742956596885,0.0007097747007500281,4.201391309588119,4.861154036323191e-06,272.94802556883803,279.809314218778,8.416598266749093,321.48980508867294,25.45512265327511,122.74191199358933,0.5526643660346422,310.9973410587027,321.75615482738334,298.6118252928171,23.144329534566225,7.067958072471081,320.6059855554715,321.36378736328857,321.7224516001876,9383575825.530617,9354631918.829113,311.23762450074196,144.1165575003465,2.470789050248676,16.614923419754838,2.2889917535399893,2.5442539302355476,292.38888963539125,8.949285756898463e-11,-4.1270587353635715e-05,298,9.869244195215288e-07,True,4.48,conjugate_3D_benchmark_H1_type,4,k(T)_cubic_273_373K,3000,richardson_2x220_minus_110,120
PAR_018,GateA_converged_v1,GRAIL-CHT-1.0,parallel,0,833.3940397409776,323.26131588705084,298.58867496754783,1.8711517102065234,0.0033296958711766023,0.00027747465593138353,21.255356230959027,0.47941310137200444,1.2506909313589545,5.198875,2.4924087873953797,28.056939,6.448520493967963,109.09468444808893,227.5588300275425,0.0004712906444315773,29.37399251202728,9.810076387890638e-05,540.7952261461984,284.80596112286304,12.810376498784787,340.7635248741546,17.502208987103756,243.59799794346688,0.5535914856474039,333.949432786105,341.85577071894056,325.5887862421582,16.26698447678234,4.935515296547004,340.8086878422816,341.44430926382677,341.7912482760537,12453498870.29003,12437206369.66094,334.0587459315571,285.5398794051928,5.3551643031467915,31.499776453023863,5.086994261331963,2.246427578387807,298.67018140693045,9.469971473663463e-11,-1.7781286691555798e-05,118,9.72079249095259e-07,True,4.48,conjugate_3D_benchmark_H1_type,4,k(T)_cubic_273_373K,3000,richardson_2x220_minus_110,120
PAR_019,GateA_converged_v1,GRAIL-CHT-1.0,parallel,0,843.7684152486023,318.67625783289697,291.06401622014175,1.0038396397859009,0.0018824696054904277,0.00015687246712420231,30.579805720022197,0.5878372187125208,1.3795245135427758,5.198875,3.056092220434057,28.056939,9.69514809894959,63.280785533264975,107.65018532147784,0.0004593502453750324,9.768395720693334,1.844404015908522e-05,547.5272310337248,274.1080904482044,9.514590631186422,348.69927822645013,30.023020393553168,236.24282962759133,0.5302753616767939,336.30117132107597,349.4704484372214,321.80641673832497,27.66403169889645,8.415719345403877,347.8809227608702,348.90839998954954,349.3992061076558,12839274242.600208,12791265687.899048,336.6162820237401,289.0943779858067,6.651132292592541,39.692657380667534,6.507811557043901,2.212730425752383,291.84602289396423,9.522040045339962e-11,-1.8019443883693966e-05,188,9.566701351104712e-07,True,4.48,conjugate_3D_benchmark_H1_type,4,k(T)_cubic_273_373K,3000,richardson_2x220_minus_110,120
PAR_020,GateA_converged_v1,GRAIL-CHT-1.0,parallel,0,412.9220497852431,294.2961977224101,297.58100765129586,1.089179494414088,0.004212618070204632,0.00035105150585038595,35.14611779220589,0.4659905763965939,1.5668394198669648,5.198875,2.422626757863842,28.056939,6.092486229537332,73.04454050106449,156.75111086130198,0.0008905374065084376,65.63345920486327,0.00027732065823113893,267.9480085599927,283.3654473893814,9.838882078773533,301.9951055140281,7.698907791618012,135.56809279032274,0.621806831653482,299.2305118691802,302.713022070758,295.5670511088281,7.145970961929891,2.1628302270133863,302.2242015699685,302.5339454504546,302.68627516758244,8019726941.239465,8017214475.94536,299.25395261480764,141.47654851967613,0.694780827592287,4.97641632340446,0.23729747347260377,6.784012397083803,293.6570043015111,7.296108606169581e-11,-2.9173756848627315e-05,97,8.016356218831788e-07,True,4.48,conjugate_3D_benchmark_H1_type,4,k(T)_cubic_273_373K,3000,richardson_2x220_minus_110,120
PAR_021,GateA_converged_v1,GRAIL-CHT-1.0,parallel,0,875.4536789017523,325.775013389468,305.7690239849724,4.74464009680789,0.003446100549552857,0.0002871750457960714,26.910571712988776,0.8482533923778348,1.7292879502444003,5.198875,4.409963355298316,28.056939,20.187916431099048,117.98494170414709,139.09162375809683,0.0004510131496869019,8.235126140403652,2.8464466116431416e-05,568.0880204150992,295.1408394656134,23.729632367869982,344.0186951473673,18.24368175789931,262.79476803877446,0.5685250695778461,336.9640551750223,345.19198859737713,328.24692487776247,16.945063719614666,5.134252230177485,344.0909446029369,344.7558710040916,345.12603060250854,12910366610.493948,12892415811.713028,337.08128724270205,299.9504747791724,4.945727112933457,27.722304327617547,4.487713342008052,2.255829022147121,305.91551282607765,9.216137186740526e-11,-1.4546792438971326e-05,115,8.319838684656133e-07,True,4.48,conjugate_3D_benchmark_H1_type,4,k(T)_cubic_273_373K,3000,richardson_2x220_minus_110,120
PAR_022,GateA_converged_v1,GRAIL-CHT-1.0,parallel,0,953.8114044988463,307.8843379718956,295.4861083758742,2.5992249751432173,0.0019257529370206423,0.00016047941141838685,27.080605732254007,0.8339389468071343,0.9327479958952514,5.198875,4.335544342081941,28.056939,19.512315140865105,57.042288465364834,68.40103665113632,0.0005213044952379656,6.074480770158409,1.1733148629897663e-05,618.9348970591327,280.37848205866766,15.577054905544227,343.5413443172637,35.657006345368075,287.0263240249172,0.5699349573766408,328.82623515595384,344.4790666489853,311.681699508659,32.79736714032629,9.986099010469498,342.5773509180107,343.80602412025814,344.3888991338076,11756000585.750603,11691381723.294859,329.2796562932712,326.7976256472221,4.95622806643222,30.018813879354518,4.7963065291926545,2.259272599279213,295.2056384341402,9.66522861745034e-11,-1.5228300571221355e-05,179,9.236584901373135e-07,True,4.48,conjugate_3D_benchmark_H1_type,4,k(T)_cubic_273_373K,3000,richardson_2x220_minus_110,120
PAR_023,GateA_converged_v1,GRAIL-CHT-1.0,parallel,0,531.7725858232911,330.9172651187181,288.9585387164728,3.7231615847216553,0.0022305724509895618,0.00018588103758246347,29.699153868439048,0.9926589321225803,1.3169377670858027,5.198875,5.16070970573878,28.056939,27.646515237024474,79.44587007470778,80.03340070171981,0.00043354367027745034,4.028224783610157,9.012284080957076e-06,345.0709533488343,271.13924119053877,19.84801402194229,344.2082870260601,13.291021907341985,123.92273496422595,0.4413581215174754,338.76859331288847,344.6547753281382,332.3653468185218,12.289428509616414,3.7339004900832364,343.92423814359876,344.39500802329894,344.6218465505413,13180407700.932587,13170812378.087212,338.8302771758359,182.19746336818451,7.308032699452261,43.801080662592526,7.165668314823975,2.2157936723746956,289.71207579507103,9.704280046207714e-11,-2.819255161434827e-05,166,9.699386964712176e-07,True,4.48,conjugate_3D_benchmark_H1_type,4,k(T)_cubic_273_373K,3000,richardson_2x220_minus_110,120
PAR_024,GateA_converged_v1,GRAIL-CHT-1.0,parallel,0,743.7271045448539,298.98086309716166,290.2499396811121,3.8335513224652544,0.002190668703651887,0.00018255572530432391,28.522836401271444,0.5467410126012517,1.2842576267577013,5.198875,2.8424381818873328,28.056939,8.386941108503985,50.144907479167834,91.71601603580348,0.0006745866014994137,20.21672454604823,4.442140998332874e-05,482.60972422888744,272.9589161159466,20.267495025367968,323.6927162583391,24.71185316117743,226.2863203170272,0.5762497746001658,313.63372079880486,324.54581712138247,301.78110343639116,22.764713684991307,6.932555412329211,323.2059374683793,324.0709392006977,324.48395034034564,9704232877.255571,9675891758.266186,313.86313076333124,254.81793439285258,3.240938784494798,21.92673217837282,3.363987869386661,2.310881529334684,289.07612758546026,8.968811471277149e-11,-1.867797557795367e-05,160,9.202523187923362e-07,True,4.48,conjugate_3D_benchmark_H1_type,4,k(T)_cubic_273_373K,3000,richardson_2x220_minus_110,120
PAR_025,GateA_converged_v1,GRAIL-CHT-1.0,parallel,0,820.1821239042806,320.6421309052611,287.02409856660813,2.7500998617712287,0.0012704591843071562,0.00010587159869226302,24.348695262100602,0.37330452706702716,1.836854270120929,5.198875,1.9407635731555912,28.056939,3.9099103646581033,47.41907368196767,127.02517715102213,0.0004137094991310907,13.718251310535333,1.748092113350381e-05,532.221921476355,268.4210804945882,16.15037947473067,361.0086534354315,40.36652253017036,214.36720061964613,0.4950101619984089,344.29757067781685,361.50212708676935,324.6118880808953,36.89023900587404,11.247867373298021,359.6226582670433,360.84079863592194,361.4256477972352,14141725498.534739,14051925336.432917,344.84632392376415,281.01317453951543,8.591422746251164,49.815252639763244,8.239354638586871,2.203872592344464,288.5052756748288,1.083026290871203e-10,-2.0552014709582242e-05,265,9.385238399772788e-07,True,4.48,conjugate_3D_benchmark_H1_type,4,k(T)_cubic_273_373K,3000,richardson_2x220_minus_110,120
PAR_026,GateA_converged_v1,GRAIL-CHT-1.0,parallel,0,791.7805039860735,317.30760216951785,295.71990328715196,3.3189656435484864,0.003975480795289555,0.00033129006627412956,31.528801456415408,0.4084856822739875,1.4646972621041592,5.198875,2.123666001432177,28.056939,4.681596346445454,115.16431823063115,281.9298771734817,0.0005330397056418714,52.31914793177393,0.0002086196267088069,513.7919115000909,280.711310024783,18.312069445484248,331.43833775443284,14.130735584914987,234.81763599398295,0.5616839123492077,326.19926092753053,332.58322402824655,319.4419880972584,13.14123593098816,3.9691335616443464,331.6896251271508,332.2523068813999,332.5369262844816,11332282279.075607,11322227861.648903,326.27165507014587,271.282129272048,4.446483822288075,27.633296127956175,4.38475663336382,2.265846318489146,295.2504063543181,8.975320042736713e-11,-1.7433698722895112e-05,103,8.957708814705256e-07,True,4.48,conjugate_3D_benchmark_H1_type,4,k(T)_cubic_273_373K,3000,richardson_2x220_minus_110,120
PAR_027,GateA_converged_v1,GRAIL-CHT-1.0,parallel,0,495.2617992036387,327.8332698730215,292.33292334818515,2.0678419451632473,0.003525337671568306,0.0002937781392973588,29.021882808546998,0.48288076353769444,0.6745568969633634,5.198875,2.510436729537031,28.056939,6.542143975061469,115.42814130019929,239.040670111906,0.00047160332781737634,43.10891172802907,0.0001524307627834841,321.3788483358355,275.9025231020515,13.557799391620339,336.10423232381055,8.270962450789057,121.88017042299518,0.4660841124337247,332.93804627109466,336.67097949052766,328.9692247684344,7.701754722093256,2.3314421782722,336.16507676886437,336.47907054084294,336.6419205270606,12290836145.078856,12287222051.667776,332.96252569565473,169.68803192132117,5.913712704138927,36.05274038557019,5.8414479788416465,2.2298957794951577,292.55954730404727,9.020880042953651e-11,-2.6911969635885554e-05,114,8.726806868253334e-07,True,4.48,conjugate_3D_benchmark_H1_type,4,k(T)_cubic_273_373K,3000,richardson_2x220_minus_110,120
PAR_028,GateA_converged_v1,GRAIL-CHT-1.0,parallel,0,723.0279553610814,323.7924955719351,304.9810536258315,2.3922037167086865,0.0012555858983657531,0.0001046321581971461,36.33650959458871,0.4386569949102722,0.5284643868636877,5.198875,2.2805228844141414,28.056939,5.398715057199856,48.16757165702684,109.80691569019568,0.000402512636196845,19.42545749414957,2.4463721663949386e-05,469.17790142949315,294.0007026872332,14.79037412349301,361.77373751602573,37.98124194409064,199.33881527140758,0.5221591118080415,346.0666384293257,362.22020823521973,327.53467292998556,34.68553530523417,10.569102678230704,360.45366222782513,361.61324768916614,362.1611305761658,14423076102.246557,14342964963.840374,346.5488593783364,247.7259319547724,6.73102009056103,35.745588784563274,5.910567165762499,2.2305211641522704,306.03214439703095,9.34630861593178e-11,-2.3983578858588965e-05,273,9.630030604057538e-07,True,4.48,conjugate_3D_benchmark_H1_type,4,k(T)_cubic_273_373K,3000,richardson_2x220_minus_110,120
PAR_029,GateA_converged_v1,GRAIL-CHT-1.0,parallel,0,618.9247322077965,308.459823980049,288.5582366086826,3.637669881380784,0.0015725785126363555,0.00013104820938636297,29.970130599624447,0.6175092711914679,1.8279088836566384,5.198875,3.210353512265543,28.056939,10.698607448728422,43.31806620974773,70.14966127741961,0.000560571634265927,7.994968577107959,1.2610547435870445e-05,401.6245912027645,270.5760115407388,19.52314554924698,334.3882546422747,25.928430662225708,170.4373804298347,0.5215465664854436,323.65534172551565,334.8837882203759,311.0948590171249,23.788929203250973,7.248923666546283,333.58030059652185,334.42613617347047,334.8294599353153,11006131705.324911,10973144965.3826,323.89830580396637,212.05778415505966,4.894500863355645,31.676890126586155,5.049065216158873,2.2459550992728237,288.1777258334498,9.372342901770025e-11,-2.565893637174583e-05,221,9.757586667547002e-07,True,4.48,conjugate_3D_benchmark_H1_type,4,k(T)_cubic_273_373K,3000,richardson_2x220_minus_110,120
PAR_030,GateA_converged_v1,GRAIL-CHT-1.0,parallel,0,470.11640994774154,302.6023840379518,301.20681553418734,0.3056149554394315,0.004335434188787515,0.0003612861823989596,21.598768107164,0.8384744813914886,1.4859370968243448,5.198875,4.359124019444176,28.056939,19.725135130034353,90.51607364380173,107.95328379414238,0.0007395963045858774,17.742771361902285,7.715407980564813e-05,305.0618292299591,288.56009323766057,6.86133683066984,310.85364964533875,8.251265607386927,149.5303834828332,0.6024071440103168,307.8685699824921,311.62257439386826,303.9460266354248,7.676547758443462,2.3264102200679213,311.0844398955195,311.4288778305176,311.59292126033824,8986904923.87011,8983827777.315208,307.8949294328791,161.0726458334184,1.368026542972158,9.215919763123532,0.9583591738281364,3.2814696984995773,297.54688562075046,9.541565759718648e-11,-2.8308334432835975e-05,96,8.722826123630512e-07,True,4.48,conjugate_3D_benchmark_H1_type,4,k(T)_cubic_273_373K,3000,richardson_2x220_minus_110,120
PAR_031,GateA_converged_v1,GRAIL-CHT-1.0,parallel,0,655.7991262084852,296.6202907184971,298.6751857806534,1.2207335571072282,0.003870850152624984,0.000322570846052082,26.57660503869469,0.9284069807424187,1.2758472353159427,5.198875,4.826671842007242,28.056939,24.183384587392073,75.11161609352288,80.90376058294866,0.0007957691426019953,14.466876849979345,5.616761530867542e-05,425.5526435905694,284.9297463594676,10.338787517007468,309.85307302730575,13.23278230880868,214.108450814368,0.6183424365279674,304.93922388219056,310.91608951178836,298.65183225406975,12.264257257718612,3.7172867809001886,310.09060892563167,310.5964144047443,310.87250558083946,8654462152.618156,8646755174.386908,305.00715037012554,224.69179581582065,1.2296634980121628,8.452592434453283,0.9011437492032963,3.1998869887116363,295.47245405461746,7.660588607905083e-11,-2.1577963072487976e-05,103,9.451765095036535e-07,True,4.48,conjugate_3D_benchmark_H1_type,4,k(T)_cubic_273_373K,3000,richardson_2x220_minus_110,120
PAR_032,GateA_converged_v1,GRAIL-CHT-1.0,parallel,0,819.5574545373693,326.2791836055744,285.9847573438376,4.971388242420731,0.0017684770724361067,0.00014737308936967555,34.06900665267826,0.4891669850265414,1.773092502709974,5.198875,2.5431180092798606,28.056939,6.713586109710769,65.93608732037244,134.79259504153748,0.00041415613872398135,10.732929362311049,1.9038053658298267e-05,531.8165691514805,266.9644342307593,24.591275321198776,355.2118284754277,28.932644869853277,213.87688582659553,0.49425437750270296,343.2412352813363,355.865505955841,329.24368158399704,26.621824371843957,8.097775042163798,354.358102277391,355.33333140168963,355.80224255091895,13926568046.084625,13880267154.335428,343.52711836116055,280.79914851198174,8.502306901316217,50.18309786805833,8.236909858851584,2.213665845282524,287.0369594410552,1.0895348623307656e-10,-1.8654261606316384e-05,201,9.44326870921941e-07,True,4.48,conjugate_3D_benchmark_H1_type,4,k(T)_cubic_273_373K,3000,richardson_2x220_minus_110,120
PAR_033,GateA_converged_v1,GRAIL-CHT-1.0,parallel,0,579.0553231501474,332.8947961003202,286.45234180833114,1.746344087842149,0.0024364679095118203,0.00020303899245931837,20.556175891957338,0.913510271340797,1.0258242067564085,5.198875,4.749225711916886,28.056939,23.413544097005033,89.30589629054506,97.76123935581704,0.00042127763506356474,5.0610724654608505,1.2368245385967135e-05,375.75305257939266,267.61943119371085,12.336107533800167,346.1963300810603,13.30153398074009,135.46861968986073,0.4430826299591643,340.76903442958167,346.6965837088926,334.3888609058051,12.307722803087529,3.743545777511729,345.9458108053315,346.4185417630357,346.65717230022585,13494434966.04521,13484675340.501356,340.8306761789091,198.39761176191934,7.892237976530891,47.2228176047137,7.813992705603964,2.1942370080821685,287.88022565996664,1.308222863372066e-10,-2.6463547731235842e-05,154,9.985864153350121e-07,True,4.48,conjugate_3D_benchmark_H1_type,4,k(T)_cubic_273_373K,3000,richardson_2x220_minus_110,120
PAR_034,GateA_converged_v1,GRAIL-CHT-1.0,parallel,0,594.3601219132995,326.9945405788925,296.0311937635885,2.842228210237338,0.0031453022545347062,0.00026210852121122554,21.712227390844223,0.6213962857512316,1.7104063420141242,5.198875,3.230561615084935,28.056939,10.833719676942843,104.66294733181181,168.4318843413756,0.0004640419759256347,13.43928718149812,4.2397813712442744e-05,385.6844436303934,281.15466409919856,16.500467198901884,339.04308545228815,12.048544873395656,158.40659818036343,0.504765520923495,334.3015250697195,339.7268515705188,328.5388834593684,11.18796811115044,3.396737802547328,339.0119236049296,339.44805533611765,339.68159514739,12497474702.437103,12489740966.28571,334.3532635260438,203.64138623684772,5.716386326322631,34.01288963647904,5.505565144630306,2.2385995666295635,296.20762667628276,1.0693582908061217e-10,-2.538368923358549e-05,124,9.934317404258763e-07,True,4.48,conjugate_3D_benchmark_H1_type,4,k(T)_cubic_273_373K,3000,richardson_2x220_minus_110,120
PAR_035,GateA_converged_v1,GRAIL-CHT-1.0,parallel,0,410.70690440714503,320.1420542511898,296.2981592874637,0.9875956476776576,0.002665405669300759,0.00022211713910839657,29.7908730579627,0.5361920901861852,1.2383548732189122,5.198875,2.787595652866704,28.056939,8.06642488615299,77.84260628968848,145.1767150512398,0.0005287298021239166,20.51334299496193,5.4840903425358615e-05,266.5105852181272,281.53507428982994,9.452863461175099,329.57362508672594,9.43157083553615,105.08086272937996,0.48457131676320614,325.79707537150233,330.00985272484604,321.2652798748094,8.744572850036661,2.655676018134059,329.47654335335164,329.80911646209313,329.9834556860252,11270982218.552322,11266492335.5273,325.82952939891214,140.71758899517116,4.342688484285061,27.050373882708385,4.243710431914631,2.2880094832479725,295.5010844925857,8.285411468023088e-11,-3.422084827566064e-05,141,9.322671417066886e-07,True,4.48,conjugate_3D_benchmark_H1_type,4,k(T)_cubic_273_373K,3000,richardson_2x220_minus_110,120
PAR_036,GateA_converged_v1,GRAIL-CHT-1.0,parallel,0,724.3637728008248,328.54542615735176,284.2217641623046,2.959598059007493,0.004375715283514851,0.00036464294029290423,36.46722767851432,0.7041326473680166,0.7364006413203552,5.198875,3.6606976170853978,28.056939,13.910708497285976,147.15223544685216,208.9836851009448,0.0004591663289162357,19.075574021971903,8.372044211610965e-05,470.0447227168647,264.49963307672726,16.946472624228473,338.87567542338354,10.330249266031785,188.94531971083424,0.4940210951151737,335.1211952836388,339.8138553219326,330.18531426887154,9.628541053061042,2.9086521846961313,339.14569623393186,339.5695146252145,339.7766169737822,12618385340.050829,12612686046.296785,335.1590466693255,248.18361359450458,7.170575162033063,44.74537656021358,7.322385887425936,2.2042238183093734,285.00708129690116,7.927440037747143e-11,-1.885324673664961e-05,98,8.68512074703176e-07,True,4.48,conjugate_3D_benchmark_H1_type,4,k(T)_cubic_273_373K,3000,richardson_2x220_minus_110,120
PAR_037,GateA_converged_v1,GRAIL-CHT-1.0,parallel,0,658.1298889177431,306.95255190810747,300.6576072828619,2.8824762853579693,0.0017186943461405665,0.00014322452884504722,21.522253270562796,0.8245673574504752,0.5691613145964778,5.198875,4.2868226204653395,28.056939,19.076230626286584,46.778613339135426,56.731100153870734,0.0005673344371502838,6.593077042440517,1.1365580979450035e-05,427.0650918279459,287.77123000765647,16.653409884360283,334.5171178787025,27.564565970595027,198.02776621366775,0.5698762415161518,323.0947492715114,335.11570711751375,309.80950660750193,25.30620051001182,7.715563080603813,333.6871296984473,334.6122130639295,335.04941945857496,10934560609.874058,10897317406.731138,323.37045226764087,225.49036848515544,3.405920363264454,20.82893051191822,3.2278044809619986,2.318143029463029,299.7666765601008,1.0329102906325712e-10,-2.376164346419206e-05,202,9.831035754359618e-07,True,4.48,conjugate_3D_benchmark_H1_type,4,k(T)_cubic_273_373K,3000,richardson_2x220_minus_110,120
PAR_038,GateA_converged_v1,GRAIL-CHT-1.0,parallel,0,969.5017450068754,310.2364778902219,309.27629426195597,1.503492704081898,0.004398783510533091,0.0003665652925444243,27.44244315317582,0.6878851094786527,1.136876073865622,5.198875,3.5762286985408305,28.056939,13.276148600906486,115.79850707332481,168.33989495875028,0.0005865667886188035,22.504107474231855,9.928856256460941e-05,629.1164688471764,300.23341575580815,11.413272275511211,327.44982153145196,17.21334364123004,316.50028767136223,0.6182891016969677,321.23250676587173,329.0648095729139,313.02992561218235,16.03488396073152,4.84814537905169,327.94959464252526,328.6624317174243,329.00191585862046,10662790698.927689,10648242844.033443,321.34216926168693,332.17349555130914,2.0024964165100307,11.950739770544923,1.7200192571315978,2.482734881427637,307.8478672538767,9.476480045123025e-11,-1.4986501144140461e-05,95,9.324771212959604e-07,True,4.48,conjugate_3D_benchmark_H1_type,4,k(T)_cubic_273_373K,3000,richardson_2x220_minus_110,120
PAR_039,GateA_converged_v1,GRAIL-CHT-1.0,parallel,0,490.97741315638746,308.9782780362449,300.00981062917305,0.8255660325588331,0.004167247376564268,0.000347270614713689,26.13694728558865,0.8071372894371404,0.6826332099655632,5.198875,4.196205875622513,28.056939,18.278270996719304,98.97105371762309,122.6198504428421,0.0006501729983352849,18.722847763634903,7.8257510757091e-05,318.5986802390719,286.84168364520804,8.837150923723566,317.5256022194886,8.547324183243688,148.8866436873343,0.5743284154316943,314.39332546845657,318.27300947874954,310.3187784218452,7.954231056904348,2.4075680650471347,317.72548762111734,318.0713496658053,318.2436025457001,9773407606.337414,9769970891.438221,314.42096981201956,168.22010316622996,2.294694252390702,14.96960061849834,2.0692106719166437,2.5457199396218955,297.627609557633,8.226834324887024e-11,-2.941459720851236e-05,99,9.448395417166466e-07,True,4.48,conjugate_3D_benchmark_H1_type,4,k(T)_cubic_273_373K,3000,richardson_2x220_minus_110,120
PAR_040,GateA_converged_v1,GRAIL-CHT-1.0,parallel,0,815.8476947248176,325.35193455815187,294.42282505480074,2.4195100375647853,0.00441984712507604,0.0003683205937563367,25.159633795530585,0.645257927335211,1.5183819399680023,5.198875,3.3546153069748454,28.056939,11.681725194453719,144.0515039582503,223.24639164551573,0.000473780620945158,18.779950508719136,8.325427308428544e-05,529.4092800407971,278.86646473106765,14.894138142746183,337.99181736163524,12.639882803483374,233.52134162174562,0.5421051883613899,333.3922254170467,339.15263505594334,327.3570694523528,11.795565603590546,3.564320780327488,338.3282247930804,338.85880470793865,339.1064863422342,12362876251.461056,12354406077.945765,333.4493541096129,279.52809986154085,5.75478878030811,34.64587930971318,5.606133132878156,2.2359597788989998,294.58938860191205,8.832131470626335e-11,-1.6343304767944686e-05,97,8.48537354158907e-07,True,4.48,conjugate_3D_benchmark_H1_type,4,k(T)_cubic_273_373K,3000,richardson_2x220_minus_110,120
PAR_041,GateA_converged_v1,GRAIL-CHT-1.0,parallel,0,779.8499430685895,306.76166915060537,286.03677296093764,1.9082136365869848,0.0013529015806768116,0.0001127417983897343,32.50776152332047,0.8547083910787595,1.3029267184809685,5.198875,4.443522086669587,28.056939,20.4963355904654,40.20219619437812,47.03615480320417,0.0005196420256521585,3.83548988216358,5.204654287110356e-06,506.0500870068092,267.0372717728001,12.951211819030542,345.05489831460903,38.29322916400366,216.55313570853573,0.5259197852674934,329.2066622565519,345.59735032286414,310.5959708418387,35.001379481025424,10.663512418571369,343.76588751151615,344.953028618639,345.52038587809676,11819384911.595755,11745579867.367651,329.7226024782102,267.19444593959525,6.079792241549893,38.35116265860178,6.210414953094658,2.2217238443799676,286.25396669903995,9.190102900902278e-11,-2.2065015659635192e-05,248,9.980994377656316e-07,True,4.48,conjugate_3D_benchmark_H1_type,4,k(T)_cubic_273_373K,3000,richardson_2x220_minus_110,120
PAR_042,GateA_converged_v1,GRAIL-CHT-1.0,parallel,0,869.7658698174889,313.2634633102325,302.47416790926746,2.473346351499189,0.0019047284888435835,0.00015872737407029864,35.296107727784,0.8113966517710781,1.5578514606237859,5.198875,4.218349767976363,28.056939,18.471693359923535,60.197366873653706,74.18981424468262,0.0004885887063792264,5.408988364527346,1.0333655199336708e-05,564.3971612856571,290.3832180003473,15.098716135696918,346.16537750460196,32.90191419436945,261.95731160864085,0.5704193383561601,332.59859461803296,347.02413230480056,316.7532960417325,30.270836263068077,9.211829004844802,345.27766944709776,346.4064850286237,346.94506633973845,12293446804.828842,12237188197.723024,332.98020518109024,298.00170115882696,4.690273195929066,27.020466672414656,4.333696313289547,2.266130737011873,302.33609934158756,9.001354328574964e-11,-1.6953951419528815e-05,183,9.32243665374699e-07,True,4.48,conjugate_3D_benchmark_H1_type,4,k(T)_cubic_273_373K,3000,richardson_2x220_minus_110,120
PAR_043,GateA_converged_v1,GRAIL-CHT-1.0,parallel,0,403.4113645979184,311.7820829515005,292.0568649838342,2.7891417862930625,0.0015145289118908356,0.00012621074265756964,33.088814697795925,0.5903226114236678,1.345063151913,5.198875,3.069013466465221,28.056939,9.777304143074534,40.63721104827987,68.8389878041026,0.0005754949478293158,9.869762789135713,1.4993020158124746e-05,261.7764583671414,275.51180138159435,16.29873878791364,328.05688130147433,16.27479834997382,103.03136801943565,0.4837126165197863,321.3199161260299,328.34857829441364,313.4248307530708,14.923747541342834,4.544888020323618,327.5387759959157,328.06432354852944,328.3147614532025,10672622384.500395,10659837387.42347,321.41621749727153,138.21797001785066,4.139885421289812,26.83698770421788,4.209778930453012,2.2773186343365173,291.26291439178334,9.287731472795711e-11,-3.87618352224333e-05,233,9.555088240631449e-07,True,4.48,conjugate_3D_benchmark_H1_type,4,k(T)_cubic_273_373K,3000,richardson_2x220_minus_110,120
PAR_044,GateA_converged_v1,GRAIL-CHT-1.0,parallel,0,407.1103843616275,292.59571952535975,285.5252012208292,0.9052673843098158,0.004297860498504322,0.0003581550415420268,33.95485951785578,0.5253587897373839,1.9745618709378565,5.198875,2.731274677995942,28.056939,7.743767292511268,70.92244563480239,134.9981137086429,0.000935742712150687,48.03634026765335,0.00020707471346946826,264.17677818495054,266.3212049804733,9.1400160603773,299.41345342960955,6.817733904249792,122.48097740810529,0.5698001255486427,296.98730042316595,300.07236609649135,293.741229047008,6.331137049483345,1.9151349608649453,299.63855997913055,299.91585668482946,300.047989479693,7781437495.803457,7779496948.591386,297.00581910052756,139.4853388816539,1.7612233048042922,13.594246340343032,1.6489361784691519,2.809714825795042,281.76195954918825,7.107360033842268e-11,-3.339553010810142e-05,95,9.041217481353669e-07,True,4.48,conjugate_3D_benchmark_H1_type,4,k(T)_cubic_273_373K,3000,richardson_2x220_minus_110,120
PAR_045,GateA_converged_v1,GRAIL-CHT-1.0,parallel,0,506.9897909791295,328.0718185107346,303.4332431436064,2.705642686347121,0.00418952867827738,0.00034912738985644836,33.25382599592861,0.7819796529205675,1.0773170684353048,5.198875,4.065414468077416,28.056939,17.156598725388914,137.28549425035706,175.56146600185568,0.0004712250373942157,13.319034639763409,5.5968382738474056e-05,328.9892242948939,291.76541868091874,15.98144220811906,335.9691245684108,7.8973060576761895,138.29943907683054,0.5166391128339565,333.07091900468134,336.6535771223718,329.2893728075992,7.364204314772621,2.223394519863295,336.1479710239653,336.4716030508305,336.62632168604523,12310138359.242392,12306848698.939428,333.09317450634705,173.70631042770398,4.580285838303022,26.562956162424307,4.263672396336035,2.262608876009588,303.3208282627454,9.502514330961277e-11,-2.6960437058301682e-05,101,8.773812396611902e-07,True,4.48,conjugate_3D_benchmark_H1_type,4,k(T)_cubic_273_373K,3000,richardson_2x220_minus_110,120
PAR_046,GateA_converged_v1,GRAIL-CHT-1.0,parallel,0,519.429501557912,330.85869739746215,298.9358113391366,1.1223309006793645,0.002690484201381819,0.00022420701678181826,25.576727561677338,0.361488278186669,1.1803064659210583,5.198875,1.8793323722577193,28.056939,3.6663061415480453,94.66648829190748,261.8798284878899,0.0004388559801572979,45.564058203388214,0.0001229582535075804,337.06143956743995,285.302774528696,9.964857422581584,342.606729795569,11.74803239810683,132.1210034593098,0.4817384697401353,337.88688518055415,343.1460657173735,332.2418563514049,10.904209365968597,3.3140588343128567,342.48076897881936,342.8942172766546,343.1128513584614,13041749191.044977,13034228828.416397,337.93561231153654,177.9684400916083,5.952540293499143,34.29144854570219,5.60349668185064,2.2292650185351106,299.48100521489744,9.2031200438214e-11,-2.842712826640888e-05,141,9.68438939707994e-07,True,4.48,conjugate_3D_benchmark_H1_type,4,k(T)_cubic_273_373K,3000,richardson_2x220_minus_110,120
PAR_047,GateA_converged_v1,GRAIL-CHT-1.0,parallel,0,434.9156509085758,322.5566745201821,312.212011826538,0.12725248327003338,0.004276363943564164,0.0003563636619636804,36.094862609983096,0.6261101430217562,0.8140189959446189,5.198875,3.255068369802233,28.056939,10.998710393541787,127.68900956884269,203.94017089802315,0.0005171410136019765,27.050027610792664,0.00011602383424995873,282.21981028413114,304.51836505044434,6.183559436426127,329.8317656502065,7.27509113002435,130.04371830934275,0.5663050307016794,327.1777027662324,330.4825901164078,323.70209214473874,6.7804979716690355,2.049346236201079,330.01413576430883,330.3104036627099,330.45691399063855,11461382173.986712,11458685373.590233,327.1969513769827,149.01205983002126,2.489779344048087,14.325645225389275,2.1529624539647427,2.4004831710391348,311.13320670991646,9.645702903071652e-11,-3.288396336728618e-05,99,9.193532264362148e-07,True,4.48,conjugate_3D_benchmark_H1_type,4,k(T)_cubic_273_373K,3000,richardson_2x220_minus_110,120
PAR_048,GateA_converged_v1,GRAIL-CHT-1.0,parallel,0,938.7686621181698,312.7447562790327,304.1210819057889,1.1717093838419304,0.00370576664262986,0.0003088138868858217,36.92648287942697,0.38298232699126317,0.948131022028728,5.198875,1.9910772452367034,28.056939,4.115264512229664,103.64601019687407,270.6287024028619,0.0005520943725750185,79.21514112829226,0.0002944361359924194,609.1735562291151,292.75806496329017,10.152495658599335,331.8639687712955,19.119212492262818,296.158600728411,0.5974916541290554,324.6398649840532,333.2656742391026,315.5330914784155,17.732582760687137,5.3709384149837,332.10049508706265,332.80749651587325,333.19995992234,11125505499.305447,11107271720.537886,324.7730158402148,321.6436376889728,3.2116588964767123,19.321602651042443,2.9518296045643178,2.3523381124263265,302.9999756346412,9.13803432922577e-11,-1.527189284997631e-05,108,9.378741196996998e-07,True,4.48,conjugate_3D_benchmark_H1_type,4,k(T)_cubic_273_373K,3000,richardson_2x220_minus_110,120
PAR_049,GateA_converged_v1,GRAIL-CHT-1.0,parallel,0,744.1663692835425,290.8408288575277,289.53154926421473,4.621950134602884,0.0021854694041808878,0.0001821224503484073,27.969645651978194,0.4449839761600678,0.7081933959452977,5.198875,2.3134160690591723,28.056939,5.555575226568418,42.7885249527813,96.15745115592567,0.0007886880437522874,54.05419924386541,0.00011848926641420816,482.89476619267566,271.94615267854357,23.26341051149096,316.4740512807685,25.633222423240795,234.16620554680506,0.5959643162071225,306.0709872603915,317.36698333456843,293.7961139928439,23.570869341724517,7.179147232129888,315.9791903315742,316.8755680561152,317.3029774836369,8804782475.120663,8775839210.387642,306.32303604551305,254.96843654973276,2.292244371712785,16.13066938290458,2.379361511535625,2.38207397297172,288.0048926986564,8.428600040133461e-11,-1.8300751792228972e-05,158,9.120281561081356e-07,True,4.48,conjugate_3D_benchmark_H1_type,4,k(T)_cubic_273_373K,3000,richardson_2x220_minus_110,120
PAR_050,GateA_converged_v1,GRAIL-CHT-1.0,parallel,0,946.0517563959519,314.6546171857806,290.694913322091,0.4013355600521526,0.0012058388333087311,0.00010048656944239427,23.1941079131769,0.9906510268750374,1.1029922924825484,5.198875,5.15027085734496,28.056939,27.53478413165473,44.85803782783077,45.28137215920864,0.00041508480423307914,2.0957016844178646,2.5346825216665803e-06,613.8996070876278,273.58685455320847,7.2250751281981795,366.5321982366485,51.877581050867946,261.4840875626974,0.5234756037131857,345.041949285792,367.07948677723545,319.7695339859533,47.30995279128217,14.430662153809527,364.68460134113496,366.2596021746493,367.00795281519675,14322219851.957724,14173842240.785156,345.94143613800543,324.1389925422675,8.288797088683088,46.54769574365962,7.818357895108863,2.1834602505938814,292.9092663218068,1.2099434343326722e-10,1.7669235262588812e-05,272,9.58676992013352e-07,True,4.48,conjugate_3D_benchmark_H1_type,4,k(T)_cubic_273_373K,3000,richardson_2x220_minus_110,120
PAR_051,GateA_converged_v1,GRAIL-CHT-1.0,parallel,0,602.2517194113565,311.159284433603,294.7815903088029,1.6511668535070043,0.0031943509018916363,0.0002661959084909697,23.044657277721473,0.4993332297802373,1.9395399635080806,5.198875,2.5959710449737314,28.056939,6.995539692241914,82.4739103396289,165.1680789919122,0.0005980725602030482,25.513873883661926,8.174550255870105e-05,390.80535648806506,279.3763338442246,11.974434043326617,324.3624434790114,13.203159045408427,176.29368615888993,0.5544019989605922,319.21207957298765,325.1643918280424,312.9077196173827,12.256672210659701,3.718992590161485,324.3862858102295,324.85678205359653,325.11526580977954,10391319218.323725,10382866499.004225,319.277027599882,206.34522822569835,3.543303702057752,22.993718652021148,3.514567174327352,2.3297036237581312,293.45947838623243,8.09015432423621e-11,-2.2097580244380256e-05,121,8.89008333615493e-07,True,4.48,conjugate_3D_benchmark_H1_type,4,k(T)_cubic_273_373K,3000,richardson_2x220_minus_110,120
PAR_052,GateA_converged_v1,GRAIL-CHT-1.0,parallel,0,866.1545675969296,314.9107665076464,294.2312382309998,3.920820950692851,0.002482337431213045,0.00020686145260108709,30.16716640500593,0.8696339233518403,1.4335014347606192,5.198875,4.521118063265799,28.056939,21.21842936614473,75.33752384689907,86.63130752365865,0.0005087885341462883,6.588684518331006,1.640455185788059e-05,562.0537619956207,278.59431303344206,20.599119612632833,339.47161551495293,24.560849007306558,254.84755600281292,0.5572513773171197,329.549438988707,340.473198275431,317.76633654707075,22.706861728360252,6.897183379102088,339.1007771661478,339.96620511635535,340.4109672234505,11825551262.60373,11794575278.668375,329.7655993782096,296.76438633368775,5.175367861655853,31.660636316491402,5.0808720078034995,2.2477910688979046,294.090027106852,6.912102890055395e-11,-1.5998513792825903e-05,147,9.105837079914636e-07,True,4.48,conjugate_3D_benchmark_H1_type,4,k(T)_cubic_273_373K,3000,richardson_2x220_minus_110,120
PAR_053,GateA_converged_v1,GRAIL-CHT-1.0,parallel,0,487.4752547849894,329.49880162174867,307.0299739486133,3.8276700837653372,0.0033027374125444197,0.00027522811771203497,31.738506221770237,0.8759544709847902,0.6681874268396631,5.198875,4.553977800341051,28.056939,21.527983667009053,112.10117563428136,127.97602997362615,0.00045493748291304347,8.519360971968542,2.8221877846631188e-05,316.32610515676305,296.9684015485935,20.24514631830828,339.1434151099833,9.644613488234654,133.1481558319747,0.5173073609075493,335.4072620500079,339.7474467200358,330.7785194369358,8.968927283099958,2.713744517380887,339.1652084440834,339.5284145534114,339.71264060981315,12660776397.582247,12655807076.948843,335.4401817376878,167.0201835227709,4.489876207131927,25.299852147981834,4.082353168579492,2.260665901793916,307.07182782507994,9.138034329225774e-11,-3.0941270327202254e-05,120,9.891157901620318e-07,True,4.48,conjugate_3D_benchmark_H1_type,4,k(T)_cubic_273_373K,3000,richardson_2x220_minus_110,120
PAR_054,GateA_converged_v1,GRAIL-CHT-1.0,parallel,0,857.9231859787683,304.0073605933861,287.5237770299491,4.928132681844895,0.0010420916260504278,8.684096883753566e-05,23.385168888239434,0.9363016776952913,1.8480371831785234,5.198875,4.867715384628108,28.056939,24.59641947743408,33.7049412855857,35.99795032787989,0.0004774195209436686,2.24867916382696,2.350380868904868e-06,556.7123608439246,269.1223243489409,24.4269041910106,358.37787313276766,54.37051253938154,236.8348533332818,0.5228333560819064,336.13880678342264,358.8030011275213,309.5402919631887,49.26270916433265,15.033628513210115,356.45506605978557,358.0047176347902,358.7451491379142,12919299372.55959,12766581332.772083,337.1395792741334,293.9441265255922,7.186394560803984,42.929069195875734,6.993752188212966,2.2248572675291935,288.05892831527285,1.0784702908495094e-10,2.0878940725214932e-05,330,9.528444593343011e-07,True,4.48,conjugate_3D_benchmark_H1_type,4,k(T)_cubic_273_373K,3000,richardson_2x220_minus_110,120
PAR_055,GateA_converged_v1,GRAIL-CHT-1.0,parallel,0,849.0316169448743,306.3072413396251,296.7120410053293,4.381966459521962,0.0020932231152168725,0.00017443525960140604,34.74491404411993,0.8044373437494027,1.5389022466247435,5.198875,4.1821691954851765,28.056939,18.156190654315868,57.30756614610397,71.2393160155881,0.0005640159674451054,6.9832930304761796,1.4661575117076852e-05,550.9425594568474,282.12517026839697,22.351472546183455,335.83459727204155,29.52735593241647,258.3546977902954,0.5763132137705974,323.7527498629098,336.7520873043434,309.57549204582034,27.176595258523037,8.267616065446939,335.15675215138106,336.18694337228413,336.67567715431926,11029306245.9137,10986360952.981646,324.0686716283516,290.8976713932155,3.9786326437940245,24.67432199171259,3.890073043306564,2.2793196741668162,296.11789951867013,8.78006289894984e-11,-1.760259446884702e-05,168,9.69565689956653e-07,True,4.48,conjugate_3D_benchmark_H1_type,4,k(T)_cubic_273_373K,3000,richardson_2x220_minus_110,120
PAR_056,GateA_converged_v1,GRAIL-CHT-1.0,parallel,0,985.4120554402151,311.6481912436658,291.6735362494474,4.030944518965462,0.0020233156310307324,0.0001686096359192277,29.380230195502392,0.6697996694230057,1.7687145819975836,5.198875,3.4822047563715293,28.056939,12.587229354967342,63.02407417301348,94.09391650985008,0.0004957297737662099,7.92662072412068,1.6086314556033617e-05,639.4407806595435,274.96955974460997,21.017589172068753,345.9590159076458,34.310824663979986,290.1824044388554,0.5577239330092052,331.85849440665,346.96280065333286,315.34475098947377,31.618049663859097,9.62256717455458,345.1268638538745,346.3126191494358,346.8740423739995,12189746911.123049,12128630183.850876,332.27576929946446,337.624732188239,5.884600494917463,35.77677894168256,5.781003127435101,2.235983253067962,291.78906789173215,9.170577186523587e-11,-1.535773242850476e-05,173,9.663326636655256e-07,True,4.48,conjugate_3D_benchmark_H1_type,4,k(T)_cubic_273_373K,3000,richardson_2x220_minus_110,120
PAR_057,GateA_converged_v1,GRAIL-CHT-1.0,parallel,0,498.5441645033722,302.9148890706814,286.88420254366304,4.848086826932395,0.002750560023139945,0.00022921333526166208,25.265965454043382,0.36874343464132736,1.8718770604771104,5.198875,1.9170510237709313,28.056939,3.8149502703490565,60.25578670236634,163.40843264362516,0.0007048719155682605,51.37703554750689,0.00014174084261224905,323.5087981553897,268.22486108735967,24.1227299423431,315.2950629476445,12.380173876963113,142.33907942417414,0.5407376297084069,310.3780043690176,315.91310461637323,304.45613728430567,11.456967332067563,3.4848835665011273,315.22108147443527,315.64301260625564,315.87596893028496,9287353591.648005,9280336968.44385,310.43665494169244,170.81264542604575,3.1189376994845888,21.974860054716686,3.3798154348301193,2.295380234231806,285.76650869543136,8.714977184354208e-11,-2.7799225536002545e-05,134,9.373320608574431e-07,True,4.48,conjugate_3D_benchmark_H1_type,4,k(T)_cubic_273_373K,3000,richardson_2x220_minus_110,120
PAR_058,GateA_converged_v1,GRAIL-CHT-1.0,parallel,0,633.3254159472383,309.7008713570577,293.6333232167413,4.692361696259868,0.0030819250482765443,0.0002568270873563787,32.61491306637416,0.4022292711423572,1.5492623498280758,5.198875,2.091139702010222,28.056939,4.5392868927264844,78.4160108982127,194.95351662375577,0.0006068832744179407,46.12460745981687,0.00014258032404446618,410.9692956860745,277.74553639141874,23.5309744457875,324.2088179029223,14.507946545864627,186.89784812960573,0.558912035269798,318.54679727953885,325.04212243237214,311.6095872855146,13.43253514685756,4.071470389647416,324.2085675076346,324.71043015331475,324.98885279656133,10306667589.653284,10296579378.110134,318.6247937512995,216.99178812224733,3.5216323881108043,22.988296483256846,3.5840493079247517,2.287761968774257,292.80026883603455,7.933948609206706e-11,-2.079300958865088e-05,123,8.797956070338842e-07,True,4.48,conjugate_3D_benchmark_H1_type,4,k(T)_cubic_273_373K,3000,richardson_2x220_minus_110,120
PAR_059,GateA_converged_v1,GRAIL-CHT-1.0,parallel,0,775.6712950828678,325.92764931204005,302.02246752963833,3.213236161196484,0.004251872695119284,0.00035432272459327363,29.115092025343156,0.9187707174299194,0.7256619889046358,5.198875,4.776574113578473,28.056939,23.683974140248566,139.99974775388523,152.37724178400788,0.00046896544248494447,9.996527391011275,4.2631857432149294e-05,503.3385330783385,289.7329944001359,17.910297412546637,338.7361972576745,12.808547945634473,227.64411784602808,0.5558335925543225,334.0329954088477,339.8504973985436,327.91066117050303,11.939836228040576,3.6075868122196373,339.025254312839,339.5526850904503,339.8056166691692,12458369697.213766,12449659461.420187,334.0914055028049,265.76274546536274,4.928856793505938,28.584799199204802,4.605030595195223,2.2553320821070857,302.0184724462516,8.988337185655835e-11,-1.9417802667671733e-05,100,9.630241493141511e-07,True,4.48,conjugate_3D_benchmark_H1_type,4,k(T)_cubic_273_373K,3000,richardson_2x220_minus_110,120
PAR_060,GateA_converged_v1,GRAIL-CHT-1.0,parallel,0,896.9246727748694,288.7218265728315,309.0321513738707,0.8417747591941344,0.002305335259602569,0.0001921112716335474,31.322497819028527,0.9071850603213625,1.5757798322783383,5.198875,4.716341730478224,28.056939,23.090432470518124,46.02219374571393,50.73076680673177,0.0007734898478711874,8.566448754959719,1.9807960245122534e-05,582.0206986363221,299.87797927259834,8.89874408493771,320.4308267444302,31.70900017159869,305.557482274941,0.6452128817050682,307.6171548449901,321.63878913007113,292.4741052575892,29.16468387248193,8.873037540695433,319.90180352798905,321.00857182257045,321.5614847571555,8999179265.4517,8954517801.952162,308.0000065836875,307.3069288799781,0.30600274172810316,1.6470528185301412,-0.20356122623714476,-2.341592912241675,305.77248174052033,9.788891475182028e-11,-1.5801938948602422e-05,149,9.496116035734303e-07,True,4.48,conjugate_3D_benchmark_H1_type,4,k(T)_cubic_273_373K,3000,richardson_2x220_minus_110,120
PAR_061,GateA_converged_v1,GRAIL-CHT-1.0,parallel,0,458.32416957821846,329.043545766585,300.358446700877,2.650229725904891,0.001844656080857035,0.00015372134007141957,24.740659506760736,0.954943896646243,0.977437593547267,5.198875,4.964633950676737,28.056939,25.5856233709922,64.55615534507535,67.60203983898546,0.00044123056709248574,3.6771748691537547,6.803533583509674e-06,297.40976190849295,287.3418293153651,15.770872958438584,343.6930937258063,14.649547959221309,112.95771888959861,0.4667767659982249,337.62344276606376,344.0471342390273,330.5452839323643,13.50185030666296,4.108784508358389,343.2726992515864,343.77324357002584,344.01166891784493,13005165281.108873,12993626424.374504,337.6983735768522,157.03235428768429,5.751254781609082,32.96249265999132,5.360937740782239,2.240029439636324,300.7059723716225,9.463462902203902e-11,-3.257722250066474e-05,197,9.393884283781517e-07,True,4.48,conjugate_3D_benchmark_H1_type,4,k(T)_cubic_273_373K,3000,richardson_2x220_minus_110,120
PAR_062,GateA_converged_v1,GRAIL-CHT-1.0,parallel,0,678.7239024742914,289.0412026610334,308.43631030865515,0.2993414894685484,0.001591543010221549,0.0001326285841851291,33.78073126155855,0.7534350112665574,1.526605253659604,5.198875,3.917014444198424,28.056939,15.926923092162884,32.85137963540171,43.60214105285219,0.0007480878618181025,7.937503840401229,1.267089143008754e-05,440.42869138288495,299.0111109291653,6.8374976599804835,323.3158386847485,34.27463602371506,228.01714989618333,0.6362685343890963,309.14764540576846,324.0005246881601,292.64621518552883,31.35430950263128,9.560669532760732,322.2642983783471,323.3910869553479,323.92822121069946,9186399440.982912,9134058154.51691,309.5895773916943,232.54634905016326,0.6452874509631037,3.781632213942307,0.10233257939399627,12.05905449559627,304.9122771421803,9.098982900468401e-11,-2.2596147271996744e-05,209,9.634858315621386e-07,True,4.48,conjugate_3D_benchmark_H1_type,4,k(T)_cubic_273_373K,3000,richardson_2x220_minus_110,120
PAR_063,GateA_converged_v1,GRAIL-CHT-1.0,parallel,0,972.4084396183811,326.6163252559445,290.98794372316127,3.6955693561476988,0.0037515244268707124,0.0003126270355725594,28.196372413349547,0.8597666323960461,1.6520891035954854,5.198875,4.469819250997995,28.056939,20.73965177371182,129.59696481482555,150.7350482463566,0.00044699306964969917,8.749656972114565,3.292332182309672e-05,631.0026433274447,274.0006361262021,19.743163553361256,344.3727764873286,17.75645123138412,278.4455190115379,0.5423224604352597,337.6309866380425,345.6650078676554,329.1469863705996,16.51802149705577,4.999321597853546,344.55681517459544,345.2458096111436,345.6036472692018,13011875589.293056,12994787783.77361,337.7419259228555,333.1693956768908,6.889636550134238,41.12421927823859,6.710062404673414,2.2220614121323905,291.5725115294042,9.522040045339965e-11,-1.390658401637255e-05,108,8.759749903219927e-07,True,4.48,conjugate_3D_benchmark_H1_type,4,k(T)_cubic_273_373K,3000,richardson_2x220_minus_110,120
PAR_064,GateA_converged_v1,GRAIL-CHT-1.0,parallel,0,669.0608120745724,307.4246590172195,310.8266279883379,0.7989999166557895,0.0019742119929022778,0.0001645176660751898,20.45052530281511,0.7322691191785964,1.6295192870175887,5.198875,3.806975616969625,28.056939,15.044637481556338,53.391448780250066,72.91233152114964,0.0005709655716509734,7.777039312105936,1.5399723449580762e-05,434.15824438087446,302.4937481526803,8.736199683292,333.31435862516736,25.889699607947875,213.64713781714903,0.6047801984690109,322.6277555902916,334.03134914546,310.2027489828838,23.82860016257621,7.264913829246165,332.6415866370323,333.5386687700252,333.97023932431955,10867382748.699781,10834450946.99794,322.8726370427477,229.23555303310172,2.035497314113186,11.855252612620722,1.6977087622505647,2.501753617314445,309.35006018480215,1.0205440048594026e-10,-2.0871604464707536e-05,178,9.026377938425867e-07,True,4.48,conjugate_3D_benchmark_H1_type,4,k(T)_cubic_273_373K,3000,richardson_2x220_minus_110,120
PAR_065,GateA_converged_v1,GRAIL-CHT-1.0,parallel,0,648.9930926631724,313.6999522635069,283.68879330065494,0.45874124361804186,0.0012306058071204667,0.00010255048392670555,34.280078662665765,0.9406859729799403,0.7118612023516874,5.198875,4.8905087877760876,28.056939,24.827307550704376,38.950773326630454,41.40677595440352,0.00048785495140049346,2.8506786504758366,3.5186175541724165e-06,421.13616078078115,263.7559998949085,7.4432167257485595,345.92187762982763,32.22192536632076,165.7474018146178,0.4836962631630482,332.5951651956286,346.29915364358345,316.8887308583538,29.410422785229628,8.964600291781002,344.8063691291076,345.77918676825107,346.24390865706835,12289929819.278566,12236683495.189934,332.9563873648462,222.35989289225245,6.812286227961873,42.76459561790022,7.035664632779361,2.192365184463708,284.6994945332481,1.0088285762321901e-10,-2.6199054678073376e-05,282,9.5530049293302e-07,True,4.48,conjugate_3D_benchmark_H1_type,4,k(T)_cubic_273_373K,3000,richardson_2x220_minus_110,120
PAR_066,GateA_converged_v1,GRAIL-CHT-1.0,parallel,0,623.9176492141837,290.31235534729996,299.21686136363166,4.0906953888072515,0.0033777622678429395,0.00028148018898691165,30.996873141786853,0.5315318183990226,0.8387462478725332,5.198875,2.763367482379219,28.056939,7.926816823301814,58.08305554796267,109.27484214004203,0.000897981659188964,54.88515359100314,0.00018594684138862068,404.8645299986283,285.70521809254103,21.244642477467554,305.2523440310203,14.939988683720344,210.93839164190112,0.640316122052299,299.5845391323694,306.2796377633314,292.46963359919454,13.810004164136842,4.186129101485861,305.393963401849,305.93716530615393,306.2277665166269,8064655985.653343,8055223348.447146,299.6722037472315,213.76847183927575,0.3541401231392411,2.423098082235293,0.05289407849191474,14.577983303741213,296.8707076076582,6.931628604434077e-11,-2.2473670437242625e-05,112,9.555566293784068e-07,True,4.48,conjugate_3D_benchmark_H1_type,4,k(T)_cubic_273_373K,3000,richardson_2x220_minus_110,120
PAR_067,GateA_converged_v1,GRAIL-CHT-1.0,parallel,0,610.9926881155436,315.7110919008211,289.7658278542958,2.2434327763784983,0.00244724580813314,0.00020393715067776167,23.855069242254956,0.7248802101971221,1.4517265423259404,5.198875,3.7685616027885636,28.056939,14.742555608452124,70.30083845371762,96.98269791997795,0.0005375327508057333,9.557352530337367,2.3459569625595567e-05,396.477432266993,272.27629311324387,14.225044550238295,332.03904591957115,16.327954018750063,167.0266011761068,0.5177447553077926,325.41741336772816,332.68228283635693,317.5897401025612,15.09254273379571,4.58788740396994,331.7668051744069,332.3491928752612,332.63910666006825,11227433780.565975,11214067213.378887,325.5143400838116,209.3400842369723,5.018811491311581,32.16588390524827,5.1288326976702905,2.247843155069966,289.3921321782275,9.098982900468401e-11,-2.2709667088297825e-05,150,9.174017350233044e-07,True,4.48,conjugate_3D_benchmark_H1_type,4,k(T)_cubic_273_373K,3000,richardson_2x220_minus_110,120
PAR_068,GateA_converged_v1,GRAIL-CHT-1.0,parallel,0,522.3706289273963,332.0387752991311,288.33995168947916,0.6914402749313582,0.0023373925585374513,0.00019478271321145428,30.856270422065272,0.8183561372415897,0.7588139576633441,5.198875,4.25453126300187,28.056939,18.789921919734084,84.00400295579884,102.64968897153848,0.0004296546506892002,6.580228494685612,1.542685769002432e-05,338.9699577053899,270.26904668492426,8.327473044739161,344.3228683124914,12.284093013360291,120.0192849588468,0.43514937331515086,339.3211525223381,344.77965866948153,333.4004583471444,11.379200322337113,3.455477065512321,344.09998451310594,344.5341264173211,344.74918300930705,13265198463.114622,13256953524.09901,339.3738989914181,178.9761376684459,7.399679787023375,44.22307639860957,7.334149268047219,2.1902329498959867,289.7920064551058,1.0550394335950842e-10,-2.8002453700755053e-05,160,9.497317705609021e-07,True,4.48,conjugate_3D_benchmark_H1_type,4,k(T)_cubic_273_373K,3000,richardson_2x220_minus_110,120
PAR_069,GateA_converged_v1,GRAIL-CHT-1.0,parallel,0,950.3622866703126,295.7814849782505,286.2211673831104,2.115864048942399,0.001486082338015767,0.00012384019483464726,27.604291821167436,0.44587207115821836,1.3931652955181915,5.198875,2.3180331639426823,28.056939,5.577772889092424,38.8977665559256,87.2397467167722,0.0005899375613685306,18.211411130807846,2.714509170695816e-05,616.6967403563724,267.29553289306335,13.740283385981115,341.27711316350457,45.49562818525408,282.6108429227005,0.5632039655540351,322.42813084348825,342.05065796778,300.4406372158335,41.610020751946536,12.696866121724106,339.79460749227366,341.2599357181738,341.9564829450596,10908025570.130882,10807660716.364271,323.174091670274,325.61587890816463,5.049957990138894,32.74640443866737,5.208729300663895,2.249537768605846,285.752675838951,8.949285756898464e-11,-1.762099399751621e-05,210,9.860241902970301e-07,True,4.48,conjugate_3D_benchmark_H1_type,4,k(T)_cubic_273_373K,3000,richardson_2x220_minus_110,120
PAR_070,GateA_converged_v1,GRAIL-CHT-1.0,parallel,0,993.9093817115624,317.4956586458829,301.49548110473756,0.5959332915090165,0.003504414887031993,0.00029203457391933273,27.857231392334754,0.8807695609541049,1.1979703487290403,5.198875,4.579010851205273,28.056939,21.765311261147527,107.64606224059429,122.21819078759408,0.000502695746415278,9.184715771688214,3.2283906402669726e-05,644.9547551583047,288.975010731658,7.964546507734263,338.36993961409706,20.87428096821418,305.77594930099116,0.5826699362703328,330.3410815834802,339.76179286812726,320.38278082451353,19.379012043613727,5.871980708100168,338.4973981585283,339.26556469814864,339.6871942750769,11930881698.857374,11908315862.21851,330.4974666595895,340.5361107235849,4.430635190908704,26.17984388759044,4.1497245294622,2.282276602508513,301.02007052947374,9.35281718739134e-11,-1.3962799707204455e-05,112,9.091345418710262e-07,True,4.48,conjugate_3D_benchmark_H1_type,4,k(T)_cubic_273_373K,3000,richardson_2x220_minus_110,120
PAR_071,GateA_converged_v1,GRAIL-CHT-1.0,parallel,0,588.9630374185974,324.7739573130091,285.2035945780365,4.89751471772699,0.0027906377200309,0.0002325531433359083,23.562711812830784,0.8435587721278532,1.014753715184559,5.198875,4.3855566114461935,28.056939,19.96507655978825,90.08945594913271,106.79689302724525,0.00047831867510527375,7.771020548012534,2.175135713582645e-05,382.18223772218977,265.87136791608293,24.31055592736256,337.34708752854493,12.573130215535855,146.66387501223863,0.47162975077510555,332.31855414604416,337.9439978268329,326.29453172860394,11.64946609822897,3.536707893663536,337.2139172252334,337.66457205776214,337.895778457406,12204311170.21076,12196026480.567831,332.374975289434,201.7922215173162,6.614552571514874,41.73589053274829,6.777952276225365,2.2160636054032503,285.57501690747483,9.964622904590217e-11,-2.462483625980209e-05,136,9.57734812345734e-07,True,4.48,conjugate_3D_benchmark_H1_type,4,k(T)_cubic_273_373K,3000,richardson_2x220_minus_110,120
PAR_072,GateA_converged_v1,GRAIL-CHT-1.0,parallel,0,960.6991871640656,324.58808239149823,296.91197052618196,0.3820632780819372,0.003105908148534282,0.00025882567904452353,32.73016065231314,0.6388308372440215,0.8095196977501624,5.198875,3.3212016689770123,28.056939,11.450172562594963,107.17637552784338,167.76957103419227,0.0004474838682038683,16.219766902337533,5.052869226609508e-05,623.4044274450723,282.41036926404763,7.151840456711361,346.2551127719235,21.667030380425274,281.2964699707693,0.554552843358185,337.7487171002858,347.4778177632983,327.37606530650595,20.101752456792326,6.089112894796197,346.2224931927673,346.97007148346484,347.39769750393725,13038286697.132292,13012922170.890669,337.91318018804515,329.1575376909982,6.180610788356986,35.805741087243284,5.8747693287533505,2.219715555127619,297.6468534404494,1.0042725762104964e-10,-1.571841573327329e-05,124,9.878124274109723e-07,True,4.48,conjugate_3D_benchmark_H1_type,4,k(T)_cubic_273_373K,3000,richardson_2x220_minus_110,120
PAR_073,GateA_converged_v1,GRAIL-CHT-1.0,parallel,0,999.4522266354367,320.0804704792867,284.1094494997233,2.9701313160026355,0.002868083862529738,0.00023900698854414484,32.08282035703057,0.3876734759063512,0.745653233584503,5.198875,2.0154659420526313,28.056939,4.216697673326098,93.8361958342309,242.0495640431655,0.0004719644578366569,59.41445453157164,0.00017091839342327732,648.5515460293212,264.34286683406344,16.986499000810014,343.76155129419647,23.681080814909762,283.902781561872,0.5379893582898897,334.3630788370109,344.9475930377274,323.02155211602053,21.926040921706885,6.646099679568181,343.5876216447544,344.4323011138132,344.87255086018234,12528554063.95105,12498942275.994972,334.5609416660587,342.43521630348164,7.0822223145082965,44.22078372392414,7.229480922372276,2.205947817943306,284.8365005291618,8.454634325971712e-11,-1.5075406686052561e-05,131,9.88727720141469e-07,True,4.48,conjugate_3D_benchmark_H1_type,4,k(T)_cubic_273_373K,3000,richardson_2x220_minus_110,120
PAR_074,GateA_converged_v1,GRAIL-CHT-1.0,parallel,0,680.1064988451002,320.8128609715633,287.39991389334205,3.5349710263752323,0.0013746926772524172,0.0001145577231043681,21.184574710495223,0.9649603371688646,0.6951238360053801,5.198875,5.016708172898781,28.056939,26.125175326379388,47.77218077011987,49.506885340262336,0.0004443430521226632,2.7335147765433283,3.7690498961638822e-06,441.32586784607736,268.94843919100117,19.132889900225884,350.98320072829017,30.17033975672689,173.36527065924193,0.48278220572817454,338.4496281091378,351.3961680229858,323.7926914704916,27.603476552494215,8.417948189313721,349.94458736571494,350.89780886190607,351.34475136199615,13169907645.462025,13121278844.188314,338.7627754695113,233.02005822272886,7.466329445031701,44.844505592823715,7.344005594871785,2.213186771741317,288.2244911738518,1.1923702913918534e-10,-2.40014760495169e-05,255,9.484307952334348e-07,True,4.48,conjugate_3D_benchmark_H1_type,4,k(T)_cubic_273_373K,3000,richardson_2x220_minus_110,120
PAR_075,GateA_converged_v1,GRAIL-CHT-1.0,parallel,0,956.4854188814586,314.1584182568333,309.9423891297645,3.3764619958841906,0.00412840722057437,0.00034403393504786416,25.373863120720998,0.8618302393080226,1.4068994465700877,5.198875,4.480547685382496,28.056939,20.839329638566202,117.04363209757801,135.80822157221382,0.0005446563610804355,11.949682215193203,4.9481599138187314e-05,620.6700837101106,301.2038663522953,18.530555584359924,332.0369227115161,17.878504454682854,308.52474197421606,0.6109106854062485,325.4296341488879,333.5308501293425,316.9181799041373,16.61267022520525,5.02647397562553,332.3847985708889,333.10056372996564,333.46996912291894,11231800288.214687,11215751848.260569,325.54598475068934,327.7138041989384,2.488264827737495,14.472845422245019,2.227993159546409,2.3466356240429027,309.2202762004348,8.923251471060211e-11,-1.3483136826174393e-05,100,8.336753580806544e-07,True,4.48,conjugate_3D_benchmark_H1_type,4,k(T)_cubic_273_373K,3000,richardson_2x220_minus_110,120
PAR_076,GateA_converged_v1,GRAIL-CHT-1.0,parallel,0,888.0400407821114,306.00548583089306,310.51997125564117,4.180149312646556,0.001317892528247537,0.00010982437735396142,29.410049366286675,0.7294833011691574,1.9241982238578366,5.198875,3.7924924973658034,28.056939,14.93038468181218,42.44982412844251,58.19163243409045,0.00047939328012549083,4.1906454459206435,5.539438637626263e-06,576.2553987437975,302.04620511889163,21.58456738805691,355.84580496949144,49.840319138598375,274.55988994860775,0.5855589474449377,335.22732221258946,356.509939838499,310.9902542292787,45.51968560922029,13.877976262220317,354.14863715808593,355.682112961236,356.41110038047395,12758229378.988073,12628670491.67886,336.08381741894556,304.2628505367251,4.116986128590658,22.031542922409887,3.5543964633233003,2.2768773258002577,310.55234262376916,8.767045756030712e-11,1.4834526066885592e-05,231,9.639690574658744e-07,True,4.48,conjugate_3D_benchmark_H1_type,4,k(T)_cubic_273_373K,3000,richardson_2x220_minus_110,120
PAR_077,GateA_converged_v1,GRAIL-CHT-1.0,parallel,0,695.9524660531556,301.33984308613293,297.6489608499865,2.2843758590052206,0.0029792250796977044,0.0002482687566414754,31.607641949744,0.3894337058272441,0.9647010961228121,5.198875,2.024617157382614,28.056939,4.255076404226608,66.63913058148806,171.11803519916612,0.0006903380866227762,75.40353210212662,0.00022532005409874284,451.608426889155,283.4625135021757,14.380628264219837,318.9721825821502,17.632339496017266,219.57835960836633,0.5975524559562554,312.06878010319133,319.9487453975526,303.65036207346316,16.298383324089457,4.943005745311886,318.94133942800926,319.5545385337467,319.88766990498954,9498482796.755627,9484212871.734766,312.1860984235075,238.44924939747386,2.2038393741891604,14.592667990631607,2.074433420428617,2.4785554480744265,295.7252227734407,8.50670289764821e-11,-2.0774166523890866e-05,125,9.734416721585148e-07,True,4.48,conjugate_3D_benchmark_H1_type,4,k(T)_cubic_273_373K,3000,richardson_2x220_minus_110,120
PAR_078,GateA_converged_v1,GRAIL-CHT-1.0,parallel,0,802.9924902014172,305.2677220228894,309.7660951785853,1.4430221549158342,0.0023537552345677345,0.00019614626954731122,35.32651494038419,0.7487757600745432,1.9019596944060897,5.198875,3.892791579657541,28.056939,15.73054760084829,61.57451817952578,82.23358909668205,0.0005902664759122846,8.851743403089,2.0897529959950998e-05,521.067447839131,300.9469176255435,11.18348418868017,331.7189322223973,26.451210199507898,260.24543927516635,0.6138153165201667,320.9976574551313,332.7190727852835,308.3354006606368,24.383672124646694,7.414263556164731,331.2542093984005,332.19843437644704,332.6535895211909,10651096430.166183,10617137754.827707,321.25402610324824,275.1236124590612,1.925311880850017,11.337146740100962,1.6157711647400799,2.508854744248171,308.3002324317161,1.0042725762104966e-10,-1.8833461546305973e-05,152,9.976837986869214e-07,True,4.48,conjugate_3D_benchmark_H1_type,4,k(T)_cubic_273_373K,3000,richardson_2x220_minus_110,120
PAR_079,GateA_converged_v1,GRAIL-CHT-1.0,parallel,0,918.7612768848704,305.5290778681578,293.4282921625265,3.9545558085625574,0.0025025841430679078,0.0002085486785889923,31.934462292942506,0.7934159196471853,1.2657028001187962,5.198875,4.124870189255761,28.056939,17.662090606178698,66.01287619636251,83.20084656949787,0.0005853934712189501,9.259476680259793,2.324234655278358e-05,596.1906238995305,277.45468119714684,20.727312072537718,332.38566174359045,26.856583875432648,280.9413987443776,0.5791340970251706,321.59037693251537,333.5104177326281,308.72718670333285,24.78323102929528,7.524419213322804,332.0130354548138,332.95900936915734,333.4418899471116,10730878574.893612,10695773041.720245,321.8539327473899,314.7886494189521,4.034244784226515,25.7616573024726,4.0513940438486715,2.276274713064991,292.73772823916795,8.97532004273671e-11,-1.4743945024884897e-05,144,8.97086522400059e-07,True,4.48,conjugate_3D_benchmark_H1_type,4,k(T)_cubic_273_373K,3000,richardson_2x220_minus_110,120
PAR_080,GateA_converged_v1,GRAIL-CHT-1.0,parallel,0,908.9600359421569,321.21226772648305,299.842529320521,0.5629212076970531,0.0033878969705078447,0.0002823247475423204,23.740096988694994,0.5953702403535246,1.6336346151782446,5.198875,3.09525545831793,28.056939,9.945223170568694,108.95076001389663,182.99665087257767,0.00048016198330116727,16.60404769480054,5.6422069090654465e-05,589.830530043117,286.6018086751454,7.839100589248802,340.4177846977966,19.205516971313557,271.9771873541478,0.5667007228199363,332.9679259584379,341.64118514955464,323.79807690044237,17.843108249112277,5.407804753428141,340.486022015428,341.1857585192424,341.570940670374,12311078695.875456,12291633536.432657,333.0995353353896,311.43051986276583,5.045173002069419,29.64279937156401,4.765415477408011,2.2557381418561144,299.7684595377341,8.415582897214336e-11,-1.669003919551375e-05,116,9.942991141542734e-07,True,4.48,conjugate_3D_benchmark_H1_type,4,k(T)_cubic_273_373K,3000,richardson_2x220_minus_110,120
PAR_081,GateA_converged_v1,GRAIL-CHT-1.0,parallel,0,686.4371720700185,309.4804801699975,302.38583987057604,0.230778096596235,0.0017702128710237273,0.00014751773925197726,23.45055794828122,0.5667583170952764,1.1116498442633933,5.198875,2.946505645788705,28.056939,9.012309380222176,50.4541153524791,89.02227604010154,0.0005417722294528673,12.975577280387858,2.3038649860286496e-05,445.43388601643943,290.25603139938664,6.576956767065693,337.345363026826,27.8648828568285,206.1859165017956,0.5688847364728914,325.7929034376552,337.99356690874316,312.36588480157,25.627682107173143,7.808130001032849,336.5326440965289,337.47817369470147,337.9310354941165,11304700572.478642,11265915262.72412,326.07294500104433,235.18909181668002,3.663088670212607,21.972799128856256,3.367337279685664,2.3467384587038413,301.1837159684338,1.0361645763623526e-10,-2.126930677564938e-05,198,9.205498372466536e-07,True,4.48,conjugate_3D_benchmark_H1_type,4,k(T)_cubic_273_373K,3000,richardson_2x220_minus_110,120
PAR_082,GateA_converged_v1,GRAIL-CHT-1.0,parallel,0,966.7567607583318,321.54322816887117,299.19867659584054,4.219572046538799,0.0021313727364397498,0.00017761439470331247,28.413458528037964,0.6768330925611562,1.5945798571096983,5.198875,3.5187706440888813,28.056939,12.85296891392561,75.73842540023568,111.90118543648519,0.0004345412164796763,7.440335423878921,1.590584560925017e-05,627.3352293534067,285.6791730824856,21.734373776847434,353.27320677229704,31.729978603425877,282.68675933080266,0.553801753836928,340.2511480475527,354.27765774331186,324.9761429920458,29.30151475126604,8.910602157095676,352.5517770407245,353.66559842458105,354.1960237482705,13457986805.2875,13402888262.049189,340.60029873709976,331.2330010985988,6.421798674838525,36.2186870002426,5.90580348305655,2.2396614980874774,299.68679149693537,9.378851473229589e-11,-1.5228138435415331e-05,167,9.410056236447417e-07,True,4.48,conjugate_3D_benchmark_H1_type,4,k(T)_cubic_273_373K,3000,richardson_2x220_minus_110,120
PAR_083,GateA_converged_v1,GRAIL-CHT-1.0,parallel,0,738.0053867574957,289.3696945312351,305.5242122313295,4.3454273706794035,0.003909713395561054,0.0003258094496300878,28.64815475173655,0.513114346618246,1.7813151165350603,5.198875,2.6676173487749337,28.056939,7.387008576251062,66.41604070818542,129.43711503276003,0.000908991415150149,47.0077809858881,0.00018433997092891366,478.89686150464615,294.78645686068364,22.21262400858173,305.1350067674127,15.765312236177579,257.6462231782418,0.6611961654113454,299.3516397754292,306.46562970614474,291.8570046943622,14.608625011782522,4.432004094765944,305.48485501944026,306.11372657959373,306.41487716531833,8040761078.479178,8030203769.190511,299.4499807092571,252.85754287445317,-0.48573743098418076,-3.414913483637459,-0.8879855126957232,1.4693177499532646,303.176288861655,7.751708608338961e-11,-1.8571736994868998e-05,100,9.196809287459473e-07,True,4.48,conjugate_3D_benchmark_H1_type,4,k(T)_cubic_273_373K,3000,richardson_2x220_minus_110,120
PAR_084,GateA_converged_v1,GRAIL-CHT-1.0,parallel,0,766.4150109439472,321.9041126381467,294.18396443244046,2.3031848468391036,0.0018171311430569101,0.0001514275952547425,24.585703775069128,0.7773931328276449,0.5858195882900797,5.198875,4.041569723429323,28.056939,16.95593284307634,63.047049993724244,81.10060062455214,0.0004450505506141394,6.339802881054788,1.1554918010036688e-05,497.3320655066039,278.52717358308115,14.452102417988595,349.6748164203711,27.77070378222436,210.9353847564647,0.5212565373347698,338.16424991801057,350.3259923199605,324.7596233277474,25.566368992213086,7.782762484421877,348.86229500152126,349.8086147513128,350.25935795895407,13118595731.63374,13077079729.903887,338.432324763552,262.5913305874869,6.626726760966151,38.7022648314616,6.3269984490950515,2.224479210637941,294.8183254804598,8.025068609640584e-11,-1.8920322502600378e-05,195,9.069477755474509e-07,True,4.48,conjugate_3D_benchmark_H1_type,4,k(T)_cubic_273_373K,3000,richardson_2x220_minus_110,120
PAR_085,GateA_converged_v1,GRAIL-CHT-1.0,parallel,0,884.3638675245929,303.35546539574943,288.02853974234205,0.8757428671543821,0.0017367782075718573,0.00014473151729765477,28.31474356375344,0.5768889486866042,0.5590624358151404,5.198875,2.99917353310307,28.056939,9.337373403385842,47.69433658429814,82.67507410721463,0.0005622965131534914,17.1725567698681,2.991466636529336e-05,573.8699041837809,269.8313223221146,9.027822895186652,339.1404026623803,35.78493726663089,259.78908667276414,0.5563601176315597,324.3406419995573,339.9556415951114,307.0852309482216,32.87041064688981,10.01600176702465,338.1009671068479,339.30187708370056,339.87855378832694,11129612369.020645,11066377681.794495,324.8029833744587,303.0033094090363,5.115402956898047,32.875011466456094,5.223854555017897,2.2539350170075756,287.52114915814053,9.56109147409734e-11,-1.646080120383685e-05,196,9.114259000853053e-07,True,4.48,conjugate_3D_benchmark_H1_type,4,k(T)_cubic_273_373K,3000,richardson_2x220_minus_110,120
PAR_086,GateA_converged_v1,GRAIL-CHT-1.0,parallel,0,437.6104764645461,325.04950234994914,308.1722957690121,1.9461150757183907,0.0020633622140911563,0.000171946851174263,28.844420987806583,0.5083549308773084,1.9909328832864628,5.198875,2.642873741264767,28.056939,7.250607046952359,67.58725569376422,132.95288702545588,0.0004714096862748072,12.351024588806489,2.5561321406072284e-05,283.9685014511791,298.6272729259853,13.095237287729883,338.943403805853,13.893901455903858,119.83287231034778,0.5186260607631137,333.23243473903347,339.3654102604893,326.52890080563134,12.836509454857946,3.905993630157512,338.6175884101862,339.1005421510836,339.3294221233792,12340897128.124739,12330737858.09746,333.3010509254524,149.93536876622258,3.9785516437728976,22.518847686058166,3.605148503400536,2.2750194626575815,308.0116815228778,9.925571475832841e-11,-3.386971055922023e-05,177,9.532598710393358e-07,True,4.48,conjugate_3D_benchmark_H1_type,4,k(T)_cubic_273_373K,3000,richardson_2x220_minus_110,120
PAR_087,GateA_converged_v1,GRAIL-CHT-1.0,parallel,0,570.7020416945799,299.61215480901086,284.4494100011706,4.118973463653701,0.0010500771550855609,8.750642959046341e-05,22.222897554247933,0.9728284569128747,1.6076400060279614,5.198875,5.057613543932922,28.056939,26.55295258089301,26.768997186799346,27.516667503484367,0.0006057270240122653,2.7297578082709517,2.875081558055925e-06,370.3325497699047,264.8174709598574,21.352099161884063,334.5204721588672,34.90831734985636,153.2238630691254,0.5084907520157347,320.23025465101597,334.805668685601,303.18154335484525,31.62412533075576,9.65682570491272,333.29125608168454,334.2914121593711,334.76546464333467,10573217356.67288,10515972527.01666,320.6651698146413,195.5355862785097,4.841656408966395,32.3227018831539,5.147427901102634,2.2396296173533403,284.0293398067319,1.1090605767094531e-10,-3.261325712461424e-05,319,9.987256248678023e-07,True,4.48,conjugate_3D_benchmark_H1_type,4,k(T)_cubic_273_373K,3000,richardson_2x220_minus_110,120
PAR_088,GateA_converged_v1,GRAIL-CHT-1.0,parallel,0,761.1395219900372,288.52883770572555,300.889705139258,4.958833775802377,0.003595088206244173,0.00029959068385368106,20.923380280253493,0.8178367762280855,1.176867077337373,5.198875,4.251831170012788,28.056939,18.766079839730995,60.987727326675284,74.57200397364683,0.0009102379576648103,19.7742305435789,7.130401505995366e-05,493.908763795989,288.1045192999049,24.543568348049032,305.8575709661964,17.32873326047087,260.4069967187764,0.6479693345231291,299.3238795340518,307.12714683432074,291.11940915663223,16.00773767768851,4.86492000560694,306.05799079170225,306.70631395689065,307.0683035191745,8039943053.644325,8027225473.98704,299.44236430129394,260.7838272842822,0.08839563098544212,0.5137348130041873,-0.22525947856665973,-0.45579421519164254,298.7485046694958,9.242171472578772e-11,-1.700920260012385e-05,106,8.787629326434399e-07,True,4.48,conjugate_3D_benchmark_H1_type,4,k(T)_cubic_273_373K,3000,richardson_2x220_minus_110,120
PAR_089,GateA_converged_v1,GRAIL-CHT-1.0,parallel,0,941.2806483603697,317.9837580546498,312.87214774953674,4.657341990965279,0.0037838391604702697,0.00031531993003918916,30.516799712070473,0.6344702687539743,0.6295318082332161,5.198875,3.298531618468318,28.056939,11.294391552163058,115.46471586732548,181.98601503280008,0.0005060241195822507,24.956621090389095,9.471598815931043e-05,610.8036016855823,305.48467829503335,23.39789956566806,337.06632160748063,19.082563552830834,301.8183682390615,0.6072850838038454,329.8974539348614,338.508872726341,320.769786179454,17.739086546886995,5.362413658889624,337.3135698720318,338.0717291340984,338.44459619807924,11863245039.203056,11844476077.760578,330.02806664765217,322.50430168998747,2.761469110173708,15.475260444162684,2.4492584493399967,2.3011571032353952,312.565407017576,7.98601718088321e-11,-1.5264414077772557e-05,107,9.334387414128287e-07,True,4.48,conjugate_3D_benchmark_H1_type,4,k(T)_cubic_273_373K,3000,richardson_2x220_minus_110,120
PAR_090,GateA_converged_v1,GRAIL-CHT-1.0,parallel,0,599.4300317916748,302.25041189361133,283.38803806376586,1.7133627806887644,0.002605820229348092,0.00021715168577900767,27.28329748235987,0.49400816152116134,0.7716873631732212,5.198875,2.568286680728328,28.056939,6.847129407126639,58.22334829825579,117.85908175883799,0.0006910908065033428,40.96304480736187,0.00010706352137885243,388.97434363984024,263.33667612264986,12.210778566617304,317.9510459185498,15.700634024938495,171.01646437914238,0.5403379906271644,311.67415922442615,318.6718060423776,304.15528424645095,14.516521795926678,4.416274452278362,317.792306365215,318.3399058110104,318.6290639647282,9447692868.26094,9436331435.919767,311.76793155573876,205.37845344183566,3.7286377310859193,26.564157912970334,4.069237903722364,2.300758183503103,281.9227225408874,8.532737183486462e-11,-2.2168747753620838e-05,140,8.95559992386552e-07,True,4.48,conjugate_3D_benchmark_H1_type,4,k(T)_cubic_273_373K,3000,richardson_2x220_minus_110,120
PAR_091,GateA_converged_v1,GRAIL-CHT-1.0,parallel,0,982.5815729841491,319.70282127600217,304.6887759454855,3.41107781356413,0.001938766633883145,0.00016156388615692875,33.42419824332431,0.6719359633417465,1.0494231994743561,5.198875,3.493311081418323,28.056939,12.66765012843518,69.30637866263194,103.1443209527732,0.0004319566569868161,7.901903384293094,1.53660447599155e-05,637.6040607804252,293.5781719196401,18.662095691543694,355.9321206748988,36.229299398896615,293.6038556060115,0.565925439305678,340.99920414213426,356.89589266228023,323.53153946618556,33.36435319609467,10.145015983669852,354.96554120066503,356.2125563625067,356.8071010383377,13592865712.175606,13521144732.587372,341.45050282243307,336.65494409206457,5.856599274253488,31.970923445011678,5.223613724871119,2.245529906563641,305.1922755843084,8.571788612243837e-11,-1.5148929432922133e-05,180,9.342685984847776e-07,True,4.48,conjugate_3D_benchmark_H1_type,4,k(T)_cubic_273_373K,3000,richardson_2x220_minus_110,120
PAR_092,GateA_converged_v1,GRAIL-CHT-1.0,parallel,0,443.2015252083547,315.43389663494753,298.37674792361594,2.34674717516609,0.0037152018913416945,0.00030960015761180787,30.019483388556928,0.6932035729264499,1.0903687325342892,5.198875,3.603878725197997,28.056939,13.482234384131607,98.8612808937319,142.6150769482852,0.0005802885850994248,18.750672147777465,6.98721490745746e-05,287.59657211837776,284.50279804644424,14.617639265631144,323.46194322326045,8.028046588312918,124.67190197107983,0.532762215448999,320.43979259128497,324.07001562418174,316.5940156864713,7.475999937710412,2.2639624714398736,323.5703065595198,323.8894090752734,324.0430418083882,10546680352.289707,10543523439.17006,320.46377620138804,151.85099007850346,3.2675956933228094,20.737559216910306,3.1739868864756957,2.3331116096334177,297.21405428501635,8.871182899383713e-11,-3.2327431547124964e-05,109,9.443575663681258e-07,True,4.48,conjugate_3D_benchmark_H1_type,4,k(T)_cubic_273_373K,3000,richardson_2x220_minus_110,120
PAR_093,GateA_converged_v1,GRAIL-CHT-1.0,parallel,0,604.0085123416559,312.50178100167483,294.9214320384538,0.23539236546438436,0.0044571787201553355,0.00037143156001294463,22.453050038987403,0.6506103277162673,1.6676524171734244,5.198875,3.382441767505909,28.056939,11.876328284464483,114.03398054525846,175.27231844833076,0.000603550488260647,22.91892143887535,0.00010246111226305628,391.94535171808684,279.5751578418846,6.594490988764661,322.0118134218108,9.510032420135985,177.18148106765298,0.5555732742401154,318.57941353552474,322.91113377829845,314.04805653860143,8.86307723969702,2.682035510282952,322.28825591800063,322.68589455147065,322.87556234011765,10305176400.363882,10300797125.140226,318.6132683077856,206.94714570714987,3.4991233237671473,22.86315529913101,3.4034343021670064,2.382889886633467,292.9730412388185,9.4634629022039e-11,-2.4556851960364866e-05,95,9.551537232255214e-07,True,4.48,conjugate_3D_benchmark_H1_type,4,k(T)_cubic_273_373K,3000,richardson_2x220_minus_110,120
PAR_094,GateA_converged_v1,GRAIL-CHT-1.0,parallel,0,718.5413119211787,293.0911658055025,284.7025441345629,3.147955923560219,0.00346399169049364,0.00028866597420780336,21.100348898067445,0.4141529347669638,0.5470594587262835,5.198875,2.153129338736599,28.056939,4.812400622891073,63.75880952400806,153.94991601323304,0.0008389276020028486,128.62674889151745,0.00044690269742771166,466.2664870948362,265.1710448295948,17.66223250952883,308.5233290266287,15.432163221126189,223.44977998686883,0.5889714813372411,302.6637368013363,309.624316716369,295.32702470077936,14.297292015589619,4.34299919379979,308.67687793142613,309.28149989499906,309.5712746652668,8401900765.232814,8391537872.147002,302.7571350720715,246.18870518607352,2.3922399131623537,17.762829213331866,2.5838949632070563,2.3977331021165122,282.7696490462367,7.979508609423647e-11,-1.7692604854768708e-05,110,8.618351898803667e-07,True,4.48,conjugate_3D_benchmark_H1_type,4,k(T)_cubic_273_373K,3000,richardson_2x220_minus_110,120
PAR_095,GateA_converged_v1,GRAIL-CHT-1.0,parallel,0,780.6350462867874,301.69141932713376,287.6973301068561,3.612136227905847,0.00327364687246849,0.00027280390603904084,22.585423296696675,0.5631531160074799,1.156892563528909,5.198875,2.927762655983387,28.056939,8.898017813930727,73.53423680143942,130.57592102617917,0.0006874325348235484,30.314024074288493,9.953601815720064e-05,506.55954598082025,269.36602969811656,19.42611766604222,319.0489035293334,17.357484202199657,237.51710478684996,0.5762526338395831,312.33359324741275,320.14074796727954,304.06844494080866,16.072303026470877,4.879480784054504,319.11584553874076,319.7341594698149,320.07771630532517,9530375721.35122,9516446059.329607,312.4478248439784,267.4634402778731,3.3275614673889713,23.074643202811558,3.544169778819214,2.302156953227464,286.49035784379754,8.884200042302835e-11,-1.670071567966663e-05,116,8.760766831983346e-07,True,4.48,conjugate_3D_benchmark_H1_type,4,k(T)_cubic_273_373K,3000,richardson_2x220_minus_110,120
PAR_096,GateA_converged_v1,GRAIL-CHT-1.0,parallel,0,544.3926230532685,294.9655547888966,292.7471677050869,2.5657500066625345,0.0029977182616669176,0.0002498098551389098,24.117809707756056,0.6089890768827295,1.6449495895598656,5.198875,3.1660580870787007,28.056939,10.405412317078431,56.41457090344676,92.63642492935925,0.0008205165890087161,23.936413626732982,7.197053585523603e-05,353.2601838476273,276.4891737989702,15.44985002531763,308.67294475204375,13.707389963147136,171.75993362748085,0.5975520071763921,303.309888499285,309.4528693882088,296.7793709226033,12.673498465605519,3.8507899196819473,308.6623354591403,309.1399484247038,309.40219068949216,8471609175.131622,8463427486.588235,303.38316519286343,186.52137707154722,1.6304951193268844,11.611434072144027,1.5195517115286308,2.646787678557401,290.30526600252585,8.66290861267771e-11,-2.3654170192212094e-05,123,8.803784794508829e-07,True,4.48,conjugate_3D_benchmark_H1_type,4,k(T)_cubic_273_373K,3000,richardson_2x220_minus_110,120
PAR_097,GateA_converged_v1,GRAIL-CHT-1.0,parallel,0,541.7312859970295,318.52929317080054,293.19699593611915,4.314126984962071,0.0012869744447284253,0.00010724787039403544,24.281296211934155,0.6107488358733526,0.857788209843899,5.198875,3.1752068541010763,28.056939,10.465634986725457,41.73385582724395,68.33227241041857,0.00047617791973954114,7.797344392357325,1.0065178505226047e-05,351.5332236024744,277.12668842478536,22.093682542855866,344.17432777827287,25.645034607472326,137.95882744729053,0.4823159835844214,333.56123372420706,344.4973589176271,321.06047070585515,23.43688821177193,7.1446191052413575,343.295250449618,344.0738493092895,344.44810589184794,12413504755.851772,12379476674.72643,333.79021690168815,185.60954206210647,5.962115656892112,35.88186197329236,5.806794273036893,2.2358297964689164,293.37411587603896,9.522040045339965e-11,-3.102032033578139e-05,275,9.610451456865121e-07,True,4.48,conjugate_3D_benchmark_H1_type,4,k(T)_cubic_273_373K,3000,richardson_2x220_minus_110,120
PAR_098,GateA_converged_v1,GRAIL-CHT-1.0,parallel,0,806.1361160482738,289.5104488831872,293.98315212821035,3.2346296889128157,0.002404683782770515,0.00020039031523087626,34.94278061939582,0.6644120270645906,1.2200746610626572,5.198875,3.4541950772054237,28.056939,12.385548910259706,45.927282119898884,69.12470010937066,0.0008084907779784714,17.815584177216657,4.296975561839106e-05,523.1073686565371,278.2420349742157,17.9915928178687,315.49229910605413,25.98185022286691,261.15859960711623,0.6135670515379108,305.0469409113365,316.54271790708833,292.65557131774347,23.887146589344866,7.268392466015068,315.1069303114292,316.03303094378043,316.4799523753568,8688452213.338104,8658979202.479372,305.30618621600394,276.2006906506516,1.7024802993231898,11.74802180845812,1.591635290655886,2.5749595688254714,291.8893423103842,8.311445753861332e-11,-1.7139408719653472e-05,145,9.340888027509209e-07,True,4.48,conjugate_3D_benchmark_H1_type,4,k(T)_cubic_273_373K,3000,richardson_2x220_minus_110,120
PAR_099,GateA_converged_v1,GRAIL-CHT-1.0,parallel,0,627.4821056623226,304.5387294240318,311.63690404417014,2.6881111746193764,0.002399604147210973,0.00019996701226758108,36.25760238446246,0.925033666774088,0.7989945421451929,5.198875,4.809134404350138,28.056939,24.007965948935976,58.75009929692812,63.51130927138037,0.000630694204766322,7.413576392099907,1.784317819072046e-05,407.17753073902065,303.6773490072921,15.91482246355363,325.1988725555237,20.66014313149185,207.2283702864546,0.6254807435713342,316.851600102906,326.01313852042097,306.9620351802977,19.05110334012329,5.7935784810462065,324.8672418396904,325.6059498160441,325.962756553385,10099348663.535927,10079143272.383745,317.01027686644085,214.9897362302029,1.010513786697813,6.000710180431781,0.7501855322641948,2.8188712335437582,310.1308996171506,8.949285756898463e-11,-2.1225184229582694e-05,150,8.864122378327011e-07,True,4.48,conjugate_3D_benchmark_H1_type,4,k(T)_cubic_273_373K,3000,richardson_2x220_minus_110,120
PAR_100,GateA_converged_v1,GRAIL-CHT-1.0,parallel,0,862.6673334001889,315.0828062045532,307.69918393789743,4.2783953494967175,0.0033538612429187932,0.0002794884369098994,33.63780893580489,0.5729566369641569,1.4987588728099475,5.198875,2.9787299359970314,28.056939,9.210512515064922,97.82886251886333,170.74392058221906,0.0005293780483508915,20.376833842024322,6.854671341641064e-05,559.7908713147164,297.939849728901,21.957902328087524,334.48758841834865,19.404782213795443,272.03835843545704,0.5972454777819969,327.0060850619222,335.7244941971947,317.7372443616865,17.98724983550818,5.447854419461659,334.5756685067655,335.2681370741989,335.65472233490283,11453695321.166384,11434662140.575335,327.1420769391459,295.5695800541703,3.0390897204520146,17.714698752617462,2.77748841599982,2.308330442307088,307.1659026615184,8.278902896563527e-11,-1.75450682317499e-05,116,9.960739930647833e-07,True,4.48,conjugate_3D_benchmark_H1_type,4,k(T)_cubic_273_373K,3000,richardson_2x220_minus_110,120
PAR_101,GateA_converged_v1,GRAIL-CHT-1.0,parallel,0,533.5809995364458,303.0529767637454,290.0251873411365,2.930369919757814,0.003063093674860407,0.00025525780623836725,35.675600775417024,0.39382567457193196,0.5052310504689841,5.198875,2.047450453890153,28.056939,4.35159369736993,67.22285033391623,170.69189408990152,0.0007036086936815823,115.1040903048741,0.00035363551751596887,346.2444456661964,272.64193270388154,16.835405695079693,315.3365690045186,12.283592240773203,157.27581765461693,0.5582486389674413,310.5463145303888,316.04792457682726,304.6849203895041,11.363004187323156,3.4494893813274303,315.34040930625457,315.77279137437495,316.00316753137304,9307365791.32982,9300483318.759623,310.60375062150894,182.81706731175169,2.842418755645066,19.74671565828544,2.952166828082128,2.3572573986785446,288.43030533709646,8.754028613111591e-11,-2.729767300411944e-05,123,9.829310556597193e-07,True,4.48,conjugate_3D_benchmark_H1_type,4,k(T)_cubic_273_373K,3000,richardson_2x220_minus_110,120
PAR_102,GateA_converged_v1,GRAIL-CHT-1.0,parallel,0,478.81800269670526,296.1490231997349,283.87536729806993,2.4340338931688574,0.004092608016293807,0.0003410506680244839,32.21985657939021,0.4754785095051223,1.8666894770672506,5.198875,2.4719533361034434,28.056939,6.343107522506434,74.46460630791144,156.60982530086193,0.0008486685226608445,52.46642054621284,0.00021537060512905992,310.70835367591087,264.01623982606947,14.949328794041659,304.4211412438909,8.272118044155945,141.51196306842849,0.5597431175509924,301.4256519329407,305.1603654397519,297.48159381884443,7.678771620907469,2.3215572233041355,304.63871513007,304.9696819242142,305.13246474041813,8258008784.080952,8255071431.079612,301.4524619803665,164.05401074088095,2.342862181090075,17.674443271244375,2.524781784384663,2.4326256237514254,281.630555034933,7.458822892658644e-11,-2.584911654309852e-05,99,8.245737035394995e-07,True,4.48,conjugate_3D_benchmark_H1_type,4,k(T)_cubic_273_373K,3000,richardson_2x220_minus_110,120
PAR_103,GateA_converged_v1,GRAIL-CHT-1.0,parallel,0,555.3822908147997,291.7674451398081,307.8208690161743,3.1283848827793355,0.0029019795047720755,0.00024183162539767296,26.420748303364608,0.3656932840984856,0.5335817704140112,5.198875,1.9011936723675147,28.056939,3.752098727294321,52.23536100361231,142.83926797393602,0.0008578622988240031,158.60712613842958,0.0004616596081890892,360.3914561857592,298.1166055670517,17.587862554561475,307.83726643921875,16.06982129941065,194.931340795081,0.6647459804733679,301.54768790973884,308.7208812246062,293.8782733332549,14.842607891351292,4.512320410228315,307.81394508477166,308.36183336381214,308.6673075475672,8279551072.976232,8268448231.119598,301.64886625717014,190.28668886608085,-0.4738306713026223,-3.2683146939720045,-0.9024590607610212,1.4022692969035688,305.2081486703682,7.296108606169583e-11,-2.4320814891516357e-05,126,9.244739658242906e-07,True,4.48,conjugate_3D_benchmark_H1_type,4,k(T)_cubic_273_373K,3000,richardson_2x220_minus_110,120
PAR_104,GateA_converged_v1,GRAIL-CHT-1.0,parallel,0,473.2882605849514,310.9020748240477,306.31455809504865,2.5297826909843812,0.004025205817363333,0.0003354338181136111,25.864301670635193,0.9845670263280123,1.7349276543969347,5.198875,5.118640899001045,28.056939,27.19761750667273,99.37716811988766,100.93489367658326,0.0006254452756844095,10.593367246822762,4.2768789836887837e-05,307.120065311399,295.93104960940235,15.31317422574065,319.7300960636113,8.828021239563611,148.53463823806774,0.594385337967028,316.45883386355496,320.45867372195346,312.2510931998111,8.207580522142337,2.484731030314157,319.8969310121833,320.2453667382277,320.42934692376275,10032968830.667042,10029260078.604511,316.4880858877167,162.15939448441867,1.6811181543152454,10.48432473613661,1.459354261708696,2.543746165487517,304.7165559950543,8.122697181534024e-11,-2.750745813408752e-05,102,8.545874834453571e-07,True,4.48,conjugate_3D_benchmark_H1_type,4,k(T)_cubic_273_373K,3000,richardson_2x220_minus_110,120
PAR_105,GateA_converged_v1,GRAIL-CHT-1.0,parallel,0,559.8612633227793,304.32163570035124,291.3383143496365,1.2389559173584728,0.004481481218729105,0.0003734567682274254,34.57206585868706,0.8299076324967585,0.6490161685520685,5.198875,4.314586042896585,28.056939,19.32412354446425,97.56996004395754,117.56725233435984,0.0007092401207933333,20.68438992418166,9.297563186167467e-05,363.29789279899467,274.49566007351785,10.408032485962195,313.26876261477236,8.94712691442112,167.60287353539724,0.5669791884549833,310.0916291931688,314.1520539091311,305.8260433881013,8.326010521029787,2.5157240128890814,313.5749621316437,313.94783440046825,314.117863592004,9249784203.611467,9246133743.209932,310.1222314343332,191.82128739786918,2.7062325060273356,18.814376919983694,2.6978495619213247,2.445872020790117,289.0198246394916,7.979508609423645e-11,-2.460352960139022e-05,94,8.934664492699085e-07,True,4.48,conjugate_3D_benchmark_H1_type,4,k(T)_cubic_273_373K,3000,richardson_2x220_minus_110,120
PAR_106,GateA_converged_v1,GRAIL-CHT-1.0,parallel,0,702.4612224890176,305.7048032237939,311.4163153326797,0.0989742108258304,0.0037650226376469234,0.00031375188647057693,21.851943636623794,0.8927905275921258,1.5891685250007326,5.198875,4.6415063541355135,28.056939,22.36348258165086,89.20146918437246,99.91309991264205,0.000651753580787663,12.092031765804213,4.566376462728041e-05,455.83200450168084,303.35497412782246,6.076102001138156,320.5447883636984,14.839985139904513,233.548638375273,0.6296816855634342,314.94463039335955,321.66293121933563,307.8917827578935,13.771148461442124,4.17695953239348,320.7275722781851,321.29704559215287,321.6124255626023,9849059710.054335,9838679947.990374,315.0276638345079,240.6792983768875,0.9323294413175048,5.690785628751841,0.5075829697413933,3.8276167659595024,308.57104050324915,1.194322862829722e-10,-1.747438799331652e-05,106,8.132905691127235e-07,True,4.48,conjugate_3D_benchmark_H1_type,4,k(T)_cubic_273_373K,3000,richardson_2x220_minus_110,120
PAR_107,GateA_converged_v1,GRAIL-CHT-1.0,parallel,0,424.92315227560783,310.5788915202056,305.0096555785968,3.0991009893613937,0.0032456949699765456,0.0002704745808313788,33.32439143613722,0.4845776822072009,1.6938426264555733,5.198875,2.5192587975849614,28.056939,6.588205004080465,80.2424698208067,165.59258250464737,0.000624584577772978,31.10893664335751,0.00010127394100768757,275.73560797370783,294.04206193527205,17.476583759573295,320.2021312359593,9.623239715753698,130.55854109445525,0.5819169016087482,316.4824046037995,320.80287764156014,311.8807811739943,8.922096467565837,2.703855862386465,320.2427299725489,320.5772349016099,320.7681418759266,10036640587.32832,10032248441.973717,316.51703813034186,145.58840101011774,1.8406268712638272,11.538801444342866,1.6504682606739896,2.4811528359185697,303.5591295013099,9.443937187825214e-11,-2.9505977556607812e-05,119,8.388677201764949e-07,True,4.48,conjugate_3D_benchmark_H1_type,4,k(T)_cubic_273_373K,3000,richardson_2x220_minus_110,120
PAR_108,GateA_converged_v1,GRAIL-CHT-1.0,parallel,0,844.7858084449426,300.51673168130026,299.5217077402432,1.316794942542345,0.00162806305838533,0.00013567192153211082,24.482986329163964,0.852024438230002,1.7415625377164952,5.198875,4.429568551303001,28.056939,20.367812632538413,43.48101286143072,51.03258886770703,0.0005781751363076131,4.946863458009822,8.078039770172616e-06,548.1874246005823,286.1419500671168,10.703820781660912,338.8023532361207,38.285621554820466,260.5452775846276,0.5841208033912669,322.9168304585261,339.55248489530777,304.4644117903465,35.08807310496127,10.696382576571745,337.5928420753981,338.86207816832206,339.4701944173605,10944809427.55695,10873333892.567558,323.4461983513908,289.44296018910745,3.5979111468079603,21.934208843734417,3.3656194706496416,2.3393961270145662,298.3508634982388,9.287731472795714e-11,-1.900556696524691e-05,206,9.91161300589738e-07,True,4.48,conjugate_3D_benchmark_H1_type,4,k(T)_cubic_273_373K,3000,richardson_2x220_minus_110,120
PAR_109,GateA_converged_v1,GRAIL-CHT-1.0,parallel,0,704.7325014664975,301.025554669013,289.2258830390811,3.784575157598952,0.003806015250363965,0.0003171679375303304,32.92222811405017,0.6561450729905808,0.658020327076907,5.198875,3.411216216343906,28.056939,12.079251730905202,81.25706543012117,123.8400908198051,0.0007232646376552779,32.37698238325018,0.0001235980829602965,457.3058533291205,271.515615085905,20.081385598876018,314.62149587703254,13.595941208019553,216.29978304763657,0.5812967035889404,309.5692786036711,315.6974645794885,303.0900065976953,12.607457981793175,3.8153346578070266,314.8494222803363,315.38388084408194,315.6526077588063,9192357608.381805,9183990387.839766,309.63976403089094,241.45749055777563,2.779149800612769,19.452002185241867,2.9265983784647833,2.3421445630046502,287.7833438385524,8.428600040133461e-11,-1.9428029088880103e-05,104,9.097785209633003e-07,True,4.48,conjugate_3D_benchmark_H1_type,4,k(T)_cubic_273_373K,3000,richardson_2x220_minus_110,120
PAR_110,GateA_converged_v1,GRAIL-CHT-1.0,parallel,0,631.8048821459976,307.61894920336806,285.0524081380171,4.474742378443782,0.004340424310205533,0.0003617020258504611,33.905036863445105,0.42884884361904035,1.385961564273571,5.198875,2.229531531869938,28.056939,5.159988986112078,101.86848976980106,237.53938313121344,0.0006579307143178,65.17928588605815,0.0002837570280658808,409.9826106587128,265.6599882968376,22.70402103808637,317.6416798790753,10.022730675707237,181.8421382162365,0.5451018166813071,314.0377535500094,318.5766618125021,309.2576782086813,9.318983603820811,2.8155550645499012,317.9340497536934,318.3428936219136,318.540677901035,9730536798.676598,9725847329.62394,314.07560125815735,216.47081842780037,3.819351269220107,26.63954840976283,4.169828218335015,2.2626820788437305,284.2018807025534,8.096662895695773e-11,-2.3275961850144342e-05,96,9.539384109302773e-07,True,4.48,conjugate_3D_benchmark_H1_type,4,k(T)_cubic_273_373K,3000,richardson_2x220_minus_110,120
PAR_111,GateA_converged_v1,GRAIL-CHT-1.0,parallel,0,712.3927885917371,312.25512984604893,312.1469324985675,4.401046633044807,0.001095670021696725,9.130583514139374e-05,32.809634172778885,0.7679993285817746,0.9812080630842871,5.198875,3.992732509380574,28.056939,16.54862705367251,37.755296505835915,49.160585303579246,0.00044811526201392555,3.5198545887659347,3.868203764937301e-06,462.2766672666983,304.4231565845879,22.423977205570264,358.41683466277976,46.16170481673083,211.41602377368008,0.5620623093708341,339.4956252367378,358.83214065535856,316.88362517787806,41.9485154774805,12.782036193352363,356.80110527364155,358.14000407832964,358.77567345759877,13396918741.774084,13284240490.392569,340.21325555343714,244.08208031681673,4.6016020215147675,24.130060428281602,3.9343795664071592,2.26217508544203,312.4703392346749,9.144542900685337e-11,1.418988717103549e-05,275,9.433310310669185e-07,True,4.48,conjugate_3D_benchmark_H1_type,4,k(T)_cubic_273_373K,3000,richardson_2x220_minus_110,120
PAR_112,GateA_converged_v1,GRAIL-CHT-1.0,parallel,0,461.7067738495987,298.6159238622741,283.5519573014938,2.6023320481287593,0.002936661474460285,0.0002447217895383571,23.674991128118307,0.7621286599894219,1.36231172485425,5.198875,3.9622116372025062,28.056939,16.296595096697363,57.87854959106002,75.94327917265747,0.0007834730966525007,15.45150625170291,4.551238027257591e-05,299.6047574984215,263.5651906481452,15.588861782889285,309.3185376658597,10.70261380358562,131.37720618601003,0.5389144806925361,305.1103873058166,309.9014863784068,300.0052690849267,9.896217293480106,3.0073159201013735,309.27845827389973,309.6626102449998,309.8614784766701,8671234988.781614,8666185338.429127,305.15482335742735,158.19131195916657,2.8257958642110914,20.88695329861489,3.101393083203777,2.3556581451829266,281.7173299910821,7.784251465636773e-11,-2.7549244359975373e-05,126,8.681586791681184e-07,True,4.48,conjugate_3D_benchmark_H1_type,4,k(T)_cubic_273_373K,3000,richardson_2x220_minus_110,120
PAR_113,GateA_converged_v1,GRAIL-CHT-1.0,parallel,0,539.9165391542431,316.62380580909496,310.31439447504147,3.438045586596199,0.0011860848398625174,9.884040332187645e-05,26.11242051829703,0.6282015327542888,0.884203456149755,5.198875,3.2659412435979536,28.056939,11.072310886716373,39.02561318160998,62.122760208027444,0.00046930357326787985,6.5383238963894,7.778341877250043e-06,350.35562167296234,301.7463045621461,18.764573229065554,347.9582801969821,31.334474387887155,155.35114225270917,0.544946536860643,335.03489213050204,348.2950427421692,319.72742373827697,28.56761900389222,8.71125104297172,346.8694323151643,347.80053928223117,348.2430825433845,12650713605.453714,12599698575.757227,335.373509852034,184.98776824332413,4.021110001937073,22.059290634855195,3.556287745750843,2.2705842839161083,310.3288355426427,9.456954330744339e-11,-3.348634104093976e-05,294,9.999572512242594e-07,True,4.48,conjugate_3D_benchmark_H1_type,4,k(T)_cubic_273_373K,3000,richardson_2x220_minus_110,120
PAR_114,GateA_converged_v1,GRAIL-CHT-1.0,parallel,0,784.2540376584225,298.2354716602246,308.63477909648185,1.2670324301722138,0.0031916247154852536,0.0002659687262904378,35.04355837149311,0.7718860621165198,1.7926405344733796,5.198875,4.012939151186022,28.056939,16.716551317913986,68.55626711366584,88.8165630633151,0.0007188735404314763,14.098134057898122,4.513134714284058e-05,508.9079348148139,299.2997633167322,10.514723234654411,318.01519338801785,19.77972172779323,263.88109569911444,0.6372613699926121,310.3654759482695,319.230016696496,300.94918427978973,18.28083241670629,5.547043057335376,318.0847333042442,318.76826616962757,319.15833575800195,9296613645.239052,9278838654.452055,310.5140070589821,268.70338958222175,0.6358176038751068,3.937549808586981,0.24897783577842003,5.277141600469393,305.9554824449085,8.72799432727334e-11,-1.804572781026431e-05,118,9.522549362372956e-07,True,4.48,conjugate_3D_benchmark_H1_type,4,k(T)_cubic_273_373K,3000,richardson_2x220_minus_110,120
PAR_115,GateA_converged_v1,GRAIL-CHT-1.0,parallel,0,612.6121402946657,312.9106795264186,301.8771366201452,3.0023373308494827,0.0038357746913697034,0.0003196478909474753,22.804076373997983,0.43580338754895936,0.9575821288692166,5.198875,2.265687336443596,28.056939,5.3287027091541574,100.8013126567927,231.29997502708363,0.000587590469733547,62.356781097960344,0.00023990628161568405,397.52830612219054,289.5238935965765,17.108881857228035,324.5797738154191,11.669094289000498,187.0968691579113,0.5784249244725229,320.2039922063387,325.50316216174275,314.63328446080266,10.869877700940094,3.2933715909076184,324.7681359040351,325.2445455671964,325.46479701436516,10519193707.421572,10512523244.253239,320.2547745171502,209.89494563251662,2.785490477012148,17.376141820955393,2.6364991857244906,2.3560056409145442,300.74298821426686,8.981828614196273e-11,-2.3606207950340745e-05,106,9.495790322944231e-07,True,4.48,conjugate_3D_benchmark_H1_type,4,k(T)_cubic_273_373K,3000,richardson_2x220_minus_110,120
PAR_116,GateA_converged_v1,GRAIL-CHT-1.0,parallel,0,710.1379205145381,296.98967726126915,303.63214575097,1.6836120320473285,0.002815521440630627,0.00023462678671921892,24.89137934647924,0.5448489990144847,1.066866165983341,5.198875,2.832601839751429,28.056939,8.328995024480514,59.042958331158054,108.3657278217527,0.0007363403013041737,31.350564687709632,8.853378841938203e-05,460.81346758732735,292.05234708953935,12.097725721779849,316.89964096430435,19.909963703035203,234.31796609614585,0.6249265302938581,309.01832036377823,317.9289995494885,299.52398727319724,18.405012276291245,5.5949082129208945,316.7990113167495,317.47839392574224,317.86665483878517,9136709132.816244,9118783622.152842,309.1700739502449,243.30951088610885,1.0992370823524016,7.117499847474071,0.774854415917189,3.1616949160143584,301.04683311577367,8.181274324670083e-11,-1.8874395464607004e-05,130,9.079375331566553e-07,True,4.48,conjugate_3D_benchmark_H1_type,4,k(T)_cubic_273_373K,3000,richardson_2x220_minus_110,120
PAR_117,GateA_converged_v1,GRAIL-CHT-1.0,parallel,0,895.8535012837485,298.1021951464812,307.48343079043104,3.3503598065710705,0.001406641332019554,0.0001172201110016295,32.40209743744876,0.41972497289216515,0.9007774320741916,5.198875,2.1820976684447553,28.056939,4.942764370042532,39.283524223676736,93.59348802380975,0.0005529180572272193,24.58955445137467,3.469276191298798e-05,581.3256079575334,297.6265395507104,18.431367264970067,346.3479371851418,48.24574203866058,283.6734212543293,0.5997188901502875,326.38519913324,347.074167691508,303.010880764017,44.06328692749105,13.427357602567835,344.74606542118636,346.2501462652315,346.975672915724,11463059525.182129,11348065264.613575,327.20892188088897,306.93992100157766,3.0947574457300195,17.452660123971526,2.7192060640293945,2.3312813717325525,306.8384958521195,8.174765753210522e-11,-2.135718815803931e-05,206,9.829645364334283e-07,True,4.48,conjugate_3D_benchmark_H1_type,4,k(T)_cubic_273_373K,3000,richardson_2x220_minus_110,120
PAR_118,GateA_converged_v1,GRAIL-CHT-1.0,parallel,0,757.8895329228924,309.966876223687,312.42313520199514,3.4743902777469597,0.0025818137888329634,0.00021515114906941362,30.979218610136122,0.7101982137257143,1.80118759760193,5.198875,3.6922317383832737,28.056939,14.151401056204216,71.01765222175922,99.99694571068993,0.000561366441127933,10.256512433735642,2.656008548320503e-05,491.79982314039523,304.82729845209616,18.902683055438448,332.7140171409616,22.747140917274578,245.48672708079832,0.6134627315863396,323.5915792339648,333.7130679707224,312.68541849357695,21.027649477145474,6.386329320353186,332.43793475013507,333.234009236633,333.65232109785984,10990107139.49558,10964500358.130478,323.7803450588182,259.6703066181287,1.8624409789137446,10.714491424571916,1.6066909818550772,2.405244629952729,311.5915183150819,1.0114320048160153e-10,-1.727921031427828e-05,142,8.678321137267631e-07,True,4.48,conjugate_3D_benchmark_H1_type,4,k(T)_cubic_273_373K,3000,richardson_2x220_minus_110,120
PAR_119,GateA_converged_v1,GRAIL-CHT-1.0,parallel,0,643.0499099151607,316.1107264634182,293.31987635489685,1.9689405476659152,0.00399752773419087,0.0003331273111825725,26.47366115968025,0.5580622970724971,1.0065446145721526,5.198875,2.9012961246927786,28.056939,8.737871481204712,110.51980064122785,198.0420487479561,0.0005585206492421047,32.82855657462118,0.0001316279492281868,417.2795878933171,277.3009245786977,13.181974081130477,327.1535267985461,11.042800335127936,184.52150451972972,0.5434609989837162,323.0534054084106,328.07405767026876,317.77487529497444,10.299182375294322,3.118437641118698,327.3748579090749,327.8302319201724,328.03769684567936,10897828350.772335,10891740705.408272,323.09853645206675,220.32362240767145,4.2595801996113325,27.265116532177995,4.277461824785719,2.280490867141858,292.5169061587831,8.643382898299023e-11,-2.0213017973438775e-05,103,8.473344905723934e-07,True,4.48,conjugate_3D_benchmark_H1_type,4,k(T)_cubic_273_373K,3000,richardson_2x220_minus_110,120
PAR_120,GateA_converged_v1,GRAIL-CHT-1.0,parallel,0,464.92171199874446,292.32951184129826,310.1534675886741,0.5095729336016643,0.0021438214986916077,0.00017865179155763397,20.81642274758594,0.7430204048728027,1.3266476633818038,5.198875,3.8628702073830925,28.056939,15.489655862124243,40.01338594025069,53.85233794097562,0.0008273154986594539,12.599198529816357,2.7091707797897697e-05,301.6909533679692,301.51160969469436,7.636377147686325,310.55522076903503,18.225708927736775,163.32374650578265,0.6653276659058429,303.1123096256097,311.16509125488085,294.40021646218094,16.764874792699914,5.113732349561039,310.17465399575804,310.80940138696985,311.1219250919817,8455802210.701661,8441396404.601719,303.24154729206646,159.29282337828775,-0.3807769723624515,-2.637161750329931,-1.012940116697476,1.0842426977424937,306.0658890726315,1.018591433421534e-10,-2.9952210341922157e-05,162,9.381724908053002e-07,True,4.48,conjugate_3D_benchmark_H1_type,4,k(T)_cubic_273_373K,3000,richardson_2x220_minus_110,120
PAR_121,GateA_converged_v1,GRAIL-CHT-1.0,parallel,0,564.2159049744023,331.6685536440082,309.5823988324818,4.5194830569460525,0.002541891451594107,0.00021182428763284224,24.071862115184977,0.4556491251185972,1.9507521941848092,5.198875,2.3688628453509475,28.056939,5.825072960751584,92.49439470298223,202.994781738926,0.00042435510145727987,17.370052760525848,4.428564556240649e-05,366.1236502492244,300.6792576720435,22.874035616395,346.4095984498725,14.741044805864249,156.62516755869473,0.5257536561916459,340.44342418455824,347.03021295078554,333.3599710202086,13.670241930576935,4.151221757102712,346.19789493921894,346.7152611720625,346.9918295020624,13445187908.993021,13433209874.319403,340.51928989996196,193.3132873315905,5.02153816701801,27.226962653000133,4.439663303325637,2.25154785152914,309.9496566761104,8.812605756247646e-11,-2.41918598010662e-05,148,8.914813065530325e-07,True,4.48,conjugate_3D_benchmark_H1_type,4,k(T)_cubic_273_373K,3000,richardson_2x220_minus_110,120
PAR_122,GateA_converged_v1,GRAIL-CHT-1.0,parallel,0,645.8153765816036,297.000943284548,291.5862381630841,3.7356127412644264,0.0029574406819834363,0.00024645339016528636,22.151216288868017,0.947443712491394,0.924421398598518,5.198875,4.925641430778696,28.056939,25.18529974341577,59.76836849471571,63.08381986888599,0.0007640688301554314,10.406526439085606,3.0869292526668e-05,419.07411857143853,274.84612111970483,19.89532841680482,313.315105930382,16.314162645834017,201.67734349936737,0.5914456043773599,306.8954691058867,314.19676644615924,299.1328100993828,15.063956346776422,4.580518293425731,313.23189491207813,313.8194313841939,314.13609316299886,8882632945.115982,8870782005.795399,306.9979172025435,221.27113460571957,2.1728968472616503,15.218560185940035,2.202384076468315,2.4239919687400233,289.85092241745036,1.196926291413547e-10,-2.1958753279066184e-05,125,9.63853608482168e-07,True,4.48,conjugate_3D_benchmark_H1_type,4,k(T)_cubic_273_373K,3000,richardson_2x220_minus_110,120
PAR_123,GateA_converged_v1,GRAIL-CHT-1.0,parallel,0,932.9058275900434,300.237765876956,285.7296924379367,3.531192350238388,0.0010772473818617461,8.977061515514551e-05,22.668895807611236,0.9762060933117818,1.6176464603410299,5.198875,5.07517345336629,28.056939,26.73765505884218,33.85704445150484,34.682271175592376,0.0004913084629683917,2.2588727623695375,2.440686829710526e-06,605.3691218639722,266.6073623686015,19.118530930905873,358.50943983281775,58.27167395586173,262.3911742996309,0.5326936191532401,334.5971143909634,358.9948655452789,306.15984329684636,52.83502224843255,16.129961865102683,356.43605643435865,358.12383840952845,358.92865805670345,12708165243.457775,12533973291.208248,335.7536273585714,319.6348963441773,7.128293845081674,43.08530809201338,7.030061298931697,2.218577037685706,286.34225083045084,1.199529719997372e-10,1.9179561857299503e-05,323,9.658676844992442e-07,True,4.48,conjugate_3D_benchmark_H1_type,4,k(T)_cubic_273_373K,3000,richardson_2x220_minus_110,120
PAR_124,GateA_converged_v1,GRAIL-CHT-1.0,parallel,0,455.57152759946644,303.83703474589026,304.4407115301796,3.8948559550853985,0.002517757742040796,0.0002098131451700663,36.581328331130315,0.6039204037248439,1.94850338909555,5.198875,3.139706688914998,28.056939,10.232922696753905,56.97328809871415,94.3390681078431,0.0006823866110001171,15.815989804267609,3.994065273594088e-05,295.6235532599869,293.21971694051786,20.500452629324514,317.65455320169076,13.817518455800496,145.4187058037521,0.604546594447295,312.1094590901258,318.2488757149913,305.49728958521985,12.751586129771454,3.8772479356336,317.47728523488865,317.9728633125326,318.2132841079596,9497941077.755037,9489159007.19359,312.1816471663464,156.0892361212731,1.2940128232861006,8.27333939844065,1.1032250787503577,2.6352853011006436,302.8434498275491,8.858165756464589e-11,-3.121496873064546e-05,144,9.55977156991139e-07,True,4.48,conjugate_3D_benchmark_H1_type,4,k(T)_cubic_273_373K,3000,richardson_2x220_minus_110,120
PAR_125,GateA_converged_v1,GRAIL-CHT-1.0,parallel,0,574.596967545338,319.2840768735207,292.51888130599525,1.8083479297766956,0.0011322896871040651,9.435747392533876e-05,31.3808957085359,0.357954906778059,1.0500473720874892,5.198875,1.8609628159757814,28.056939,3.5949837197583867,38.55784403053482,107.71704284652157,0.0004534533879759701,22.060202309930467,2.5053700672982493e-05,372.85999441894256,276.1658244135995,12.571722133151443,349.8027211990622,30.518644325541516,144.443855258988,0.4761039879067786,337.2478197612824,350.0988381302462,322.3049402476172,27.793897882628983,8.466240479466405,348.7332080647937,349.63280782795175,350.0614576371047,12984722420.29161,12935898608.3598,337.5655879910814,196.87007705320167,6.6630306748182235,39.32855220889362,6.434699573042142,2.219862356687083,293.20046336731804,1.0530868621572157e-10,-3.0946950947557154e-05,311,9.631598913983908e-07,True,4.48,conjugate_3D_benchmark_H1_type,4,k(T)_cubic_273_373K,3000,richardson_2x220_minus_110,120
PAR_126,GateA_converged_v1,GRAIL-CHT-1.0,parallel,0,509.9099419070453,327.2354444301948,295.8152415940718,1.4899774062118185,0.0028419412491144658,0.0002368284374262055,30.667437869130072,0.9977356128920284,1.1281350029975736,5.198875,5.187102734474045,28.056939,27.930019318601627,94.106420011276,94.31999699649879,0.0004663196161364988,5.473693294958347,1.5602722928729593e-05,330.88413067307505,280.8470704063363,11.36191414360491,338.163787852023,10.928343421828231,129.82122761182634,0.4821901220910737,333.81282304947615,338.7079740720765,328.56800119664916,10.139972875427361,3.074915233917346,338.08418431167416,338.4626874056022,338.6723588092709,12423187149.977411,12416867946.479315,333.8552860263031,174.70682099538362,5.654031112246679,33.76528073959748,5.466327384722988,2.2372632750123014,295.99624270398925,9.151051472144899e-11,-2.664181335058487e-05,135,8.962515494204126e-07,True,4.48,conjugate_3D_benchmark_H1_type,4,k(T)_cubic_273_373K,3000,richardson_2x220_minus_110,120
PAR_127,GateA_converged_v1,GRAIL-CHT-1.0,parallel,0,793.2124464706053,332.28405291237516,292.81971464208846,4.238650959707973,0.003582555873325265,0.0002985463227771054,30.421070624914854,0.8701889864461484,1.0866771153584653,5.198875,4.524003766910219,28.056939,21.245524274451228,131.1600094182326,150.72588996315622,0.00042177358269280667,8.168717519365375,2.9352945763828895e-05,514.721109001901,276.5919571263278,21.806873646890296,346.6422516503818,14.35819873800665,215.0152257363276,0.5133880691493828,341.14888122531914,347.6382936596649,334.26576312791417,13.372530531750726,4.045644272166685,346.7447309713088,347.3123284382535,347.58798014613785,13556325021.62509,13544900076.930447,341.2207971280238,271.77274555300374,7.302606294957995,42.50234070980263,6.952627947776359,2.2242324931876145,293.54693191178666,9.502514330961275e-11,-1.8869494796223754e-05,113,9.71275937899918e-07,True,4.48,conjugate_3D_benchmark_H1_type,4,k(T)_cubic_273_373K,3000,richardson_2x220_minus_110,120
PAR_128,GateA_converged_v1,GRAIL-CHT-1.0,parallel,0,732.5331991543269,304.81550491049643,296.54260002550245,2.0655252134330615,0.0015433295778829249,0.00012861079815691041,35.75655571399654,0.39933896436432453,1.7009730459668493,5.198875,2.0761133583595783,28.056939,4.474285190782076,42.67360942839685,106.86062026610783,0.000558453661913963,20.296744404841043,3.141882244204708e-05,475.3459206636368,281.8835383155503,13.548995811045634,338.472404127788,33.656899217291596,217.12461609861987,0.5613682278125793,324.52764144253183,339.081840897508,308.25565930837735,30.82618158913067,9.394368332142044,337.39856213691263,338.4877326327252,339.0110668664412,11147608145.75559,11091921157.567469,324.93419956070966,250.98264611040022,4.161350752212238,25.67080916967306,4.025924608913681,2.291404750306067,295.77674122092816,9.391868616148712e-11,-2.1916378643672516e-05,221,9.776427418728417e-07,True,4.48,conjugate_3D_benchmark_H1_type,4,k(T)_cubic_273_373K,3000,richardson_2x220_minus_110,120
PAR_129,GateA_converged_v1,GRAIL-CHT-1.0,parallel,0,923.1016308674249,314.03215355036,303.2761583458621,1.6281181890463596,0.001640921912373569,0.00013674349269779743,32.28901900436539,0.44972860862687314,1.4480277410182665,5.198875,2.338082820175035,28.056939,5.674679243904658,55.52393885243082,123.46098911065148,0.00045634730359095664,14.890364324634344,2.4507447445855725e-05,599.007109981288,291.53888130931284,11.886849118376166,354.2122388235698,40.180085273209784,275.59735828924664,0.5654466163591881,337.5586055859592,355.0112864953161,318.120504763871,36.89078173144509,11.225772800901183,352.95398424464605,354.2868625073727,354.9251579064977,13069672505.74431,12983648119.088383,338.11635331785703,316.27575407012006,5.444178821334707,30.30240622787385,4.931868634423594,2.2472846151293595,303.6203899195305,9.795400046641591e-11,-1.7551124230621374e-05,207,9.814505119720707e-07,True,4.48,conjugate_3D_benchmark_H1_type,4,k(T)_cubic_273_373K,3000,richardson_2x220_minus_110,120
PAR_130,GateA_converged_v1,GRAIL-CHT-1.0,parallel,0,672.4296377406956,329.36468098198833,306.48399168588895,1.362693012568352,0.0034942712340603485,0.00029118926950502905,35.51235807354141,0.7385535151688397,1.4789881876562316,5.198875,3.839647406173402,28.056939,15.303974274173797,121.60584769271247,164.6540774569495,0.00044370057859950495,10.816110926181528,3.790814972293074e-05,436.3442989374015,296.1766187085316,10.878233447759737,342.6166964780565,13.252015496068168,193.55965074235382,0.5451726501077575,337.5229636575482,343.50091937013985,331.1832176326217,12.317701737518178,3.7295803638497818,342.70277566442013,343.18642665171103,343.45369734035756,12987669722.94747,12978165350.034407,337.58474171743904,230.38978983894802,4.918830490302047,27.446099707041647,4.465262682085748,2.247305464336812,306.78376611477796,8.526228612026897e-11,-2.191211105767461e-05,115,9.60208808464813e-07,True,4.48,conjugate_3D_benchmark_H1_type,4,k(T)_cubic_273_373K,3000,richardson_2x220_minus_110,120
PAR_131,GateA_converged_v1,GRAIL-CHT-1.0,parallel,0,830.7895723760521,293.22766539722437,308.9360625408148,4.768780697743885,0.0036163291701698996,0.000301360764180825,20.021345686582976,0.788776438786889,1.2096714616805726,5.198875,4.100750108198188,28.056939,17.45613720993662,69.411597167648,87.99907521882963,0.0008044957578527421,18.78698427109804,6.814435229598288e-05,539.1051690418268,299.7381264209471,23.821366651426764,312.23131847712494,19.003653079900573,287.264083585608,0.6548719223938645,305.0430757497472,313.61207022349595,296.04388521758995,17.568185005906003,5.338244589047892,312.4322568071471,313.14828503643776,313.5471653772628,8674443562.715622,8658540349.132807,305.1830481714733,284.6475292540846,-0.25647299165812365,-1.799993648443906,-0.5600445999267935,1.2729545695416664,307.0590401645763,1.0635005764925157e-10,-1.66044943456504e-05,106,9.273120440411731e-07,True,4.48,conjugate_3D_benchmark_H1_type,4,k(T)_cubic_273_373K,3000,richardson_2x220_minus_110,120
PAR_132,GateA_converged_v1,GRAIL-CHT-1.0,parallel,0,926.5794371608814,291.25202907804385,286.7030419540362,1.7709791622691065,0.0016660713578903925,0.00013883927982419938,27.167300699707987,0.5520681363988706,1.5016639349242529,5.198875,2.8701332326206788,28.056939,8.55117218677289,38.30541651953044,69.38530589610896,0.0006716163355024083,13.870442467576781,2.3178682965392394e-05,601.263882829756,267.9708347156924,12.429720816622606,331.8826435647923,40.63061448674847,282.9588427484068,0.5783712412038566,315.0804178877297,332.75514891170536,295.53412806650095,37.22102084520441,11.354921812597215,330.6801157631112,332.0253350375155,332.6688397569076,9932342439.636345,9855658601.592178,315.69152358134926,317.4673301341112,3.9268827025620223,26.49929027361729,4.082365804123171,2.303136972134391,285.40163193422137,9.691262903288587e-11,-1.654435985660932e-05,196,9.583565656612336e-07,True,4.48,conjugate_3D_benchmark_H1_type,4,k(T)_cubic_273_373K,3000,richardson_2x220_minus_110,120
PAR_133,GateA_converged_v1,GRAIL-CHT-1.0,parallel,0,809.9949337933795,294.76946839121695,308.21290835269576,4.45307239336638,0.002245329521956139,0.0001871107934963449,20.216095136383753,0.8993579984919039,1.6878583928836937,5.198875,4.6756498144095975,28.056939,22.69370947924353,49.31520969628123,54.83379230403894,0.0007030513458773948,7.640403376219643,1.7206843791654282e-05,525.6113825030603,298.68630690556546,22.62167509479224,323.70448206120824,28.935013669991292,271.56891691980206,0.6349855393726063,311.9053608061484,324.69803841082575,298.10554624915704,26.5924921616687,8.105712294081728,323.1028877969277,324.1217894826956,324.6249912407116,9502679290.614119,9464362294.163927,312.22057419392,277.52280996161585,0.7787755164175806,4.64396577999012,0.531195754834678,3.0538815926116656,306.7041925885616,9.229154329659651e-11,-1.6519761169718796e-05,155,8.912851967579627e-07,True,4.48,conjugate_3D_benchmark_H1_type,4,k(T)_cubic_273_373K,3000,richardson_2x220_minus_110,120
PAR_134,GateA_converged_v1,GRAIL-CHT-1.0,parallel,0,881.2739249847968,332.69332127602803,305.87155629588347,1.5469332780786256,0.0014274932510156396,0.00011895777091796997,34.71398964967647,0.4602800573415967,1.4228540122027726,5.198875,2.3929384831117937,28.056939,5.944079440574761,62.71558688616674,136.25527738131478,0.0003514685053167876,9.561825570583583,1.3690513008422099e-05,571.8648188401095,295.2893045160128,11.578346456698778,373.40644479946246,40.71312352343443,242.9320238602193,0.5220834487372714,356.5027706714957,374.0178978593597,336.6882464720883,37.32965138727144,11.364462974440826,372.0387288825249,373.3162074131085,373.9339258520699,16251253886.29231,16152942154.543255,357.04398313319956,301.9446243475778,8.607845584747542,43.12101028822594,7.283800259445836,2.207458189184781,308.20792121594485,1.139650862569397e-10,-1.9303419850200614e-05,239,9.752075129654258e-07,True,4.48,conjugate_3D_benchmark_H1_type,4,k(T)_cubic_273_373K,3000,richardson_2x220_minus_110,120
PAR_135,GateA_converged_v1,GRAIL-CHT-1.0,parallel,0,451.63881063095863,322.3419577949397,284.9876282481248,0.18913035708911285,0.0016955333980452148,0.00014129444983710122,36.6755709562799,0.6605843763183242,0.9937521323790903,5.198875,3.434295599431928,28.056939,12.243254679868976,53.412801435036734,80.85689481898679,0.000490172377033533,8.307966476543784,1.412882109410232e-05,293.0715856901034,265.5694341748984,6.418695356938629,336.67397250419856,14.332014709258885,101.57571213144314,0.4259559589319332,330.7278645253113,336.9837400505883,323.79733253713084,13.186407513457482,4.015381330251342,336.2414862002468,336.72232838168526,336.9527323878871,11974760151.406885,11964185741.747969,330.8009178335437,154.7417972443746,6.333134833437019,40.25281634257066,6.58018475305147,2.20141720315375,285.6453469211912,9.229154329659652e-11,-3.450377981924172e-05,212,9.683483312983299e-07,True,4.48,conjugate_3D_benchmark_H1_type,4,k(T)_cubic_273_373K,3000,richardson_2x220_minus_110,120
PAR_136,GateA_converged_v1,GRAIL-CHT-1.0,parallel,0,581.9420367705344,331.4027597592156,287.96431818624563,0.3415340704500176,0.0022790504803201633,0.00018992087336001362,24.84929936146778,0.4690982478345903,1.9146470886923663,5.198875,2.4387831532110558,28.056939,6.1740182586273065,82.54794059945067,175.97153896971724,0.00042631983912456577,14.878038754010051,3.4009830861132e-05,377.6262612546571,269.74108115317983,6.997829467710067,346.0350678723611,14.632308113145484,139.39367372384956,0.4536588753694594,340.04310821007687,346.55629524544304,333.0018806278059,13.554414617637121,4.120446912115137,345.74638668056735,346.26814376387296,346.51967900018997,13381911608.38506,13370138589.393606,340.1179393852206,199.38666594245896,7.549481952668058,44.95151574518435,7.4920483137754195,2.1817536711419367,289.69812159678173,9.417902901986963e-11,-2.5808781893058773e-05,163,9.72393706888397e-07,True,4.48,conjugate_3D_benchmark_H1_type,4,k(T)_cubic_273_373K,3000,richardson_2x220_minus_110,120
PAR_137,GateA_converged_v1,GRAIL-CHT-1.0,parallel,0,502.49678993967154,316.8603209517608,300.4433205887951,0.6414837858008955,0.0036631044567883592,0.00030525870473236327,33.583715460601944,0.501728892024569,0.5908480233263039,5.198875,2.6084257935242317,28.056939,7.062826032159156,101.17472085088538,201.65217203782436,0.0005590686373556934,51.281194264850434,0.00018841361209729515,326.0736844693824,287.46363148832484,8.137638386043403,326.2904152121573,9.430094260396515,144.3914969091459,0.5442198828353542,322.72161205004767,326.98015329166356,318.21443206420736,8.765721227456197,2.6529171462287504,326.4028154322132,326.75747481858065,326.94772072161516,10851460695.570145,10847063960.154297,322.75430997453657,172.1669053998339,3.403281490690111,21.167230651612027,3.204952263670063,2.3612645707039785,299.0146485332479,9.710788617667273e-11,-2.9835484595865183e-05,110,9.864062349151936e-07,True,4.48,conjugate_3D_benchmark_H1_type,4,k(T)_cubic_273_373K,3000,richardson_2x220_minus_110,120
PAR_138,GateA_converged_v1,GRAIL-CHT-1.0,parallel,0,729.9377281305843,309.2858475546416,297.3094322388809,2.8170217868530645,0.0020027691746661463,0.00016689743122217887,21.93922619932155,0.7845903310425664,0.6052606466752714,5.198875,4.078987057298923,28.056939,17.27134627462354,55.96897275825487,71.33528230443919,0.0005525497718243229,8.412797131029363,1.6899589535351457e-05,473.661701348033,282.97763267964046,16.404682790041644,335.23103560462886,25.94518804998728,217.20209154406155,0.563565331353493,324.5449411457265,335.9630412210959,312.0808785247313,23.882162696364617,7.27372525563296,334.5674710611197,335.46809442903566,335.9017816688129,11127691115.636591,11094286469.650581,324.78896515867234,250.09337831176143,4.034284229267126,24.93894915238873,3.918096954383441,2.287238470181357,296.6137125672737,8.448125754512151e-11,-1.9107094775926953e-05,176,9.010962003230816e-07,True,4.48,conjugate_3D_benchmark_H1_type,4,k(T)_cubic_273_373K,3000,richardson_2x220_minus_110,120
PAR_139,GateA_converged_v1,GRAIL-CHT-1.0,parallel,0,637.8288814288446,319.19758799417485,288.7346004194854,4.583090429532864,0.002858853152232645,0.00023823776268605375,25.06002565649796,0.7613734489598922,1.3385005388208067,5.198875,3.9582853894613597,28.056939,16.264313747949544,85.66595533442808,112.5150285335743,0.000515313389626092,9.956343966566898,2.8549373453893936e-05,413.89162596134724,270.82410933092893,23.11574363222488,333.6235365532521,14.425948559077256,172.3901743804275,0.511887360220763,327.88161936288105,334.3417371301986,320.97738517719296,13.364351953005666,4.057541069372087,333.5074088193279,334.0254429147765,334.2905842589207,11568231569.216053,11557616648.348175,327.9568779452247,218.53477850759137,5.507215908434164,35.005747996865,5.631685320069691,2.2324837480100905,288.6757353103648,8.85816575646459e-11,-2.073270362415415e-05,133,8.772897786002432e-07,True,4.48,conjugate_3D_benchmark_H1_type,4,k(T)_cubic_273_373K,3000,richardson_2x220_minus_110,120
PAR_140,GateA_converged_v1,GRAIL-CHT-1.0,parallel,0,524.7151639764585,329.878256992289,306.1524214482363,3.5916280451402005,0.0018009568744558552,0.00015007973953798793,21.370048370085676,0.6406080190495319,0.7629884733064655,5.198875,3.3304410150361354,28.056939,11.513968303021176,65.59008353046606,102.38723459594195,0.0004239874199632155,9.048718470697892,1.6345387898514585e-05,340.4913429104717,295.69611994175403,19.34818657153276,348.32261059493413,18.44435360264515,138.84908903711775,0.5011704970504609,340.67379670795094,348.7484281491514,331.7602045086339,16.988223640517504,5.1733468400513996,347.77928848069234,348.4060112825787,348.7047412284964,13488228915.288065,13469606935.263937,340.79148266373664,179.77942905672907,5.540356480602343,30.42379261212488,4.9662407898762995,2.245553161983638,306.59963021119194,9.723805760586402e-11,-2.8557214096274222e-05,201,9.350726486445637e-07,True,4.48,conjugate_3D_benchmark_H1_type,4,k(T)_cubic_273_373K,3000,richardson_2x220_minus_110,120
PAR_141,GateA_converged_v1,GRAIL-CHT-1.0,parallel,0,662.1996698599111,327.56429756077665,298.0842354353769,0.050517794934661645,0.002108694115273228,0.00017572450960610234,31.80652799035101,0.5992553918722227,0.614995765863469,5.198875,3.1154538754197016,28.056939,10.075443886140778,75.24567200092923,125.56528155023034,0.000432732887339234,13.942842813719105,2.9489659570179633e-05,429.70600116978534,284.0845337763931,5.891967620751714,347.81919352164465,20.254895960867998,178.53356805788297,0.5106190369392912,339.4982442361555,348.4484420811649,329.735570691225,18.71287138993989,5.684541744339778,347.3456615721858,348.057365300789,348.39560263691794,13306981746.695072,13284650414.033594,339.6408274723451,226.88476861764667,6.317513473844346,36.0759272475482,5.95781420153138,2.211190032940723,299.09377635045115,1.0205440048594025e-10,-2.334639230232129e-05,173,9.901601174533425e-07,True,4.48,conjugate_3D_benchmark_H1_type,4,k(T)_cubic_273_373K,3000,richardson_2x220_minus_110,120
PAR_142,GateA_converged_v1,GRAIL-CHT-1.0,parallel,0,699.8022118984525,316.3438233525139,307.3116900384012,1.3880070988363564,0.0014504387691310536,0.0001208698974275878,28.749698114316992,0.3509522963261502,0.6381146734982046,5.198875,1.8245571195626142,28.056939,3.4557034354012766,48.45350289164791,138.06293162595136,0.00046223418582520647,42.702599544136184,6.212387755415565e-05,454.10655391638903,297.3772213959763,10.974426975578154,350.2140865627193,33.870263210205394,205.34978524155642,0.5557570999252769,336.1640912418353,350.75356660673,319.71245324014245,31.041113366587524,9.454618005414517,349.0923494673324,350.1674590927183,350.68358261939613,12830937489.028599,12770422989.984112,336.5616260807607,239.76826046785342,4.638296809675419,25.629528133734112,4.150702880878063,2.2593095684061253,307.45942512751975,9.118508614847088e-11,-2.2499480227183685e-05,239,9.291879337069986e-07,True,4.48,conjugate_3D_benchmark_H1_type,4,k(T)_cubic_273_373K,3000,richardson_2x220_minus_110,120
PAR_143,GateA_converged_v1,GRAIL-CHT-1.0,parallel,0,431.7950880123859,324.27121871295503,295.28054449588586,2.016884917746256,0.002615881036030273,0.00021799008633585607,28.07000504768562,0.981862103835164,0.7882533659414606,5.198875,5.104578345076039,28.056939,27.048381571172577,81.93187153629125,83.44539545447824,0.0004930068523222889,5.526101628012009,1.4499121817344667e-05,280.19485517685325,280.08595224844737,13.364162687435773,334.0180626566269,9.746843943671877,106.57572209560273,0.46746237768366916,330.0908234759554,334.4423344992364,325.41417509542805,9.028159403808331,2.7418735074445295,333.8891159236077,334.2375507816644,334.4128025918482,11877184145.830257,11872271083.844374,330.1249682712878,147.94288353337853,5.114339983730842,31.245063570014736,5.007802443477274,2.2506828143293904,295.0968464968261,9.502514330961275e-11,-3.1486776928282075e-05,144,8.987429964690818e-07,True,4.48,conjugate_3D_benchmark_H1_type,4,k(T)_cubic_273_373K,3000,richardson_2x220_minus_110,120
PAR_144,GateA_converged_v1,GRAIL-CHT-1.0,parallel,0,515.5170261332279,328.20455242367234,302.61322434476426,3.2783695893216693,0.00386839968709734,0.000322366640591445,22.368856436620742,0.6822583075528494,1.1485579392629148,5.198875,3.54697565867882,28.056939,13.059842910935124,127.75212666660671,187.24891328158827,0.00046757474162364683,16.00090672814764,6.208415504557678e-05,334.52260687703443,290.5834878089119,18.157804439422343,336.8442968464521,8.639744422779756,139.7038957186316,0.5132530996559903,333.58336578135885,337.5007272593665,329.45494691151174,8.045780347854759,2.436622764760136,336.95736287134855,337.28842965765466,337.4713565439281,12386725494.522884,12382762554.82634,333.61005231700443,176.62793643107418,4.771848067017691,27.696870249301824,4.4553607297951325,2.2580424901154914,302.56330919782397,9.587125759935589e-11,-2.4304307887551262e-05,107,8.139724059219589e-07,True,4.48,conjugate_3D_benchmark_H1_type,4,k(T)_cubic_273_373K,3000,richardson_2x220_minus_110,120
PAR_145,GateA_converged_v1,GRAIL-CHT-1.0,parallel,0,877.2300704560305,299.17500443148873,301.09434278926784,0.007206435770659502,0.0036495972822383404,0.000304133106853195,31.152809300082232,0.42769990098601407,0.9136614138011007,5.198875,2.223558322738664,28.056939,5.132377440639268,79.03891304412406,184.79993299486088,0.000713003771234821,77.71370560467419,0.0002844771602482341,569.2407333294113,288.3984827719268,5.727384455928506,317.8892596467803,18.714255215291587,285.4918889864832,0.616376881518193,310.8545373248371,319.2785078761295,301.9418532401862,17.336654635943262,5.247057940829322,318.13249152144914,318.84175694054784,319.21484436285596,9353417683.808033,9337461913.03251,310.9872486721571,300.5591071979292,1.8013940481992639,11.861762145177613,1.4041003828789118,2.9237530075597253,297.56955134584854,8.27239432510396e-11,-1.4094082868088735e-05,107,8.23499078705936e-07,True,4.48,conjugate_3D_benchmark_H1_type,4,k(T)_cubic_273_373K,3000,richardson_2x220_minus_110,120
PAR_146,GateA_converged_v1,GRAIL-CHT-1.0,parallel,0,480.4133949351112,321.8543795061433,304.2278049965136,0.9426185645485928,0.004227786146869637,0.00035231551223913643,26.936690089729414,0.7085932103752396,1.8114825942703567,5.198875,3.683887526589574,28.056939,14.087510777006298,125.27117530682544,176.78856284903912,0.0005211343508721616,15.626613203740211,6.626477314469711e-05,311.7436148671582,292.9121818017305,9.281950545284653,329.6017372651119,7.747357758968633,136.91243815832024,0.5397515200077999,326.7556927490905,330.283852760806,323.0536747132577,7.230178047548293,2.1863207940327087,329.78358025469015,330.1046685262249,330.25682876694714,11402741160.009335,11399679737.654982,326.7776283753432,164.60062864985954,3.50253717254678,20.944835763473378,3.2408591553755994,2.327770596816209,303.29780798927146,8.721485755813772e-11,-2.735084952961383e-05,100,8.481337658849952e-07,True,4.48,conjugate_3D_benchmark_H1_type,4,k(T)_cubic_273_373K,3000,richardson_2x220_minus_110,120
PAR_147,GateA_converged_v1,GRAIL-CHT-1.0,parallel,0,690.5596278132505,293.582345160202,290.49415782175817,2.205166025483745,0.0030264634343190352,0.00025220528619325294,20.586813766899862,0.9666892278503977,1.1652403522489978,5.198875,5.025696459440737,28.056939,26.218874586608884,57.44395113147468,59.4233901408122,0.000813540107715733,10.784810411841162,3.273804850300952e-05,448.1089764054128,273.30349261834124,14.079630896838232,310.84239828489183,17.26005312468982,218.35032416324097,0.5988509376398613,304.074165542743,311.8027906112993,295.88276935549663,15.92002125580268,4.844143676385058,310.7821508376223,311.41030451961444,311.7401667215732,8562066411.654348,8549054671.199256,304.1898004892502,236.601539542058,1.9971312216576016,14.300516955551043,1.9536182369157329,2.545410614148549,288.05781275117903,1.0062251476483653e-10,-2.070548003639694e-05,122,9.748885645421979e-07,True,4.48,conjugate_3D_benchmark_H1_type,4,k(T)_cubic_273_373K,3000,richardson_2x220_minus_110,120
PAR_148,GateA_converged_v1,GRAIL-CHT-1.0,parallel,0,446.4428838510253,297.6234876439783,311.29564985328676,0.6293890807289575,0.0027373931489972384,0.00022811609574976987,22.83874422337759,0.6982700929684641,1.6747877925654509,5.198875,3.630218929581424,28.056939,13.68003381810461,54.47670340124554,78.01666425330615,0.0007759150910492406,15.843761703706225,4.350110806626904e-05,289.69991243111724,303.1786783195985,8.09167850677004,311.22765131198736,13.60416366800905,155.6629676866566,0.6603671765046027,305.8159310564904,311.8937725978977,299.32633028755566,12.567442310342017,3.8229787238060853,311.11616617966126,311.6009715973243,311.8473061467866,8754820731.523123,8746623296.443155,305.8875594316581,152.96155376362992,-0.24698946467178703,-1.666077447046656,-0.7883116706957881,0.9336818982659679,307.68191144397633,1.1181725767528405e-10,-2.811020020449076e-05,133,8.556311854590604e-07,True,4.48,conjugate_3D_benchmark_H1_type,4,k(T)_cubic_273_373K,3000,richardson_2x220_minus_110,120
PAR_149,GateA_converged_v1,GRAIL-CHT-1.0,parallel,0,587.4093169618583,297.3368989051134,305.31976601208487,1.041031681386562,0.002720069440805736,0.000226672453400478,26.316324770730905,0.6922315378278048,1.3594849837051812,5.198875,3.598825236224529,28.056939,13.444450341333827,55.854896359811136,80.6881705145674,0.0007519805064499243,16.59470459509743,4.5274572566021105e-05,381.1740176417685,294.49061503829097,9.655920389268935,314.51126069800847,17.17436179289507,195.27060891485715,0.6295962423871374,307.67772830737493,315.34867765441953,299.48326440197366,15.865413252445876,4.824346604623473,314.3729110812227,314.98015231055865,315.29633974116126,8974785724.970163,8961572888.042555,307.791074757502,201.25988131485377,0.7560771664025401,4.894024615531351,0.3392161651660825,4.810644751209706,302.1964981492914,7.849337180232401e-11,-2.2681161851878784e-05,134,9.048261517818901e-07,True,4.48,conjugate_3D_benchmark_H1_type,4,k(T)_cubic_273_373K,3000,richardson_2x220_minus_110,120
